gene,log2fc,pvalue,padj,stat_unit
FOXJ2,0.1407,2.493e-05,0.0001181,cell
ZNF654,-0.0376,0.7182,0.777,cell
ZMYM2,0.1626,0.001218,0.003486,cell
DCAF6,0.1726,0.0001133,0.0004455,cell
PDP1,-0.0257,0.5479,0.631,cell
ZNF302,0.1127,0.0001035,0.000411,cell
TMED4,0.164,0.1036,0.1612,cell
SLC5A6,0.1375,1.773e-05,8.716e-05,cell
PLSCR1,-0.1732,0.005093,0.01217,cell
RPL41,-0.1305,5.771e-05,0.0002456,cell
MARK1,-0.2527,0.001487,0.004162,cell
TMSB10,-0.1372,7.452e-05,0.000306,cell
HES6,0.02,0.0242,0.04675,cell
PDLIM1,-0.2259,0.003863,0.009569,cell
MTMR3,0.1407,0.005271,0.01254,cell
LOC100506804,-0.0608,0.1169,0.1785,cell
INPP4B,0.22,1.501e-14,4.795e-13,cell
PSMD4,0.1091,0.01276,0.02688,cell
DPM2,0.0828,0.02971,0.05557,cell
DCAF5,0.1019,0.01128,0.02414,cell
PTPN1,-0.0546,0.4962,0.5847,cell
POLE2,0.0159,0.00773,0.01741,cell
POU6F1,0.0201,0.501,0.5889,cell
PITPNA,0.2688,5.081e-08,4.593e-07,cell
PIN4,-0.0503,0.1174,0.1791,cell
PIK3CB,0.0014,0.07388,0.1213,cell
DUOX1,0.0218,0.0001107,0.0004368,cell
PSMD13,0.0217,0.6266,0.6996,cell
FAM131C,-0.021,0.02666,0.05086,cell
CBFA2T3,-0.0095,0.847,0.8826,cell
CTAGE5,0.0828,0.01596,0.03257,cell
KAT5,0.0858,0.00539,0.01278,cell
CREM,-0.0826,0.6754,0.7404,cell
CLEC4A,-0.0104,0.5384,0.6222,cell
BTN3A1,0.0626,0.007206,0.01638,cell
RNF212,0.0472,0.002265,0.006037,cell
FILIP1L,-0.0393,0.6726,0.738,cell
VAPA,-0.4953,3.26e-15,1.178e-13,cell
FGFR1OP,0.0101,0.1104,0.1697,cell
RNF41,0.0894,0.09162,0.1454,cell
ARL13B,0.0716,0.0005817,0.001856,cell
RNF38,-0.2311,0.00866,0.01918,cell
PIK3R3,0.1894,1.2e-06,7.955e-06,cell
ZNF30,0.0297,0.01492,0.03077,cell
WASH1,0.0047,0.2175,0.2989,cell
EIF5,-0.3503,1.218e-05,6.255e-05,cell
SHC1,0.2567,3.986e-09,4.637e-08,cell
UBE2J2,0.0077,0.2217,0.3037,cell
CCNB1IP1,-0.2523,0.005689,0.0134,cell
SPATA24,-0.001,0.944,0.958,cell
CCDC108,0.0372,3.219e-08,3.068e-07,cell
RASSF5,-0.1165,0.3456,0.4374,cell
TMEM65,-0.0764,0.1396,0.2066,cell
RALGAPA1,0.0605,8.937e-08,7.74e-07,cell
PIK3R1,0.09,5.199e-05,0.0002242,cell
CLDN23,-0.0128,0.4213,0.5132,cell
ATF4,-0.3415,0.0003402,0.001159,cell
INO80C,0.0008,0.1115,0.1713,cell
PLCB4,0.1084,0.00809,0.0181,cell
TMEM219,0.0483,0.3558,0.4477,cell
RNF34,0.1008,0.01913,0.03807,cell
MCM8,0.0238,0.02249,0.04389,cell
PAIP1,-0.0796,0.1862,0.2627,cell
MCL1,0.1936,0.002878,0.007424,cell
MACC1,0.0023,0.0001747,0.0006493,cell
SLC25A25-AS1,0.0404,0.001128,0.003258,cell
SRI,0.0952,0.2263,0.3089,cell
TFEB,0.119,5.014e-07,3.629e-06,cell
RYR2,0.0483,0.0009427,0.002787,cell
DDX42,-0.0465,0.5487,0.6316,cell
LINC00511,-0.0061,0.9143,0.9354,cell
KNG1,0.0121,0.0003043,0.001052,cell
ITIH4,0.0765,8.09e-09,8.866e-08,cell
TNIP1,-0.0983,0.01673,0.03393,cell
EXTL2,0.1634,1.472e-08,1.53e-07,cell
IRAK4,-0.0281,0.3594,0.4512,cell
H2AFZ,-0.1402,0.008402,0.01871,cell
ABCE1,0.0262,0.02492,0.04795,cell
GPN1,0.0022,0.3192,0.41,cell
MORF4L2,-0.2443,1.332e-05,6.787e-05,cell
CCDC88A,0.1687,4.916e-07,3.568e-06,cell
EIF3J,-0.0513,0.9611,0.9712,cell
YARS,0.0503,0.3408,0.4324,cell
IQGAP1,0.2259,0.000882,0.002633,cell
FAM189A2,-0.0362,0.4207,0.5127,cell
TSNAXIP1,0.0606,6.962e-06,3.807e-05,cell
MOV10,0.1713,3.657e-08,3.429e-07,cell
PRPF18,-0.0387,0.5472,0.6302,cell
PAPSS2,0.2467,0.1707,0.2439,cell
MAX,0.1858,4.887e-09,5.591e-08,cell
SRP9,-0.276,4.253e-05,0.0001878,cell
TXNDC12,-0.0351,0.9675,0.9759,cell
PTDSS1,0.2913,4.825e-05,0.0002103,cell
COPZ2,0.0197,0.006752,0.0155,cell
CWC15,-0.3183,1.018e-06,6.86e-06,cell
MTSS1,0.2543,2.693e-07,2.067e-06,cell
KIAA0586,0.1407,3.367e-06,1.984e-05,cell
SNX17,0.1223,0.1038,0.1614,cell
RNF144A,-0.0546,0.0001595,0.0006008,cell
KIAA0232,0.129,0.005768,0.01357,cell
SRRT,0.2175,3.248e-11,6.074e-10,cell
DYNC2LI1,0.0771,0.05225,0.09009,cell
VEGFA,-0.5668,1.949e-12,4.535e-11,cell
MAPKAPK2,0.0015,0.6713,0.7368,cell
BZRAP1,0.1477,4.892e-11,8.922e-10,cell
RPS6KA5,-0.0094,0.9987,0.9991,cell
AIMP1,-0.2264,0.004008,0.009893,cell
NUMBL,0.067,1.334e-05,6.792e-05,cell
MPHOSPH10,0.0435,0.01885,0.03759,cell
RABEP1,0.0075,0.5334,0.6178,cell
EHF,0.3329,7.615e-12,1.608e-10,cell
CAPRIN1,0.1459,0.1548,0.2251,cell
CCPG1,0.0091,0.03176,0.05888,cell
DLG5,0.2521,1.101e-07,9.345e-07,cell
ZFAND5,-0.4804,2.935e-10,4.384e-09,cell
SMAD9,-0.4939,7.046e-09,7.825e-08,cell
GDF15,-0.3071,1.394e-07,1.151e-06,cell
ZNF124,-0.0057,0.05477,0.09374,cell
ROCK2,0.0908,0.0002048,0.0007474,cell
UQCRFS1,-0.1129,0.02262,0.04411,cell
UCHL3,-0.1429,0.1216,0.1846,cell
CAMTA1,-0.0786,0.8908,0.9178,cell
SEZ6L,0.3195,3.827e-06,2.225e-05,cell
ARMCX6,0.0357,0.1212,0.184,cell
CHMP4B,-0.0287,0.8641,0.8973,cell
SPDYA,0.0012,0.355,0.447,cell
MRPL43,-0.0845,0.2831,0.3717,cell
ADD1,0.1006,0.06711,0.1118,cell
PIGN,0.1062,0.001596,0.004438,cell
PSME1,-0.2387,8.362e-05,0.0003394,cell
CDK5RAP3,0.5622,4.296e-21,4.099e-19,cell
SLC7A8,0.5467,6.766e-11,1.195e-09,cell
EXD2,0.1381,0.00193,0.005247,cell
GPR107,0.1963,1.198e-08,1.266e-07,cell
C11orf57,-0.1004,0.9891,0.9919,cell
PCCB,0.2432,7.574e-07,5.264e-06,cell
PRSS3,0.009,0.02418,0.04673,cell
DBF4B,0.0196,0.01117,0.02393,cell
LRRTM4,0.0432,0.007979,0.01789,cell
CCNL2,0.4487,2.499e-16,1.083e-14,cell
IFT74,0.0967,3.4e-05,0.0001549,cell
EDC3,0.088,0.004533,0.01102,cell
ZNF485,0.0305,0.1709,0.2442,cell
DSC2,-0.0517,0.03871,0.06978,cell
NFYB,0.0867,0.001208,0.003461,cell
RBM10,0.1995,1.886e-08,1.899e-07,cell
AGA,0.2274,9.377e-07,6.379e-06,cell
ADSL,-0.0921,0.2878,0.3766,cell
CEP57,-0.1268,0.77,0.8209,cell
ZNF691,0.0571,0.01186,0.02521,cell
ARHGEF38,-0.0009,0.8219,0.8624,cell
PRPF4,0.1248,0.0006928,0.00215,cell
DTNB,0.0766,0.007588,0.01714,cell
RAB2A,-0.0769,0.006814,0.01563,cell
SCAPER,0.1735,0.006368,0.01473,cell
FIGNL1,0.0005,0.1552,0.2256,cell
RRM2B,-0.0788,0.7741,0.8243,cell
AMPD3,-0.0313,0.2575,0.3442,cell
SSX2IP,-0.021,0.0777,0.1267,cell
ZNF490,0.0939,0.0001477,0.0005625,cell
ZNF512B,0.0483,9.973e-08,8.529e-07,cell
RPL17,-0.2548,1.5e-08,1.55e-07,cell
PEX26,0.0348,0.004871,0.01171,cell
TUBB6,-0.0334,0.0973,0.153,cell
RXRG,0.3824,3.076e-12,6.832e-11,cell
MOCS2,-0.1354,0.1081,0.1669,cell
PAN3,-0.0408,0.4712,0.5618,cell
ADAM15,0.2056,2.078e-14,6.5e-13,cell
STK26,-0.0078,0.0177,0.03561,cell
SYF2,-0.3507,2.426e-07,1.88e-06,cell
VAV3,0.181,1.514e-07,1.24e-06,cell
PLD3,0.435,1.323e-09,1.702e-08,cell
SNUPN,-0.0038,0.5764,0.6555,cell
PSMD9,0.1435,0.001208,0.003461,cell
ATP7B,0.0886,0.0001433,0.0005476,cell
AGTPBP1,0.0521,0.07184,0.1183,cell
TRAPPC6B,0.0277,0.08215,0.1329,cell
TMEM68,-0.1539,0.1348,0.2008,cell
DLK2,-0.0221,0.2011,0.2798,cell
HMGCS1,0.0199,0.5442,0.6276,cell
SLC25A17,0.1736,0.0003535,0.001199,cell
SH3YL1,-0.0903,0.6071,0.6828,cell
RFPL3S,-0.0001,0.1635,0.2353,cell
PQLC3,-0.0147,0.8565,0.891,cell
UQCRHL,0.0111,0.1316,0.1969,cell
DMKN,-0.0108,0.129,0.1938,cell
NEDD1,-0.0256,0.219,0.3006,cell
ZNF550,0.0442,0.009258,0.02034,cell
HOMER1,0.0245,0.009557,0.02092,cell
MFF,0.0164,0.7068,0.7671,cell
NBPF20,0.0138,0.005476,0.01296,cell
TP53,-0.0458,0.03678,0.06685,cell
RAB18,-0.2821,0.0005318,0.001715,cell
CROCCP3,0.0278,0.0168,0.03406,cell
CSE1L,-0.1047,0.7347,0.7913,cell
USPL1,0.0499,0.003385,0.008524,cell
ALG3,0.1386,0.002863,0.007391,cell
CROCCP2,0.067,0.0001051,0.0004166,cell
GPLD1,0.0825,4.182e-05,0.000185,cell
INAFM1,-0.013,0.1376,0.2044,cell
PEX1,0.1488,0.0003645,0.001233,cell
CRIP2,0.0378,0.3855,0.4772,cell
PPP3CA,0.0425,0.0003334,0.00114,cell
SLC2A4,-0.0062,0.0002803,0.0009804,cell
CTSO,0.0184,0.1805,0.256,cell
CTSK,0.0082,0.189,0.2659,cell
COL5A2,0.0295,0.02008,0.03976,cell
CTBP2,0.0265,0.002259,0.006022,cell
INPP4A,0.1814,1.904e-09,2.372e-08,cell
NSL1,-0.0089,0.6185,0.6926,cell
BCO2,0.0077,0.1701,0.2432,cell
GEMIN5,0.0314,0.05807,0.0986,cell
CNRIP1,-0.1794,0.1108,0.1703,cell
NIPSNAP3A,-0.0209,0.6452,0.7155,cell
TUBA1C,-0.0568,0.6221,0.6956,cell
NEDD4L,0.2075,1.11e-05,5.755e-05,cell
CUL3,-0.1303,0.4671,0.558,cell
ZBTB24,-0.0088,0.4793,0.5692,cell
EPM2AIP1,0.0797,0.1324,0.1979,cell
RGL1,0.2428,9.856e-06,5.19e-05,cell
DPH5,0.0502,0.1219,0.185,cell
ELMO1,0.8156,5.418e-14,1.603e-12,cell
TPPP3,0.059,0.839,0.876,cell
THAP4,0.1129,0.0002061,0.0007518,cell
HDDC2,0.0448,0.1831,0.259,cell
FCF1,-0.0428,0.7968,0.8423,cell
MED31,-0.0003,0.05802,0.09853,cell
TRIM14,-0.0109,0.9515,0.9637,cell
DNAJC6,0.1595,1.14e-05,5.888e-05,cell
CDH18,0.1212,7.576e-05,0.0003103,cell
TPRKB,-0.1256,0.02576,0.04935,cell
ARHGAP11A,-0.008,0.7912,0.8382,cell
MRPL4,0.0555,0.0004681,0.001534,cell
MRPL48,-0.0193,0.5618,0.6427,cell
C14orf166,-0.014,0.7876,0.8356,cell
NOSIP,-0.0117,0.519,0.6051,cell
NUP54,-0.0943,0.4889,0.5783,cell
RPS14P3,-0.0017,0.6608,0.7284,cell
C9orf43,0.0575,4.389e-07,3.222e-06,cell
TPMT,0.1364,4.029e-05,0.0001793,cell
SLC43A2,0.1847,5.515e-07,3.957e-06,cell
UTP15,0.0624,0.005907,0.01384,cell
MYRIP,-0.0035,0.1148,0.1757,cell
ZNF582-AS1,-0.0798,0.1325,0.198,cell
IL21R-AS1,0.0376,1.725e-07,1.397e-06,cell
AK2,0.1651,0.001806,0.004952,cell
DNAJC25,-0.0619,0.9693,0.9771,cell
AP3S2,0.0029,0.1726,0.2462,cell
DCTN5,0.1766,0.002211,0.005908,cell
SUV39H2,-0.0318,0.5617,0.6427,cell
BCL7B,-0.0642,0.4644,0.5551,cell
DPY19L1P1,0.0138,0.5017,0.5896,cell
LOC100507557,-0.0201,0.5759,0.655,cell
MT1JP,-0.0062,0.01007,0.02187,cell
SLC3A2,-0.8534,1.121e-12,2.733e-11,cell
ZFAS1,-0.6593,1.137e-22,1.371e-20,cell
WHAMMP1,-0.0084,0.002442,0.00643,cell
CCDC144B,0.026,0.01852,0.03704,cell
TNFSF12,-0.0015,0.6327,0.7048,cell
ADAM1A,0.0307,0.04699,0.08229,cell
GOLGA2P5,0.136,4.089e-18,2.368e-16,cell
YIPF1,-0.0351,0.8884,0.916,cell
SKP1P2,-0.0335,0.05757,0.09783,cell
SORD,-0.0301,0.2242,0.3066,cell
ROCK1P1,-0.003,0.04545,0.08005,cell
EBLN3,0.0048,0.3509,0.4429,cell
RHOU,-0.0387,0.008927,0.0197,cell
RNF7,-0.504,2.657e-15,9.733e-14,cell
LOC155060,0.0232,0.006733,0.01547,cell
RBM5,0.2301,0.000197,0.0007226,cell
VDAC1,-0.4615,1.949e-12,4.535e-11,cell
DLST,0.0038,0.2693,0.357,cell
UTY,0.2004,2.851e-14,8.751e-13,cell
PMF1,0.0259,0.02937,0.05504,cell
DMXL1,-0.0294,0.07321,0.1203,cell
ANKRD11,0.0497,0.02813,0.05309,cell
POLL,0.0401,0.006013,0.01403,cell
PRRC2C,0.0668,0.3342,0.4254,cell
VWDE,0.0453,0.02196,0.04302,cell
ARHGAP32,0.0422,0.09246,0.1466,cell
IFT140,0.0749,9.509e-05,0.0003819,cell
TGFBR3,0.1576,0.01326,0.02775,cell
AP3B2,0.0708,0.0001781,0.0006602,cell
PPM1D,-0.0195,0.5752,0.6546,cell
MAP4K3,-0.0096,0.08244,0.1332,cell
BAG6,0.0249,0.1675,0.24,cell
MARK2,0.033,0.02394,0.04634,cell
DKFZp434J0226,0.0246,2.263e-05,0.000108,cell
PLD1,0.1095,5.109e-08,4.615e-07,cell
ZNF668,0.0132,0.04249,0.07549,cell
RAB40C,0.0469,0.0001794,0.0006647,cell
ZFYVE28,-0.0109,0.004661,0.01128,cell
RAC3,0.0233,0.05541,0.09463,cell
PWP2,0.0024,0.667,0.7332,cell
PWP2##1,0.0039,0.04496,0.07933,cell
SF3B4,0.0304,0.2259,0.3085,cell
GYG2,0.0773,0.006958,0.0159,cell
AP1G2,0.2669,1.164e-10,1.937e-09,cell
PSMD5,-0.123,0.3807,0.4725,cell
RCAN3AS,0.0046,0.6511,0.7207,cell
HPSE,-0.0042,0.8568,0.8913,cell
NKIRAS2,0.03,0.05091,0.08809,cell
SLC25A25,0.1391,2.444e-05,0.0001159,cell
FBXO28,0.033,0.07916,0.1287,cell
CNOT1,0.2559,7.157e-05,0.0002954,cell
MAPKBP1,0.0934,1.74e-07,1.405e-06,cell
IFITM3,0.0146,0.5306,0.6155,cell
RPP14,0.0086,0.4215,0.5135,cell
GGCT,0.0856,0.0003573,0.001211,cell
INTS7,0.0617,0.01978,0.03921,cell
VPS33B,0.0091,0.2857,0.3744,cell
PDHA1,-0.1081,0.338,0.4295,cell
NKRF,-0.0786,0.3292,0.4203,cell
BTBD3,0.0896,0.09913,0.1552,cell
TUBA1A,-0.3082,0.01556,0.03188,cell
MANBA,0.0893,0.000368,0.001243,cell
IPP,0.0846,0.0006323,0.001992,cell
SLC6A9,-0.0056,0.6416,0.7122,cell
MAN1A1,0.2014,0.002358,0.006245,cell
DCAF8,0.3764,6.539e-10,9.08e-09,cell
KIAA0226,0.223,6.685e-08,5.929e-07,cell
IDH1,0.1157,0.006918,0.01583,cell
MAK,0.0561,0.01257,0.02653,cell
STMN2,-0.5249,1.064e-05,5.555e-05,cell
PDE4B,0.1098,1.367e-05,6.932e-05,cell
BCKDK,0.007,0.6358,0.7076,cell
SMAD1,-0.0831,0.1396,0.2066,cell
PAK4,0.0463,0.002404,0.006349,cell
TUBA4A,-0.1259,0.3613,0.4531,cell
SMAD3,0.055,0.165,0.2371,cell
PLAGL1,-0.1084,0.8461,0.882,cell
SMAD2,-0.0383,0.7528,0.8061,cell
SMAD7,-0.0924,0.3374,0.429,cell
TRIB3,-1.0339,4.492e-13,1.159e-11,cell
HDAC4,0.101,3.923e-07,2.916e-06,cell
GOLGA3,0.4443,8.831e-14,2.54e-12,cell
SPIN1,-0.0221,0.9417,0.9562,cell
DNAJA2,-0.1162,0.1214,0.1843,cell
ST3GAL2,0.0786,1.008e-06,6.808e-06,cell
MVP,0.3631,1.24e-13,3.462e-12,cell
SRSF5,-0.0763,0.1499,0.2191,cell
TMEM115,0.0399,0.1585,0.2294,cell
IFT122,0.0747,0.0004121,0.001374,cell
ANKRD54,0.1699,3.192e-05,0.0001466,cell
VPS13D,0.4426,6.569e-14,1.914e-12,cell
CANT1,0.0752,0.003498,0.008766,cell
LEO1,0.0469,0.004151,0.01021,cell
PIH1D2,0.0418,0.03897,0.07021,cell
TMEM45B,0.0774,0.4002,0.4922,cell
C11orf74,0.0475,0.01876,0.03743,cell
GINM1,0.238,1.414e-06,9.137e-06,cell
ZNF653,-0.0035,0.6229,0.6962,cell
FCHO2,-0.0763,0.8054,0.8494,cell
TEX30,-0.0117,0.132,0.1974,cell
AFG3L1P,0.1515,7.579e-07,5.264e-06,cell
CLTA,-0.3237,2.828e-07,2.154e-06,cell
OAZ3,0.011,0.1047,0.1625,cell
TACC1,0.0729,0.02025,0.04004,cell
ELMOD3,0.1406,9.513e-09,1.025e-07,cell
DAZAP2,-0.6822,2.369e-17,1.222e-15,cell
DNAJB5,0.0173,0.04907,0.08537,cell
INCA1,0.0155,0.01311,0.02751,cell
TRMT2B,0.0617,0.002291,0.006089,cell
CPNE1,0.0379,0.2129,0.2935,cell
SPATA33,0.0618,1.02e-05,5.356e-05,cell
FBXL13,0.0134,0.0314,0.05827,cell
ABHD2,0.3712,1.657e-09,2.089e-08,cell
CEP164,0.1151,5.628e-06,3.14e-05,cell
MYO6,0.1698,0.003264,0.008266,cell
PAK6,0.0968,6.028e-05,0.0002548,cell
SNORD99,-0.0016,0.525,0.6108,cell
FASTK,0.1352,2.74e-05,0.0001287,cell
RNASEH2B,-0.0408,0.7172,0.7762,cell
C10orf113,-0.0092,0.8026,0.8469,cell
HDX,-0.0051,0.1406,0.2079,cell
MOSPD2,-0.054,0.9318,0.9494,cell
FXYD6,0.1256,0.0007429,0.002284,cell
HRAS,-0.0995,0.1303,0.1954,cell
TRIM46,-0.0154,0.4432,0.5347,cell
TSEN34,-0.108,0.1588,0.2298,cell
CERCAM,0.2188,1.235e-16,5.704e-15,cell
MRPS27,0.0488,0.1837,0.2597,cell
SMG6,0.0971,0.0003577,0.001211,cell
PTTG1,-0.0384,0.7856,0.8336,cell
ARPIN,0.0736,2.331e-05,0.000111,cell
BORA,0.0271,0.06129,0.1032,cell
OTUD6B,-0.0535,0.9192,0.9391,cell
ACOT8,0.0551,0.03186,0.05905,cell
EEF2K,0.0687,0.0002407,0.0008606,cell
CCDC106,0.0125,0.07081,0.1171,cell
RBM15B,0.0708,0.000868,0.002597,cell
RHOBTB2,0.1494,4.072e-10,5.901e-09,cell
SPARC,-0.0202,2.181e-08,2.166e-07,cell
DAG1,0.2218,2.424e-10,3.717e-09,cell
SUCLG2,-0.0755,0.8699,0.9014,cell
PPP2R2A,-0.1062,0.3118,0.4021,cell
ZNF816,0.0588,0.1371,0.2036,cell
ENY2,-0.2793,8.781e-06,4.699e-05,cell
EDRF1,0.0549,0.001177,0.003385,cell
BEST3,0.0237,0.4297,0.5215,cell
ACTR3,-0.3534,0.0002965,0.00103,cell
CD151,0.1915,4.011e-07,2.968e-06,cell
CD74,0.0111,0.5792,0.6579,cell
CCNG2,-0.0895,0.2652,0.3527,cell
ENDOG,0.0095,0.1356,0.2017,cell
RUNX1T1,0.0669,0.007931,0.01779,cell
NKTR,0.2769,0.000142,0.0005429,cell
CASP3,-0.0883,0.6409,0.7115,cell
EFNB1,0.0093,0.976,0.9819,cell
CETN2,0.1825,0.0003808,0.00128,cell
CALR,0.7268,4.459e-15,1.568e-13,cell
CALD1,-0.1928,0.0284,0.05349,cell
CAD,0.1801,7.969e-13,1.975e-11,cell
NOLC1,0.1235,0.003171,0.00806,cell
FMNL1,-0.0124,0.6151,0.6899,cell
MTA2,0.1065,0.0002944,0.001024,cell
VAPB,-0.0876,0.3244,0.4155,cell
ZFYVE9,0.1425,3.109e-06,1.844e-05,cell
SLC25A3,-0.1428,0.02871,0.05399,cell
C12orf10,0.2233,1.057e-05,5.523e-05,cell
GPBP1L1,-0.0348,0.9528,0.9645,cell
PLBD1,0.007,0.162,0.2336,cell
HDAC11,0.0177,0.05573,0.09506,cell
MTMR9LP,0.0595,2.85e-06,1.706e-05,cell
ABCC10,0.1441,1.733e-12,4.097e-11,cell
RAI1,0.0299,0.03296,0.06081,cell
YTHDC2,0.1067,0.001537,0.004289,cell
ELOVL1,0.11,0.006026,0.01406,cell
MAP1LC3B,-0.355,3.866e-05,0.0001728,cell
PER2,-0.0801,0.7582,0.8105,cell
SNRPN,0.0128,0.519,0.6051,cell
PRRT1,0.0427,0.0026,0.006793,cell
ACAP3,0.1895,2.686e-16,1.157e-14,cell
HNRNPDL,-0.3989,1.368e-09,1.756e-08,cell
THBS3,0.1032,3.056e-06,1.815e-05,cell
EFS,0.021,0.04572,0.08041,cell
MARCH10,0.0579,2.771e-08,2.69e-07,cell
RHOT1,-0.0782,0.7387,0.7948,cell
APOBEC2,0.6233,6.284e-14,1.835e-12,cell
KLF10,-0.2405,0.1432,0.211,cell
WDR3,0.0333,0.07344,0.1206,cell
TFCP2,0.1122,0.0008602,0.002578,cell
ZFPL1,-0.0006,0.9028,0.9269,cell
CAPN15,0.0598,1.579e-10,2.557e-09,cell
SOS1,0.1365,4.659e-05,0.0002039,cell
PEX11B,0.1767,0.0004753,0.001553,cell
JRK,0.1796,5.081e-10,7.205e-09,cell
USO1,0.3322,9.516e-06,5.039e-05,cell
GTF2E2,-0.2376,0.002614,0.006825,cell
GMNN,-0.0443,0.05034,0.08721,cell
KIAA0040,0.1231,0.004833,0.01164,cell
LRRC61,0.0809,0.005122,0.01223,cell
MAGI3,0.0382,0.03741,0.06785,cell
NPNT,0.0562,1.086e-05,5.658e-05,cell
TTC27,-0.0062,0.5401,0.6238,cell
ENO3,0.0074,0.7077,0.768,cell
TRIB1,-0.0456,0.7103,0.7704,cell
NUDT13,0.0087,0.002566,0.006717,cell
TLE4,0.0868,0.0001249,0.0004848,cell
ZCCHC17,0.0249,0.1745,0.2486,cell
TRAPPC3,0.3298,1.738e-07,1.405e-06,cell
ARIH2OS,0.0233,0.0471,0.08247,cell
NAPEPLD##1,0.0995,2.008e-05,9.715e-05,cell
ALS2CR11,0.0257,0.0003985,0.001333,cell
DLG1,0.0173,0.03693,0.06709,cell
DBI,-0.32,0.009544,0.0209,cell
SEMA4G,0.0036,0.07134,0.1178,cell
ZC4H2,0.0921,0.004518,0.01098,cell
PCSK2,1.2657,8.656e-34,6.752e-31,cell
ARL17A##2,0.0164,5.718e-05,0.0002436,cell
USP25,-0.1276,0.07155,0.1181,cell
ELP3,0.0423,0.1112,0.1708,cell
PGAP2,0.057,0.00118,0.00339,cell
CNTN1,0.2809,7.35e-05,0.0003027,cell
PPAP2A,-0.0163,0.8635,0.8969,cell
CCDC50,-0.0709,0.9502,0.9628,cell
KATNAL1,0.1655,2.49e-07,1.924e-06,cell
NAA16,-0.0257,0.4126,0.5043,cell
MRPL14,-0.0542,0.4927,0.5819,cell
MAL2,-0.4003,1.296e-05,6.612e-05,cell
PPP1R12B,0.1918,4.139e-09,4.801e-08,cell
VCPKMT,-0.0107,0.03169,0.05878,cell
RIC3,0.0714,0.01183,0.02516,cell
EIF4H,0.1325,0.009759,0.02128,cell
NKAIN1,0.0134,0.5542,0.6361,cell
ADIPOR2,0.0538,0.244,0.3287,cell
C10orf76,0.1612,8.506e-08,7.405e-07,cell
CDK11B,0.0308,0.001747,0.004808,cell
KCTD10,0.0174,0.1723,0.2459,cell
SNX25,-0.0692,0.8528,0.8879,cell
PATZ1,0.1089,0.01237,0.02614,cell
SLC52A2,0.1058,3.32e-05,0.0001516,cell
B3GNT5,-0.0289,0.7148,0.7742,cell
AGAP3,0.0638,0.006919,0.01583,cell
CDC73,-0.1531,0.1723,0.2459,cell
SLC25A27,0.1503,2.092e-09,2.585e-08,cell
FRAT1,0.0053,0.2882,0.377,cell
NRG1,0.037,0.03634,0.06618,cell
EVI5L,0.0363,9.127e-08,7.879e-07,cell
SMIM12,0.0158,0.1805,0.256,cell
ASCL2,-0.037,6.196e-06,3.423e-05,cell
ZNHIT1,0.0831,0.01384,0.02882,cell
PPIH,-0.0748,0.1379,0.2047,cell
ROR1,-0.0058,0.9703,0.9776,cell
SLC30A9,0.2175,0.002455,0.006461,cell
ATP5G2,-0.2512,1.786e-07,1.44e-06,cell
ATP5C1,0.1354,0.1667,0.2392,cell
ATP2A3,0.5992,9.965e-15,3.252e-13,cell
ATF1,-0.0667,0.6653,0.7317,cell
EYA3,0.1866,0.0007715,0.002356,cell
EVA1C,0.0307,0.008469,0.01883,cell
CCDC115,-0.0118,0.7444,0.7993,cell
POLR3F,-0.0487,0.8106,0.8533,cell
KCNK9,0.0058,0.5661,0.6461,cell
SEPT4,-0.0239,0.7842,0.8327,cell
BCL2L12,-0.0029,0.9183,0.9385,cell
PSMB3,0.2946,3.95e-08,3.671e-07,cell
NFYC-AS1,0.0117,0.3469,0.4387,cell
RBFOX2,0.1321,0.01797,0.03613,cell
MPZL1,0.1756,0.0001721,0.0006416,cell
NOS3,0.0132,0.09928,0.1554,cell
NOL4,0.3466,3.838e-11,7.108e-10,cell
AP3D1,0.3574,7.028e-10,9.686e-09,cell
DEGS1,-0.0644,0.4275,0.5191,cell
IGF2BP2,0.0064,0.8633,0.8968,cell
ELL,0.0281,0.01424,0.02952,cell
PROCR,0.0461,0.1898,0.2668,cell
MSRB2,-0.0741,0.01074,0.02313,cell
CECR2,-0.0455,0.0002767,0.0009698,cell
OLA1,-0.1204,0.1529,0.2227,cell
DCTN2,0.0025,0.9747,0.981,cell
HYOU1,1.3182,1.428e-43,9.469e-40,cell
MYO1B,0.636,5.107e-15,1.761e-13,cell
MSMO1,0.0416,0.3705,0.4622,cell
ATP11B,0.136,2.392e-07,1.858e-06,cell
DTX2,0.0506,1.118e-05,5.788e-05,cell
CFAP44,0.2377,3.084e-18,1.842e-16,cell
ALDH6A1,0.1239,7.663e-05,0.0003134,cell
LARP1B,0.2441,4.221e-07,3.104e-06,cell
SETD4,0.045,0.0005477,0.00176,cell
UBL7,0.0745,0.04203,0.07479,cell
ECI1,-0.0327,0.6471,0.7172,cell
SF1,-0.0785,0.4465,0.5379,cell
PPP1R12A,-0.0323,0.5525,0.635,cell
AKAP13,0.3009,2.638e-09,3.188e-08,cell
LEPREL2,0.1857,4.822e-09,5.521e-08,cell
ZNF709,-0.1461,0.00111,0.003213,cell
FAM101B,0.027,0.3152,0.406,cell
PPARD,0.0131,0.03396,0.06236,cell
MAGED2,-0.2374,0.00248,0.006521,cell
HECTD2,-0.0269,0.2152,0.2962,cell
ELMO2,0.1782,0.001633,0.004527,cell
PPP2R4,0.2558,1.019e-13,2.9e-12,cell
GATC,0.1213,0.001057,0.003083,cell
TSGA10,0.0637,2.328e-05,0.0001109,cell
FGF14,0.1774,1.203e-07,1.01e-06,cell
GAS2,-0.0064,0.5618,0.6427,cell
CREB5,-0.0557,0.9349,0.9516,cell
KIAA1429,0.0922,0.07176,0.1183,cell
CYB5A,-0.0453,0.795,0.8408,cell
BTN3A2,0.0211,0.06883,0.1143,cell
PACS2,0.1462,1.162e-07,9.801e-07,cell
KDM4A-AS1,0.0064,0.0691,0.1147,cell
MAGIX,0.0886,1.1e-05,5.716e-05,cell
TMEM236,0.0177,4.358e-05,0.000192,cell
LINC00623,-0.0071,0.3692,0.4608,cell
FAM204A,-0.0808,0.7114,0.7712,cell
TST,0.0075,0.4533,0.5439,cell
TMEM249,-0.0299,0.001174,0.003378,cell
SURF4,0.681,1.69e-13,4.659e-12,cell
DAAM1,0.1861,0.000313,0.001079,cell
NAIP,0.009,6.663e-06,3.655e-05,cell
APOLD1,0.0851,4.81e-07,3.495e-06,cell
GFOD2,0.0648,0.02543,0.04881,cell
CCDC130,0.0787,0.0005648,0.001807,cell
TM6SF1,-0.0236,0.6879,0.751,cell
SLC30A5,0.1549,0.0005441,0.001751,cell
PGAP1,0.0867,4.534e-05,0.0001989,cell
PPP1R9B,0.0002,0.006301,0.0146,cell
MIF4GD,0.1883,2.57e-06,1.557e-05,cell
ZSWIM8,0.1764,1.158e-12,2.818e-11,cell
TAF1C,0.1367,9.065e-12,1.884e-10,cell
TAX1BP1,0.1516,0.1017,0.1586,cell
SUDS3,0.0252,0.2717,0.3595,cell
ACTR6,0.0177,0.157,0.2275,cell
PCNXL4,0.1042,0.001067,0.003106,cell
C7orf26,-0.0001,0.1195,0.1818,cell
NARFL,0.1649,3.028e-11,5.694e-10,cell
TTC31,0.0167,0.2607,0.3478,cell
C17orf62,-0.0485,0.7526,0.8061,cell
KANSL1-AS1,0.0017,0.04543,0.08002,cell
EIF3J-AS1,-0.0852,0.6926,0.7552,cell
GTF2IRD1,0.1119,0.0002617,0.0009231,cell
NACAP1,-0.0019,0.896,0.9218,cell
SLC9A7,0.1152,5.21e-06,2.929e-05,cell
GOLGB1,0.5144,1.536e-09,1.953e-08,cell
RPA1,0.1788,0.008481,0.01884,cell
GDAP2,-0.0423,0.3796,0.4715,cell
SHMT2,0.026,0.4635,0.5542,cell
DDR1,0.2069,0.003272,0.00828,cell
CHIC2,-0.0528,0.963,0.9726,cell
LINC01144,0.0331,0.000347,0.00118,cell
PPP5C,0.1739,3.677e-06,2.143e-05,cell
RNF103,0.0002,0.5702,0.6499,cell
RBM39,-0.077,0.2303,0.3135,cell
NR3C1,0.1461,0.02109,0.04152,cell
ACVR1B,0.0339,0.1676,0.2401,cell
FGF17,0.0236,1.961e-07,1.563e-06,cell
SSBP1,-0.1552,0.00272,0.007072,cell
SSB,-0.1481,0.05378,0.09229,cell
TRIM21,-0.0374,0.507,0.5941,cell
GTPBP1,0.2429,4.57e-09,5.261e-08,cell
SPTBN1,0.1566,0.006112,0.01423,cell
PMPCB,-0.0425,0.9697,0.9773,cell
EEF1E1,-0.0878,0.5597,0.641,cell
SPTAN1,0.3228,8.836e-12,1.839e-10,cell
AKAP6,0.0807,0.001637,0.004535,cell
MED7,-0.1965,0.005109,0.0122,cell
MED27,-0.1046,0.01416,0.02938,cell
MED21,-0.1514,0.3011,0.391,cell
TYK2,0.3252,7.281e-20,5.713e-18,cell
SPG7,0.3247,2.36e-15,8.716e-14,cell
PPP6R3,0.0466,0.1909,0.268,cell
ADIPOR1,-0.1551,0.0456,0.08028,cell
AIG1,-0.061,0.7174,0.7763,cell
MPC1,-0.1159,0.3258,0.4169,cell
GNAS,-0.3233,0.00341,0.008582,cell
GINS2,0.0704,0.0008315,0.00251,cell
TNFAIP8,-0.0429,0.7791,0.8286,cell
ZNF324,0.0281,0.007687,0.01733,cell
TBC1D22A,0.1863,1.741e-07,1.405e-06,cell
ABHD6,0.045,0.02092,0.04123,cell
FJX1,0.0081,0.4953,0.5842,cell
AGO3,0.0915,0.006278,0.01455,cell
MTCH2,0.2986,0.0002443,0.0008714,cell
TPPP,0.1262,2.365e-08,2.328e-07,cell
SUMO2,-0.2233,7.034e-10,9.686e-09,cell
PPIL2,0.1833,9.095e-11,1.554e-09,cell
FRRS1L,0.0056,0.06061,0.1023,cell
TCF19##1,-0.0022,0.3559,0.4477,cell
IPO11,0.0147,0.1391,0.2061,cell
AAGAB,0.0987,0.007725,0.0174,cell
ESR2,0.0264,2.026e-05,9.788e-05,cell
EPG5,0.1229,0.0001865,0.000688,cell
HIST1H2BD,-0.1588,0.0005109,0.001656,cell
TSC22D4,0.0252,0.004003,0.009883,cell
FANCM,0.0042,0.005917,0.01385,cell
TRPM3,0.096,2.872e-05,0.0001339,cell
ABHD10,-0.0328,0.8181,0.8595,cell
DCP1A,0.0333,0.3882,0.48,cell
TLDC1,0.0713,0.0006211,0.00196,cell
ZNF253,0.0192,0.03147,0.05839,cell
ABCF3,0.1859,4.207e-08,3.882e-07,cell
SLC35C1,0.0809,0.00749,0.01694,cell
MRPL55,-0.0249,0.9179,0.9382,cell
ZNF610,0.0026,0.8656,0.8981,cell
GCC2,-0.1343,0.319,0.4098,cell
VKORC1L1,0.043,0.02647,0.05054,cell
CNKSR3,0.0384,0.1193,0.1815,cell
GABPB1,-0.033,0.9466,0.9599,cell
PIP5KL1,0.0087,0.02791,0.05278,cell
MMAA,-0.052,0.3065,0.3967,cell
DCAF11,0.2401,6.28e-06,3.464e-05,cell
MISP,-0.0445,0.003656,0.009122,cell
ANAPC16,-0.2662,1.415e-06,9.138e-06,cell
MARCH1,-0.0303,0.7344,0.7912,cell
APPL2,0.4091,1.811e-09,2.268e-08,cell
C20orf27,0.0053,0.2206,0.3024,cell
ASPSCR1,0.0943,4.741e-09,5.438e-08,cell
PHB2,-0.1151,0.1802,0.2557,cell
ITPA,0.0035,0.1522,0.222,cell
USP4,0.0863,0.0181,0.03632,cell
TRPC1,0.097,3.988e-05,0.0001776,cell
CLPB,0.0793,0.0005861,0.001867,cell
DST,0.506,3.916e-09,4.567e-08,cell
GSKIP,0.0057,0.2712,0.3589,cell
PDLIM7,-0.0135,0.1953,0.273,cell
TMED5,-0.2128,0.1097,0.1689,cell
CPEB1-AS1,-0.0014,0.4921,0.5814,cell
SCAF4,0.1265,6.462e-05,0.0002706,cell
ARHGEF28,0.0781,0.0006023,0.001912,cell
TTC39C,0.2452,7.336e-10,1.001e-08,cell
TSTD3,-0.0312,0.5885,0.666,cell
ZNF501,-0.0169,0.951,0.9635,cell
TMEM200A,0.3859,9.47e-07,6.436e-06,cell
TRAF4,-0.0685,0.09625,0.1516,cell
KIF1C,0.0523,0.0003544,0.001202,cell
LZTR1,0.1975,3.974e-12,8.668e-11,cell
SLC12A7##1,0.0035,0.2906,0.3798,cell
TSSC1,0.05,0.04376,0.0775,cell
COPS4,0.08,0.3447,0.4365,cell
FAM13B,0.0417,0.002132,0.005727,cell
CCR10,0.0122,0.05807,0.0986,cell
DUSP10,-0.0662,0.6331,0.7051,cell
KIF5C##1,0.0182,0.3248,0.4159,cell
NUMA1,0.3261,7.469e-10,1.017e-08,cell
NRL,0.0362,1.393e-06,9.03e-06,cell
BRAP,0.1271,7.367e-05,0.0003033,cell
RRAGA,-0.0173,0.443,0.5345,cell
GABARAP,-0.3476,3.478e-15,1.24e-13,cell
EXOC3,0.1673,3.045e-06,1.81e-05,cell
CBX3,-0.1155,0.3774,0.4693,cell
METAP2,-0.1753,0.05339,0.09166,cell
NKX3-1,-0.0389,4.027e-22,4.413e-20,cell
TMEM107,-0.0323,0.8945,0.9209,cell
ZNF703,-0.0172,0.05792,0.0984,cell
KCNK17,0.5338,1.025e-09,1.359e-08,cell
POLM,0.0763,2.727e-05,0.0001282,cell
TIMM10,-0.1008,0.09519,0.1503,cell
ATF2,0.0267,0.2533,0.3393,cell
PPP3CC,-0.1072,0.5831,0.6613,cell
LINC01135,0.0132,0.7592,0.8113,cell
ANGPT2,0.0407,1.955e-05,9.484e-05,cell
AMFR,-0.0852,0.3636,0.4553,cell
PARG,0.0405,0.0008642,0.002588,cell
ATP1A1,0.4694,6.709e-08,5.947e-07,cell
ZNF135,0.0242,0.001592,0.00443,cell
GULP1,0.0068,0.07001,0.1159,cell
EPB41L2,0.0443,0.003221,0.008172,cell
THRB,0.05,0.02319,0.04509,cell
TBCEL,0.0771,0.0007483,0.002298,cell
RPIA,0.0301,0.02738,0.052,cell
SENP5,0.2047,0.0001392,0.0005335,cell
SLC44A5,0.0447,0.01214,0.02572,cell
AP2A1,0.118,2.124e-05,0.000102,cell
AKAP12,-0.0439,0.05198,0.08968,cell
RGS3,-0.0683,0.2049,0.2841,cell
BIN1,0.0092,0.0628,0.1054,cell
RWDD4,-0.039,0.7298,0.7872,cell
DENND6A,0.1258,4.781e-05,0.0002087,cell
LGI3,-0.0019,0.2667,0.3543,cell
FBXO15,0.0274,0.00878,0.01942,cell
ANGPTL4,-0.0277,0.5963,0.6733,cell
NANP,0.0038,0.1524,0.2221,cell
APOPT1,-0.1165,0.04083,0.073,cell
ZNF222,0.0004,0.4723,0.5628,cell
KIAA1841,0.0474,0.0003408,0.00116,cell
PLEKHB2,-0.0197,0.6129,0.688,cell
MAST4,0.1649,0.0002558,0.0009067,cell
GALNT7,0.0271,0.006009,0.01403,cell
COQ3,0.0909,0.007473,0.01691,cell
SCN3B,-0.097,0.2702,0.3579,cell
KCNJ16,0.1278,4.577e-11,8.395e-10,cell
SYNE2,1.1525,1.476e-28,4.772e-26,cell
MBNL3,0.0349,0.04991,0.08662,cell
BMPER,0.0342,0.04207,0.07484,cell
RRP12,0.1142,9.785e-05,0.0003918,cell
NBEAL2,0.0063,0.3786,0.4705,cell
PARD6A,0.0128,0.2376,0.3215,cell
TBC1D1,0.0859,0.0001523,0.0005778,cell
RWDD2B,-0.1513,0.1088,0.1678,cell
ZC3H4,0.0943,0.0002986,0.001036,cell
PLEKHM2,0.0953,0.002036,0.005503,cell
STX18,0.1346,0.0003034,0.00105,cell
TRIM9,0.0927,0.011,0.02362,cell
ARL6IP1,-0.4899,2.901e-08,2.798e-07,cell
PMPCA,0.0686,0.04246,0.07546,cell
RBMS1,-0.0311,0.2926,0.3819,cell
FAM168A,0.1006,0.0001829,0.000676,cell
SLC25A33,-0.0678,0.02793,0.0528,cell
COQ5,0.0599,0.1181,0.18,cell
LEAP2,0.0171,0.04918,0.08552,cell
DCUN1D5,0.1074,0.0009658,0.002846,cell
RPL39L,0.1279,2.286e-32,1.443e-29,cell
C9orf64,0.1198,0.001579,0.004395,cell
GARNL3,0.029,0.01584,0.03235,cell
MRI1,0.1523,2.705e-07,2.073e-06,cell
ZDHHC18,0.0249,0.0517,0.08926,cell
RHBDD1,0.0455,0.06412,0.1074,cell
TMEM126A,-0.1499,0.03477,0.0636,cell
ACRC,0.0091,0.1064,0.1649,cell
NBPF3,-0.0005,0.03556,0.06486,cell
PIN1P1,0.0043,0.1319,0.1973,cell
ENTPD1,0.2111,2.643e-08,2.575e-07,cell
LEMD3,0.0399,0.006749,0.0155,cell
CAST,-0.0858,0.3844,0.4763,cell
EMP2,0.2611,1.73e-08,1.76e-07,cell
MAP1A,0.7534,1.145e-24,1.898e-22,cell
EIF2S3,-0.1295,0.08072,0.1309,cell
CYC1,0.1729,0.002496,0.006557,cell
FAM222B,0.0625,0.02329,0.04524,cell
STXBP2,0.0375,0.03609,0.06575,cell
DIEXF,-0.0589,0.409,0.5008,cell
ZRANB2-AS2,-0.0056,0.1524,0.2222,cell
MUTYH,0.0612,0.001626,0.004508,cell
LACC1,0.0105,0.2434,0.3279,cell
UGT8,0.0598,0.03759,0.06811,cell
PSMG4,0.0241,0.02771,0.05247,cell
CABIN1,0.1303,8.73e-08,7.576e-07,cell
NUP210L,0.0246,1.67e-06,1.059e-05,cell
UBN1,0.1616,6.143e-06,3.401e-05,cell
KCNMA1,0.1118,0.003991,0.009859,cell
PPAT,-0.0326,0.09399,0.1487,cell
CNN3,-0.0784,0.799,0.844,cell
CYB561,0.6451,1.444e-22,1.71e-20,cell
CLU,-1.0478,6.779e-14,1.971e-12,cell
CLCN3,0.1686,0.06809,0.1132,cell
CLCN4,0.1501,0.001165,0.003354,cell
CKS1B,-0.0212,0.00171,0.00471,cell
CKB,0.1204,0.001561,0.004348,cell
CTSD,0.4092,2.36e-08,2.325e-07,cell
FBXO31,0.0751,0.04326,0.07668,cell
SNORA8,-0.0084,0.4527,0.5434,cell
RFESD,0.023,0.1207,0.1833,cell
ATP6V1B2,0.0811,0.9968,0.9978,cell
HLA-F-AS1,-0.0025,0.8971,0.9225,cell
N4BP2L2-IT2,0.0281,0.333,0.4242,cell
H3F3C,-0.0126,0.05072,0.08783,cell
TTC28-AS1,-0.0101,0.4765,0.5665,cell
LINC00116,0.003,0.2605,0.3477,cell
MGC57346,0.0208,0.0299,0.05587,cell
LOC646214,0.0167,0.3237,0.4147,cell
THAP7-AS1,0.1235,7.317e-11,1.28e-09,cell
LINC00324,-0.0314,0.8082,0.8513,cell
LOC283922,0.0078,0.008625,0.01911,cell
LINC00282,0.0061,0.06236,0.1048,cell
XPNPEP1,0.0663,0.0647,0.1082,cell
C1RL,-0.021,0.8212,0.8621,cell
SPRY4,0.1254,3.361e-10,4.952e-09,cell
PON1,0.0388,0.007057,0.01609,cell
CXADR,0.0572,0.01024,0.0222,cell
CTSZ,-0.0026,0.5859,0.6639,cell
CTSV,-0.0278,0.9226,0.9417,cell
MTFR1,0.0083,0.001169,0.003365,cell
MAN2C1,0.3352,4.224e-20,3.479e-18,cell
C4orf3,-0.5898,9.635e-15,3.17e-13,cell
RHNO1,-0.0553,0.4647,0.5555,cell
GMPPB,0.2919,1.283e-15,5.019e-14,cell
PARVB,0.0694,0.001397,0.003941,cell
GIGYF2,0.521,9.981e-15,3.252e-13,cell
MANSC1,-0.021,0.5493,0.6321,cell
PABPC5,-0.0604,0.2655,0.353,cell
ATP5A1,0.2375,0.03155,0.05853,cell
RBM22,-0.0077,0.2019,0.2806,cell
SLC35A5,-0.1998,0.1844,0.2605,cell
USP47,0.1014,0.1102,0.1695,cell
ZNF600,-0.0491,0.9895,0.9923,cell
FAM161A,-0.008,0.03537,0.06454,cell
PYCR1,0.0384,0.01746,0.03522,cell
RPL11,-0.2556,5.162e-09,5.883e-08,cell
KLF9,0.0108,0.2741,0.3621,cell
EGR4,-0.0054,0.8877,0.9155,cell
ITPK1,0.0727,0.000285,0.0009939,cell
FLJ27354,-0.0009,0.3631,0.4549,cell
PLEKHA8,0.0073,0.05927,0.1003,cell
GAS8,0.102,4.926e-06,2.784e-05,cell
ZMYND8,-0.0075,0.4921,0.5814,cell
ZNF630,0.1705,1.705e-07,1.383e-06,cell
SIK3,0.1865,3.542e-09,4.19e-08,cell
C14orf159,0.0611,0.0005167,0.001672,cell
PSKH1,0.1522,5.483e-05,0.0002349,cell
FAM189B,0.008,0.1377,0.2044,cell
SRC,-0.0563,0.01747,0.03524,cell
SIX3,0.3361,5.849e-26,1.231e-23,cell
CNPY3,0.1557,0.000126,0.0004886,cell
SFTPA1,0.0829,0.1397,0.2067,cell
CCT6B,0.0844,0.001267,0.003612,cell
GMEB1,0.0213,0.2748,0.3629,cell
GNB5,0.0063,0.2708,0.3586,cell
AVIL,0.1221,2.784e-05,0.0001304,cell
MAP4K5,-0.1481,0.0697,0.1156,cell
NAALAD2,-0.0147,0.3035,0.3933,cell
BRD8,0.253,1.01e-05,5.309e-05,cell
TOM1,0.2047,3.248e-07,2.45e-06,cell
OAT,0.0789,0.4916,0.5808,cell
RPL4,-0.0472,0.08667,0.1388,cell
RPL3,-0.1613,0.002274,0.006057,cell
PDX1,0.4587,1.382e-12,3.326e-11,cell
PAK1,0.0343,0.09978,0.1561,cell
ATF6B,0.1277,2.753e-06,1.655e-05,cell
RNF14,-0.0321,0.781,0.8303,cell
LDLRAD3,0.3171,3.718e-12,8.123e-11,cell
ACP1,0.0322,0.6155,0.6902,cell
NFE2L3,0.009,4.392e-05,0.0001934,cell
GOSR2,0.2354,0.0002083,0.0007583,cell
H6PD,0.136,5.205e-09,5.924e-08,cell
CHD1L,-0.3065,0.003484,0.008738,cell
CSNK1G3,-0.023,0.1964,0.2741,cell
ARL3,-0.0715,0.3058,0.3959,cell
ABCB7,-0.0557,0.306,0.3961,cell
CSK,-0.0068,0.5312,0.616,cell
APBB2,0.3064,5.334e-09,6.06e-08,cell
HAGH,0.1023,0.02473,0.04764,cell
MPV17L2,0.2767,5.113e-15,1.761e-13,cell
NEFM,0.8033,3.135e-23,4.242e-21,cell
ADAMTS13,0.0756,8.062e-11,1.394e-09,cell
TARSL2,-0.0055,0.4715,0.562,cell
ACOT4,0.0148,0.9421,0.9564,cell
LRR1,-0.0115,0.1548,0.2251,cell
AK7,0.1466,9.443e-09,1.018e-07,cell
ANKRD9,0.0019,0.2514,0.3371,cell
ZNF641,0.052,0.001326,0.003756,cell
C12orf45,-0.0122,0.3895,0.4813,cell
TAF1,0.0945,0.0001282,0.0004962,cell
HFE,0.0243,0.4772,0.5671,cell
GAMT,-0.016,0.8196,0.8606,cell
NASP,0.0812,0.02227,0.04352,cell
TARS,-0.2275,0.04607,0.08092,cell
MAPK14,-0.0049,0.3006,0.3903,cell
ZNF561,-0.0298,0.3823,0.4741,cell
ZNF276,0.0711,3.454e-07,2.592e-06,cell
ZFP62,0.0819,0.02405,0.0465,cell
ALKBH8,0.0543,0.005744,0.01352,cell
UBTD2,-0.0596,0.7487,0.803,cell
TTC30A,0.0857,5.483e-05,0.0002349,cell
BAX,0.0454,0.0001426,0.0005453,cell
CHMP7,0.1774,8.228e-05,0.0003346,cell
LONRF1,0.0023,0.04389,0.07769,cell
RNF185,-0.0006,0.8965,0.922,cell
PAM,0.9678,3.38e-22,3.766e-20,cell
BTF3L4,-0.1927,0.003572,0.008932,cell
ZNF439,0.0721,0.004613,0.01118,cell
RPUSD2,0.0795,0.004677,0.01131,cell
SH2B3,0.0616,0.0009503,0.002807,cell
UBE2D2,-0.2658,1.848e-05,9.019e-05,cell
KDF1,-0.0335,0.9165,0.9371,cell
FAM58A,0.059,0.01983,0.0393,cell
TAGAP,-0.0071,0.7152,0.7745,cell
SNX11,-0.0225,0.9204,0.9398,cell
GALM,0.013,0.01147,0.02451,cell
SNX7,-0.1421,0.005946,0.01391,cell
ATRN,0.3128,1.118e-13,3.153e-12,cell
HNRNPH2,0.0174,0.1084,0.1673,cell
C8orf44,0.0339,0.002454,0.006459,cell
MEPCE,0.0321,0.05675,0.09659,cell
ITSN2,0.2752,5.486e-07,3.938e-06,cell
LOC100130476,-0.0739,0.2664,0.354,cell
MIR4721,0.0029,0.1647,0.2369,cell
C1orf50,-0.0632,0.3896,0.4815,cell
LINC01534,-0.0008,0.7205,0.7789,cell
CRB1,0.0366,0.00476,0.01148,cell
N6AMT1,0.0358,0.01201,0.02547,cell
CD14,-0.0463,0.7538,0.8068,cell
ZEB1,-0.0121,0.149,0.2179,cell
SLCO5A1,0.0026,0.05342,0.09171,cell
GRIA4,0.133,1.76e-07,1.419e-06,cell
TCEA1,-0.5092,1.17e-19,8.815e-18,cell
PARP2,0.0537,0.032,0.05927,cell
NFIC,0.186,1.141e-07,9.647e-07,cell
SSFA2,0.0776,0.03967,0.07131,cell
MKL1,0.0108,0.009557,0.02092,cell
DDA1,0.0166,0.1101,0.1695,cell
DDX5,0.3469,0.005219,0.01244,cell
DBN1,-0.0153,0.8365,0.8738,cell
ZBTB22,0.0091,0.02204,0.04315,cell
WDR46,0.0594,0.006103,0.01422,cell
MFN2,0.0712,0.04911,0.08542,cell
SBNO1,-0.0668,0.5801,0.6586,cell
KDM5C,-0.0076,0.0716,0.1181,cell
UXT,-0.1254,0.034,0.06243,cell
UCHL1,0.4255,4.627e-08,4.226e-07,cell
SREBF1,0.1895,0.006401,0.0148,cell
SNRPD3,0.086,0.1633,0.2352,cell
FOXN3,0.0028,0.08261,0.1334,cell
SHMT1,0.0112,0.05226,0.09009,cell
SLC1A1,0.0917,9.691e-06,5.119e-05,cell
CLK2,0.1662,1.439e-09,1.839e-08,cell
CCNC,-0.0865,0.419,0.511,cell
RAB1A,-0.0883,0.03785,0.06849,cell
PSMB8,-0.0768,0.1716,0.2451,cell
PRKAR2A,0.0099,0.1082,0.167,cell
BCL3,-0.0191,0.2566,0.3431,cell
ATP6V0A1,0.7374,1.659e-17,8.871e-16,cell
ATP5G1,0.1973,3.053e-08,2.932e-07,cell
NDUFB7,0.0157,0.5469,0.63,cell
EWSR1,0.5974,5.613e-17,2.707e-15,cell
APLP1,0.1687,0.004678,0.01131,cell
IREB2,-0.0586,0.9809,0.9859,cell
IDH3G,0.3163,2.439e-08,2.397e-07,cell
HSPA9,-0.3354,4.485e-06,2.557e-05,cell
GYG1,-0.2103,0.01807,0.0363,cell
GHSR,-0.0101,0.0527,0.09068,cell
FKBP5,0.4712,7.806e-15,2.619e-13,cell
NFKB1,0.0424,0.1116,0.1714,cell
NOL10,0.059,0.01606,0.03276,cell
SLC4A3,0.0503,0.0001018,0.0004051,cell
ZCCHC7,0.0811,0.009323,0.02046,cell
IQCC,0.065,0.0009733,0.002864,cell
MSL2,-0.0056,0.2037,0.2827,cell
GGA3,0.0944,0.0006365,0.002001,cell
PFDN6,0.0152,0.02752,0.05218,cell
RTKN,0.1807,5.932e-10,8.315e-09,cell
IPO5P1,0.1496,0.0173,0.03495,cell
MPHOSPH9,0.1308,1.603e-05,7.941e-05,cell
SCRN3,0.0119,0.09749,0.1532,cell
PIGT,0.415,2.841e-08,2.744e-07,cell
XDH,0.2048,2.259e-17,1.179e-15,cell
STK11,0.0129,0.2394,0.3235,cell
MID1,0.2054,1.358e-08,1.421e-07,cell
XPA,-0.0417,0.485,0.575,cell
LRP6,0.1846,3.123e-06,1.851e-05,cell
C2orf27A,0.0125,0.2397,0.3237,cell
COX15,0.0417,0.1645,0.2367,cell
LEPR,-0.0336,0.05569,0.09502,cell
ZNF619,0.0358,0.1155,0.1767,cell
LOC643355,-0.0196,1.045e-05,5.468e-05,cell
SLC24A1,0.0082,0.0002621,0.0009242,cell
KAT6B,0.0206,0.1227,0.186,cell
CD6,0.0162,0.1013,0.158,cell
IFIT1,0.06,0.02584,0.04949,cell
UBB,0.0079,0.3782,0.4701,cell
SCO2,0.0023,0.1951,0.2727,cell
SHKBP1,0.0566,0.02685,0.05114,cell
TMEM183A,-0.081,0.1328,0.1984,cell
MSL3,0.0184,0.1104,0.1697,cell
NOM1,0.0558,0.01273,0.02683,cell
CDKN2B,0.0893,5.446e-05,0.0002337,cell
MTSS1L,0.033,1.815e-07,1.462e-06,cell
TTC5,0.104,0.01473,0.03042,cell
PUF60,0.254,2.82e-06,1.69e-05,cell
ZNF845,-0.0513,0.9655,0.9744,cell
BOD1,-0.0255,0.9137,0.9352,cell
CCDC28B,0.0847,1.582e-06,1.008e-05,cell
POLR2F,0.0659,0.02397,0.04637,cell
CEP95,-0.0628,0.6643,0.731,cell
FAM104B,-0.0279,0.7975,0.843,cell
DNAJB6,-0.0836,0.1992,0.2775,cell
BRD4,-0.1079,0.0799,0.1298,cell
LRRC16B,0.0248,0.006272,0.01454,cell
C19orf52,0.0362,0.0005959,0.001894,cell
SCRN2,0.1305,1.763e-06,1.112e-05,cell
DCAF15,0.0039,0.01939,0.03854,cell
SAMD1,-0.001,0.5803,0.6588,cell
THAP3,-0.0253,0.7316,0.7887,cell
TP53I13,0.1195,9.299e-08,8.012e-07,cell
OTULIN,0.0162,0.3501,0.4421,cell
CDKN1A,0.5465,2.757e-05,0.0001294,cell
KLC4,0.0889,0.003148,0.008008,cell
GLB1L2,0.1338,6.612e-10,9.161e-09,cell
ABHD3,-0.1859,0.3104,0.4006,cell
POLR3H,0.153,1.814e-06,1.141e-05,cell
MYEOV2,0.0236,0.5007,0.5886,cell
JOSD2,0.0072,0.5958,0.6729,cell
FAM122A,-0.0905,0.6102,0.6858,cell
ZNF675,-0.03,0.04966,0.08625,cell
NBPF8,0.0428,1.855e-08,1.874e-07,cell
PPP2R2D,0.0084,0.06256,0.1051,cell
ALG8,0.1545,0.001823,0.004992,cell
ZFP3,-0.004,0.3382,0.4297,cell
TMEM130,0.1595,2.239e-12,5.146e-11,cell
MTIF3,-0.0906,0.3814,0.4733,cell
PAOX,0.0311,0.1556,0.226,cell
ENKUR,0.0532,0.02039,0.04027,cell
C9orf72,-0.0842,0.5269,0.6121,cell
PDCD2,-0.1926,0.02303,0.04483,cell
MBNL2,0.1763,0.0009425,0.002787,cell
TANGO2,0.7568,3.053e-25,5.703e-23,cell
RIOK1,-0.0663,0.4095,0.5013,cell
DYNLT1,-0.0882,0.1102,0.1696,cell
C18orf8,0.2276,1.171e-05,6.025e-05,cell
CISH,-0.155,0.005008,0.012,cell
YTHDF2,-0.0186,0.8174,0.859,cell
MKRN2OS,0.0065,0.9196,0.9393,cell
FOXP2,0.066,0.01064,0.02296,cell
IDS,0.2794,3.145e-05,0.0001447,cell
RFWD3,0.0572,0.01971,0.03909,cell
ADAR,0.6446,4.533e-17,2.218e-15,cell
TSR1,0.1377,0.0001072,0.0004242,cell
ADARB1,0.0324,0.004672,0.0113,cell
ACHE,0.0597,8.901e-07,6.093e-06,cell
RASSF6,0.1225,0.0001147,0.0004499,cell
MLIP,0.0958,0.01062,0.0229,cell
TYW1,0.0414,0.0008253,0.002494,cell
LINC00622,-0.0209,0.1669,0.2394,cell
ACVR1C,-0.0977,0.318,0.4089,cell
DET1,0.0908,0.0001462,0.0005575,cell
RPS24,-0.203,2.744e-06,1.651e-05,cell
CHORDC1,-0.1687,0.2484,0.3335,cell
ADK,0.0618,0.03495,0.06388,cell
ARID4B,0.0546,0.1646,0.2367,cell
RFC5,-0.0459,0.5378,0.6218,cell
CD99L2,0.0759,0.08257,0.1334,cell
ZNF296,-0.003,0.2329,0.3165,cell
SLC35G2,0.0535,0.062,0.1043,cell
PRPF39,0.0952,0.0001907,0.0007018,cell
SRGAP2C,0.0032,0.965,0.9739,cell
FLCN,0.0232,0.02831,0.05337,cell
EMBP1,-0.0011,0.9648,0.9738,cell
EXT2,0.2247,6.813e-05,0.0002832,cell
KDM2B,0.0686,8.403e-06,4.509e-05,cell
CTNND1,0.0076,0.2841,0.3726,cell
CTNND2,0.0167,0.2507,0.3362,cell
TULP4,0.1606,0.0006121,0.001938,cell
CASP7,-0.0297,0.7526,0.806,cell
RAP2C,-0.1592,0.01278,0.0269,cell
GABPB2,-0.0122,0.4513,0.5422,cell
SRGAP2B,0.0014,0.9514,0.9636,cell
GTF3C1,0.4439,9.755e-18,5.345e-16,cell
RAD51D,0.0415,0.1122,0.1721,cell
GAS2L1,-0.0525,0.002107,0.005671,cell
RAD51B,-0.0243,0.3209,0.4118,cell
C10orf35,-0.0213,0.8156,0.8573,cell
CADM4,0.015,0.0974,0.1531,cell
ZNF627,-0.0073,0.2363,0.3202,cell
FARSB,0.0396,0.1274,0.1918,cell
WDR90,0.1279,1.523e-16,6.965e-15,cell
TVP23C,0.0079,0.1393,0.2063,cell
ZBTB49,0.0111,0.04739,0.0829,cell
ZUFSP,0.0096,0.07165,0.1182,cell
RBM45,0.0922,0.0007384,0.002273,cell
KDM1B,0.0045,0.01842,0.03687,cell
UPRT,-0.0363,0.7986,0.8437,cell
SOCS5,0.0048,0.1813,0.257,cell
ZNF75A,0.082,0.001262,0.0036,cell
STARD13,0.111,2.014e-08,2.014e-07,cell
TRMT2A,0.1724,5.617e-11,1.011e-09,cell
HPN,0.1452,0.0001172,0.0004581,cell
TUSC3,-0.0097,0.4074,0.4992,cell
ATPIF1,-0.1825,0.001153,0.003322,cell
NNT,0.0876,0.0009373,0.002773,cell
DNAH14,-0.0334,0.4784,0.5682,cell
TNFAIP8L1,0.0072,0.8265,0.8656,cell
CDH24,0.0223,0.04047,0.07248,cell
ZFC3H1,0.0322,0.003025,0.007737,cell
PRKAB2,-0.2236,0.0249,0.04792,cell
MDFIC,0.0723,1.176e-07,9.903e-07,cell
SMARCA4,0.1797,1.196e-07,1.005e-06,cell
BHLHB9,0.0842,0.001461,0.004095,cell
POMT1,0.2031,2.208e-07,1.739e-06,cell
RANGRF,0.0198,0.117,0.1786,cell
MSRB1,0.0818,0.009885,0.02152,cell
PLGRKT,-0.0263,0.5932,0.6704,cell
SFMBT1,0.089,0.001561,0.004348,cell
ITFG2,-0.0322,0.6292,0.702,cell
BRK1,-0.086,0.04833,0.08428,cell
PRR13,-0.2221,4.664e-08,4.253e-07,cell
IQCB1,0.1434,4.825e-06,2.733e-05,cell
ATRX,0.1357,0.1587,0.2297,cell
ZNF483,-0.089,0.7881,0.8359,cell
LOC642361,-0.0031,0.4696,0.5601,cell
KDM5D,0.2673,1.09e-12,2.662e-11,cell
ZNF44,-0.0448,0.3893,0.4813,cell
PQLC1,0.0395,0.01307,0.02745,cell
OPA1,-0.0177,0.6855,0.7489,cell
TMED6,-0.1067,0.1071,0.1657,cell
DNHD1,0.3523,2.161e-23,3.049e-21,cell
FAM76B,-0.0274,0.0816,0.1322,cell
TMEM80,0.1176,1.44e-05,7.243e-05,cell
TRAPPC5,0.034,0.1202,0.1827,cell
LOC653513##1,0.0966,1.366e-09,1.755e-08,cell
SPOP,0.1246,0.009662,0.0211,cell
IFRD1,-0.3891,0.01902,0.03789,cell
CHST8,-0.0412,0.968,0.9761,cell
AKR1C2,-0.0496,0.3676,0.4592,cell
RQCD1,0.2085,0.0006359,0.002,cell
SEPT2,0.3052,0.0008438,0.002538,cell
GMPR2,0.0259,0.3409,0.4324,cell
NAPB,0.0841,0.01329,0.0278,cell
SPIDR,0.0359,0.07102,0.1174,cell
RALGAPB,0.2158,4.739e-06,2.69e-05,cell
VPS45,0.2707,2.583e-08,2.522e-07,cell
DTYMK,0.0451,0.0001493,0.0005675,cell
TCF7L2,0.039,0.006672,0.01535,cell
SP110,0.0049,0.2007,0.2794,cell
DDX11,0.0523,0.0003263,0.001119,cell
ARHGAP39,0.0172,0.0006913,0.002148,cell
GPS1,0.2157,3.772e-08,3.525e-07,cell
CDK18,0.0137,0.0168,0.03405,cell
DGCR8,0.1334,8.097e-08,7.078e-07,cell
ECM1,0.0584,0.04248,0.07548,cell
DUSP6,0.0161,0.5661,0.6461,cell
RASA1,-0.013,0.178,0.2531,cell
PNKD,0.0506,0.02086,0.04115,cell
ZMAT3,0.1383,3.083e-05,0.0001425,cell
MAPK10,0.2646,2.839e-08,2.744e-07,cell
LYSMD4,0.0798,0.0003219,0.001105,cell
FAM161B,0.0343,0.006808,0.01562,cell
PTGR2,-0.0096,0.3585,0.4504,cell
FBXL14,-0.0473,0.4752,0.5652,cell
EFCAB13,-0.0102,0.006939,0.01587,cell
GLIPR1L2,0.0651,0.0005067,0.001644,cell
CWF19L2,-0.0154,0.5493,0.6321,cell
KBTBD3,-0.0138,0.2829,0.3715,cell
TPCN2,0.0667,0.0003207,0.001101,cell
BACE1,0.1439,0.001603,0.004451,cell
FAM69B,0.0181,0.6008,0.6771,cell
C9orf41,0.0134,0.09732,0.153,cell
MAPK9,-0.0268,0.3277,0.4187,cell
ZNF786,0.0986,0.0002224,0.000803,cell
OCIAD2,-0.1034,0.1034,0.1608,cell
GRPEL2,-0.0862,0.637,0.7084,cell
SMARCC2,0.3677,6.771e-16,2.754e-14,cell
NUDT16,0.017,0.05438,0.09317,cell
TMEM263,-0.2045,0.03875,0.06984,cell
AHSA2,0.1331,3.278e-07,2.471e-06,cell
TRAM1L1,0.065,0.000388,0.001302,cell
C4orf32,-0.0768,0.0002618,0.0009231,cell
SCAMP5,0.3851,1.699e-09,2.137e-08,cell
KCTD18,-0.0485,0.3232,0.4143,cell
MAPK7,0.006,0.2764,0.3648,cell
UBXN10,0.1566,3.018e-06,1.794e-05,cell
C1orf216,0.1918,7.841e-06,4.237e-05,cell
ZNF684,0.0191,0.05069,0.08778,cell
MAPK8,-0.0891,0.4522,0.5429,cell
SMARCA2,0.1948,4.08e-05,0.0001811,cell
KLHDC9,0.147,1.214e-07,1.018e-06,cell
ZNF573,0.0853,0.001541,0.004295,cell
ZNF440,0.07,0.009365,0.02055,cell
ZNF491,0.0328,0.01267,0.02672,cell
ZNF441,0.0186,0.2511,0.3368,cell
CLDND2,0.002,0.3543,0.4463,cell
FAM210A,-0.0921,0.593,0.6703,cell
REG3A,-0.0962,3.975e-29,1.424e-26,cell
A1CF,-0.226,9.941e-07,6.718e-06,cell
ANKRD13B,0.0185,0.0001677,0.000628,cell
LSM12,-0.0007,0.3365,0.4281,cell
SPATA2L,0.0131,0.08322,0.1342,cell
DIABLO,-0.1235,0.08983,0.143,cell
C16orf46,0.0736,0.0002223,0.0008026,cell
LOC100132111,0.0422,2.276e-07,1.784e-06,cell
FNIP1,0.0608,0.1073,0.1661,cell
YTHDC1,-0.1873,0.0416,0.07414,cell
TCEAL2,0.1463,0.00409,0.01007,cell
LRSAM1,0.0976,3.967e-07,2.944e-06,cell
SELM,0.0332,0.04532,0.07988,cell
ACYP2,-0.0376,0.1387,0.2057,cell
ZNF689,0.063,0.007841,0.01763,cell
MALSU1,-0.2479,2.856e-06,1.708e-05,cell
HAUS1,0.0481,0.003321,0.008383,cell
FLYWCH2,-0.0056,0.4522,0.5429,cell
VASN,-0.013,0.379,0.4709,cell
SMIM19,0.1738,4.937e-05,0.0002145,cell
FAM83F,0.027,0.01509,0.03104,cell
ZBED6CL,0.0586,0.04552,0.08014,cell
CDKN2A,0.0847,1.021e-07,8.721e-07,cell
ADPRHL1,-0.0076,0.394,0.4859,cell
CASC4,0.1169,0.04891,0.08513,cell
ADAT3,0.0417,6.838e-09,7.607e-08,cell
SAAL1,0.0217,0.05446,0.09328,cell
AHNAK2,0.0137,0.5952,0.6723,cell
FAM195A,0.0048,0.3121,0.4025,cell
PTPN2,0.1169,0.0008392,0.002529,cell
RDH13##1,-0.0051,0.148,0.2167,cell
FAM71E1,0.0114,0.00486,0.01169,cell
CMTM7,-0.0529,0.859,0.8931,cell
GTF3C6,-0.0803,0.3114,0.4018,cell
HNRNPLL,0.057,0.08414,0.1354,cell
PTP4A2,-0.341,4.763e-08,4.332e-07,cell
ATP8B5P,-0.0009,0.9828,0.9872,cell
FRG1B,0.0294,0.0306,0.05699,cell
RPL23AP53,-0.0244,0.8776,0.9075,cell
PI4KAP1,0.0139,0.002817,0.007285,cell
ATP1A1-AS1,0.0718,0.0445,0.07862,cell
DPY19L2P2,0.0115,0.00458,0.01111,cell
DPY19L2P4,0.0118,0.1458,0.2141,cell
ESR1,-0.0177,0.6972,0.7585,cell
WHAMMP3,0.008,0.1737,0.2477,cell
MIR99AHG,-0.0016,0.4014,0.4932,cell
APLP2,0.4476,1.013e-07,8.656e-07,cell
COLCA1,-0.0122,0.006647,0.01529,cell
ZNRF2P1,0.0003,0.769,0.8203,cell
SAT1,-0.9709,9.175e-23,1.137e-20,cell
RP9P,-0.0446,0.932,0.9494,cell
ZNF182,0.0919,0.0002703,0.0009506,cell
RRN3P1,-0.0091,0.06123,0.1031,cell
EP400NL,0.0232,0.0001564,0.000591,cell
LOC729603,0.0357,0.001934,0.005256,cell
PSPC1,-0.0355,0.8404,0.8772,cell
SDHAP2,0.0253,0.0006463,0.002027,cell
SDHAP3,0.0266,0.0001696,0.0006344,cell
EPHX1,0.2705,3.217e-19,2.21e-17,cell
EIF4G1,0.5605,1.307e-17,7.094e-16,cell
PWARSN,0.1647,3.215e-07,2.426e-06,cell
HAR1A,0.0083,0.1008,0.1574,cell
SNHG11,-0.0132,0.5981,0.6748,cell
CELF3,0.0963,2.675e-05,0.000126,cell
USP32P1,-0.0072,0.04309,0.07641,cell
PWAR5,0.0689,4.885e-05,0.0002126,cell
MKNK1,0.0924,0.0001214,0.0004726,cell
LAMTOR3,-0.4744,9.774e-08,8.389e-07,cell
TPM3P9,0.0387,0.01101,0.02363,cell
ZNF542P,0.1301,0.0002169,0.0007856,cell
RPL32P3,-0.0197,0.5066,0.5938,cell
CCT6P1,-0.0267,0.7052,0.766,cell
ZNF273,0.0179,0.1694,0.2423,cell
NBR2,-0.0117,0.579,0.6579,cell
SNHG1,-0.4645,8.055e-07,5.564e-06,cell
TMEM255A,0.0451,0.06247,0.1049,cell
PACSIN3,-0.0117,0.7132,0.7728,cell
TBC1D16,0.0652,5.665e-05,0.0002418,cell
RIMKLA,-0.2833,0.000294,0.001023,cell
ACP6,0.06,0.01684,0.03411,cell
DNAH1,0.0341,0.02641,0.05045,cell
TRMT5,0.0742,0.009345,0.02051,cell
AARS2,0.1341,1.441e-08,1.5e-07,cell
WNK3,-0.0846,0.2791,0.3674,cell
NIN,-0.007,0.06009,0.1016,cell
TNIP2,0.0094,0.6321,0.7044,cell
CHD8,0.3632,1.771e-18,1.092e-16,cell
ZNF557,0.1006,0.0001636,0.0006147,cell
THOC6,0.0656,0.0009475,0.0028,cell
MYL6,-0.3572,3.458e-09,4.101e-08,cell
ALS2,0.0807,0.1161,0.1775,cell
ZNF576,0.0013,0.2939,0.3834,cell
FBXL15,0.0559,0.004587,0.01113,cell
ZNF343,-0.0022,0.6164,0.691,cell
CRELD2,0.9108,3.914e-41,7.414e-38,cell
RBM42,0.0926,3.56e-06,2.084e-05,cell
PRR15L,0.0559,0.07557,0.1237,cell
C1orf35,0.0477,0.001345,0.003804,cell
SNRNP48,-0.0523,0.8955,0.9216,cell
CCDC112,-0.0434,0.6688,0.7345,cell
MYO5B,0.0827,0.01487,0.03068,cell
C21orf91,-0.0366,0.4141,0.5058,cell
KIAA0895,-0.1435,0.06187,0.1041,cell
RAP1GDS1,0.0009,0.384,0.4759,cell
MRPL20,0.1069,0.01339,0.02797,cell
NRDE2,0.0533,0.2867,0.3754,cell
PUM2,0.1684,0.002557,0.006701,cell
AKIRIN2,-0.2293,0.001021,0.002988,cell
WIPI2,0.1053,0.005245,0.01249,cell
PGM3,0.244,0.0001677,0.000628,cell
CHTOP,0.1748,0.0008532,0.002562,cell
GPSM1,-0.0522,0.2968,0.3863,cell
EFHD2,-0.0186,0.5511,0.6336,cell
SLC27A3,0.0035,0.1265,0.1907,cell
THTPA,0.2425,3.495e-10,5.132e-09,cell
PCDHAC2,0.0021,0.908,0.9311,cell
PCDHAC1,0.0791,3.316e-05,0.0001515,cell
NPHP4,0.12,2.65e-12,5.997e-11,cell
PCDHA10,-0.0092,0.2649,0.3524,cell
APOBEC3F,0.0079,0.2845,0.3731,cell
PCDHA9,0.006,0.2051,0.2844,cell
LENG1,0.026,0.02756,0.05225,cell
RUSC1,0.0782,0.005926,0.01387,cell
LARP4,0.2943,8.616e-09,9.38e-08,cell
PDPK1,0.0849,0.0001473,0.0005616,cell
NAALADL1,0.0106,0.2681,0.3558,cell
MED6,-0.1614,0.02886,0.05422,cell
HYDIN,0.0341,3.15e-06,1.866e-05,cell
FSTL5,0.0554,0.0862,0.1382,cell
MAP3K7CL,-0.0196,0.4199,0.5119,cell
STARD7,0.0624,0.4269,0.5186,cell
PMEPA1,0.002,0.07892,0.1284,cell
SH3GLB2,0.0072,0.009953,0.02165,cell
PAPOLB,0.0095,0.1412,0.2086,cell
PNO1,-0.0666,0.4548,0.5453,cell
NDUFA4L2,-0.0006,0.9195,0.9393,cell
TMEM167B,-0.0713,0.8196,0.8606,cell
BDH2,0.0195,0.04959,0.08619,cell
ZC3H7B,0.0288,0.0218,0.04274,cell
WDR5,0.0907,0.0002712,0.000953,cell
CACFD1,0.1345,0.0003021,0.001047,cell
ZRANB1,-0.0901,0.806,0.8497,cell
AGPAT3,0.1055,2.615e-05,0.0001233,cell
MDM1,0.019,0.008476,0.01884,cell
KCMF1,-0.3993,0.0001807,0.0006691,cell
SUPT20H,-0.0093,0.1277,0.1922,cell
NAGK,0.1328,9.103e-05,0.0003671,cell
PPP1R12C,-0.0289,0.8539,0.8889,cell
PARP14,0.0088,0.7179,0.7768,cell
TMEM234,0.0401,0.03916,0.07051,cell
RAB3IP,-0.2998,0.002775,0.007191,cell
WDYHV1,-0.0079,0.4874,0.5771,cell
PPP2R5C,-0.0199,0.5825,0.661,cell
SHROOM1,0.1117,2.816e-07,2.149e-06,cell
MAZ,0.2109,1.225e-13,3.435e-12,cell
KLHL3,0.278,1.194e-11,2.432e-10,cell
DDX6,-0.0181,0.2087,0.2885,cell
SLC25A16,0.0007,0.263,0.3503,cell
HIPK1,0.3133,8.164e-06,4.394e-05,cell
POLR1D,-0.3821,7.227e-07,5.046e-06,cell
ZNF449,0.0038,0.05001,0.08672,cell
C1GALT1C1,0.237,0.0004062,0.001357,cell
EPHA10,0.0006,0.03524,0.06432,cell
NPW,0.0144,0.2862,0.375,cell
SET,-0.0494,0.6377,0.7088,cell
PCBP2,-0.0406,0.8142,0.8563,cell
TMEM79,-0.0015,0.1544,0.2246,cell
MORN4,0.1635,1.98e-05,9.594e-05,cell
TENM4,0.1952,3.426e-15,1.224e-13,cell
ZNF419,0.0107,0.4309,0.5227,cell
BEX4,0.1174,0.5456,0.6289,cell
KDM6B,0.0675,0.002844,0.007351,cell
TXNRD2,0.0773,2.525e-06,1.534e-05,cell
GAK,0.2786,3.78e-19,2.57e-17,cell
DRAP1,0.0072,0.309,0.3993,cell
RSF1,0.0426,0.146,0.2144,cell
PCDHA11,0.0214,0.001305,0.003705,cell
GMIP,0.0028,0.4915,0.5808,cell
XRN1,0.0823,0.04063,0.07273,cell
ERGIC2,-0.012,0.5727,0.6524,cell
TADA2B,0.0542,0.1174,0.1791,cell
STAT1,0.0408,0.364,0.4556,cell
SDR42E1,-0.0346,0.1131,0.1734,cell
THAP6,0.0016,0.1403,0.2076,cell
PUS10,0.0001,0.8109,0.8535,cell
BCCIP,-0.0445,0.9079,0.9311,cell
OARD1,-0.1048,0.513,0.5993,cell
SLC25A40,-0.0902,0.5228,0.609,cell
PEX5L,0.072,6.604e-05,0.0002757,cell
C20orf24,-0.0765,0.001995,0.005406,cell
NSFL1C,0.1407,0.0004962,0.001613,cell
NUP62,0.1,0.001601,0.004448,cell
GOLM1,0.1224,0.004741,0.01144,cell
RC3H2,0.1431,0.01498,0.03086,cell
NPC1L1,-0.1208,0.0009898,0.002906,cell
ICK,-0.007,0.363,0.4549,cell
TIPIN,0.0232,0.1264,0.1907,cell
ALKBH5,-0.0707,0.5756,0.6549,cell
SDF4,0.5116,2.781e-21,2.711e-19,cell
DNAJC27,-0.1169,0.2079,0.2876,cell
OSBPL2,0.1046,0.004814,0.01159,cell
SIRT7,-0.023,0.2331,0.3167,cell
INPP5K,0.1613,0.0003949,0.001322,cell
MGRN1,0.0699,1.058e-06,7.107e-06,cell
CCNYL1,0.1055,1.049e-08,1.12e-07,cell
MAP3K13,-0.0833,0.8298,0.8681,cell
CNOT4,-0.0211,0.08283,0.1337,cell
IRF6,0.0268,0.1726,0.2463,cell
ODF2,0.1683,6.714e-10,9.293e-09,cell
BRD2,0.3834,1.933e-08,1.943e-07,cell
ATG9A,0.2706,3.15e-08,3.014e-07,cell
TLE3,-0.0111,0.7412,0.7965,cell
AMER3,0.1084,1.71e-05,8.422e-05,cell
CTH,0.033,0.01011,0.02195,cell
MNAT1,-0.0405,0.7298,0.7872,cell
FPGS,0.0612,0.01334,0.02788,cell
TOM1L2,0.2163,1.803e-11,3.532e-10,cell
PIP5K1C,0.0629,2.33e-07,1.816e-06,cell
RAB3GAP1,-0.105,0.5575,0.6391,cell
C1orf204,0.0004,0.2215,0.3035,cell
PTPN3,-0.2678,0.002593,0.006778,cell
CDON,-0.1004,0.4648,0.5556,cell
LOC730183,0.0035,0.07899,0.1285,cell
FBXO18,0.0036,0.2374,0.3213,cell
IDNK,-0.0408,0.2899,0.379,cell
FAM13A,-0.0586,0.5182,0.6043,cell
COX4I1,0.1348,0.1567,0.2273,cell
SLC31A1,0.2072,1.873e-07,1.502e-06,cell
COX7C,-0.4623,3.164e-20,2.656e-18,cell
COX7B,-0.2285,7.336e-07,5.109e-06,cell
COX6B1,-0.1627,7.867e-05,0.0003213,cell
GCG,-0.433,1.913e-11,3.731e-10,cell
GARS,-0.3061,0.009238,0.0203,cell
DNAJA3,0.0919,0.03489,0.06376,cell
LDHA,-0.5395,8.406e-19,5.341e-17,cell
CELF2,-0.0221,0.8917,0.9186,cell
AKT1,0.1301,0.0002449,0.0008733,cell
KIF5A,0.0639,0.000176,0.0006538,cell
SUMO1P3,-0.0272,0.08641,0.1385,cell
LTBP3,0.2349,1.933e-15,7.303e-14,cell
DNAJC18,-0.0776,0.9019,0.9261,cell
CD44,0.1701,0.003507,0.008784,cell
DMTN,0.081,0.01115,0.0239,cell
APP,-0.0661,0.2819,0.3704,cell
C17orf85,0.0838,0.000907,0.002697,cell
HHAT,-0.0531,0.6892,0.752,cell
RABL2B,0.0627,6.73e-08,5.961e-07,cell
ZSCAN30,0.1057,3.316e-05,0.0001515,cell
TUBB3,-0.0383,0.3654,0.4571,cell
EPDR1,0.0822,0.02184,0.0428,cell
KLHL32,0.0046,0.01498,0.03086,cell
ATG5,-0.0365,0.3539,0.4458,cell
C19orf44,0.032,0.002408,0.006359,cell
AARSD1,0.0004,0.8284,0.867,cell
GRIA3,0.0829,0.02159,0.04238,cell
GDAP1L1,-0.0239,0.5682,0.6479,cell
NT5C,0.0725,6.954e-05,0.0002884,cell
OS9,0.8646,5.108e-28,1.505e-25,cell
UBE2L3,-0.0099,0.539,0.6228,cell
ZNF768,0.0153,0.0005196,0.00168,cell
ANKHD1,0.0125,0.123,0.1863,cell
TBL1XR1,-0.0664,0.9185,0.9386,cell
NAT10,0.1885,1.619e-06,1.028e-05,cell
CCDC51,0.0179,0.1489,0.2179,cell
NLRX1,0.0394,0.0005547,0.001779,cell
IGFLR1,0.0175,0.1514,0.221,cell
DLG3,0.0783,7.556e-06,4.105e-05,cell
SYBU,-0.0847,0.7522,0.8058,cell
C9orf84,0.0359,1.59e-09,2.014e-08,cell
BCAR1,0.1211,7.758e-07,5.38e-06,cell
MBOAT1,-0.0141,5.082e-06,2.865e-05,cell
KIAA1644,0.1025,0.1234,0.1868,cell
SLC35G1,-0.0384,0.01274,0.02684,cell
SPG21,-0.0876,0.2244,0.3067,cell
MAP1LC3B2,-0.0465,0.02287,0.04455,cell
ATL2,-0.0083,0.1612,0.2327,cell
CCDC173,-0.007,0.4852,0.5751,cell
TBC1D31,0.0165,0.3169,0.4078,cell
CHL1,-0.1871,4.532e-14,1.351e-12,cell
ZNF611,-0.0034,0.7826,0.8315,cell
EPC2,0.0929,0.0003553,0.001204,cell
DNM3,0.0529,0.001997,0.005411,cell
WSB1,-0.901,5.726e-20,4.52e-18,cell
CCZ1,-0.007,0.9475,0.9607,cell
PYGO1,0.0287,0.03353,0.06168,cell
PTPN20B,-0.0083,0.03247,0.06005,cell
POLDIP2,0.3048,5.959e-07,4.246e-06,cell
STMN3,0.087,9.413e-09,1.016e-07,cell
SCCPDH,0.0432,0.3719,0.4637,cell
ANXA11,0.407,1.105e-08,1.175e-07,cell
CTSL,0.1064,0.3188,0.4097,cell
LRTOMT,0.0593,0.004271,0.01047,cell
NEK11,0.0312,0.001047,0.003055,cell
RASGRF1,0.0422,0.1305,0.1956,cell
HMGA1,-0.0195,0.3696,0.4612,cell
PHF13,-0.0319,0.4338,0.5256,cell
TAF1L,0.0159,0.006978,0.01593,cell
CACUL1,-0.001,0.637,0.7084,cell
EIF1AD,-0.0305,0.5964,0.6734,cell
DYNC1LI1,-0.1042,0.4809,0.5709,cell
COQ7,-0.0287,0.2361,0.32,cell
DLG2,0.3462,1.941e-14,6.115e-13,cell
VPS52##2,0.1053,0.001073,0.003121,cell
SLC11A2,0.1165,0.03221,0.05961,cell
ABLIM1,0.485,1.779e-12,4.189e-11,cell
ING1,-0.0416,0.5367,0.6208,cell
DBF4,0.0019,0.02971,0.05557,cell
SMPDL3A,-0.7177,4.906e-15,1.703e-13,cell
RNPS1,-0.0151,0.9938,0.9958,cell
HSF1,-0.0829,0.2551,0.3414,cell
DNAJC4,0.1373,1.378e-05,6.969e-05,cell
LIMK2,0.1182,0.0007607,0.00233,cell
IDH3A,0.1198,0.01404,0.02917,cell
TRIM28,-0.0377,0.4884,0.5779,cell
LMNA,0.647,6.266e-28,1.768e-25,cell
ANKRD36BP1,0.0097,0.6116,0.6869,cell
ARAP1,0.2774,1.515e-10,2.462e-09,cell
ZER1,0.118,4.459e-05,0.0001961,cell
FBXW2,0.0982,0.05569,0.09502,cell
FDXACB1,0.0491,0.04471,0.07894,cell
ICE2,0.0508,0.05191,0.08957,cell
CCDC127,-0.0204,0.3165,0.4073,cell
GLYCTK,0.0133,0.331,0.4222,cell
NPHP3,-0.075,0.2383,0.3222,cell
DNAJC19,-0.1845,0.002783,0.00721,cell
MAP2K3,0.1516,3.48e-05,0.0001582,cell
SFR1,-0.0103,0.07296,0.12,cell
FRA10AC1,-0.2136,0.001674,0.004621,cell
IP6K1,0.0977,0.006077,0.01416,cell
SNX33,0.0493,0.002649,0.006905,cell
LINC01535,0.0089,0.03116,0.05787,cell
C20orf96,-0.0151,0.5979,0.6746,cell
MAMDC2##1,0.0671,0.0001038,0.000412,cell
TMEM151A,0.0479,0.003889,0.009626,cell
EZH2,0.0039,0.2181,0.2995,cell
WDR31,0.0663,0.0004271,0.001417,cell
B3GNT7,0.0515,0.00188,0.005128,cell
ZNF549,-0.012,0.5304,0.6152,cell
SYT14,-0.0404,0.146,0.2144,cell
LRRC57,-0.0123,0.5374,0.6213,cell
PKP3,0.1817,8.626e-16,3.445e-14,cell
EFCAB11,-0.0258,0.7816,0.8308,cell
MRPL30,0.0164,0.02432,0.04696,cell
VTI1A,0.0572,0.02859,0.05381,cell
SENP8,-0.0022,0.4082,0.5,cell
CSNK1A1L,-0.0,0.3931,0.4847,cell
ATP2C1,-0.3206,0.0004601,0.001511,cell
SRSF2,-0.0933,0.6966,0.7581,cell
KCNAB2,0.1643,1.214e-16,5.628e-15,cell
ARHGEF26,-0.101,0.04884,0.08505,cell
FADD,0.0867,0.02159,0.04238,cell
PABPC4,-0.0589,0.7877,0.8356,cell
DNAH9,0.0317,3.903e-05,0.0001742,cell
CDC23,-0.0944,0.4498,0.5409,cell
TNFRSF10C,0.0235,0.3258,0.4169,cell
PTPRS,0.0443,0.1489,0.2179,cell
SOCS4,0.014,0.1881,0.265,cell
ASB16,0.086,1.011e-13,2.883e-12,cell
CBX6,0.2808,2.952e-08,2.845e-07,cell
SPSB3,0.0463,4.839e-05,0.0002107,cell
PFN4,0.029,0.04251,0.07552,cell
SGSM1,0.1786,4.427e-06,2.526e-05,cell
PURB,-0.008,0.03194,0.05918,cell
PSIP1,-0.2694,0.002426,0.006395,cell
SCAMP4,0.0053,0.862,0.8957,cell
PPP1R3F,0.0459,0.008321,0.01856,cell
OVCA2,0.0049,0.1819,0.2576,cell
FAM210B,0.1551,0.0009097,0.002703,cell
DTD1,0.0763,0.08254,0.1333,cell
B3GALNT1,-0.0615,0.7292,0.7867,cell
RPL7,-0.0052,0.2536,0.3396,cell
SNORD81,-0.0121,0.5113,0.598,cell
SNORD80,-0.0247,0.4221,0.5139,cell
SNORD79,-0.0193,0.2998,0.3896,cell
SNORD76,-0.0241,0.03784,0.06849,cell
ENOX1,0.0388,0.0102,0.02212,cell
CCDC12,-0.053,0.2135,0.294,cell
SORBS2,0.2672,2.821e-07,2.151e-06,cell
CTXN2,-0.0633,0.1631,0.2349,cell
P2RX5,0.0459,1.564e-05,7.78e-05,cell
CPEB3,0.0287,0.02208,0.04322,cell
TAX1BP3,-0.0048,0.1117,0.1715,cell
PET100,-0.0107,0.5711,0.6508,cell
STRBP,-0.1054,0.5344,0.6187,cell
NEDD4,0.0255,0.06536,0.1093,cell
RGS12,0.0243,0.02716,0.05164,cell
STMN1,-0.1509,0.2265,0.3092,cell
MEF2A,-0.2087,0.008531,0.01893,cell
LAMP1,0.0604,0.01044,0.02258,cell
KRT7,0.0032,0.009926,0.0216,cell
KLC1,-0.0709,0.4375,0.5292,cell
UBIAD1,0.0854,0.03407,0.06253,cell
PRRC2B,0.5279,8.914e-15,2.948e-13,cell
HSD11B1L,0.0481,0.0006136,0.001941,cell
WDR4,-0.0193,0.7068,0.7671,cell
ZNF839,0.1176,8.806e-09,9.556e-08,cell
PPP2R2B,-0.0018,0.02811,0.05308,cell
OSTC,-0.1586,0.02698,0.05135,cell
CASP8,0.0301,0.006327,0.01465,cell
SLC35F3,-0.0483,0.1416,0.2091,cell
WDR66,-0.0002,0.2418,0.326,cell
HNRNPK,0.3578,3.797e-06,2.209e-05,cell
TRIM7,-0.0313,0.3256,0.4168,cell
CFAP36,-0.0734,0.1574,0.228,cell
PITPNM3,0.0421,0.0001585,0.0005978,cell
ZNF93,0.0134,0.3285,0.4196,cell
LAS1L,0.1065,0.0005666,0.001812,cell
OTUD5,0.107,0.0001664,0.0006237,cell
BEX2,-0.0521,0.209,0.2888,cell
MAMLD1,0.0008,0.03449,0.06318,cell
SH3TC1,0.0917,1.648e-05,8.134e-05,cell
USP18,0.0173,0.04773,0.08341,cell
CCNJ,0.0263,0.01149,0.02453,cell
TRMT13,0.0086,0.126,0.1901,cell
DLL4,-0.0018,0.4073,0.4991,cell
DDX56,0.2617,1.332e-06,8.723e-06,cell
DNAJC10,0.3102,6.242e-06,3.446e-05,cell
TMEM237,-0.0131,0.5446,0.6279,cell
CREB1,0.0035,0.09802,0.1539,cell
APTX,0.0937,0.02354,0.04567,cell
TRPM4,0.0036,0.3266,0.4177,cell
CCDC107,-0.0131,0.3955,0.4873,cell
COX5A,-0.0988,0.04119,0.07359,cell
SPAG1,0.1122,1.36e-11,2.741e-10,cell
RAB9A,-0.1996,0.00212,0.005697,cell
RAB28,0.0329,0.0132,0.02763,cell
SP100,0.1158,4.32e-05,0.0001905,cell
TIGD1,-0.0217,0.2357,0.3196,cell
SP1,0.0449,0.1447,0.2128,cell
SNX1,0.0956,0.1202,0.1827,cell
AGO1,0.0465,0.07164,0.1182,cell
CIZ1,0.1152,1.238e-05,6.344e-05,cell
ARHGAP44,0.13,3.182e-05,0.0001463,cell
SUPT7L,-0.0387,0.554,0.636,cell
CD2AP,-0.0638,0.4171,0.509,cell
CDK20,0.1398,0.0002795,0.0009783,cell
SGSM2,0.4334,8.029e-21,7.343e-19,cell
COL4A1,0.0045,0.444,0.5355,cell
SRGAP3,0.1143,5.408e-06,3.032e-05,cell
RABGAP1,0.0616,0.03095,0.05756,cell
ARL2BP,0.0591,0.1611,0.2326,cell
SEC61B,0.0187,0.7903,0.8376,cell
DNAJB2,-0.0995,0.2294,0.3125,cell
PRDX5,0.0029,0.7059,0.7666,cell
RERE,0.329,8.003e-11,1.387e-09,cell
TECPR2,0.1554,2.195e-11,4.212e-10,cell
PRKAG1,0.1724,0.007405,0.01678,cell
ASB3,-0.0032,0.2318,0.3153,cell
ATF7,0.1207,0.01248,0.02636,cell
PLRG1,-0.1963,0.1883,0.2651,cell
ZNF821,0.0817,0.08605,0.138,cell
MCM3AP,0.2022,4.349e-10,6.254e-09,cell
HDAC1,0.1197,0.05357,0.09195,cell
SAC3D1,-0.0036,0.07797,0.1271,cell
TRA2A,-0.0933,0.2966,0.3861,cell
PDE4DIP,0.3191,3.277e-21,3.172e-19,cell
ERLIN2,-0.1134,0.1054,0.1636,cell
PHC2,0.2025,5.452e-06,3.054e-05,cell
NR2C1,0.0409,0.009693,0.02115,cell
TPT1,-0.4572,1.048e-22,1.274e-20,cell
TRIP6,0.0401,0.005015,0.01201,cell
DUSP8,-0.1031,0.007132,0.01624,cell
DUSP5,0.1056,0.0008089,0.002451,cell
TPR,0.132,0.0609,0.1027,cell
SS18L2,-0.1908,0.0103,0.02231,cell
RSL24D1,-0.5302,2.461e-16,1.07e-14,cell
WBP5,-0.1792,0.08358,0.1346,cell
PDS5B,-0.0091,0.3584,0.4503,cell
POP1,0.0235,0.2052,0.2844,cell
FRYL,0.2103,8.79e-06,4.702e-05,cell
GPN3,-0.2132,0.008401,0.01871,cell
IP6K2,-0.1738,0.04026,0.07217,cell
PCLO,0.5954,1.785e-12,4.197e-11,cell
NUDCD1,-0.0341,0.3627,0.4545,cell
UIMC1,0.1071,0.01508,0.03103,cell
TAOK3,0.1355,0.0006848,0.002131,cell
CNKSR2,0.1611,7.863e-09,8.645e-08,cell
SGK2,-0.011,0.5115,0.5981,cell
LGR4,0.0799,0.002944,0.00757,cell
MYNN,-0.0369,0.4741,0.5644,cell
H2AFY2,0.0203,0.08444,0.1358,cell
NOP10,-0.1333,0.003306,0.008355,cell
TNFRSF19,0.089,0.001029,0.003007,cell
XRCC4,-0.0278,0.1122,0.1721,cell
FEZ1,0.0047,0.5149,0.6012,cell
MRPS25,0.0583,0.0105,0.0227,cell
INF2,0.0651,0.0001502,0.0005707,cell
POLR1E,0.0745,0.02567,0.0492,cell
ATG3,0.0242,0.9478,0.9609,cell
MYD88,0.0359,0.2688,0.3564,cell
DDAH1,-0.1473,0.05187,0.08953,cell
KIRREL3,0.0914,7.182e-07,5.023e-06,cell
PHPT1,-0.036,0.1526,0.2224,cell
ADNP,0.1936,0.0005521,0.001772,cell
GIT1,0.0462,0.1076,0.1663,cell
ZBTB43,0.0048,0.1169,0.1785,cell
SLC35A2,-0.0065,0.4968,0.585,cell
GNB1,-0.1857,0.002279,0.006065,cell
XKR9,0.0263,0.003133,0.007976,cell
ZNF596,0.0668,0.006936,0.01586,cell
PTGES3,-0.8526,1.13e-23,1.684e-21,cell
NPL,0.0341,0.478,0.568,cell
BROX,-0.3407,0.0008085,0.002451,cell
TRMT10B,0.0656,0.0002521,0.0008958,cell
EXD3,0.0714,6.772e-08,5.994e-07,cell
PTTG1IP,0.0543,0.5724,0.6521,cell
NTMT1,-0.0255,0.7745,0.8247,cell
SPATA13,0.1432,1.9e-05,9.249e-05,cell
CENPU,0.0355,0.002008,0.005433,cell
CLYBL,0.0008,0.253,0.3389,cell
CBWD5,-0.0228,0.1001,0.1565,cell
ANKRD10,0.0901,0.04081,0.073,cell
UFM1,0.0286,0.2418,0.326,cell
CALML4,-0.0056,0.09468,0.1495,cell
ZDHHC20,-0.0722,0.6487,0.7185,cell
KCTD20,0.232,3.15e-08,3.014e-07,cell
TBC1D32,0.0747,2.945e-05,0.0001371,cell
SEPT7-AS1,0.0227,0.122,0.185,cell
SLC35F5,-0.0545,0.6408,0.7115,cell
C6orf201,0.0162,0.004703,0.01136,cell
CENPW,-0.0159,0.228,0.3109,cell
PARP11,-0.0164,0.3854,0.4771,cell
FAM214A,0.191,1.098e-06,7.346e-06,cell
NUP43,0.0705,0.002272,0.006051,cell
TMEM14B,-0.0266,0.7267,0.7845,cell
RNF217,-0.0138,0.8255,0.8651,cell
ZNF213,-0.0186,0.7407,0.7962,cell
PPIL6,-0.0227,0.125,0.1889,cell
MRS2,0.043,0.04567,0.08035,cell
C11orf98,-0.0041,0.6785,0.7432,cell
LYRM4,0.0521,0.02088,0.04118,cell
SLC25A44,0.1387,0.0002966,0.00103,cell
C12orf43,0.0305,0.5163,0.6023,cell
ULK3,0.1461,0.0001563,0.0005909,cell
MPZL3,0.0998,0.001988,0.005389,cell
TRIM62,0.0619,0.002099,0.005653,cell
VPS35,0.0247,0.8772,0.9073,cell
CRYZ,-0.8325,3.119e-15,1.133e-13,cell
SOX13,0.2184,1.45e-10,2.368e-09,cell
MRPS35,-0.1799,0.03718,0.06748,cell
ANAPC4,0.0258,0.007438,0.01684,cell
SLC43A1,0.044,0.005424,0.01285,cell
PLOD2,-1.3945,1.698e-28,5.361e-26,cell
MLF1,-0.0779,0.8339,0.8715,cell
GAPDH,-0.2431,0.003995,0.009867,cell
DOCK1,0.0605,0.008558,0.01898,cell
ANAPC11,0.0014,0.9594,0.9697,cell
RBM12,0.0763,0.02141,0.04209,cell
B3GALT6,-0.0372,0.491,0.5803,cell
PGAM5,0.0015,0.05493,0.09394,cell
TAF8,0.0526,7.143e-07,4.998e-06,cell
SLC38A10,0.5898,2.398e-23,3.347e-21,cell
POLR1B,0.1408,0.0003641,0.001232,cell
LOC284581,0.0494,2.587e-05,0.0001222,cell
DTNA,-0.0697,0.9857,0.9894,cell
EXOC7,0.2359,7.561e-13,1.881e-11,cell
C2CD3,0.1085,3.504e-05,0.0001589,cell
ZNF512,0.1487,0.0009129,0.00271,cell
USP44,0.0169,0.0004853,0.001581,cell
DICER1,0.2292,0.000105,0.0004164,cell
OBSCN,0.0644,9.786e-06,5.159e-05,cell
TPM3,-0.0409,0.477,0.5669,cell
SVIL-AS1,-0.1379,0.1594,0.2305,cell
SDHD,-0.2244,0.0002842,0.0009916,cell
DNAAF5,0.0141,0.04532,0.07988,cell
LZTFL1,0.0557,0.01537,0.03154,cell
SPHK1,-0.0084,0.9366,0.9529,cell
NCAM1,0.0969,0.001885,0.005137,cell
EIF6,-0.0543,0.8321,0.8701,cell
RPS3A,0.0215,0.6249,0.698,cell
NFKB2,-0.0065,0.6893,0.752,cell
IDH3B,0.2727,9.142e-05,0.0003682,cell
FAM217B,0.0304,0.03931,0.07073,cell
TROVE2,-0.1711,0.1577,0.2284,cell
AGAP9,0.0043,0.04004,0.07185,cell
DHX35,0.016,0.08348,0.1345,cell
IGF2,0.0008,0.4422,0.5337,cell
IGFBP3,-0.8659,1.346e-20,1.206e-18,cell
CLP1,-0.0472,0.9468,0.9601,cell
ZNF317,0.0838,0.03487,0.06375,cell
MAN2B1,0.2045,2.74e-14,8.49e-13,cell
SERPINB6,0.0086,0.8244,0.8646,cell
BCL2L13,0.1721,0.02469,0.04758,cell
SLC2A8,0.0669,0.000261,0.0009216,cell
ETF1,0.0243,0.4314,0.5231,cell
ARHGAP12,0.3162,1.056e-06,7.095e-06,cell
LOC148696,0.0652,1.209e-05,6.214e-05,cell
PACSIN2,0.0375,0.01972,0.0391,cell
WDR44,0.0622,0.002256,0.006014,cell
PIP5K1A,0.0639,0.01046,0.02262,cell
NME5,-0.0102,0.04326,0.07668,cell
PML,0.056,0.007238,0.01644,cell
PLCG1,0.0692,0.004264,0.01046,cell
HIST1H4E,-0.0052,0.2504,0.3359,cell
HTATIP2,0.2129,0.004845,0.01166,cell
CHERP,-0.013,0.1458,0.2142,cell
MEST,0.2031,0.0001717,0.0006406,cell
PDLIM5,-0.0782,0.6367,0.7083,cell
MAP7D3,0.1007,0.004013,0.009902,cell
SERTAD4-AS1,0.0511,1.386e-06,8.99e-06,cell
SERTAD4,0.0471,3.848e-06,2.234e-05,cell
PCID2,-0.0551,0.8927,0.9194,cell
RBM4B,0.0454,0.0328,0.06056,cell
RPP40,0.0213,0.0323,0.05976,cell
IFT22,0.1815,0.0005783,0.001847,cell
PIK3CA,0.0293,0.07161,0.1181,cell
SERPINE2,-0.1595,0.2199,0.3015,cell
PHYH,0.0034,0.3211,0.412,cell
PFKFB2,0.7076,1.642e-13,4.536e-12,cell
NDOR1,0.1075,3.019e-09,3.6e-08,cell
ROBO2,0.0813,0.01665,0.0338,cell
IKZF5,-0.0508,0.8647,0.8975,cell
CCDC120,0.0545,0.004068,0.01002,cell
PAF1,0.007,0.4493,0.5405,cell
ZNF195,-0.0821,0.4493,0.5405,cell
CHD1,0.1196,3.297e-05,0.0001507,cell
KCNK3,-0.0645,0.6759,0.7409,cell
RCC1,0.0475,0.01918,0.03816,cell
JAG2,0.0582,2.305e-06,1.417e-05,cell
DNMT1,0.1806,7.34e-10,1.001e-08,cell
PPP1R9A,0.2903,7.162e-10,9.841e-09,cell
ZMYND11,0.1071,0.02642,0.05045,cell
PDHX,-0.1225,0.6152,0.69,cell
LCORL,0.0892,0.001825,0.004998,cell
ABL2,0.0919,0.01359,0.02833,cell
LIG1,0.0463,0.00702,0.01602,cell
SCAF8,0.1365,0.0006296,0.001985,cell
RCAN1,0.0447,0.006691,0.01538,cell
THOC7,-0.2284,0.001884,0.005135,cell
HELLS,-0.0011,0.6495,0.7191,cell
TRIP10,-0.003,0.9746,0.981,cell
CBLL1,0.1612,5.701e-06,3.176e-05,cell
PIGG,-0.0043,0.1566,0.2272,cell
CCSER2,-0.1567,0.2676,0.3553,cell
STK33,-0.0323,0.04437,0.0784,cell
ZFYVE16,0.1292,1.003e-08,1.072e-07,cell
AMZ2,-0.0226,0.6952,0.7572,cell
SUMF1,0.1034,0.04031,0.07225,cell
SOX6,0.0142,0.3261,0.4172,cell
WDR1,-0.0966,0.3551,0.4471,cell
UBXN4,-0.0289,0.3414,0.4328,cell
DNTTIP2,-0.1801,0.05818,0.09876,cell
CADPS2,0.0612,7.476e-06,4.065e-05,cell
WDR60,0.1612,3.938e-09,4.588e-08,cell
ESYT2,-0.0235,0.3674,0.4591,cell
OSBP,0.2258,1.436e-05,7.225e-05,cell
SLC22A18,-0.0141,0.1401,0.2074,cell
AURKAPS1,0.0131,0.1613,0.2327,cell
DHRS4L2,0.0314,1.11e-05,5.755e-05,cell
LCA5,0.1175,0.0001767,0.000656,cell
MINOS1,-0.0448,0.2796,0.3679,cell
TTC13,0.1789,1.178e-08,1.247e-07,cell
ZNF268,0.0155,0.4102,0.5019,cell
MTF2,-0.0412,0.5535,0.6357,cell
MBD5,-0.014,0.09039,0.1438,cell
GDI2,-0.0949,0.05591,0.09534,cell
IFNAR1,-0.0195,0.4392,0.5309,cell
GCNT1,0.0366,0.2299,0.3132,cell
AFAP1,-0.032,0.3259,0.4169,cell
ACACA,0.2724,7.156e-09,7.94e-08,cell
GINS3,-0.0105,0.3382,0.4297,cell
TOMM40L,0.0217,0.2947,0.3841,cell
VTA1,-0.2335,0.00945,0.02071,cell
MAP7D1,0.0803,0.004575,0.01111,cell
MAPK3,0.0422,0.1178,0.1796,cell
ANKRD12,-0.1071,0.1384,0.2054,cell
DLC1,0.0016,0.6638,0.7308,cell
SYNPO2,-0.0126,0.5506,0.6332,cell
NAF1,-0.0263,0.4248,0.5165,cell
RPS27A,-0.1502,0.0001272,0.0004927,cell
TMEM243,0.0117,0.6862,0.7495,cell
NOL12,0.0541,0.01514,0.03113,cell
ADD3,-0.046,0.9787,0.9842,cell
MFSD11,0.2763,1.419e-07,1.17e-06,cell
PPDPF,-0.1571,2.739e-24,4.323e-22,cell
DHRS11##1,0.0577,0.0001644,0.0006176,cell
FAM222A,-0.1608,0.2716,0.3594,cell
ZNF587,0.0989,2.316e-06,1.421e-05,cell
LIMA1,0.1097,0.002328,0.006173,cell
DDX47,-0.0782,0.5828,0.6611,cell
HNF1A,0.0042,0.4033,0.495,cell
KLC2,0.4509,3.156e-26,7.094e-24,cell
ALDH4A1,0.0273,0.01602,0.03269,cell
RAP1GAP,0.1579,0.002522,0.006621,cell
AXIN1,-0.0073,0.1425,0.2102,cell
SERINC2,-0.1137,0.002204,0.005892,cell
ZNF607,0.0401,0.003906,0.009662,cell
CFAP57,0.0134,0.002298,0.006105,cell
SAMD3,0.2983,7.794e-18,4.343e-16,cell
MLH1,-0.0139,0.3526,0.4446,cell
HERC4,0.008,0.07289,0.1199,cell
DDX31,0.0645,0.05238,0.09021,cell
MRPL49,0.1204,0.02912,0.05462,cell
DHX30,0.3202,3.07e-09,3.657e-08,cell
OSBPL1A,0.0401,0.008159,0.01825,cell
IRAK2,0.0141,0.07709,0.1258,cell
C3orf52,0.0299,0.01656,0.03366,cell
CKMT1B,0.0256,0.004808,0.01158,cell
NFS1,0.2911,3.404e-08,3.213e-07,cell
SERINC3,-0.3939,7.511e-07,5.223e-06,cell
SECISBP2,0.0092,0.3207,0.4116,cell
FAM107B,-0.1205,0.4198,0.5118,cell
RAD17,-0.0232,0.1751,0.2493,cell
BRSK1,-0.0008,0.845,0.8812,cell
MITF,0.0008,0.03316,0.06113,cell
MSANTD4,-0.0311,0.3854,0.4771,cell
CLIP2,0.0055,0.08302,0.1339,cell
PCDH1,0.1325,1.99e-06,1.237e-05,cell
RNF122,0.0004,0.4977,0.586,cell
C15orf48,-0.0,0.8501,0.8854,cell
CYSTM1,-0.4996,5.695e-14,1.667e-12,cell
HOOK3,0.1228,0.005531,0.01308,cell
NHEJ1,0.0577,0.2278,0.3107,cell
CCDC102B,0.0018,0.4458,0.5373,cell
CRYBA2,0.1278,3.558e-05,0.0001612,cell
EFCAB2,0.0848,9.685e-05,0.0003883,cell
C2orf88,-0.0019,0.2997,0.3896,cell
TUBGCP5,0.1277,1.568e-05,7.789e-05,cell
NIFK,-0.1214,0.1923,0.2696,cell
ARFGAP2,0.2393,8.995e-06,4.792e-05,cell
PEAK1,0.0469,0.02455,0.04734,cell
RNF144B,0.031,0.009541,0.0209,cell
MT1M,-0.0395,0.0004628,0.001518,cell
PPA2,-0.1175,0.1255,0.1895,cell
UBAC2,0.0224,0.2056,0.2848,cell
SERBP1,-0.0957,0.3844,0.4762,cell
TBC1D15,-0.1399,0.3021,0.3919,cell
SNORA12,0.0075,0.008236,0.0184,cell
PSMG3-AS1,0.1039,1.032e-05,5.409e-05,cell
CSNK1A1P1,0.0038,0.7836,0.8323,cell
KDM2A,0.0283,0.09409,0.1488,cell
PLCH2,0.1587,5.304e-11,9.622e-10,cell
NMNAT1,0.1014,0.002876,0.007421,cell
LINC00662,-0.0635,0.7524,0.8059,cell
FLVCR1-AS1,0.02,0.009644,0.02107,cell
SAE1,0.0665,0.03813,0.06893,cell
SEPT7P9,0.0023,0.1363,0.2026,cell
ZNF484,0.0658,0.0003023,0.001047,cell
SRP19,0.0166,0.3618,0.4536,cell
HSD3B7,-0.0107,0.7469,0.8015,cell
ARSA,0.297,4.964e-22,5.308e-20,cell
IFI35,0.0339,0.07103,0.1174,cell
PLCL2,0.2143,7.98e-06,4.301e-05,cell
PHF14,0.0786,0.0003789,0.001275,cell
DENND2A,0.0148,0.6581,0.7259,cell
PPIP5K1,0.198,1.065e-07,9.053e-07,cell
MAFF,-0.1093,0.02829,0.05335,cell
NPAS1,0.0027,0.1417,0.2092,cell
NOVA1,0.0497,0.02839,0.05349,cell
PRPSAP1,0.0612,0.09383,0.1484,cell
NME2,-0.021,0.1938,0.2715,cell
AKR1B1,0.1237,0.02549,0.04892,cell
ALCAM,0.2326,0.03335,0.06142,cell
TIMM9,-0.1006,0.2834,0.3719,cell
CLDN18,0.0303,1.491e-07,1.226e-06,cell
EIF2AK1,0.2185,0.002038,0.005504,cell
ATG4D,-0.0446,0.6815,0.7455,cell
IGSF21,-0.0656,1.348e-06,8.785e-06,cell
FBXL20,-0.0024,0.1042,0.1619,cell
HMGN1,-0.3185,1.312e-14,4.213e-13,cell
ADCY3,0.0093,0.2122,0.2926,cell
CDK5R2,0.0181,0.005653,0.01333,cell
TOP3B,0.0039,0.02746,0.05213,cell
ACOX1,0.2955,4.543e-09,5.234e-08,cell
FUBP3,0.1099,4.546e-05,0.0001993,cell
RAB11FIP5,0.0602,0.06578,0.1099,cell
CAMSAP1,0.0225,0.01866,0.03727,cell
RLN2,0.0354,0.0008052,0.002442,cell
ST13,-0.4834,1.356e-18,8.434e-17,cell
MBD2,-0.0333,0.723,0.7812,cell
MBD4,-0.0507,0.8774,0.9075,cell
BEST1,-0.0224,0.2356,0.3195,cell
TANK,-0.0293,0.5003,0.5883,cell
OSTM1,0.0285,0.05262,0.09057,cell
STOML2,0.1816,0.0008248,0.002494,cell
IARS,-0.1219,0.2671,0.3548,cell
ELAC2,0.1942,0.0001236,0.0004805,cell
PHF8,0.1989,1.797e-05,8.802e-05,cell
EPB41L5,-0.1948,0.1378,0.2045,cell
PARN,0.3079,2.422e-10,3.717e-09,cell
LAD1,0.0173,0.5155,0.6015,cell
MCM2,0.0147,0.1493,0.2183,cell
NEB,0.036,0.0003396,0.001158,cell
SETMAR,0.0491,0.08385,0.135,cell
KIFC3,0.1268,4.519e-07,3.305e-06,cell
KARS,-0.2041,0.00878,0.01942,cell
PEX14,0.0089,0.09078,0.1443,cell
PARK2,0.0426,0.003038,0.007766,cell
INSIG1,0.0103,0.45,0.541,cell
KIF2A,0.0141,0.05416,0.09285,cell
P2RX2,0.0531,0.000528,0.001704,cell
TTLL5,0.0809,4.834e-05,0.0002106,cell
HDAC9,0.3658,1.503e-11,3.006e-10,cell
MMADHC,-0.3203,2.917e-05,0.0001359,cell
PNPLA8,0.0207,0.254,0.3401,cell
GEMIN4,0.0463,0.06084,0.1026,cell
P4HA1,-1.1056,3.013e-26,6.888e-24,cell
HMCES,0.0406,0.1924,0.2696,cell
PTK2,0.1563,0.001876,0.005121,cell
G0S2,0.0013,0.2629,0.3502,cell
GLTSCR1,0.0099,0.06433,0.1077,cell
RIMS2,0.2827,1.441e-09,1.841e-08,cell
BRPF3,0.115,0.0004089,0.001365,cell
CLINT1,0.0874,0.1289,0.1937,cell
LRRC14,0.1483,1.158e-10,1.933e-09,cell
ZNF777,-0.0067,0.7473,0.8019,cell
DEPDC5,0.148,4.58e-10,6.544e-09,cell
INTU,-0.0005,0.4989,0.5869,cell
RRP7A,0.0384,0.02313,0.04498,cell
ZNF670,-0.0865,0.1321,0.1975,cell
KIF13A,0.2867,9.053e-14,2.593e-12,cell
SMNDC1,-0.0607,0.9705,0.9778,cell
SAP18,-0.2795,1.171e-06,7.785e-06,cell
SIGMAR1,0.3267,3.635e-09,4.289e-08,cell
NET1,-0.3755,3.478e-08,3.273e-07,cell
STAG1,0.0429,0.02619,0.05005,cell
TXK,0.0128,0.001505,0.004207,cell
FAM208A,0.2159,3.8e-07,2.831e-06,cell
TBC1D24,0.0136,0.05701,0.09697,cell
EP300,0.0948,0.003784,0.009397,cell
CCND2,0.1397,0.03854,0.06951,cell
EIF2B1,-0.067,0.7937,0.8399,cell
NUPR1,0.0519,0.06585,0.11,cell
ETV7,0.0191,0.1041,0.1617,cell
ZNF568,0.0938,0.001906,0.005188,cell
PHACTR2,0.1065,0.01373,0.02859,cell
MTX3,-0.0108,0.1861,0.2626,cell
STK25,0.0056,0.6697,0.7351,cell
PCBD1,-0.2431,2.129e-06,1.317e-05,cell
GPI,0.2885,0.001597,0.004439,cell
DLD,-0.0776,0.6495,0.7191,cell
XIST,-0.0948,2.615e-05,0.0001233,cell
LINC00475,0.0131,0.01353,0.02821,cell
ARHGDIA,0.0277,0.1539,0.2239,cell
P4HTM,0.722,4.826e-20,3.879e-18,cell
TMEM132A,0.0705,0.0003123,0.001077,cell
GGT7,0.1556,2.05e-16,9.032e-15,cell
KCNE2,0.0218,0.009812,0.02138,cell
RAB39B,-0.1032,0.8374,0.8747,cell
PDE12,-0.0269,0.1523,0.2221,cell
LOC439994,0.0071,0.001221,0.003492,cell
ITGA10,0.0629,0.005952,0.01392,cell
MORC4,-0.0055,0.1691,0.2419,cell
TF,-0.1468,7.607e-05,0.0003115,cell
GLRB,-0.0261,0.4802,0.5702,cell
RAPGEFL1,0.0246,0.001357,0.003836,cell
CLTB,-0.0566,0.5328,0.6174,cell
GGCX,0.1451,0.000459,0.001509,cell
SPATA5L1,-0.0327,0.7488,0.803,cell
MXD3,0.0042,0.5261,0.6115,cell
FAM208B,0.1022,0.03614,0.06583,cell
NAT1,0.0308,0.0279,0.05278,cell
SEZ6,0.0932,0.001186,0.003407,cell
RNF169,0.0084,0.02056,0.04059,cell
ISCA2,0.0174,0.3139,0.4045,cell
STIM1,0.2419,3.448e-06,2.025e-05,cell
NRTN,0.0189,0.001348,0.003812,cell
PRKAB1,-0.0087,0.6842,0.7479,cell
ATXN3,0.073,0.005964,0.01394,cell
ZNF275,0.0526,0.1171,0.1787,cell
UQCR10,-0.2181,5.085e-06,2.865e-05,cell
NUDC,-0.258,0.0003552,0.001204,cell
HIVEP2,0.1194,0.02027,0.04007,cell
ZNF112,0.0284,0.1453,0.2136,cell
DPP7,0.5393,2.551e-25,4.966e-23,cell
ABT1,0.0203,0.2406,0.3248,cell
BNIP1,0.0258,0.05918,0.1002,cell
GABRB3,0.3329,1.164e-05,5.993e-05,cell
ARPC1A,-0.207,0.0004945,0.001608,cell
YAF2,-0.1002,0.1443,0.2124,cell
TRAF5,0.1115,0.0002617,0.0009231,cell
TTC21A,0.0987,2.32e-06,1.422e-05,cell
PANK4,0.1623,4.567e-10,6.54e-09,cell
YWHAZ,-0.3581,5.833e-09,6.577e-08,cell
SYNGR1,0.0008,0.3314,0.4226,cell
SEPT3,0.0835,0.07049,0.1166,cell
AP1B1,0.162,6.925e-06,3.791e-05,cell
MRPL24,0.2041,6.645e-09,7.404e-08,cell
TIGD2,0.0351,0.00883,0.01952,cell
ATXN2L,0.0927,0.0006034,0.001915,cell
HSF2,0.084,0.006287,0.01457,cell
HILPDA,-0.2783,4.341e-05,0.0001913,cell
FBXO11,0.0768,0.003707,0.009235,cell
BAG4,-0.0631,0.8273,0.8663,cell
JAM2,0.028,0.000156,0.0005904,cell
UEVLD,-0.0148,0.1756,0.25,cell
PKIB,-0.491,2.317e-08,2.289e-07,cell
ZNF678,-0.0411,0.6869,0.7501,cell
SYAP1,0.0692,0.01556,0.03187,cell
LOC100133091,0.0049,0.2564,0.343,cell
LOC389765,0.0244,0.009603,0.021,cell
FOSB,0.2506,1.402e-12,3.367e-11,cell
SRP72,0.0675,0.1572,0.2278,cell
TRIO,0.0675,0.223,0.3052,cell
SOX12,-0.0151,0.4935,0.5826,cell
ATE1,0.105,0.00046,0.001511,cell
KMT2B,0.04,0.0002452,0.000874,cell
ZNF787,-0.0065,0.2332,0.3169,cell
RAPGEF6,0.1705,3.496e-05,0.0001587,cell
DFNA5,0.0083,0.002118,0.005691,cell
GLRX5,-0.0351,0.9686,0.9766,cell
NEBL-AS1,-0.0094,0.2183,0.2997,cell
MAP2K4,-0.0955,0.1243,0.1881,cell
TOMM5,-0.0921,0.2177,0.299,cell
ZNF879,0.0258,0.09107,0.1447,cell
SPAG6,0.3061,6.431e-12,1.373e-10,cell
USP8,-0.0814,0.888,0.9157,cell
USP10,0.067,0.03119,0.05792,cell
NPEPPS,0.1115,0.01077,0.02318,cell
USP14,0.2267,0.001388,0.003918,cell
TBX19,0.0055,0.1828,0.2587,cell
ZSCAN9,-0.0964,0.03344,0.06155,cell
SEC11A,0.0934,0.3298,0.421,cell
TSSC4,0.0817,0.0002286,0.000823,cell
TTC39A,0.11,0.01439,0.0298,cell
PHLDB1,0.0819,1.088e-05,5.666e-05,cell
CEP68,0.0728,0.006459,0.01492,cell
PASK,0.1094,9.159e-10,1.233e-08,cell
DNAJC15,-0.0844,0.9279,0.9465,cell
PRELID1,-0.0521,0.03985,0.07155,cell
DROSHA,0.1537,7.077e-05,0.0002925,cell
TFDP2,0.059,0.001915,0.005209,cell
AMT,0.1137,0.0001025,0.0004077,cell
LINC01115##1,-0.0053,0.4763,0.5664,cell
MOCS1,0.0971,0.0001705,0.000637,cell
SMPD4,0.0611,0.01481,0.03056,cell
MIR29C,0.0177,0.0003761,0.001268,cell
ZNF667,-0.0107,0.1385,0.2054,cell
TTC3P1,0.0675,0.0002214,0.0007998,cell
ZFAND1,-0.1156,0.3284,0.4195,cell
ZNF436-AS1,0.0281,0.01009,0.02192,cell
ERMP1,0.0592,0.002224,0.005938,cell
GRSF1,0.1305,0.5792,0.6579,cell
CDKN1C,-0.0428,0.8645,0.8975,cell
ZFAND6,-0.112,0.195,0.2727,cell
PCDHA3,0.0032,0.7936,0.8399,cell
PCDHA2,0.016,0.4302,0.5219,cell
MIOS,-0.0016,0.1111,0.1708,cell
MAFG-AS1,0.0739,5.89e-12,1.268e-10,cell
RNF216P1,-0.0021,0.2362,0.3202,cell
LOC148413,0.0946,1.122e-05,5.801e-05,cell
ZMIZ1-AS1,-0.0089,0.946,0.9594,cell
LINC00094,0.003,0.3795,0.4714,cell
ANKRD36BP2,-0.0162,0.5612,0.6424,cell
LINC00667,-0.056,0.8063,0.8498,cell
POLE3,-0.03,0.51,0.597,cell
RBM12B-AS1,0.0009,0.6796,0.744,cell
PRORSD1P,-0.0031,0.1076,0.1664,cell
FLJ26850,0.0116,0.1335,0.1993,cell
PIP5K1P1,0.0022,0.5414,0.6251,cell
GNN,0.0181,0.002369,0.006266,cell
STX8,-0.0682,0.4943,0.5833,cell
SSTR5-AS1,0.5737,2.56e-33,1.697e-30,cell
SNHG17,-0.1141,0.2623,0.3497,cell
ZNF529,0.045,0.0008327,0.002512,cell
LOC654342,-0.002,0.7948,0.8407,cell
LOC728743,-0.0024,0.5423,0.6258,cell
LINC00847,-0.0517,0.8427,0.8791,cell
ERC1,0.2232,1.436e-06,9.251e-06,cell
NOP56,0.0891,0.1114,0.1711,cell
LINC01138,-0.0448,0.6014,0.6777,cell
LINC00893,0.032,0.001597,0.004439,cell
LINC00657,0.1417,0.0005378,0.001731,cell
MAN1B1-AS1,-0.0187,0.9872,0.9905,cell
LOC100272217,0.0767,0.008355,0.01863,cell
ARRDC3-AS1,0.0115,0.008227,0.01838,cell
ADAM9##1,-0.1847,0.04506,0.0795,cell
LINC00910,0.0323,0.005159,0.01231,cell
TMPO-AS1,0.0025,0.5636,0.6442,cell
RAB13,-0.0152,0.6678,0.7337,cell
NVL,0.0773,0.0007317,0.002255,cell
RAB4A,-0.3876,2.699e-06,1.629e-05,cell
MOK,0.0286,0.006845,0.01568,cell
ZNF142,0.1201,3.616e-05,0.0001635,cell
CEP76,-0.0082,0.9365,0.9529,cell
SNX22,0.1065,1.047e-07,8.931e-07,cell
VPS51,0.3015,6.543e-12,1.393e-10,cell
PIK3R2,-0.0258,0.5337,0.6181,cell
RGS7BP,0.0439,1.497e-05,7.486e-05,cell
KHDRBS1,-0.2314,0.004931,0.01184,cell
PLEKHH3,0.0173,0.0177,0.03561,cell
ZNF138,-0.1066,0.7006,0.7617,cell
SZRD1,0.1834,0.0001727,0.0006435,cell
TNFSF13,0.0111,0.1294,0.1943,cell
HINT1,-0.0341,0.07801,0.1272,cell
NHLRC3,-0.0225,0.4005,0.4925,cell
KLF7,-0.2105,0.0006194,0.001956,cell
PTK7,0.0263,0.09478,0.1497,cell
ITGA2,0.016,0.0672,0.1119,cell
JPH3,0.1636,2.846e-10,4.273e-09,cell
HPS4,0.2227,1.572e-06,1.003e-05,cell
SERAC1,0.0906,0.008476,0.01884,cell
LRRC6,0.0561,0.001815,0.004973,cell
TYSND1,0.0968,0.004467,0.01088,cell
ATG12,0.0453,0.01626,0.03313,cell
QARS,0.2337,8.573e-06,4.593e-05,cell
DCAF7,0.1186,0.03018,0.05634,cell
CDK2AP2,0.2539,1.371e-07,1.135e-06,cell
UCHL1-AS1,0.0119,0.4397,0.5314,cell
LYST,0.3212,8.232e-09,8.998e-08,cell
TARS2,0.2452,2.099e-10,3.282e-09,cell
FAM92A1,0.121,2.966e-06,1.767e-05,cell
NUDCD2,0.0378,0.05318,0.09137,cell
VCL,-0.0717,0.7107,0.7707,cell
MRPL10,-0.0672,0.6651,0.7316,cell
TMEM170A,-0.0569,0.8063,0.8498,cell
UBALD1,0.0035,0.2412,0.3254,cell
IFI27L1,-0.0061,0.1376,0.2044,cell
FAN1,0.1887,5.493e-10,7.765e-09,cell
TNIK,0.0293,0.1267,0.1909,cell
NOC4L,0.0355,0.04152,0.07404,cell
ZNF462,0.2276,2.45e-10,3.752e-09,cell
ZNF552,0.0746,1.597e-06,1.016e-05,cell
TLE6,0.0137,0.04308,0.07641,cell
INIP,-0.0844,0.8955,0.9216,cell
ZNF71,0.0153,0.3975,0.4894,cell
RN7SK,-0.0131,0.01703,0.03446,cell
FAM71F2,0.0317,0.06108,0.1029,cell
PCTP,-0.008,0.4742,0.5645,cell
SLTM,0.2098,0.005357,0.01271,cell
PTCD2,0.024,0.3366,0.4282,cell
SLC4A5,0.0746,0.001994,0.005406,cell
MALAT1,0.4749,2.618e-16,1.131e-14,cell
TPT1-AS1,0.002,0.2478,0.3329,cell
BCL6,-0.0091,0.7154,0.7746,cell
PMS1,0.0316,0.005444,0.0129,cell
REXO4,0.0169,0.1291,0.194,cell
APBB1,0.3783,3.22e-10,4.761e-09,cell
EML3,0.1239,4.738e-09,5.438e-08,cell
ENG,0.0065,0.9367,0.9529,cell
NDRG4,0.6864,2.064e-19,1.504e-17,cell
BCL11A,-0.0181,0.08775,0.1403,cell
RNF32,-0.0507,0.4891,0.5785,cell
C11orf84,0.0035,0.003511,0.008792,cell
TRMT1L,0.189,3.207e-05,0.0001471,cell
B3GALT5,0.0121,0.04223,0.07511,cell
ZNF658,0.0392,1.109e-05,5.755e-05,cell
TAMM41,0.1238,5.875e-05,0.0002493,cell
FAM53B,0.122,1.532e-11,3.054e-10,cell
ARFGEF1,0.151,5.002e-05,0.0002171,cell
RFC2,0.0086,0.3018,0.3918,cell
MAP3K10,0.0041,0.09327,0.1477,cell
MVK,0.1091,1.417e-05,7.149e-05,cell
L1CAM,-0.0005,0.2817,0.3703,cell
SAMD12,0.1115,5.589e-05,0.0002388,cell
SENP7,-0.3063,2.086e-17,1.102e-15,cell
LIG4,0.1712,4.668e-07,3.4e-06,cell
FUT2,0.0107,0.6487,0.7185,cell
TBL1X,0.1339,0.006078,0.01416,cell
XPO6,-0.0151,0.1858,0.2622,cell
BCOR,0.2217,4.892e-05,0.0002128,cell
PARK7,0.2517,0.0001132,0.0004454,cell
GPX1,-0.0104,0.5628,0.6436,cell
TMBIM4,-0.5663,4.001e-16,1.684e-14,cell
EXOSC1,0.0128,0.3434,0.435,cell
PELO,0.1256,0.01685,0.03413,cell
EXOSC3,-0.0052,0.6878,0.751,cell
PLEKHG6,0.0346,0.04285,0.07606,cell
OGDHL,0.1006,0.05142,0.08887,cell
CRTC3,0.1017,0.01002,0.02177,cell
CACNA2D1,0.1146,0.002141,0.005749,cell
PPP2R1B,0.0743,0.03335,0.06142,cell
TSPAN3,0.525,1.064e-10,1.788e-09,cell
TRIP12,0.2269,2.991e-05,0.0001389,cell
NDC1,0.1056,0.002365,0.006256,cell
ASB9,0.0283,0.3702,0.4619,cell
EIF2B3,0.3657,1.383e-07,1.143e-06,cell
MAP7D2,0.174,1.63e-10,2.629e-09,cell
CD47,0.0749,0.3327,0.4239,cell
PSMB6,0.3419,1.915e-07,1.531e-06,cell
MCM3,0.183,4.061e-06,2.343e-05,cell
CFC1,-0.0313,0.0006548,0.002051,cell
FAM73A,-0.128,0.4331,0.5249,cell
GRAMD3,-0.3406,7.722e-06,4.184e-05,cell
RAB35,0.029,0.003742,0.009306,cell
TMED1,0.0262,0.7482,0.8026,cell
GLIPR1,-0.0351,0.5153,0.6014,cell
SHF,0.0043,0.3768,0.4687,cell
SEMA4F,0.1775,5.485e-05,0.0002349,cell
NRG2,-0.0014,0.3032,0.3931,cell
SKP1,-0.2733,7.971e-09,8.743e-08,cell
FERMT2,-0.1568,0.3007,0.3905,cell
UQCR11,0.01,0.9866,0.9901,cell
YWHAQ,-0.0554,0.06539,0.1093,cell
CKAP4,0.1568,0.001042,0.003043,cell
PKIA,-0.1119,0.4423,0.5338,cell
STIP1,-0.2707,0.02432,0.04696,cell
MLLT11,0.2197,2.447e-05,0.000116,cell
ERP29,0.4581,7.101e-08,6.278e-07,cell
PSMF1,-0.1095,0.05074,0.08785,cell
TOMM34,-0.0998,0.279,0.3674,cell
EHD1,0.0803,1.09e-06,7.301e-06,cell
MARCH8,-0.065,0.5754,0.6546,cell
MAPT##2,-0.029,0.6098,0.6854,cell
ARID1A,0.1442,0.0001684,0.0006303,cell
MIR21,0.0032,0.3875,0.4793,cell
MIR421,0.0088,0.0004029,0.001347,cell
LINC00948,0.0116,0.1816,0.2573,cell
PAXIP1-AS2,0.0175,0.01405,0.02918,cell
IMPDH1,0.0182,0.1796,0.255,cell
STIM2,0.0909,2.702e-05,0.0001271,cell
ZNF664,0.2166,1.111e-06,7.415e-06,cell
TMEM135,-0.107,0.8837,0.9122,cell
CNDP2,0.2396,1.735e-05,8.538e-05,cell
AMPH,0.0487,0.2998,0.3896,cell
IGLL3P,0.0031,0.02675,0.051,cell
TMEM150A,0.077,0.003029,0.007743,cell
EIF4E3,0.1635,3.017e-06,1.794e-05,cell
SYT14P1,-0.0029,0.4467,0.538,cell
SARNP,-0.1205,0.04255,0.07557,cell
RPL13AP6,-0.0022,0.2919,0.3811,cell
FAM134C,0.087,0.04287,0.07609,cell
ZNF487,0.0154,0.07244,0.1192,cell
PLCD1,0.0175,0.008822,0.01951,cell
LOC100268168,0.0075,0.6922,0.7548,cell
RPS2P32,0.0085,0.1265,0.1907,cell
RPS10P7,0.0066,0.1042,0.1618,cell
GLIS3-AS1,0.0375,0.0007235,0.002233,cell
RPL19P12,0.0021,0.81,0.8529,cell
DGCR10,0.0174,0.02507,0.04819,cell
C6orf52,0.033,0.0003022,0.001047,cell
PSMB2,0.0551,0.7399,0.7957,cell
PPIE,0.0476,0.1882,0.2651,cell
ACAA2,-0.0163,0.7409,0.7962,cell
TSNAX,-0.0555,0.8854,0.9136,cell
PIP4K2A,0.005,0.1538,0.2238,cell
CD2BP2,0.1226,0.0005742,0.001835,cell
C21orf2,0.1804,1.375e-10,2.264e-09,cell
KRAS,-0.1144,0.1494,0.2185,cell
XBP1,-0.4805,2.278e-10,3.537e-09,cell
LUC7L3,-0.1507,0.09737,0.1531,cell
VPS72,0.0431,0.2712,0.3589,cell
SERPINI1,0.2861,2.33e-08,2.298e-07,cell
DDX3X,-0.3696,5.624e-06,3.139e-05,cell
DHX38,0.172,1.348e-06,8.785e-06,cell
PFN1,-0.178,1.36e-06,8.841e-06,cell
IDE,0.1447,6.148e-06,3.401e-05,cell
KRIT1,0.099,0.01313,0.02753,cell
STOML1,0.0457,0.007812,0.01757,cell
FUCA2,0.7775,9.923e-20,7.74e-18,cell
MRPS24,-0.0077,0.002771,0.007184,cell
REPS1,-0.1043,0.9671,0.9756,cell
ATAD3B,0.0687,8.265e-12,1.737e-10,cell
HDAC10,0.0156,0.09267,0.1469,cell
ARMCX5,-0.1224,0.6259,0.6988,cell
EGLN2,-0.0006,0.3517,0.4437,cell
IFFO1,0.1672,6.076e-10,8.498e-09,cell
SRXN1,-0.1003,0.8324,0.8702,cell
ZNF628,-0.005,0.4032,0.4949,cell
GTF2I,0.0812,0.0004554,0.001499,cell
PNPT1,0.0895,0.00302,0.007727,cell
HENMT1,0.0945,3.788e-05,0.00017,cell
TACC2,0.1712,2.487e-11,4.752e-10,cell
UBE2A,-0.0727,0.649,0.7187,cell
FUT8,-0.0293,0.7222,0.7804,cell
PLA2G6,0.1177,5.402e-11,9.759e-10,cell
ANXA9,0.023,0.002015,0.00545,cell
FKBP2,0.3672,4.339e-15,1.53e-13,cell
TXN,0.0155,0.6968,0.7582,cell
TXNRD1,0.2795,0.006077,0.01416,cell
FGL1,-0.0399,0.3631,0.4549,cell
RBBP4,0.2136,0.0008583,0.002575,cell
TAGLN2,-0.234,0.001085,0.00315,cell
FAM66C,0.0108,0.3665,0.4582,cell
ZNF37BP,0.13,3.719e-09,4.38e-08,cell
GLG1,0.5253,1.871e-11,3.654e-10,cell
HCG11,-0.0186,0.3668,0.4584,cell
URB1-AS1,0.0665,0.006627,0.01526,cell
TRIB2,-0.0161,0.4053,0.497,cell
RAB11B-AS1,0.0233,0.008391,0.01869,cell
HNRNPU-AS1,-0.1569,0.003384,0.008522,cell
LINC00263,0.2836,0.003114,0.007937,cell
OIP5-AS1,-0.0133,0.6894,0.7521,cell
ZNRD1-AS1##7,-0.005,0.09759,0.1533,cell
LMCD1-AS1,0.0395,0.003704,0.00923,cell
EFCAB5,0.0165,0.005538,0.01309,cell
ELN,0.0161,3.12e-05,0.0001439,cell
ATP5J,-0.1434,0.001006,0.002949,cell
NPTXR,0.0724,0.0004338,0.001437,cell
SEC61G,-0.1142,0.01147,0.02451,cell
SKIV2L,0.1603,1.486e-08,1.539e-07,cell
ITGB3BP,-0.2684,7.508e-09,8.276e-08,cell
NOMO1,0.1529,5.374e-14,1.594e-12,cell
BMS1P4,0.0176,0.008783,0.01943,cell
ACD,0.0334,0.06045,0.1021,cell
AMIGO1,0.004,0.2378,0.3217,cell
MTA3,0.083,0.01404,0.02917,cell
ARID1B,0.2426,8.163e-09,8.936e-08,cell
ODF2L,-0.0403,0.05465,0.09358,cell
NLN,0.0051,0.2365,0.3204,cell
KRI1,0.0568,0.003341,0.008424,cell
USP31,0.1249,6.925e-05,0.0002873,cell
ZNF503,0.0071,0.008081,0.01809,cell
GRAMD1B,0.0374,0.03213,0.05949,cell
GATAD2B,-0.0247,0.708,0.7682,cell
LRRC47,0.1419,0.0001041,0.0004131,cell
SLC12A5,0.0438,0.02772,0.05249,cell
ABAT,0.4136,3.173e-17,1.618e-15,cell
RAB22A,-0.2654,0.005562,0.01315,cell
CASD1,0.0668,1.564e-05,7.78e-05,cell
TMEM27,-0.3493,2.998e-09,3.578e-08,cell
GJD2,-0.0482,0.05674,0.09659,cell
ABCB9,0.0533,1.422e-05,7.167e-05,cell
AKIP1,0.0457,0.123,0.1863,cell
RIPK4,-0.0611,0.4456,0.5371,cell
ZNF503-AS2,0.0004,0.5192,0.6052,cell
SRP14,-0.0622,0.01912,0.03807,cell
SRP54,-0.0307,0.7293,0.7868,cell
SRM,0.0807,1.555e-05,7.745e-05,cell
ITGAV,0.2609,1.107e-06,7.392e-06,cell
ITGAE,0.1159,1.244e-05,6.371e-05,cell
SLC6A8,0.026,0.0006455,0.002026,cell
BST1,0.0374,3.597e-05,0.0001627,cell
ACO1,0.1479,0.0001474,0.0005618,cell
ITGA9,-0.0003,0.5485,0.6316,cell
DLG5-AS1,0.0203,0.001284,0.003653,cell
KNSTRN,-0.0558,0.4204,0.5124,cell
MYL12B,-0.0025,0.6607,0.7283,cell
LIMK1,0.0159,0.4734,0.5638,cell
TSPAN17,0.1508,4.934e-09,5.64e-08,cell
FLAD1,0.0685,0.08868,0.1415,cell
GRPEL1,0.0459,0.07946,0.1291,cell
SLC25A34,0.1563,0.0002532,0.0008986,cell
FAM214B,0.0448,0.008478,0.01884,cell
SPPL2A,-0.0465,0.943,0.9571,cell
CEP63,0.0762,0.02157,0.04235,cell
RELT,-0.0029,0.7417,0.7968,cell
ACVR1,-0.191,0.04201,0.07475,cell
C7orf25,0.1334,0.002152,0.005771,cell
RHD,-0.0028,0.5985,0.6751,cell
MDK,-0.0287,0.3591,0.4509,cell
FAM104A,-0.1529,0.1894,0.2664,cell
TMEM254,0.0311,0.2699,0.3576,cell
ATPAF1,-0.0357,0.3413,0.4328,cell
C6orf106,0.1796,0.0006079,0.001927,cell
PHF1,0.0148,0.4117,0.5034,cell
AHI1,0.2603,0.0002322,0.0008339,cell
ZNF248,0.2078,4.558e-10,6.54e-09,cell
TBC1D2,-0.0047,0.6136,0.6887,cell
RAB29,0.1351,0.0003498,0.001187,cell
CREB3L4,0.0557,0.003765,0.009354,cell
FAM129B,-0.0307,0.58,0.6586,cell
AIDA,-0.0169,0.9819,0.9866,cell
FAM213A,0.0444,0.7157,0.7748,cell
HNF4A,0.0027,0.4884,0.5779,cell
C14orf132,0.8606,6.8e-25,1.187e-22,cell
CKAP2,0.0466,0.0003266,0.00112,cell
CXorf40A,-0.0055,0.5001,0.5882,cell
MID2,-0.0155,0.127,0.1913,cell
MGAT4A,-0.1051,0.5611,0.6424,cell
MLYCD,-0.0036,0.4512,0.5422,cell
PTGR1,0.0398,0.06659,0.111,cell
HARS2,0.0264,0.1337,0.1995,cell
RBM34,-0.1539,0.04972,0.08633,cell
HABP4,0.066,0.02007,0.03976,cell
ADNP2,0.0288,0.09894,0.155,cell
FZD4,-0.0131,0.467,0.5579,cell
GRHPR,0.012,0.4352,0.5269,cell
KDM1A,0.09,0.03977,0.07144,cell
ZNF507,-0.0105,0.03725,0.06759,cell
ECE2,0.0946,6.15e-08,5.477e-07,cell
SIRT5,0.0895,0.0002258,0.000814,cell
ZNF844,-0.0081,0.4018,0.4935,cell
FHL1,0.4865,4.053e-10,5.88e-09,cell
GLRX,0.0158,0.04323,0.07664,cell
UCN,-0.0064,0.5894,0.667,cell
GM2A,0.3456,4.386e-14,1.31e-12,cell
ZNF605,0.1456,3.052e-06,1.813e-05,cell
CDK17,-0.0081,0.1794,0.2548,cell
CDK16,0.0625,0.04542,0.08001,cell
HMOX1,0.0368,0.02024,0.04004,cell
PFN2,0.6625,2.168e-10,3.378e-09,cell
UBXN1,-0.1453,0.01503,0.03094,cell
CEP104,0.0787,0.0004406,0.001457,cell
ADAMTSL2,0.4442,2.708e-19,1.9e-17,cell
ALDH16A1,0.1168,5.785e-08,5.19e-07,cell
FANCC,0.0417,0.3535,0.4454,cell
ARNTL,-0.2664,2.316e-06,1.421e-05,cell
RUVBL1,0.2715,9.941e-12,2.056e-10,cell
CASK,-0.0404,0.2046,0.2837,cell
LINC00865,-0.0006,0.1194,0.1817,cell
ZBTB21,0.0341,0.04849,0.08453,cell
ATXN7L1,0.0532,0.003242,0.008219,cell
RNF150,0.0605,0.03312,0.06106,cell
PHYKPL,0.083,4.711e-07,3.427e-06,cell
ZSCAN32,0.0322,0.1596,0.2308,cell
AAED1,-0.0289,0.4879,0.5775,cell
C4orf48,0.0177,0.203,0.2819,cell
DAP,0.2496,0.001654,0.004572,cell
PRKRA,-0.1655,0.1952,0.2729,cell
USB1,0.0959,0.005222,0.01244,cell
TRIQK,-0.2125,0.1068,0.1653,cell
C3orf18,0.0409,0.07855,0.1279,cell
TUBGCP3,-0.0156,0.4371,0.5288,cell
MBD3,0.1311,1.32e-14,4.227e-13,cell
SMAP1,-0.3474,0.000116,0.0004544,cell
KIAA1586,-0.077,0.7114,0.7712,cell
ABR,0.5341,1.138e-16,5.312e-15,cell
HMOX2,0.1691,0.0001893,0.0006969,cell
FAM120B##1,0.1923,2.921e-05,0.000136,cell
NPHP1,0.0559,0.005153,0.0123,cell
HPS1,0.0881,0.0151,0.03106,cell
IDUA,0.0486,7.322e-09,8.084e-08,cell
SMAD5,-0.0473,0.4368,0.5286,cell
EIF2S1,-0.2087,0.08495,0.1364,cell
FASN,0.1221,1.224e-06,8.09e-06,cell
ANXA3,0.0236,0.2013,0.2801,cell
HNRNPM,0.5155,2.029e-14,6.375e-13,cell
PTK2B,0.1055,2.19e-05,0.0001049,cell
PPP4R1,0.1618,8.492e-06,4.551e-05,cell
RCE1,-0.0159,0.8263,0.8655,cell
REC8,0.0469,0.03337,0.06144,cell
THOC1,-0.0154,0.2283,0.3112,cell
WDR75,-0.0404,0.299,0.3888,cell
NR1D2,-0.0782,0.1834,0.2594,cell
DACH1,0.1209,1.69e-08,1.725e-07,cell
KLF4,0.0451,0.02505,0.04816,cell
DUSP3,-0.0325,0.6506,0.7202,cell
RILPL2,0.0223,0.1004,0.1569,cell
MED13,0.0971,0.0008673,0.002597,cell
ZNF117,0.0221,0.1612,0.2327,cell
CTTN,0.466,8.301e-15,2.759e-13,cell
TSC22D3,0.0153,0.2237,0.306,cell
KIAA1211,0.0788,0.0001965,0.0007207,cell
SHROOM3,0.1105,6.069e-10,8.498e-09,cell
SH3RF1,-0.0168,0.938,0.9538,cell
SLC7A14,-0.1213,0.0002648,0.0009324,cell
UVSSA,0.1128,1.441e-08,1.5e-07,cell
ZNF8,0.0391,0.02037,0.04025,cell
ABHD11,-0.0344,0.4322,0.5239,cell
KDM6A,-0.0739,0.7371,0.7933,cell
UGGT1,0.2912,7.687e-11,1.336e-09,cell
PPP1R37,-0.0093,0.1266,0.1908,cell
WRNIP1,-0.0377,0.6952,0.7572,cell
POPDC2,0.011,0.2113,0.2916,cell
SNX16,-0.0073,0.1239,0.1875,cell
EID2B,0.0077,0.0621,0.1044,cell
PBLD,-0.0466,0.3852,0.477,cell
OLFM2,0.1152,1.955e-08,1.961e-07,cell
RBKS,0.0164,0.0147,0.03037,cell
SPHK2,0.0671,4.626e-07,3.374e-06,cell
AIFM1,0.2436,2.115e-07,1.673e-06,cell
SGMS1,0.0345,0.09796,0.1538,cell
NFX1,0.1849,0.00118,0.003391,cell
CTBP1-AS,0.0137,0.02876,0.05404,cell
LOC100506142,0.0059,0.2972,0.3867,cell
MARVELD1,0.1064,1.336e-06,8.732e-06,cell
C1orf116,0.1398,0.006465,0.01493,cell
SPIRE1,-0.1523,0.8289,0.8674,cell
MDM2,-0.1079,0.8305,0.8686,cell
PDLIM3,-0.0292,0.08244,0.1332,cell
POLR3E,0.071,2.459e-05,0.0001165,cell
R3HCC1L,0.0082,0.201,0.2797,cell
WDR27,0.047,2.593e-05,0.0001224,cell
DDC,0.0325,0.02888,0.05424,cell
CDC16,0.0333,0.1274,0.1918,cell
FAM115A,0.0081,0.04235,0.0753,cell
SLK,-0.0085,0.3588,0.4508,cell
CLSTN3,0.1944,6.091e-21,5.648e-19,cell
UBXN2A,-0.0323,0.5217,0.6078,cell
GRASP,-0.0064,0.05273,0.09072,cell
FAM133A,-0.0089,0.3191,0.4099,cell
BCDIN3D,0.0862,0.002006,0.00543,cell
WARS,-0.1173,0.1301,0.1952,cell
SCAI,0.0289,0.08902,0.142,cell
DNAJC24,-0.1142,0.4811,0.571,cell
TP53BP1,0.3954,2.914e-09,3.493e-08,cell
LEMD2,0.1441,1.179e-09,1.541e-08,cell
CACNA1A,0.0733,1.694e-10,2.719e-09,cell
POLR2H,-0.0903,0.4595,0.5499,cell
STAU2,0.0903,0.004362,0.01066,cell
ANKRD50,-0.0625,0.107,0.1657,cell
ATP5SL,0.0461,0.2722,0.3601,cell
NOP14,0.0602,0.01855,0.03708,cell
ZNF506,0.0122,0.03753,0.06803,cell
KIF16B,0.1947,1.252e-08,1.315e-07,cell
MAP4K2,0.0555,0.0003968,0.001328,cell
RAB27A,-0.0514,0.7339,0.7909,cell
PSPH,-0.0046,0.3778,0.4697,cell
PKP2,0.0549,0.01441,0.02984,cell
ZNF354A,-0.0462,0.03855,0.06952,cell
FAM118A,0.1318,9.09e-06,4.837e-05,cell
TAPBPL,0.0902,5.044e-05,0.0002185,cell
MAGI1,0.1498,3.074e-11,5.773e-10,cell
TRMT61B,0.0286,0.1314,0.1967,cell
RBM23,0.0778,0.1409,0.2083,cell
RNF114,-0.1735,0.03825,0.0691,cell
GID8,0.0417,0.1802,0.2557,cell
DHRS7B,0.0901,0.01217,0.02578,cell
MMACHC,0.0027,0.002601,0.006795,cell
DDX27,-0.0028,0.1134,0.1738,cell
TMCO3,-0.3359,5.914e-05,0.0002507,cell
TTC22,0.0142,0.001075,0.003124,cell
TXNL4B,0.0452,0.06941,0.1151,cell
SH2B1,0.0679,1.576e-06,1.006e-05,cell
PNISR,0.1786,0.002497,0.006559,cell
PRPF40A,0.05,0.2796,0.368,cell
OXR1,0.1406,1.58e-07,1.29e-06,cell
C1orf159,0.0349,0.01371,0.02858,cell
TMEM30B,-0.187,0.09336,0.1478,cell
ATP11C,-0.0249,0.1907,0.2679,cell
KANK2,0.0449,0.0008737,0.00261,cell
SEC31B,0.0505,0.006417,0.01483,cell
C2CD2,0.0256,0.02367,0.04591,cell
AURKAIP1,0.0071,0.3517,0.4437,cell
KBTBD2,-0.1323,0.1005,0.1571,cell
ZMYND12,0.0012,0.08055,0.1307,cell
TMEM117,-0.0112,0.1429,0.2105,cell
TEFM,0.0012,0.8605,0.8945,cell
TBC1D17,0.1115,6.706e-05,0.0002796,cell
MEX3B,-0.0534,0.5098,0.5969,cell
PLXNA1,0.0307,0.1988,0.2771,cell
NARS2,0.1803,8.463e-05,0.000343,cell
MSANTD2,0.0541,0.001073,0.003121,cell
VPS37B,0.0453,0.04694,0.08224,cell
SETD3,-0.0138,0.5691,0.6487,cell
PPCS,-0.1583,0.165,0.2371,cell
METTL25,-0.0099,0.1046,0.1624,cell
IPO4,0.0878,0.0003358,0.001147,cell
TRIOBP,0.0373,0.002987,0.007659,cell
DYRK1A,0.0342,0.01263,0.02663,cell
HSPBAP1,0.0106,0.1324,0.1979,cell
CHD6,0.1353,0.0007958,0.002419,cell
ACAD11,0.0122,0.05154,0.08902,cell
ANKRD17,0.3656,2.429e-06,1.482e-05,cell
LOXL4,0.0511,0.0006683,0.002086,cell
C1orf54,-0.0245,0.6806,0.7448,cell
ZC2HC1C,0.02,0.1355,0.2016,cell
SON,0.3032,1.656e-05,8.173e-05,cell
ASCC2,0.0312,0.1334,0.1992,cell
SLC12A8,0.0129,0.4259,0.5177,cell
ZFYVE19,0.0567,0.04696,0.08227,cell
MFSD2A,0.0146,0.1071,0.1658,cell
OGFOD2,0.0789,1.746e-08,1.774e-07,cell
ZNF644,-0.0883,0.7708,0.8216,cell
FASTKD1,0.1861,1.37e-07,1.135e-06,cell
FAM175B,-0.0799,0.3162,0.4071,cell
EVA1A,-0.0034,0.7916,0.8384,cell
DYNC2H1,0.2617,1.082e-09,1.423e-08,cell
RHOC,-0.0209,0.332,0.4232,cell
TMEM176B,-0.3484,0.0006237,0.001968,cell
EDA2R,0.0031,0.696,0.7579,cell
PITRM1,0.1973,0.00129,0.003668,cell
PES1,0.0876,0.0001601,0.0006029,cell
PAFAH1B2,-0.1678,0.0201,0.03978,cell
ATF6,0.1398,0.03422,0.06275,cell
LCMT2,0.1405,7.177e-05,0.0002961,cell
ARL6IP4,0.2009,5.525e-06,3.087e-05,cell
C2CD5,0.2228,1.782e-05,8.746e-05,cell
AP3M1,0.2088,9.656e-05,0.0003873,cell
AP4E1,0.0003,0.2734,0.3614,cell
VPS13B,0.2207,2.838e-05,0.0001328,cell
KIAA0753,0.0824,0.0001132,0.0004455,cell
ZNF623,0.0669,0.06202,0.1043,cell
JAKMIP2,0.1956,4.587e-10,6.547e-09,cell
OGFR,0.01,0.08923,0.1423,cell
TTF1,-0.0591,0.887,0.915,cell
DOCK4,0.0173,0.04187,0.07454,cell
CPEB2,-0.043,0.9138,0.9352,cell
UBE2D3,-0.3524,6.241e-11,1.112e-09,cell
RTN4RL2,-0.0081,0.006465,0.01493,cell
ZSCAN1,0.042,3.074e-12,6.832e-11,cell
GDPD1,-0.008,0.1597,0.2308,cell
UBALD2,0.0006,0.9161,0.9368,cell
BCL9L,0.0758,2.619e-05,0.0001235,cell
CNIH2,-0.0304,0.5057,0.593,cell
SLC26A11,0.0368,0.003309,0.008361,cell
PAPD4,-0.0737,0.9516,0.9637,cell
RORC,0.0547,0.0265,0.05058,cell
RUNX1,-0.0385,0.0004101,0.001368,cell
GRB10,0.2293,1.615e-08,1.66e-07,cell
DDX26B,0.2101,6.044e-09,6.769e-08,cell
TM6SF2,0.0158,0.1441,0.2121,cell
CNTN4,-0.0735,0.642,0.7126,cell
CABP7,-0.0101,0.6183,0.6923,cell
TMEM229B,0.0337,0.4258,0.5176,cell
CMC1,-0.0533,0.1344,0.2004,cell
PRR34-AS1,-0.0752,2.429e-06,1.482e-05,cell
C1orf210,0.0559,0.03625,0.06602,cell
CKLF,-0.0251,0.3274,0.4184,cell
ZNF714,0.0409,0.003184,0.008091,cell
ZNF283,-0.0048,0.7593,0.8113,cell
IFT88,0.1386,1.611e-06,1.024e-05,cell
ADRM1,0.2623,1.912e-13,5.206e-12,cell
CNTN5,0.1533,2.248e-08,2.225e-07,cell
MFSD12,0.0176,0.01176,0.02502,cell
ADAT2,0.0486,0.0002013,0.0007364,cell
LRP5L,0.24,5.261e-18,3.007e-16,cell
ZFAND2A,-0.2666,3.21e-05,0.0001472,cell
ZNF227,-0.0216,0.4546,0.545,cell
C1QTNF6,0.0972,3.778e-09,4.433e-08,cell
COQ6,0.0659,0.01891,0.03771,cell
DDX51,0.1304,7.279e-10,9.961e-09,cell
ST3GAL3,0.0038,0.5049,0.5924,cell
DTWD2,0.0336,0.002419,0.006384,cell
STARD5,0.0464,0.00502,0.01202,cell
STPG2,0.0167,0.01155,0.02465,cell
CNNM2,0.0377,0.06227,0.1047,cell
CNNM3,0.3102,1.104e-19,8.367e-18,cell
ZSCAN2,0.099,0.0007828,0.002386,cell
ANKS6,0.019,0.09362,0.1481,cell
PCSK9,0.0141,0.5121,0.5986,cell
ACSF3,0.0757,0.001461,0.004095,cell
UBR1,0.2939,1.075e-09,1.42e-08,cell
FAAH2,-0.0058,0.3123,0.4026,cell
ACBD4,0.0234,0.1418,0.2093,cell
EIF4ENIF1,0.017,0.05137,0.08881,cell
PNLIP,0.0203,1.587e-05,7.873e-05,cell
FNTA,-0.0972,0.7687,0.82,cell
FAM60A,-0.1985,0.0008195,0.002482,cell
POLD4,-0.0018,0.411,0.5028,cell
MSH6,0.1178,0.005493,0.013,cell
GLRA1,-0.0146,0.8231,0.8635,cell
UTP18,0.1426,0.001063,0.003095,cell
CDC40,-0.0253,0.561,0.6423,cell
HOOK1,-0.044,0.897,0.9225,cell
ST8SIA3,0.3027,3.662e-06,2.137e-05,cell
VILL,0.0032,0.1166,0.1782,cell
ZNF593,0.0152,0.02484,0.04784,cell
PHYHIP,0.0661,0.005794,0.01362,cell
SNX19,0.3145,8.645e-09,9.404e-08,cell
CYSRT1,0.0305,1.263e-10,2.089e-09,cell
GAS6,0.085,5.324e-07,3.841e-06,cell
PALM2,-0.0258,0.6289,0.7018,cell
PSMC2,0.1717,0.04119,0.07359,cell
DFNB31,0.192,8.273e-16,3.314e-14,cell
ZNF674,0.0543,0.1836,0.2595,cell
OBSL1,0.0465,0.007125,0.01623,cell
MTRNR2L7,-0.0096,0.0003162,0.001087,cell
RPH3AL##1,0.0713,0.03076,0.05725,cell
MTRNR2L9,-0.0629,1.135e-10,1.901e-09,cell
LMAN2L,0.136,0.0003388,0.001156,cell
ARID4A,-0.0048,0.3532,0.4451,cell
BHLHE41,0.2336,9.419e-07,6.405e-06,cell
FAM117A,0.0578,8.654e-05,0.0003501,cell
VAMP4,-0.1516,0.8377,0.8748,cell
LOC100288748,0.0127,0.178,0.2531,cell
MRPL45P2,-0.0004,0.02639,0.05042,cell
CARD8,0.0131,0.01814,0.03638,cell
ABHD16A##1,0.0694,0.02843,0.05355,cell
FAM3A,0.121,4.985e-08,4.521e-07,cell
ELF2,-0.0182,0.9903,0.9928,cell
SMC2,-0.03,0.3633,0.455,cell
GNL3L,0.2131,8.914e-09,9.665e-08,cell
HIAT1,-0.1786,0.1115,0.1712,cell
EHMT2##1,0.1417,1.789e-08,1.813e-07,cell
STK17A,-0.1315,0.536,0.6201,cell
IRF3,0.0394,0.002755,0.007153,cell
HNRNPH1,0.2401,3.853e-05,0.0001724,cell
MLXIPL,0.8588,6.262e-29,2.129e-26,cell
AGFG1,-0.1012,0.4057,0.4975,cell
NSMF,0.4032,2.387e-19,1.702e-17,cell
SPATA22,-0.0042,0.2906,0.3797,cell
SYCP3,-0.009,0.8791,0.9085,cell
TNKS2,0.0225,0.2219,0.3039,cell
PCBP4,0.0724,3.048e-05,0.0001412,cell
MPP7,0.0896,0.0003287,0.001125,cell
PIGY+PYURF,-0.1266,0.003231,0.008192,cell
PPP1R16A,0.0647,1.473e-06,9.451e-06,cell
METTL17,-0.0033,0.4901,0.5795,cell
COX6C,-0.0512,0.1038,0.1614,cell
COPA,0.4091,1.86e-07,1.492e-06,cell
DSTYK,0.1767,2.11e-05,0.0001014,cell
PANX1,-0.0427,0.4941,0.5832,cell
AMMECR1,0.0861,2.971e-07,2.252e-06,cell
PNRC2,-0.0084,0.6634,0.7305,cell
INO80D,0.0533,0.09735,0.1531,cell
NCAPG2,0.0639,0.001658,0.004582,cell
CPPED1,0.0324,0.3736,0.4654,cell
SCRIB##1,0.0384,7.003e-06,3.826e-05,cell
XXYLT1,0.0029,0.3024,0.3923,cell
RETSAT,0.1282,3.222e-08,3.069e-07,cell
POFUT1,0.071,0.05478,0.09374,cell
TTC9,0.0016,0.7279,0.7855,cell
ANKHD1##1,-0.0724,0.2345,0.3182,cell
RIMBP2,0.0661,0.02198,0.04305,cell
ZFYVE26,0.056,0.004176,0.01026,cell
SLC2A4RG,-0.0349,0.0833,0.1343,cell
DAK,0.1856,4.63e-12,1.005e-10,cell
NOC2L,0.1091,8.356e-08,7.285e-07,cell
CHTF8,0.2424,1.946e-08,1.954e-07,cell
RAI2,-0.1136,0.05619,0.09578,cell
C17orf70,0.0931,2.89e-06,1.724e-05,cell
EFHC1,0.2507,5.032e-05,0.0002182,cell
RAB17,0.2621,3.428e-18,2.038e-16,cell
DHX9,0.2425,3.267e-05,0.0001495,cell
GK5,0.1169,3.286e-07,2.476e-06,cell
FAM114A1,0.1993,0.0001006,0.0004013,cell
FUZ,0.0474,1.481e-05,7.417e-05,cell
OGFOD3,0.1419,1.974e-08,1.975e-07,cell
PANDAR,-0.0087,0.5874,0.665,cell
RASSF1-AS1,0.0065,0.006526,0.01504,cell
NTHL1,0.0695,1.26e-05,6.446e-05,cell
NUBP1,0.0468,0.02678,0.05105,cell
RFXANK,0.01,0.05965,0.1009,cell
ATP13A2,0.0872,2.362e-05,0.0001123,cell
STRADA,0.2019,1.918e-07,1.532e-06,cell
DHRS2,0.3933,1.102e-07,9.345e-07,cell
UBXN11,0.0796,1.824e-07,1.467e-06,cell
IGSF11,0.201,8.749e-09,9.509e-08,cell
NACC2,0.0126,0.3153,0.4062,cell
APOA1BP,0.3069,2.834e-07,2.157e-06,cell
SNRPD2,-0.2328,3.69e-07,2.758e-06,cell
RPP38,0.0451,0.07021,0.1162,cell
SLC8A3,0.0575,0.003206,0.008139,cell
KIF9,0.0526,0.001083,0.003144,cell
SULT1A1,0.0266,0.0007857,0.002392,cell
SLC35E2,0.0579,0.003134,0.007977,cell
RABGGTA,0.0228,0.54,0.6237,cell
SCFD1,0.0177,0.7068,0.7671,cell
PPFIBP1,0.0895,3.876e-07,2.884e-06,cell
NPM2,0.1161,4.376e-08,4.019e-07,cell
ABI1,0.0182,0.0836,0.1346,cell
DCTN1,0.3659,3.731e-09,4.386e-08,cell
MAOA,-0.0638,0.4237,0.5155,cell
WWP2,0.0867,0.01536,0.03154,cell
ZNF106,0.2633,5.717e-05,0.0002436,cell
SAMD9,-0.0342,0.2064,0.2858,cell
RSRP1,-0.1757,0.2593,0.3463,cell
CEACAM19,0.0038,0.6491,0.7188,cell
ZNF764,0.037,0.0001734,0.0006456,cell
ANAPC15,0.0327,0.0004405,0.001457,cell
ASH2L,0.0681,0.03018,0.05633,cell
PSMG1,0.0042,0.5036,0.5912,cell
TNFRSF11A,0.1843,3.938e-07,2.925e-06,cell
SPRTN,0.0723,0.002439,0.006424,cell
OCLN,0.011,0.9986,0.9991,cell
FGFR1,-0.109,0.2643,0.3517,cell
DNM2,0.154,2.664e-08,2.594e-07,cell
MTRNR2L5,-0.0065,0.2177,0.299,cell
MTRNR2L4,0.0095,0.9835,0.9877,cell
MTRNR2L3,-0.4078,1.199e-19,8.984e-18,cell
MTRNR2L2,-0.007,0.6484,0.7183,cell
CACNA2D2,0.0317,0.01164,0.02481,cell
TOLLIP-AS1,0.058,1.098e-05,5.71e-05,cell
HSD17B7,-0.0543,0.5109,0.5978,cell
NKIRAS1,-0.0822,0.9,0.9244,cell
GATAD2A,0.0842,0.002359,0.006247,cell
FBXL12,0.0033,0.1435,0.2114,cell
SLC39A10,0.1437,5.524e-07,3.961e-06,cell
PAPPA2,0.0461,0.01,0.02174,cell
SIPA1,-0.0064,0.1985,0.2767,cell
SPDL1,-0.0287,0.7809,0.8302,cell
PXK,0.1012,0.03845,0.06937,cell
SNRK,0.0387,0.03127,0.05804,cell
ANKMY2,-0.212,0.01719,0.03475,cell
CHCHD3,-0.0169,0.4862,0.576,cell
NUP62CL,-0.0327,0.4232,0.515,cell
PDXP,0.0285,0.266,0.3535,cell
CTNNBIP1,0.0443,0.1085,0.1674,cell
ADCK3,0.1058,0.003316,0.008378,cell
TMCC1,0.1554,0.004099,0.01009,cell
ZNF519,-0.0234,0.7013,0.7623,cell
ZNF133,0.1068,0.0005163,0.001672,cell
ACTN1,0.0459,0.3209,0.4118,cell
RIIAD1,0.0259,0.008627,0.01911,cell
ZSWIM7,-0.0672,0.5307,0.6156,cell
ARIH2,0.2311,1.934e-05,9.399e-05,cell
CDIPT,0.0816,0.01903,0.03791,cell
PPT2##1,0.0341,0.1501,0.2193,cell
NPC2,-0.0666,0.2346,0.3184,cell
RNASEH2A,0.0375,0.009213,0.02025,cell
USP15,-0.1375,0.7452,0.8,cell
HIF1AN,0.0854,0.08952,0.1426,cell
ULK4,0.044,0.01024,0.02221,cell
C1orf123,-0.079,0.1418,0.2093,cell
MREG,-0.0428,0.5333,0.6178,cell
RNF20,0.2418,8.431e-05,0.0003418,cell
ZNF26,-0.1285,0.2926,0.3819,cell
PLAG1,0.0161,0.09294,0.1472,cell
ING4,-0.1395,0.04745,0.083,cell
ZNF12,-0.0198,0.7266,0.7845,cell
IKZF2,0.0356,0.0004672,0.001531,cell
SEPT6,-0.0001,0.5507,0.6332,cell
ZNF396,0.0416,0.04911,0.08542,cell
INPP1,0.1601,0.0006316,0.00199,cell
ENPP2,0.1047,0.4536,0.5442,cell
GUK1,0.3371,1.202e-08,1.267e-07,cell
GUSB,0.1281,0.005532,0.01308,cell
PACRG,-0.0053,0.8215,0.8622,cell
ZNF160,0.0171,0.1279,0.1924,cell
PDE4D,0.0342,0.008464,0.01882,cell
CD22,0.0266,8.918e-05,0.0003602,cell
AMN1,-0.1863,0.02874,0.05404,cell
PAQR6,0.0023,0.2065,0.2859,cell
NCOA5,0.2311,2.484e-07,1.92e-06,cell
NDE1,0.0014,0.1915,0.2688,cell
GPATCH11,0.0363,0.0007508,0.002304,cell
TTI2,0.0389,0.04717,0.08255,cell
LONP1,0.102,0.003708,0.009235,cell
AKT1S1,0.0993,1.736e-07,1.404e-06,cell
TTPAL,0.1771,5.248e-05,0.0002261,cell
PTER,-0.0104,0.1307,0.1958,cell
MIR491,0.0105,0.000112,0.0004412,cell
PDXDC1##1,0.3842,2.392e-07,1.858e-06,cell
COPS7A,0.0941,0.1059,0.1641,cell
SLAIN1,-0.0061,0.3847,0.4765,cell
ZC3H18,0.0539,0.003996,0.009868,cell
COMTD1,0.1315,3.266e-08,3.104e-07,cell
ATP6V1C2,0.0256,0.006062,0.01413,cell
TEX261,0.269,8.036e-05,0.0003273,cell
L3HYPDH,0.0453,0.003553,0.008889,cell
CEP295,0.021,0.6786,0.7432,cell
DPP3,0.0852,3.126e-05,0.0001441,cell
MAPK1IP1L,-0.0748,0.2542,0.3403,cell
COQ10A,0.3118,5.892e-09,6.633e-08,cell
CHRNE,0.0101,0.03096,0.05757,cell
GBE1,-0.0418,0.5685,0.6482,cell
TMEM209,-0.0356,0.496,0.5846,cell
SPRYD3,0.4927,6.103e-11,1.094e-09,cell
ZNF566,-0.0003,0.001597,0.004439,cell
RUFY1,0.0305,0.09537,0.1505,cell
LRP11,0.2009,0.00211,0.005676,cell
ORAI2,0.339,9.719e-16,3.867e-14,cell
PXN,0.202,1.803e-06,1.134e-05,cell
RAB11FIP1,-0.2372,0.1012,0.1579,cell
SLC35B4,0.0546,0.002488,0.006536,cell
ZNF382,-0.017,0.9513,0.9636,cell
LOC644656,-0.193,5.328e-05,0.0002292,cell
NBEAL1,0.1073,0.01125,0.02407,cell
SNCA,0.0523,0.03425,0.0628,cell
SCMH1,0.1447,2.545e-06,1.545e-05,cell
PPP1R3D,0.0136,0.1466,0.215,cell
KIN,-0.012,0.09899,0.155,cell
LIG3,0.0923,3.88e-05,0.0001733,cell
MTFR1L,0.0483,0.3265,0.4177,cell
WDR13,0.1054,0.02917,0.05469,cell
PIGV,0.1125,0.01342,0.02802,cell
CMTM6,-0.1659,0.08923,0.1423,cell
NMRK1,0.0313,0.1274,0.1918,cell
NSUN5,0.0191,0.405,0.4967,cell
ASB6,0.014,0.2406,0.3248,cell
TTC12,0.0655,0.0001076,0.0004253,cell
CSRP2BP,0.1028,0.001895,0.005162,cell
C1orf56,0.1397,1.501e-06,9.62e-06,cell
TMEM127,-0.0379,0.6741,0.7393,cell
C1orf27,-0.0578,0.7538,0.8068,cell
TRNAU1AP,0.0378,0.01802,0.0362,cell
NME1,0.1307,2.058e-05,9.916e-05,cell
ARID5A,-0.0863,0.01418,0.02941,cell
GANC,0.1915,1.68e-09,2.116e-08,cell
MYOT,0.0268,1.516e-05,7.576e-05,cell
CTR9,0.3038,1.376e-05,6.963e-05,cell
ZNHIT2,0.0841,1.905e-08,1.917e-07,cell
SSSCA1,0.0111,0.1062,0.1645,cell
RNF138,-0.1595,0.5248,0.6107,cell
EBAG9,0.0776,0.009124,0.02007,cell
CCZ1B,-0.0028,0.8409,0.8775,cell
ZNF155,0.0017,0.4019,0.4937,cell
ZNF189,0.1523,1.597e-06,1.016e-05,cell
COX18,0.037,0.0006051,0.00192,cell
ARL4A,-0.0604,0.7968,0.8423,cell
BID,0.0295,0.08606,0.138,cell
KCNRG,0.0274,0.3293,0.4204,cell
C7orf55,0.0354,0.0004488,0.001481,cell
GLRX2,-0.0479,0.949,0.962,cell
CES2,-0.0091,0.35,0.442,cell
NANOS1,0.025,0.01865,0.03725,cell
TSPAN9,0.0472,0.0001852,0.0006836,cell
COPE,0.4329,1.257e-15,4.945e-14,cell
PRDM10,0.075,4.635e-05,0.000203,cell
NFIL3,-0.3707,2.249e-05,0.0001075,cell
ZFP64,0.0417,0.0006574,0.002057,cell
HIBCH,-0.0128,0.4551,0.5456,cell
PFKM,0.2078,0.006878,0.01575,cell
ALKBH2,0.0249,0.1263,0.1905,cell
SNORD14B,0.0062,0.06558,0.1096,cell
FAM21C,0.0835,2.587e-06,1.566e-05,cell
TLK1,-0.1591,0.3107,0.401,cell
ACAD10,0.1471,4.515e-06,2.572e-05,cell
BBX,0.1838,0.008251,0.01842,cell
LRRC73,0.0162,0.0009843,0.002893,cell
FAM200A,0.0467,0.01039,0.0225,cell
ZSCAN25,0.0275,0.01448,0.02995,cell
WDR20,-0.0114,0.1792,0.2546,cell
ADRA2A,-0.0887,0.2134,0.294,cell
FTSJ2,0.0651,0.0106,0.02289,cell
ACY1,0.0032,0.512,0.5986,cell
SLC22A5,0.0485,0.008407,0.01872,cell
SORT1,0.6412,6.274e-18,3.555e-16,cell
EFNA5,0.0844,0.005831,0.0137,cell
RBBP7,0.3001,0.001098,0.003183,cell
GCLM,0.1054,0.06982,0.1157,cell
RCN2,0.0082,0.2159,0.297,cell
TJP2,0.0262,0.1283,0.1929,cell
RBX1,0.0211,0.5434,0.6268,cell
RAPGEF2,0.0456,0.0003743,0.001262,cell
LIMD1,0.048,0.001109,0.003213,cell
KSR1,0.0207,0.003805,0.009441,cell
UBL4A,0.1026,0.0009037,0.002689,cell
HSD17B8,0.1564,3.107e-06,1.843e-05,cell
SOWAHC,-0.0603,0.6737,0.7389,cell
VPS33A,0.1221,0.0005824,0.001858,cell
PMS2,0.0892,0.001026,0.003002,cell
DYNC1LI2,0.2381,5.041e-05,0.0002184,cell
DMPK,0.0704,2.142e-10,3.346e-09,cell
DAXX,0.0671,0.04998,0.08671,cell
ACOXL,-0.0031,0.4468,0.5381,cell
FTL,0.0479,0.6949,0.7569,cell
NME7,0.1531,0.0001112,0.0004385,cell
SLC25A22,0.0743,0.0003946,0.001322,cell
EIF4G3,0.4345,8.39e-11,1.447e-09,cell
RPL37,-0.2718,3.435e-09,4.078e-08,cell
ZNF252P,0.0949,0.00463,0.01122,cell
DTX2P1-UPK3BP1-PMS2P11,0.0042,0.005712,0.01345,cell
EXOSC7,-0.0338,0.9751,0.9812,cell
WASF2,-0.0624,0.6992,0.7602,cell
COPB2,0.5045,6.604e-08,5.866e-07,cell
ECD,-0.0501,0.8838,0.9122,cell
ZNF577,0.0042,0.01922,0.03822,cell
PMS2P4,0.0025,0.008994,0.01982,cell
LINC00930,0.0628,0.0001013,0.0004037,cell
KRTAP5-AS1,-0.0062,0.2822,0.3708,cell
MZF1-AS1,0.0499,1.009e-11,2.08e-10,cell
TBRG1,-0.1014,0.2408,0.3249,cell
DKFZp686K1684,0.0328,0.3295,0.4207,cell
KATNA1,0.0064,0.06053,0.1022,cell
CTPS2,0.0859,0.003838,0.009519,cell
AP4S1,0.0078,0.4128,0.5045,cell
LINC00294,0.0638,0.3015,0.3914,cell
ERBB2,0.0593,3.835e-05,0.0001718,cell
HBS1L,-0.0508,0.804,0.8482,cell
PPID,-0.3607,0.0001772,0.0006573,cell
BUD31,-0.154,0.001619,0.004494,cell
FAM149A,0.0151,0.1514,0.2209,cell
CDH6,-0.1072,0.002999,0.007684,cell
CAPZB,0.2231,0.0001488,0.000566,cell
SYNJ2,0.025,0.09543,0.1505,cell
ZFP36L1,-0.0151,0.1037,0.1613,cell
EIF2B5,-0.0233,0.4131,0.5047,cell
IER3,-0.4408,0.002985,0.007657,cell
KIAA0513,0.5022,2.522e-29,9.289e-27,cell
TOX,0.3609,1.346e-11,2.725e-10,cell
FRMPD4,0.0015,0.69,0.7526,cell
EIF5B,0.0121,0.2412,0.3253,cell
ANO5,0.1759,3.529e-07,2.644e-06,cell
THUMPD1,0.0582,0.04122,0.07363,cell
MVB12A,-0.003,0.8251,0.8649,cell
ACAD8,0.0169,0.2739,0.3619,cell
HEATR5A,0.1849,1.693e-08,1.727e-07,cell
STEAP2,0.0445,0.007851,0.01765,cell
PTBP3,0.0567,0.1889,0.2658,cell
MOSPD1,0.0068,0.06526,0.1091,cell
NIPAL3,-0.0251,0.7401,0.7957,cell
EVI2A,0.012,0.07539,0.1234,cell
CD5,0.0828,0.005013,0.01201,cell
PFAS,0.0144,0.01098,0.02357,cell
MYO9A,0.1065,0.004451,0.01084,cell
SEC14L1P1,0.0827,2.86e-06,1.709e-05,cell
PTCH1,0.2089,2.423e-09,2.961e-08,cell
RNASEH1,0.0724,0.01881,0.03753,cell
VGLL4,-0.0059,0.1528,0.2226,cell
NDUFB8,-0.0332,0.3616,0.4535,cell
KIAA1324,0.7649,3.756e-15,1.332e-13,cell
KCNK12,0.0149,0.0694,0.1151,cell
HRASLS,-0.0715,0.0116,0.02472,cell
CACNA1C,0.1695,1.306e-11,2.652e-10,cell
RASSF8,0.0203,0.004427,0.01079,cell
TMEM176A,-0.5927,9.761e-11,1.655e-09,cell
VIMP,0.0547,0.1493,0.2184,cell
LATS1,0.0372,0.02666,0.05086,cell
XRRA1,0.1829,2.288e-07,1.791e-06,cell
PCMT1,-0.1504,0.01156,0.02465,cell
CATSPER2,0.0571,3.429e-11,6.396e-10,cell
MICAL1,0.1568,9.912e-15,3.245e-13,cell
C1orf86,0.0944,1.528e-05,7.621e-05,cell
DFFB,0.0453,1.197e-05,6.152e-05,cell
TFE3,-0.0644,0.718,0.7769,cell
SSH2,0.1723,5.175e-05,0.0002235,cell
C6orf211,-0.1094,0.4269,0.5187,cell
RFX3,0.2156,2.316e-06,1.421e-05,cell
KIAA0101,0.0421,2.728e-06,1.644e-05,cell
SF3B5,-0.1401,0.001402,0.003954,cell
SH3BGRL3,-0.1238,0.06028,0.1018,cell
ADPGK,0.0105,0.4238,0.5156,cell
ZNF655,0.2779,1.356e-05,6.885e-05,cell
NUDT9,0.5871,4.282e-17,2.119e-15,cell
MRPS15,0.036,0.3268,0.4178,cell
CYB561D2,0.0077,0.1301,0.1952,cell
MIS12,0.2634,1.577e-06,1.006e-05,cell
ZBTB10,-0.004,0.2079,0.2876,cell
CDK13,0.0007,0.03378,0.06207,cell
HNRNPAB,0.0548,0.001323,0.00375,cell
ZSCAN18,0.0244,0.3394,0.431,cell
CAPRIN2,0.1873,6.757e-05,0.0002812,cell
PHACTR4,0.1373,8.833e-06,4.721e-05,cell
ANGPTL2,-0.0689,0.2519,0.3377,cell
HSP90AB1,-0.6052,1.114e-20,1.005e-18,cell
B4GALT7,0.1516,1.443e-06,9.291e-06,cell
AQR,0.1954,4.128e-08,3.814e-07,cell
ZSWIM3,-0.0248,0.6591,0.7269,cell
ANKRD13A,-0.0307,0.6576,0.7256,cell
ZNF326,0.206,4.125e-10,5.971e-09,cell
NMNAT3,-0.0097,0.8717,0.9026,cell
CDCP1,0.2434,6.42e-05,0.0002693,cell
TRO,-0.0154,0.8638,0.8971,cell
NAV2,0.2819,3.112e-11,5.836e-10,cell
ZNF598,0.0453,7.118e-08,6.284e-07,cell
DCX,0.004,0.534,0.6183,cell
PDZD2,-0.1004,0.4057,0.4975,cell
HSD17B13,0.0969,8.647e-07,5.928e-06,cell
SLC9C1,0.0055,0.08176,0.1324,cell
NME9,-0.006,0.3913,0.4832,cell
EPB41L1,-0.0579,0.4561,0.5466,cell
FAM13C,0.1304,8.535e-10,1.153e-08,cell
MAP6,0.3279,1.641e-07,1.337e-06,cell
PTPDC1,0.0245,0.007985,0.0179,cell
HAP1,0.106,7.363e-13,1.842e-11,cell
ARL6,-0.0144,0.2477,0.3327,cell
C8orf37,-0.0332,0.9356,0.9523,cell
DYNLRB1,-0.11,0.01372,0.02859,cell
PPM1A,0.0632,0.1953,0.273,cell
ARMCX2,0.1141,0.04476,0.07901,cell
ARMCX3,0.3376,4.554e-05,0.0001996,cell
MICALL2,0.0371,1.23e-08,1.295e-07,cell
HEATR3,0.0049,0.1024,0.1596,cell
ASAH1,0.0103,0.9645,0.9736,cell
NUP50,0.0436,0.01214,0.02572,cell
RBSN,0.0885,0.01349,0.02817,cell
STUB1,-0.0617,0.06291,0.1055,cell
PRMT5-AS1,-0.0036,0.4877,0.5774,cell
TUBB2B,-0.1174,3.012e-06,1.793e-05,cell
LRRTM3,-0.1385,0.3055,0.3956,cell
FBXO4,0.0923,0.0002267,0.0008168,cell
SOX5,0.0924,5.464e-06,3.058e-05,cell
SAP30BP,-0.0394,0.4944,0.5833,cell
IGSF1,0.0641,0.03509,0.06407,cell
MLPH,0.104,0.0002501,0.0008899,cell
SCARB1,-0.0073,0.8326,0.8704,cell
LOC100996579,-0.012,0.6075,0.6831,cell
PTPRK,-0.0171,0.5417,0.6254,cell
HBEGF,-0.0476,0.5487,0.6316,cell
ATN1,0.1631,1.443e-15,5.578e-14,cell
FTH1,0.3956,6.476e-05,0.000271,cell
MPP3,0.0518,0.01281,0.02697,cell
DLAT,0.0057,0.0552,0.09429,cell
FN1,0.0501,8.459e-06,4.535e-05,cell
PRKAR2B,0.0859,0.001784,0.004897,cell
PRKAR1B,0.0202,0.1477,0.2163,cell
NFKBIB,0.0111,0.006972,0.01593,cell
PEPD,0.2146,0.0008223,0.002488,cell
FAR2,0.0108,0.04888,0.0851,cell
ALDH9A1,0.039,0.7488,0.803,cell
NR4A2,0.1333,0.000273,0.0009585,cell
PEG3,0.1435,4.856e-05,0.0002114,cell
ENPP1,0.0269,0.2,0.2785,cell
PCM1,0.1145,0.1925,0.2698,cell
PDGFRL,0.1125,3.746e-06,2.182e-05,cell
PCBP1,-0.5763,2.134e-17,1.123e-15,cell
PBX3,0.101,0.002304,0.006118,cell
FAM127C,0.0206,0.1645,0.2367,cell
FAM127B,-0.2176,0.0001569,0.0005929,cell
FAM127A,-0.0042,0.9309,0.9489,cell
CASZ1,0.1426,8.907e-10,1.2e-08,cell
CCHCR1##5,0.0518,7.378e-05,0.0003036,cell
COMMD9,0.1213,0.02949,0.05522,cell
NRD1,0.1373,0.1213,0.184,cell
TRAPPC2,-0.0611,0.5872,0.6649,cell
KCNK16,0.9787,1.597e-19,1.176e-17,cell
ACAA1,0.2065,0.0001321,0.0005094,cell
ARFGAP3,-0.1062,0.2114,0.2918,cell
FASTKD2,-0.1269,0.6755,0.7405,cell
F10,0.0369,0.1981,0.2762,cell
TPD52L2,0.091,0.04524,0.07978,cell
UBTF,0.2141,1.005e-09,1.338e-08,cell
SLC8A1,0.2504,2.796e-16,1.196e-14,cell
METTL9,-0.1907,0.003423,0.008612,cell
RAB5C,0.0249,0.6576,0.7256,cell
RABGGTB,-0.5305,2.277e-10,3.537e-09,cell
SIDT1,0.0156,0.03407,0.06253,cell
RANGAP1,0.1845,6.492e-06,3.576e-05,cell
ZNF706,-0.0568,0.4166,0.5084,cell
CD274,0.077,0.002317,0.006147,cell
NDUFB9,-0.1692,0.000211,0.0007672,cell
MAVS,0.2932,3.931e-10,5.709e-09,cell
CASKIN2,0.0176,0.003327,0.008395,cell
GPR158,-0.0665,0.677,0.7421,cell
METTL1,0.008,0.1879,0.2648,cell
MTUS1,0.4185,4.883e-10,6.94e-09,cell
INTS2,0.1616,4.655e-07,3.394e-06,cell
DHPS,-0.1706,0.015,0.03089,cell
DIDO1,0.1334,0.0002032,0.0007425,cell
FANCD2,0.0129,0.9606,0.9709,cell
MRPL39,-0.1905,0.003221,0.008172,cell
GAR1,0.0057,0.09566,0.1508,cell
SCIN,0.0851,0.02035,0.04022,cell
SEC16B,0.0141,0.02771,0.05247,cell
TSPO,0.0231,0.01524,0.03132,cell
EPHX2,-0.0932,0.8118,0.8542,cell
ANKRD26,0.1111,2.846e-07,2.165e-06,cell
KLHDC8A,0.3712,5.037e-16,2.1e-14,cell
HSPD1,-0.7845,3.463e-18,2.05e-16,cell
MINPP1,0.1279,0.002867,0.007399,cell
PDE8A,0.0736,0.000845,0.00254,cell
ANAPC10,-0.0421,0.6067,0.6825,cell
LINC01473,0.0159,0.006908,0.01581,cell
KRT10,-0.2258,0.0001551,0.0005873,cell
RPS4X,-0.0765,0.04451,0.07863,cell
RPS3,0.0566,0.783,0.8318,cell
RECQL,0.0011,0.2251,0.3075,cell
GPR119,0.0166,0.2249,0.3073,cell
MAT2B,-0.1144,0.6961,0.758,cell
MARCH3,-0.0134,0.9927,0.9949,cell
ARNT,0.1518,0.0004532,0.001493,cell
ASIC2,0.0405,0.08302,0.1339,cell
ARRDC4,-0.0319,0.525,0.6108,cell
PXDC1,-0.0163,0.1208,0.1835,cell
SLC25A42,0.0558,0.01163,0.0248,cell
RGS11,0.1848,3.049e-14,9.272e-13,cell
STXBP4,0.0012,0.0156,0.03192,cell
SNORA57,0.002,0.5827,0.6611,cell
CC2D2A,0.1163,1.628e-09,2.056e-08,cell
PFDN2,-0.1447,0.0009531,0.002813,cell
ANP32C,-0.0028,0.1394,0.2064,cell
EXOC5,-0.0613,0.8958,0.9218,cell
PICK1,0.0873,8.57e-08,7.452e-07,cell
PRDM4,-0.0715,0.5653,0.6456,cell
CDK14,-0.024,0.0725,0.1193,cell
ICMT,0.194,2.001e-05,9.688e-05,cell
SEPT10,0.034,0.01149,0.02454,cell
HM13,0.7105,1.577e-19,1.168e-17,cell
SLITRK2,-0.0115,1.06e-09,1.401e-08,cell
ORC3,0.0668,0.01579,0.03227,cell
TMED7,-0.1986,0.004946,0.01187,cell
NDUFAF2,-0.0338,0.4865,0.5763,cell
SNORD27,-0.006,0.1511,0.2206,cell
SNORD25,-0.0092,0.1157,0.1769,cell
NDRG1,-0.8755,1.499e-20,1.334e-18,cell
SS18,0.1782,0.003916,0.009684,cell
SLC44A3,0.0073,0.7151,0.7744,cell
TMEM2,0.0523,0.1239,0.1875,cell
IL10RB,-0.1989,0.04817,0.08404,cell
MMS19,0.1854,3.589e-06,2.099e-05,cell
TOR1AIP2,-0.0433,0.7507,0.8045,cell
TCEB1,-0.1936,6.448e-05,0.0002703,cell
SLC50A1,0.2148,2.384e-07,1.854e-06,cell
NCOA6,0.0805,0.03104,0.05768,cell
ANO10,-0.0405,0.6885,0.7514,cell
FAM173A,-0.0242,0.7996,0.8444,cell
C7orf49,0.083,0.001766,0.004855,cell
ZNF747,0.0315,4.044e-05,0.0001799,cell
LRIG2,0.0149,0.01944,0.03863,cell
AACS,0.2179,0.000141,0.0005396,cell
DUSP26,0.2618,1.343e-05,6.827e-05,cell
VDR,0.0602,0.0002123,0.0007709,cell
EIF4E,-0.0841,0.3941,0.4859,cell
CDK6,0.2406,2.373e-07,1.846e-06,cell
PDE6B,0.0295,0.001155,0.003327,cell
PCCA,0.0058,0.3076,0.3978,cell
GCFC2,-0.0187,0.1096,0.1688,cell
SNX5,-0.0028,0.3541,0.4461,cell
YAE1D1,-0.1053,0.3339,0.4251,cell
KRT18,0.2386,1.237e-07,1.033e-06,cell
SPATS2L,-0.0415,0.1637,0.2356,cell
GTF3C5,0.0541,0.007032,0.01605,cell
LOC642852,0.0817,2.662e-06,1.608e-05,cell
CASC2,0.0594,1.973e-06,1.228e-05,cell
ATP6V0E2-AS1,0.0489,0.06571,0.1098,cell
ADCY10P1,0.1047,2.712e-12,6.115e-11,cell
OXSM,-0.0374,0.4214,0.5133,cell
LINC00899,0.0138,0.3593,0.4511,cell
CEP83-AS1,0.017,0.04712,0.08248,cell
GUSBP1,0.0285,0.0002302,0.0008284,cell
ASH1L-AS1,0.0114,0.07709,0.1258,cell
LOC150776,0.065,0.0002921,0.001017,cell
LOC202181,0.0792,3.899e-06,2.26e-05,cell
MORC2-AS1,0.0459,0.09623,0.1516,cell
GOLGA8A,0.0443,0.003767,0.009356,cell
GORAB,-0.0045,0.1926,0.2699,cell
ELOVL5,-0.3563,0.0009347,0.002766,cell
HPN-AS1,0.0046,0.08348,0.1345,cell
POP4,-0.0156,0.5758,0.655,cell
LOC146880,0.0379,0.02272,0.0443,cell
LINC01011,0.0047,0.6155,0.6902,cell
THUMPD3-AS1,-0.105,0.2745,0.3625,cell
CD8A,0.0179,0.2673,0.355,cell
AP5M1,0.0042,0.3122,0.4025,cell
AMZ2P1,-0.0374,0.9332,0.9502,cell
FLJ10038,-0.0265,0.3067,0.3968,cell
RPSAP9,0.0025,0.2823,0.3708,cell
LOC100270804,0.0169,0.3404,0.4321,cell
FAM185A,0.0452,0.0006669,0.002082,cell
LOC100130417,0.0441,9.495e-08,8.165e-07,cell
LINC00174,0.0457,0.02824,0.05327,cell
ZNF300P1,-0.0375,0.7362,0.7925,cell
LINC00473,0.0425,9.485e-06,5.029e-05,cell
BAIAP2-AS1,0.019,0.02274,0.04432,cell
LOC401127,-0.0006,0.5398,0.6235,cell
HCG27,0.0352,0.02716,0.05165,cell
LOC285074,0.0012,0.8697,0.9013,cell
LINC00839,-0.0386,0.3663,0.4581,cell
INTS9,0.0619,0.01351,0.02819,cell
ITGB8,0.0654,0.001249,0.003565,cell
MFSD3,0.1289,5.453e-10,7.716e-09,cell
SNRPC,-0.1059,0.02705,0.05147,cell
ITGB1,-0.1832,0.02578,0.04938,cell
SRPR,0.723,7.537e-18,4.217e-16,cell
SSSCA1-AS1,-0.0102,0.3077,0.3979,cell
TMX2,-0.1122,0.1936,0.2712,cell
STOM,0.1697,0.0001205,0.0004693,cell
USP39,0.061,0.01944,0.03863,cell
MED23,0.0469,0.1013,0.1581,cell
UBE2J1,0.0415,0.4744,0.5646,cell
LUC7L2,-0.0061,0.9294,0.9478,cell
EIF3L,0.0084,0.8461,0.882,cell
ZNF226,0.0057,0.1174,0.1791,cell
IST1,0.061,0.5999,0.6765,cell
POP5,0.1164,0.001882,0.005131,cell
TATDN2,0.0447,0.1305,0.1956,cell
GSTK1,-0.0166,0.4779,0.5679,cell
SLC25A39,0.1516,0.02723,0.05176,cell
PCNXL2,0.1619,7.15e-11,1.256e-09,cell
CKAP5,0.3637,2.773e-10,4.19e-09,cell
BDNF-AS,-0.0044,0.024,0.04643,cell
CCDC163P,0.0029,0.2366,0.3204,cell
UMPS,0.0714,0.09658,0.152,cell
PRMT1,0.1525,0.0008565,0.00257,cell
GPR56,0.9699,1.937e-23,2.762e-21,cell
SRPK1,0.0173,0.04957,0.08617,cell
BMP1,0.0142,0.03743,0.06786,cell
UNK,0.0341,0.05443,0.09325,cell
PSMA3,-0.2023,0.007209,0.01639,cell
SULF1,0.255,2.582e-09,3.127e-08,cell
UNC119B,0.3777,3.71e-10,5.424e-09,cell
DIXDC1,-0.0722,0.4456,0.537,cell
KLF16,-0.0242,0.6174,0.6916,cell
STK40,0.0769,0.003158,0.008031,cell
NDUFS7,0.1117,0.0007043,0.00218,cell
RNF26,0.1877,6.04e-05,0.0002552,cell
SETDB2,0.1272,0.0001255,0.0004867,cell
DCAF10,-0.1178,0.5093,0.5963,cell
SYT16,0.2466,1.651e-12,3.909e-11,cell
TMEM245,0.0647,0.08356,0.1346,cell
PCDHGA2,0.0219,0.1608,0.2322,cell
GORASP1,0.1793,0.0002198,0.0007947,cell
HDAC8,0.0481,0.02381,0.04612,cell
RBM14,0.4179,2.378e-19,1.702e-17,cell
ALDH7A1,0.0133,0.2055,0.2848,cell
DNAL1,0.1209,0.000246,0.0008761,cell
POC1B,-0.0204,0.224,0.3064,cell
AK3,-0.0623,0.6719,0.7374,cell
USP38,0.007,0.3725,0.4643,cell
NCK1,-0.0618,0.8015,0.846,cell
RUFY3,0.0812,0.2899,0.379,cell
PAK3,0.2873,5.033e-08,4.555e-07,cell
UNC5C,0.1991,5.553e-17,2.688e-15,cell
NMRAL1,0.0302,0.08216,0.1329,cell
SPC25,0.1644,2.013e-05,9.733e-05,cell
LUC7L,0.1993,3.167e-12,6.999e-11,cell
WDR6,0.572,3.865e-14,1.159e-12,cell
CLK4,0.0096,0.02256,0.04401,cell
FUT10,0.0403,0.08862,0.1415,cell
PCGF1,-0.0625,0.3119,0.4023,cell
ZNF337-AS1,0.0086,0.028,0.05291,cell
IQUB,0.0248,0.008556,0.01898,cell
POLR2J2,-0.0065,0.006449,0.0149,cell
URM1,0.0345,0.05509,0.09414,cell
FAM86C2P,0.0082,0.03262,0.06028,cell
LOC646471,0.0517,0.0003791,0.001275,cell
CD24,-0.5427,2.167e-06,1.339e-05,cell
CD209,0.0003,0.806,0.8497,cell
ZNF204P,0.088,0.004898,0.01177,cell
SNHG20,0.0281,0.06654,0.1109,cell
CRCP,0.0915,0.01984,0.03931,cell
TMEM11,-0.0217,0.791,0.8381,cell
BPHL,0.1497,2.212e-07,1.739e-06,cell
SNHG7,-0.246,5.002e-05,0.0002171,cell
GSTM4,-0.022,0.1767,0.2513,cell
GSTM3,-0.2929,3.986e-05,0.0001775,cell
RBM18,-0.0821,0.5447,0.6279,cell
RPL23AP7,0.0039,0.5395,0.6233,cell
LINC00999,0.0103,0.03836,0.06927,cell
TMEM201,0.1009,8.234e-08,7.187e-07,cell
LMLN,0.2167,3.19e-08,3.046e-07,cell
LOC100129534,0.0172,0.2768,0.3652,cell
C21orf62-AS1##1,-0.0446,0.09314,0.1475,cell
LOC100130093,0.0385,0.0007853,0.002391,cell
CECR5-AS1,0.0014,0.565,0.6454,cell
LOC100130987,0.0072,0.05745,0.09765,cell
LSM5,-0.0746,0.9072,0.9305,cell
CCDC66,0.0336,0.000832,0.00251,cell
GUSBP11,0.1169,2.455e-13,6.562e-12,cell
ZXDB,-0.0362,0.4438,0.5352,cell
ZXDA,-0.0331,0.5631,0.6438,cell
ZP3,0.0029,0.4608,0.5514,cell
CACNA1D,0.4264,2.089e-13,5.663e-12,cell
TDRD6,0.0604,2.552e-06,1.548e-05,cell
SFXN2,0.0243,0.0003062,0.001058,cell
CEP135,0.0187,0.02754,0.05221,cell
KRT8,0.0698,0.02217,0.04335,cell
HEXA,0.4188,9.688e-07,6.568e-06,cell
ZNF254,-0.0697,0.6321,0.7044,cell
ZNF33A,0.0711,0.02887,0.05422,cell
ZBTB1,-0.0971,0.7822,0.8312,cell
THAP8,0.0912,0.000608,0.001927,cell
LYPLAL1,-0.0176,0.5852,0.6632,cell
TRIM69##1,-0.0176,0.5258,0.6114,cell
LIPH,0.0066,0.4238,0.5156,cell
YWHAB,0.085,0.3751,0.4669,cell
FAM227B,-0.0114,0.8695,0.9012,cell
FAM24B,-0.0857,0.0001191,0.0004646,cell
ARID2,0.1141,0.0008316,0.00251,cell
LINGO2,-0.0953,0.1797,0.2551,cell
UQCRH,-0.0454,0.2999,0.3897,cell
KCNH8,0.0547,0.0008973,0.002672,cell
ZNF92,-0.0218,0.2582,0.3449,cell
SGMS2,0.0554,0.00889,0.01963,cell
MCFD2,0.1659,0.01322,0.02767,cell
CARS,-0.0416,0.8252,0.8649,cell
TMEM206,0.0497,0.001041,0.003041,cell
GPR123,0.0165,0.4133,0.5048,cell
DNAAF2,0.003,0.331,0.4222,cell
BANK1,0.0111,0.07177,0.1183,cell
ZNF331,-0.0366,0.5578,0.6393,cell
BSCL2,0.0045,0.03354,0.06169,cell
FCGBP,0.0328,0.006376,0.01475,cell
MSI1,0.0448,0.004678,0.01131,cell
RWDD1,-0.1335,0.02665,0.05084,cell
RRP15,0.0735,2.848e-05,0.0001331,cell
GET4,0.0321,0.08784,0.1404,cell
EMC9,0.0233,0.1817,0.2573,cell
ISOC1,-0.1351,0.159,0.23,cell
SLC35B3,-0.0209,0.5149,0.6012,cell
RB1CC1,0.1491,0.002999,0.007684,cell
SLMO2,-0.1965,0.01596,0.03257,cell
SLC35C2,0.1121,0.001266,0.00361,cell
FAHD2A,0.0322,0.0001074,0.0004245,cell
AMDHD2,0.0263,0.0004071,0.00136,cell
CUL7,0.1931,1.469e-07,1.21e-06,cell
DERL2,0.0337,0.6351,0.7069,cell
GIT2,0.336,2.632e-12,5.966e-11,cell
TRMT6,-0.0108,0.59,0.6674,cell
NMD3,-0.5342,1.395e-08,1.457e-07,cell
CTIF,0.062,0.00301,0.007704,cell
UTP11L,0.0549,0.007868,0.01767,cell
METTL13,0.0931,0.004658,0.01127,cell
SUV420H1,0.0009,0.6256,0.6987,cell
MRPS2,-0.0142,0.6062,0.6821,cell
NOP58,-0.2309,0.000802,0.002435,cell
RMDN1,0.1046,0.0001804,0.000668,cell
LIPT1,-0.1281,0.2714,0.3592,cell
DHRS7,-0.0836,0.1166,0.1783,cell
TRAPPC12,0.0708,0.0002394,0.0008564,cell
SCRN1,0.5183,6.48e-12,1.381e-10,cell
TGFB1I1,-0.0184,0.6226,0.696,cell
LACTB2,-0.082,0.9824,0.987,cell
DERA,-0.2093,0.01809,0.03631,cell
TEX264,0.1524,0.0003648,0.001233,cell
MRPL19,0.0463,0.05201,0.08972,cell
DHCR24,-0.0059,0.6679,0.7337,cell
APH1A,-0.0246,0.9073,0.9305,cell
CUTA##1,0.186,0.0004759,0.001555,cell
LETMD1,0.0973,0.08403,0.1353,cell
TUBB,-0.3086,1.279e-05,6.531e-05,cell
LINC01121,0.0213,1.148e-05,5.924e-05,cell
NDUFA11,-0.0066,0.9203,0.9398,cell
EIF1B-AS1,0.0118,0.01924,0.03826,cell
FMR1,-0.1695,0.1407,0.2081,cell
SRSF1,-0.2167,0.04672,0.08193,cell
EPOR,0.1033,6.244e-07,4.437e-06,cell
LMF1,0.0625,1.605e-05,7.947e-05,cell
PPRC1,0.0748,0.0004482,0.00148,cell
HCCS,-0.1332,0.2455,0.3303,cell
PXYLP1,0.036,0.01055,0.02279,cell
ANKS1B,0.0098,0.005808,0.01365,cell
TMEM136,-0.037,0.4206,0.5126,cell
UBE4A,-0.0551,0.8738,0.9043,cell
HMGN3,0.1906,2.213e-05,0.000106,cell
CXorf56,-0.0097,0.5564,0.638,cell
PLEKHG4,0.0284,0.2209,0.3028,cell
SH3GL1,0.0634,1.787e-06,1.125e-05,cell
SESN1,-0.4117,7.556e-05,0.0003098,cell
SIAE,0.0631,0.05205,0.08975,cell
PDK2,0.0524,0.1578,0.2285,cell
SCNN1D,0.027,7.819e-06,4.228e-05,cell
HMGB2,-0.2732,4.004e-07,2.964e-06,cell
TMEM218,0.2924,7.228e-10,9.901e-09,cell
ABHD16B,0.0115,0.01171,0.02492,cell
SNAP91,0.0868,0.009632,0.02105,cell
SENP2,0.1159,0.01488,0.03069,cell
PCF11,0.2808,2.576e-08,2.517e-07,cell
CCDC117,-0.1896,0.1313,0.1966,cell
COMMD4,0.0751,0.006118,0.01424,cell
KIF20B,-0.0267,0.3813,0.4732,cell
GUCD1,0.0884,0.01392,0.02897,cell
BCAT2,0.0552,0.1351,0.2012,cell
SIPA1L1,0.2976,8.805e-11,1.508e-09,cell
TMEM126B,-0.2506,0.001444,0.004056,cell
VWA9,0.0649,0.2244,0.3067,cell
C5AR1,0.0206,0.0004622,0.001517,cell
CALM2,-0.0311,0.03408,0.06253,cell
SARAF,-0.1032,0.001615,0.004483,cell
LPIN1,0.2242,0.0001543,0.0005849,cell
PPP1R1C,0.0458,0.0002798,0.000979,cell
LIAS,-0.0315,0.4594,0.5499,cell
ATP6V1A,-0.0467,0.2902,0.3793,cell
ATP5G3,-0.0074,0.2266,0.3092,cell
ATP5F1,-0.0544,0.2289,0.3119,cell
ATP5D,0.1056,0.0003334,0.00114,cell
DHFR,0.002,0.1562,0.2267,cell
FAM46C,0.7418,8.674e-18,4.792e-16,cell
KANK1,0.0027,0.05701,0.09697,cell
ESRP1,0.0528,0.07438,0.122,cell
WDR55,0.0299,0.04685,0.0821,cell
MFSD6,0.0539,0.08085,0.1311,cell
MRPL44,-0.1054,0.3055,0.3956,cell
PPP2R3A,0.0032,0.07132,0.1178,cell
ALDH1A1,-0.0402,0.7342,0.7911,cell
TINCR,-0.0122,0.08404,0.1353,cell
DNAJC9,0.0981,4.148e-05,0.0001838,cell
ALDH2,0.0837,0.04878,0.08497,cell
FNTB,-0.0039,0.6963,0.758,cell
CFD,-0.0057,0.8708,0.9022,cell
EIF3G,0.0737,0.0214,0.04207,cell
SPNS1,0.1764,5.422e-07,3.901e-06,cell
MAPRE2,0.3266,0.0003647,0.001233,cell
ZBTB9,0.0443,0.005342,0.01268,cell
C6orf89,0.2014,0.007204,0.01638,cell
BTBD9,0.1408,1.967e-05,9.536e-05,cell
BEND6,0.0307,9.761e-05,0.0003912,cell
GLIS3,0.1743,0.0001857,0.0006855,cell
BBS12,0.0083,0.5827,0.6611,cell
SCARNA9,0.002,0.3641,0.4557,cell
OSBPL6,-0.1664,2.495e-06,1.517e-05,cell
ZBTB37,-0.0093,0.398,0.49,cell
NFKBIL1,0.0157,0.03355,0.0617,cell
ME3,0.0787,0.0009665,0.002847,cell
SH2D3C,0.0259,0.4226,0.5143,cell
NAE1,0.0535,0.1449,0.2131,cell
RTN3,-0.2125,0.0002413,0.0008625,cell
ZNF267,-0.0376,0.8895,0.9169,cell
UPF3B,0.0162,0.01477,0.03048,cell
HIST1H2BK,0.0678,3.343e-05,0.0001525,cell
PIK3IP1,0.0019,0.4245,0.5162,cell
KCNE4,0.2014,4.545e-08,4.165e-07,cell
NALCN,0.1421,1.609e-07,1.312e-06,cell
DDX55,0.0744,0.0007186,0.002219,cell
ZNFX1,0.0002,0.5462,0.6294,cell
WDR33,-0.1513,0.3299,0.4211,cell
RAP2A,-0.1359,0.08976,0.1429,cell
ARHGAP42,0.0531,1.9e-07,1.52e-06,cell
SNIP1,-0.0123,0.5685,0.6482,cell
CAMKK1,0.1208,0.0001891,0.0006962,cell
C12orf57,0.0214,0.3837,0.4757,cell
NIPAL2,0.0311,0.0001661,0.0006228,cell
ZNF414,-0.0008,0.8973,0.9226,cell
LZIC,-0.1262,0.1984,0.2767,cell
ZBED3,-0.006,0.7718,0.8223,cell
C16orf13,-0.1131,0.0003505,0.001189,cell
DNAJC14,0.0799,0.04189,0.07456,cell
CCDC77,-0.0241,0.9136,0.9352,cell
NAA38,-0.0117,0.9152,0.9361,cell
MON1A,0.1116,8.837e-06,4.721e-05,cell
CCDC88B,0.0054,0.03839,0.06928,cell
NDST1,0.0677,8.998e-08,7.788e-07,cell
NUDT16L1,0.2103,2.609e-06,1.578e-05,cell
PDCD2L,0.0463,0.1023,0.1594,cell
WIBG,0.0433,0.03175,0.05887,cell
HPS6,-0.0014,0.9965,0.9976,cell
CHCHD6,0.0389,5.964e-05,0.0002523,cell
MIEN1,-0.0368,0.475,0.5652,cell
LLPH,-0.0425,0.6885,0.7514,cell
PHF6,0.0401,0.02182,0.04278,cell
WDR83,0.0843,7.661e-05,0.0003134,cell
ING5,0.0337,0.004688,0.01133,cell
IQCG,0.0855,2.56e-06,1.552e-05,cell
FSD1L,0.0363,0.001476,0.004132,cell
RABL6,0.0773,1.349e-07,1.119e-06,cell
ISOC2,0.104,7.624e-06,4.136e-05,cell
PRADC1,0.1908,1.477e-08,1.531e-07,cell
DNAJC30,0.1341,4.778e-06,2.71e-05,cell
ZNF385D,-0.0674,0.005969,0.01395,cell
NOA1,0.0115,0.08838,0.1411,cell
YIPF4,-0.354,4.627e-06,2.629e-05,cell
POLDIP3,0.0374,0.1911,0.2682,cell
C9orf89,-0.0553,0.06276,0.1053,cell
ALKBH7,0.0332,0.1315,0.1969,cell
FLYWCH1,0.0899,0.0001063,0.0004207,cell
SLC37A3,0.0374,0.00749,0.01694,cell
KLHL7,0.0592,0.04889,0.0851,cell
CYTH3,0.0166,0.4095,0.5013,cell
EFTUD2,0.1544,1.159e-06,7.709e-06,cell
FOS,1.1426,1.174e-15,4.647e-14,cell
FER,0.0786,0.0002806,0.0009811,cell
NCOA7,-0.0436,0.9965,0.9976,cell
NDUFS1,0.273,3.517e-05,0.0001594,cell
PLEKHB1,0.1411,3.564e-05,0.0001614,cell
ZNF562,0.1826,3.515e-07,2.634e-06,cell
SETBP1,0.1654,3.499e-05,0.0001588,cell
ZNF518A,0.1245,1.737e-05,8.543e-05,cell
BMS1,0.2248,8.539e-09,9.304e-08,cell
ZNF211,0.0458,0.08117,0.1315,cell
DCLRE1C,0.0553,0.004065,0.01002,cell
LIPA,0.2972,1.353e-06,8.808e-06,cell
ZNF580,0.1834,1.201e-08,1.267e-07,cell
FAM172A,0.0347,0.07468,0.1224,cell
ZSCAN12,0.0438,0.007067,0.01611,cell
QPCTL,0.0201,0.02822,0.05323,cell
GDF9,0.0209,0.05493,0.09394,cell
NME4,0.0709,0.004108,0.01011,cell
ATM,0.3183,3.912e-09,4.566e-08,cell
SLC22A23,0.0587,1.373e-05,6.949e-05,cell
GLB1L,0.0452,0.09346,0.1479,cell
PAX8,-0.0227,0.7381,0.7943,cell
CDK5RAP1,0.1665,9.96e-06,5.241e-05,cell
UBAP2,0.032,0.02869,0.05396,cell
C11orf73,-0.0352,0.7629,0.8149,cell
ETNK1,-0.0266,0.621,0.6948,cell
OGFOD1,0.1162,0.008129,0.01819,cell
SLC16A10,-0.0152,0.871,0.9023,cell
DNAJA4,-0.1283,0.9141,0.9354,cell
CSGALNACT2,-0.0675,0.878,0.9079,cell
ASH1L,0.3673,2.952e-07,2.239e-06,cell
AKAP7,-0.0035,0.3691,0.4607,cell
CYYR1,-0.2741,0.01036,0.02244,cell
PLCE1,0.0035,0.5051,0.5925,cell
RAB9B,0.0858,0.0004517,0.001489,cell
ISYNA1,0.0099,0.373,0.4648,cell
RDX,-0.1311,0.1185,0.1805,cell
NEK9,0.3382,6.13e-11,1.097e-09,cell
RTEL1,0.003,0.006136,0.01427,cell
LZTS2,0.0738,6.124e-08,5.461e-07,cell
C7orf50,-0.0417,0.9558,0.9668,cell
MASP2,0.033,1.117e-05,5.784e-05,cell
C2orf70,-0.0225,0.3045,0.3945,cell
GK,-0.0008,0.09444,0.1493,cell
CLCN5,0.0038,0.2969,0.3864,cell
ZNF205,0.0021,0.3668,0.4584,cell
FLNB,0.3458,1.865e-08,1.879e-07,cell
PRKAR1A,0.1204,0.5576,0.6392,cell
APPBP2,0.081,0.02171,0.04259,cell
MRPS31,-0.0674,0.7696,0.8207,cell
MTMR7,0.0513,0.001223,0.003498,cell
SLC35B1,0.4504,5.338e-09,6.06e-08,cell
EIF1AY,0.2419,1.887e-10,2.985e-09,cell
ARHGEF34P,-0.002,0.2649,0.3524,cell
LINC00888,-0.0081,0.08759,0.1401,cell
LOC389906,-0.0157,0.07748,0.1264,cell
LINC00884,0.0371,0.005039,0.01206,cell
LHX4-AS1,0.0929,0.0001201,0.000468,cell
PCAT6,-0.0201,0.01352,0.02821,cell
BBS4,0.1776,0.002176,0.005829,cell
STARD7-AS1,0.0272,0.03109,0.05776,cell
GPX2,-0.2916,0.02906,0.05454,cell
BRSK2,0.0307,0.001613,0.004479,cell
PCGF5,-0.1508,0.2255,0.308,cell
SDF2,-0.0232,0.8716,0.9026,cell
MSTO1,0.0408,1.359e-11,2.741e-10,cell
ZNF85##1,-0.0464,0.8615,0.8954,cell
ATG7,-0.0393,0.5797,0.6584,cell
CCRN4L,-0.0204,0.9089,0.9319,cell
NCBP2,0.0034,0.6784,0.7431,cell
CASC3,-0.0964,0.5911,0.6684,cell
ANKIB1,0.133,2.113e-05,0.0001015,cell
SRSF6,0.1908,0.01399,0.02908,cell
GNA12,0.2448,2.102e-07,1.667e-06,cell
CELA3B,0.0154,2.026e-09,2.51e-08,cell
DPF2,0.0042,0.1282,0.1927,cell
SEMA4D,0.1137,4.802e-05,0.0002094,cell
MCRS1,0.1013,0.0004726,0.001545,cell
TBC1D8,0.4122,2.631e-11,5.012e-10,cell
ADRBK1,0.0567,3.132e-06,1.856e-05,cell
PAPLN,0.0265,0.01459,0.03016,cell
RALGPS2,0.022,0.3591,0.4509,cell
FAM76A,0.1261,0.0008993,0.002677,cell
ZNF585A,0.0077,0.5408,0.6245,cell
UBE2E2,0.0661,0.002508,0.006586,cell
ZNF48,0.007,0.4903,0.5796,cell
KNDC1,0.0701,0.00373,0.009284,cell
ZNF417,0.0029,0.03636,0.0662,cell
DCP2,-0.0939,0.9397,0.9551,cell
C12orf66,0.0977,8.346e-05,0.000339,cell
RNF168,0.0806,0.002097,0.005648,cell
SDE2,-0.0618,0.7708,0.8216,cell
KCNAB1,0.1538,6.758e-24,1.03e-21,cell
AK8,0.0433,0.0602,0.1017,cell
TPM1,-0.1552,0.04401,0.07785,cell
NUPL1,-0.0456,0.9818,0.9866,cell
ZNF7,-0.0124,0.5113,0.598,cell
GLIPR2,-0.0049,0.3794,0.4714,cell
ZKSCAN1,0.2934,6.284e-05,0.0002641,cell
TTN,0.324,1.241e-15,4.897e-14,cell
SPON2,0.0254,0.234,0.3177,cell
DSTN,-0.3394,5.727e-09,6.463e-08,cell
RAB31,0.008,0.2424,0.3267,cell
TSPAN1,-0.0755,0.4296,0.5214,cell
ARPC4,-0.0452,0.4451,0.5366,cell
ARPC5,-0.2635,3.775e-05,0.0001694,cell
GIPC1,0.0096,0.03515,0.06419,cell
COL4A3BP,0.0206,0.0241,0.04659,cell
PQBP1,0.1039,0.00436,0.01066,cell
GPC6,0.0685,8.927e-05,0.0003605,cell
TDRKH,0.1166,0.0001937,0.0007115,cell
ABCC9,0.1599,3.966e-08,3.681e-07,cell
RTCB,0.2861,0.0006615,0.002068,cell
SNRNP27,-0.1706,0.00886,0.01958,cell
TLK2,-0.0485,0.9062,0.9297,cell
DNM1L,0.2509,4.303e-06,2.46e-05,cell
CCDC85B,-0.0563,0.001276,0.003634,cell
ABCB6,0.1423,4.786e-05,0.0002088,cell
ILVBL,0.1432,0.0004188,0.001393,cell
SF3B2,0.2885,4.146e-06,2.385e-05,cell
STK38,0.0903,0.000134,0.0005158,cell
RNF166,0.0253,0.01476,0.03047,cell
ZNF827,0.1017,4.527e-07,3.307e-06,cell
ZNF468,0.0317,0.08936,0.1424,cell
DFFA,0.0476,0.162,0.2336,cell
CTSH,-0.0285,0.9344,0.9512,cell
CTNNA2,0.0314,0.121,0.1837,cell
USF1,0.0044,0.4784,0.5682,cell
SKAP2,-0.0292,0.1248,0.1886,cell
LMCD1,0.0679,0.0003837,0.00129,cell
NR1H2,0.1059,2.859e-05,0.0001335,cell
KIAA0391,0.0836,0.001585,0.004409,cell
NUP93,0.1297,0.0007868,0.002394,cell
STRN3,-0.2731,0.002283,0.006073,cell
TMEM97,0.0043,0.3212,0.412,cell
PICALM,0.1441,0.001643,0.004548,cell
ZKSCAN5,0.0677,0.0007325,0.002257,cell
TFDP1,0.0995,3.096e-05,0.000143,cell
NCAPH2,0.0088,0.2338,0.3175,cell
TMOD2,0.1705,0.001429,0.004019,cell
LOC341056,-0.0089,0.2707,0.3585,cell
TLN2,0.0266,0.001678,0.00463,cell
PPP1R13B,-0.0039,0.06302,0.1057,cell
LAMP2,0.0588,0.9764,0.9822,cell
TMEM258,-0.0831,0.07032,0.1164,cell
UBE2T,0.0332,0.0004105,0.001369,cell
SETD2,0.1514,0.005027,0.01203,cell
FAM155A,0.0523,0.0007738,0.00236,cell
TGOLN2,0.0992,0.1509,0.2204,cell
RAB11A,-0.2185,0.0008771,0.002619,cell
PKM,-0.1205,0.0201,0.03979,cell
PCSK1,1.0225,5.659e-16,2.345e-14,cell
DNASE2,0.1647,0.001027,0.003002,cell
KCNMB3,0.0406,4.291e-05,0.0001893,cell
GYS1,0.0519,0.01799,0.03615,cell
DEAF1,-0.0002,0.5034,0.5911,cell
FASTKD5,0.0027,0.1458,0.2141,cell
NIF3L1,0.0296,0.3268,0.4178,cell
SAV1,-0.1124,0.06269,0.1053,cell
H2AFJ,0.1702,1.839e-05,8.989e-05,cell
CDH26,-0.0055,0.9138,0.9352,cell
TGIF2,-0.0048,0.9881,0.9912,cell
EXOC4,0.173,7.349e-05,0.0003027,cell
HLA-F##1,-0.0091,0.6189,0.6929,cell
SIGIRR,0.0182,0.06302,0.1057,cell
ELK4,0.2451,6.737e-09,7.501e-08,cell
FOXA2,-0.2025,0.01044,0.02258,cell
ERRFI1,-0.4949,0.0005714,0.001827,cell
CYCS,-0.0697,0.5149,0.6012,cell
PDE7B,0.0466,1.239e-06,8.18e-06,cell
TUBA8,0.1577,9.033e-09,9.769e-08,cell
FADS3,0.0735,3.104e-06,1.843e-05,cell
ELP4,-0.2112,0.1534,0.2234,cell
BCAP29,0.0309,0.03778,0.06843,cell
ADAM22,0.0883,1.822e-07,1.466e-06,cell
SIVA1,-0.0101,0.7221,0.7804,cell
ZBTB8A,0.0555,0.002275,0.006057,cell
LIN54,0.004,0.03692,0.06707,cell
FOXP1,-0.317,0.002032,0.005494,cell
NFYA,0.0283,0.01854,0.03708,cell
TSPYL4,0.1517,0.0002867,0.0009996,cell
UTP14C,0.1091,0.003475,0.008718,cell
HNRNPH3,-0.0204,0.964,0.9733,cell
PLEKHA5,0.1104,0.0001589,0.0005988,cell
KIRREL3-AS2,0.0132,0.00176,0.004839,cell
FBXO22,0.0034,0.02572,0.04927,cell
FBXO2,-0.0032,0.9759,0.9819,cell
LYRM7,0.1318,3.823e-06,2.223e-05,cell
NEK8,0.0575,0.0004974,0.001616,cell
WWOX,0.0313,0.0005119,0.001659,cell
VDAC2,-0.3375,1.044e-14,3.386e-13,cell
FGFR1OP2,-0.4677,2.325e-07,1.814e-06,cell
DGCR2,0.1158,0.006046,0.0141,cell
C1orf101,0.027,0.01173,0.02497,cell
TSC22D1,0.3982,0.01117,0.02393,cell
PDE7A,0.026,0.0003489,0.001185,cell
MFSD1,0.072,0.01196,0.02539,cell
POLR2A,0.1129,0.02764,0.05236,cell
LINC00167,-0.0023,0.2606,0.3477,cell
CHRNB2,0.0854,0.002275,0.006057,cell
ACVR2A,0.0924,0.02229,0.04355,cell
RAP1A,-0.1908,0.04183,0.07448,cell
IMP3,-0.2007,0.008081,0.01809,cell
TTC17,0.1978,0.0003392,0.001157,cell
MIR4697HG,0.0135,0.1934,0.271,cell
MRPS7,0.035,0.2092,0.289,cell
MRPS33,-0.0397,0.573,0.6527,cell
MRPS17,-0.0362,0.6962,0.758,cell
XIAP,0.0358,0.01518,0.03121,cell
RPL36A,0.058,0.0166,0.03373,cell
LDLR,0.0561,0.05403,0.09266,cell
NDUFB5,-0.1819,0.01745,0.0352,cell
MPI,0.0267,0.2733,0.3613,cell
RPL36AL,-0.4554,4.026e-19,2.71e-17,cell
SMIM8,0.0181,0.1167,0.1783,cell
USP5,0.2892,6.065e-13,1.541e-11,cell
ZNF266,0.0902,0.003626,0.00905,cell
ARPP19,-0.218,0.002266,0.006037,cell
ZBTB6,0.0027,0.2309,0.3141,cell
CPSF6,0.1171,0.03456,0.06328,cell
ZNF707##1,0.0313,0.0003456,0.001176,cell
HMG20B,0.0775,0.0001253,0.0004863,cell
ALDOC,-0.533,6.959e-10,9.602e-09,cell
F2RL1,-0.1235,0.05276,0.09076,cell
TIMM17A,0.0741,0.03027,0.05646,cell
C1D,-0.1715,2.171e-09,2.675e-08,cell
IFI30,0.1472,3.026e-08,2.908e-07,cell
ADRBK2,0.2504,3.88e-10,5.647e-09,cell
ACTC1,0.1029,5.93e-05,0.0002512,cell
CFDP1,-0.2664,1.399e-05,7.067e-05,cell
BMI1,-0.0065,0.08786,0.1405,cell
U2AF1##1,0.0004,0.4525,0.5432,cell
TALDO1,0.0768,0.2342,0.3179,cell
PNPLA6,0.1751,2.125e-07,1.681e-06,cell
TGFBR3L,-0.0225,0.005207,0.01241,cell
ACSL6,0.0039,0.06291,0.1055,cell
OXCT1,0.0654,0.04385,0.07764,cell
CAMLG,-0.4162,3.722e-08,3.486e-07,cell
TMEM25,0.1007,0.05296,0.09103,cell
KIAA1683,0.0428,5.636e-06,3.143e-05,cell
AGO2,-0.0437,0.9367,0.9529,cell
TBCK,0.092,0.000614,0.001942,cell
PSMD7,0.0756,0.2199,0.3015,cell
FHIT,0.0395,0.0001817,0.0006724,cell
LOC645513,-0.0374,0.4254,0.5171,cell
FXN,0.0673,0.001319,0.003741,cell
DCAF17,-0.0398,0.07761,0.1266,cell
TSHZ2,0.031,0.1264,0.1906,cell
PRIM2,0.01,0.2197,0.3014,cell
ICAM1,-0.1032,0.04588,0.08063,cell
CCT6A,-0.2333,0.002059,0.005552,cell
CTPS1,0.175,1.396e-10,2.291e-09,cell
ERCC4,0.1199,7.074e-06,3.858e-05,cell
HSP90AA1,-1.2127,5.658e-29,1.974e-26,cell
CTCF,-0.0587,0.9304,0.9485,cell
PMVK,0.1912,2.108e-05,0.0001013,cell
RPP30,-0.0322,0.9011,0.9253,cell
EPHA1,0.025,0.0003841,0.001291,cell
LPP,0.1986,8.098e-06,4.361e-05,cell
ELK1,0.0597,0.007663,0.01729,cell
HSPA1B##1,-0.7152,1.294e-06,8.494e-06,cell
ARID3A,-0.0297,0.01697,0.03436,cell
DNASE1,0.0663,1.086e-09,1.426e-08,cell
GTF2H1,0.076,0.003134,0.007977,cell
FBXW7,0.1404,0.003934,0.009724,cell
C7orf43,0.0571,2.736e-06,1.648e-05,cell
TM9SF1,0.0364,0.3938,0.4856,cell
DDOST,0.5516,1.055e-11,2.17e-10,cell
MPST,-0.0339,3.827e-05,0.0001717,cell
LAMTOR5,-0.3858,4.541e-11,8.341e-10,cell
ANP32B,-0.389,1.309e-11,2.653e-10,cell
IPO8,0.1762,7.187e-07,5.024e-06,cell
CLN5,-0.1269,0.2628,0.3501,cell
CHKB,0.0022,0.401,0.4928,cell
ERLIN1,-0.066,0.8239,0.8642,cell
CRKL,0.08,0.1671,0.2396,cell
CRK,0.2002,0.0005916,0.001882,cell
CEBPD,-0.2734,6.535e-06,3.594e-05,cell
COX6A2,-0.0007,0.8728,0.9035,cell
MAP3K8,-0.0543,0.1074,0.1661,cell
ENOX2,0.1018,0.0009572,0.002823,cell
VAT1,0.27,0.0001137,0.0004465,cell
FOSL2,-0.0143,0.9111,0.9336,cell
VTI1B,-0.1594,0.0005816,0.001856,cell
GRK4,0.0248,0.0008381,0.002526,cell
CBL,0.0202,0.09758,0.1533,cell
CAP2,-0.014,0.8178,0.8594,cell
SEC23B,0.2476,0.006208,0.01441,cell
NXF1,0.3799,1.034e-08,1.105e-07,cell
CAPN1,0.196,1.216e-06,8.048e-06,cell
SLC9A6,0.0234,0.02793,0.05279,cell
UBE2E3,0.0074,0.358,0.45,cell
TADA3,-0.0318,0.806,0.8497,cell
HMGN4,-0.2282,0.02092,0.04123,cell
ZBTB18,-0.0062,0.5347,0.6189,cell
TIMM44,0.1299,0.0002826,0.0009871,cell
CACNA1C-AS4,0.02,0.0001184,0.0004622,cell
ZNF83,0.0654,0.01362,0.02839,cell
PGM2,0.0008,0.4017,0.4935,cell
VPS53,0.259,1.925e-11,3.748e-10,cell
PAM16,-0.0029,0.1344,0.2004,cell
MRPS23,0.1291,0.008912,0.01967,cell
FIS1,0.2326,4.76e-06,2.701e-05,cell
KPNA3,0.0113,0.2445,0.3291,cell
TULP3,-0.0058,0.7197,0.7782,cell
FSD2,-0.0135,0.1124,0.1723,cell
TMEM87A,-0.2133,0.02943,0.05513,cell
TBC1D8B,0.103,5.411e-05,0.0002324,cell
CEP120,-0.0302,0.4148,0.5065,cell
FBLN7,0.0022,0.538,0.6219,cell
HAUS4,0.0027,0.5573,0.6389,cell
VRK2,-0.0067,0.08534,0.137,cell
NEMF,-0.0078,0.6651,0.7316,cell
RASGRP1,-0.0892,0.2434,0.3279,cell
EPN1,-0.0048,0.5138,0.6002,cell
MTERF4,0.1285,0.01185,0.0252,cell
RAD23A,0.0502,0.09093,0.1445,cell
ABCD4,0.073,1.858e-06,1.166e-05,cell
SPATC1L,0.0628,3.375e-05,0.0001539,cell
MAP7,0.1998,5.334e-07,3.846e-06,cell
RCAN3,-0.0248,0.1965,0.2742,cell
DOCK7,0.0539,0.04886,0.08507,cell
ACSL1,0.4497,1.932e-07,1.543e-06,cell
BPGM,0.0571,0.04785,0.08359,cell
ALDH1B1,0.027,0.01633,0.03327,cell
BMP8B,0.0543,0.0003022,0.001047,cell
HMHA1,0.0084,0.001402,0.003954,cell
PPP2R5E,-0.2219,0.08024,0.1303,cell
ABLIM2,0.0382,0.2082,0.2879,cell
PAWR,-0.0583,0.3576,0.4495,cell
MFSD10,-0.1656,5.091e-05,0.0002203,cell
NAGLU,0.187,4.322e-14,1.294e-12,cell
NAGA,0.1021,0.008606,0.01908,cell
PRRG1,-0.0369,0.8457,0.8817,cell
SSTR2,0.0285,0.4687,0.5593,cell
PRIM1,0.1047,0.0003948,0.001322,cell
ATR,0.1801,3.388e-06,1.993e-05,cell
RPL5,-0.1364,2.719e-05,0.0001279,cell
GABPA,-0.0553,0.7153,0.7745,cell
DR1,-0.0331,0.4924,0.5816,cell
IFI6,-0.0609,0.174,0.248,cell
SLC6A4,-0.0014,0.9084,0.9314,cell
AGER##5,0.0172,0.02893,0.0543,cell
PPIB,0.5543,1.9e-24,3.073e-22,cell
PON3,0.2483,6.777e-06,3.715e-05,cell
POMC,0.0195,0.004501,0.01095,cell
KCNF1,0.0229,0.0005205,0.001683,cell
KCNA6,0.1091,2.053e-05,9.902e-05,cell
KCNA5,0.0841,0.002596,0.006785,cell
ATXN10,-0.0113,0.6028,0.6791,cell
PRKX,0.0052,0.6934,0.7556,cell
LOC100506388,0.0242,0.00242,0.006385,cell
ARFIP2,0.3278,2.149e-07,1.695e-06,cell
PLK2,0.4237,1.065e-05,5.56e-05,cell
RNF146,0.1892,5.874e-05,0.0002493,cell
LINC00612,0.0197,0.0001836,0.0006781,cell
PDCD4-AS1,0.0034,0.4848,0.5748,cell
SUPT5H,0.13,0.0007329,0.002257,cell
LINC01481,0.0053,0.04822,0.08411,cell
STK39,-0.0134,0.2069,0.2864,cell
LOC642846,0.0052,0.0282,0.05321,cell
TUFM,0.3456,1.725e-07,1.397e-06,cell
MAP2K4P1,-0.0012,0.07306,0.1201,cell
MAGOHB,0.016,0.01544,0.03166,cell
PRPF38B,0.0174,0.1184,0.1805,cell
SLC30A6,0.032,0.2989,0.3887,cell
CLEC2D,0.0026,0.2282,0.3112,cell
SLC45A4,0.0405,0.02396,0.04637,cell
HYLS1,0.0332,0.02328,0.04524,cell
CCNY,0.0397,0.03931,0.07073,cell
RARA,-0.035,0.8964,0.922,cell
PARP9,0.0907,0.03452,0.06322,cell
KIAA1671,0.066,1.874e-06,1.172e-05,cell
CCND3,-0.0285,0.9469,0.9602,cell
CHGA,0.9727,1.568e-17,8.419e-16,cell
AP4M1,0.0729,0.0001448,0.0005527,cell
LPAR2,-0.0027,0.58,0.6586,cell
KCNJ8,0.3923,3.355e-15,1.206e-13,cell
CLTC,0.3865,2.024e-05,9.783e-05,cell
KLHL41,0.1763,2.341e-06,1.434e-05,cell
SMYD5,0.0484,0.002357,0.006242,cell
NAPSA,0.0101,0.1206,0.1833,cell
CHST10,-0.0326,0.8327,0.8704,cell
RPL13AP20,-0.0012,0.2325,0.316,cell
RPL19,-0.0791,0.006196,0.01439,cell
RPL18A,0.0036,0.613,0.688,cell
KCNQ1OT1,0.5081,1.162e-22,1.388e-20,cell
HAUS2,0.0378,0.0007955,0.002418,cell
FAM86C1,0.0175,0.0347,0.0635,cell
TMEM57,-0.0974,0.2866,0.3753,cell
HIPK3,0.0144,0.4942,0.5832,cell
ARHGAP21,-0.0094,0.09025,0.1436,cell
TMEM181,0.0422,0.08498,0.1365,cell
RIF1,0.1607,5.742e-05,0.0002445,cell
SMG8,-0.0079,0.8255,0.8651,cell
GNE,-0.1149,0.656,0.7246,cell
YJEFN3,-0.0055,0.3842,0.476,cell
AGAP1,0.0707,0.000182,0.0006732,cell
ZNF3,0.082,0.01133,0.02421,cell
TASP1,0.0591,0.003443,0.008645,cell
PATL1,-0.1057,0.6666,0.7329,cell
STT3A,0.2057,0.01755,0.03536,cell
KLHDC1,0.0555,9.958e-06,5.241e-05,cell
ZNF334,0.0603,0.000893,0.002662,cell
RPL13A,0.297,9.422e-10,1.262e-08,cell
PRKAG2,-0.1899,0.5177,0.6038,cell
RRAGB,0.0011,0.2866,0.3753,cell
MTERF3,-0.076,0.3725,0.4642,cell
MBIP,-0.168,0.06293,0.1056,cell
FSTL4,0.2855,1.157e-08,1.226e-07,cell
STXBP5L,0.0945,0.001244,0.003553,cell
TBC1D2B,0.1142,1.997e-07,1.59e-06,cell
BLOC1S6,-0.1955,0.07258,0.1194,cell
GMEB2,0.0147,0.1179,0.1797,cell
SARM1,0.0759,7.057e-05,0.0002919,cell
NFATC2,0.1796,1.415e-13,3.941e-12,cell
TSPAN12,0.1599,9.064e-05,0.0003657,cell
NARF,-0.1466,0.1562,0.2267,cell
MYO10,0.0055,0.8187,0.86,cell
CRTC1,0.0705,1.911e-06,1.193e-05,cell
STAT5B,0.1558,1.407e-06,9.099e-06,cell
MAPRE1,-0.6957,1.958e-15,7.375e-14,cell
YWHAG,-0.2307,6.204e-05,0.0002614,cell
TCF25,0.4587,3.324e-15,1.198e-13,cell
LSM4,0.1351,0.002242,0.005983,cell
LETM1,0.1436,9.399e-10,1.26e-08,cell
LDOC1,0.2571,6.271e-07,4.454e-06,cell
ZC3H13,0.1506,0.0006205,0.001959,cell
MAN2A1,-0.0859,0.785,0.8333,cell
UBE2V2,-0.1697,0.05124,0.08859,cell
UBE2N,-0.0763,0.6209,0.6947,cell
MAGOH,-0.0654,0.1385,0.2054,cell
UBE2G1,-0.0944,0.698,0.7591,cell
MAD2L1,-0.0328,0.4936,0.5827,cell
MXD1,-0.0754,0.7066,0.7671,cell
M6PR,-0.0508,0.308,0.3982,cell
EPCAM,0.1504,0.8708,0.9022,cell
TACSTD2,0.0259,0.007025,0.01603,cell
UBA52,-0.1277,0.0004513,0.001488,cell
PIM1,-0.0219,0.4589,0.5493,cell
ORC5,-0.0851,0.9414,0.9561,cell
LTBR,-0.0908,0.3943,0.4861,cell
JOSD1,0.0479,0.04726,0.0827,cell
LSS,0.5128,3.537e-23,4.738e-21,cell
BAZ2A,0.6582,1.371e-21,1.388e-19,cell
PREB,0.4135,5.116e-11,9.293e-10,cell
C11orf70,0.0388,0.0009809,0.002883,cell
SARS2,0.0598,8.457e-06,4.535e-05,cell
VPRBP,0.1932,0.000554,0.001778,cell
SH3BP2,0.025,0.03476,0.06359,cell
LOC101927027,-0.0723,0.959,0.9694,cell
LOC101928020,0.0201,0.03296,0.06081,cell
LINC01237,0.0026,0.2919,0.3811,cell
CEP85,0.2168,1.485e-10,2.419e-09,cell
PHB,0.0629,0.08087,0.1311,cell
CLPTM1,0.3598,1.651e-07,1.344e-06,cell
NOP9,0.1006,2.27e-06,1.398e-05,cell
MROH1,0.232,1.361e-18,8.434e-17,cell
API5,-0.024,0.9146,0.9357,cell
SPECC1,0.0471,0.007057,0.01609,cell
RIPPLY2,-0.0343,0.8145,0.8564,cell
METTL18,-0.0021,0.586,0.6639,cell
ZNF622,-0.2297,0.005071,0.01212,cell
SLC25A51,0.0626,0.002952,0.007588,cell
PTPRF,0.0151,0.2396,0.3236,cell
A1BG,-0.0847,6.966e-05,0.0002887,cell
RAB24,-0.0021,0.99,0.9927,cell
CDC27,0.0127,0.1317,0.1971,cell
CNTNAP5,0.0868,2.71e-07,2.076e-06,cell
S100Z,0.0321,1.062e-05,5.547e-05,cell
ZNF274,-0.0937,0.1966,0.2744,cell
TANC1,-0.0616,0.007257,0.01648,cell
ZFHX2,0.0523,0.0008934,0.002663,cell
SEC14L2,0.0784,1.989e-06,1.237e-05,cell
MADD,0.3462,9.194e-08,7.932e-07,cell
FDFT1,0.7242,1.331e-15,5.175e-14,cell
THAP5,-0.1742,0.04151,0.07404,cell
SETSIP,-0.0021,0.06113,0.103,cell
CLIC1,-0.0569,0.1583,0.2292,cell
ZBTB17,0.1408,2.539e-08,2.486e-07,cell
ARHGAP30,0.0261,0.238,0.3219,cell
PQLC2,0.0307,0.01574,0.03219,cell
CNEP1R1,-0.0071,0.0794,0.1291,cell
SLC35B2,0.2459,3.857e-05,0.0001725,cell
MIPOL1,-0.0474,0.1607,0.2322,cell
GSTO2,0.2198,5.317e-05,0.0002287,cell
NEK4,0.112,9.118e-05,0.0003676,cell
POLR2C,-0.0023,0.4988,0.5869,cell
RNF40,0.3332,1.719e-15,6.588e-14,cell
CUL2,0.0717,0.01836,0.03677,cell
SSC5D,0.0216,0.457,0.5474,cell
MNX1,-0.0179,0.3077,0.3979,cell
MMP24,0.0629,2.005e-06,1.245e-05,cell
MLEC,0.0971,0.08576,0.1376,cell
LAMC2,0.1765,1.97e-08,1.973e-07,cell
LCN2,-0.0093,0.001317,0.003735,cell
DXO,0.0737,0.01489,0.03071,cell
UBA2,-0.1924,0.01787,0.03593,cell
POMGNT1,0.2966,1.942e-11,3.771e-10,cell
IDH2,-0.1298,0.024,0.04642,cell
NIP7,-0.0353,0.6568,0.7252,cell
TRMT112,-0.1923,1.002e-05,5.269e-05,cell
CMPK1,-0.1822,0.007888,0.01771,cell
WNK1,0.3745,8.93e-09,9.674e-08,cell
ZNF589,0.0898,2.057e-05,9.914e-05,cell
PJA2,-0.0519,0.2065,0.2859,cell
TOMM70A,-0.0229,0.1243,0.188,cell
NAA20,0.0626,0.9155,0.9362,cell
TRIM66,0.1814,8.831e-13,2.172e-11,cell
STYXL1,-0.0615,0.683,0.7467,cell
ATRAID,0.3944,2.216e-07,1.741e-06,cell
PSMD6,-0.0493,0.3411,0.4326,cell
UBE2D4,0.0598,0.06697,0.1116,cell
CEP170,0.0519,0.002935,0.007554,cell
PPP1R26,0.1437,1.931e-11,3.754e-10,cell
GLOD4,-0.0668,0.6207,0.6946,cell
KIAA0319,0.3908,1.283e-16,5.907e-15,cell
FARP2,0.0395,0.02012,0.03982,cell
TVP23B,-0.0867,0.1468,0.2153,cell
PLEKHM1,0.0673,3.969e-05,0.0001768,cell
CRYL1,0.0921,0.01269,0.02675,cell
BOLA1,0.0521,0.01621,0.03304,cell
HDGFRP3,-0.0784,0.3919,0.4838,cell
FAXC,0.0517,0.01763,0.03548,cell
KDM7A,-0.1137,0.612,0.6872,cell
SH3BP5L,0.011,0.08234,0.1331,cell
APOL6,0.1927,0.002615,0.006826,cell
DDHD1,0.1463,6.655e-07,4.694e-06,cell
EEPD1,0.053,0.002253,0.00601,cell
COASY,0.0897,0.04033,0.07228,cell
IGSF22,0.0034,0.3253,0.4164,cell
ZNF219,0.0269,0.001888,0.005143,cell
STYX,-0.017,0.3509,0.4429,cell
KCTD1,-0.0649,0.01752,0.03531,cell
LAMTOR2,0.0023,0.3949,0.4867,cell
PHOSPHO2,0.0074,0.001102,0.003194,cell
LRBA,0.2205,4.425e-06,2.526e-05,cell
ASAP2,-0.0034,0.1018,0.1588,cell
LRRC39,-0.0086,0.665,0.7316,cell
MCMBP,-0.2183,0.01561,0.03194,cell
C12orf79,0.0129,0.8712,0.9024,cell
LOC100335030,0.0263,0.02343,0.04547,cell
LTB4R,0.0317,0.0004101,0.001368,cell
KCNMB2-AS1,0.0,0.03061,0.057,cell
MGST2,0.0972,0.008904,0.01966,cell
KLHL25,0.0185,0.2819,0.3704,cell
DNAJC5,0.1945,1.891e-05,9.21e-05,cell
TANC2,0.258,0.0002234,0.0008061,cell
TTYH3,0.021,0.01478,0.0305,cell
AZI2,-0.3625,3.515e-05,0.0001594,cell
FLJ44511,-0.0178,0.7908,0.838,cell
SMG1P7,0.0084,0.1644,0.2365,cell
EML2,0.0121,0.04151,0.07404,cell
TNFSF10,-0.0057,0.5611,0.6424,cell
SARS,-0.2596,0.0008561,0.002569,cell
MIB2,0.0347,0.0001404,0.0005376,cell
CCT7,0.0064,0.7014,0.7623,cell
SMARCA1,-0.0522,0.9148,0.9357,cell
SATB1,0.2141,2.802e-08,2.714e-07,cell
SBF1,0.1506,5.236e-12,1.133e-10,cell
SERPINB9,0.037,0.001105,0.003202,cell
ILF2,0.1239,0.1735,0.2474,cell
FOXK2,0.1364,0.0001541,0.0005843,cell
LRRC45,0.0238,1.091e-06,7.303e-06,cell
UVRAG,-0.0106,0.1521,0.2219,cell
IDI1,0.0725,0.1844,0.2606,cell
HUS1,0.015,0.1896,0.2666,cell
STAP2,-0.0992,1.856e-07,1.49e-06,cell
LARS2,0.0505,0.04421,0.07815,cell
DPP8,0.0353,0.048,0.08383,cell
DCAF16,0.0871,0.00211,0.005676,cell
ZDHHC7,0.0879,0.0006031,0.001914,cell
DAAM2,0.0075,0.8042,0.8483,cell
SLC4A8,0.0438,0.1089,0.1678,cell
PPP6C,-0.0788,0.2948,0.3842,cell
MTO1,0.0433,0.07489,0.1227,cell
GPRASP1,0.2068,0.0005913,0.001881,cell
EHBP1L1,0.0429,0.002213,0.005914,cell
PHF21B,0.017,0.004265,0.01046,cell
NXT1,-0.079,0.5872,0.6649,cell
NUFIP1,0.0417,0.000566,0.00181,cell
ARPC3,-0.3071,7.298e-10,9.976e-09,cell
PDK1,-0.458,2.135e-09,2.636e-08,cell
NR6A1,0.0348,0.003468,0.008702,cell
DGKH,0.0355,0.0003051,0.001055,cell
SELENBP1,0.031,0.129,0.1938,cell
CLCC1,-0.0802,0.7335,0.7906,cell
MSH2,0.1348,1.832e-05,8.96e-05,cell
SOCS2,-0.2186,0.2219,0.304,cell
RNF111,0.0442,0.01191,0.02531,cell
CNNM1,0.0411,0.009505,0.02083,cell
EMC3,0.1266,0.06064,0.1024,cell
RAB14,-0.0877,0.3059,0.396,cell
C1QTNF3,0.0227,0.0378,0.06844,cell
CCDC39,0.0117,0.0007521,0.002308,cell
NCKIPSD,0.1272,0.0002546,0.0009033,cell
SUPT3H,0.0163,0.548,0.631,cell
RBM38,-0.002,0.6519,0.7213,cell
FBXO25,-0.0048,0.6203,0.6943,cell
ID1,-0.2847,0.07686,0.1255,cell
ATF7IP,0.3753,1.165e-09,1.525e-08,cell
FBXO44,0.1093,1.981e-05,9.596e-05,cell
ANKEF1,0.0559,0.01432,0.02968,cell
RBL1,0.0144,0.04215,0.07498,cell
DCUN1D3,-0.005,0.319,0.4099,cell
MFSD8,-0.0787,0.5863,0.6642,cell
DNLZ,-0.0366,0.01238,0.02617,cell
FASTKD3,0.038,0.05237,0.09021,cell
SLC46A1,0.0908,2.302e-06,1.416e-05,cell
CAAP1,0.0191,0.0002414,0.0008627,cell
LPCAT1##1,0.1181,3.719e-05,0.0001675,cell
TGS1,-0.0075,0.3001,0.3898,cell
CLUAP1,0.0238,0.08766,0.1402,cell
ZNF527,0.0323,0.003714,0.009246,cell
JPH4,0.0241,0.0109,0.02343,cell
SPIRE2,0.1164,3.12e-10,4.639e-09,cell
MSI2,0.1607,1.682e-08,1.719e-07,cell
CTSB,0.3396,0.0002102,0.0007647,cell
ALB,-0.001,0.3091,0.3993,cell
NUDT19,-0.0315,0.3376,0.4292,cell
TMEM64,0.0429,0.08341,0.1345,cell
VPS37A,-0.2704,0.003674,0.009161,cell
CEP290,0.0251,0.0005992,0.001904,cell
FAM136A,0.1013,0.0174,0.03512,cell
ZNF341,0.035,0.004213,0.01034,cell
NFATC2IP,0.0861,0.0003689,0.001245,cell
RNFT2,0.0726,1.264e-06,8.316e-06,cell
TMTC4,0.0591,0.0001935,0.0007111,cell
TAOK1,0.154,0.005316,0.01263,cell
FAM73B,0.1039,1.86e-08,1.875e-07,cell
ZDHHC12,0.0479,0.008936,0.01972,cell
ATAD1,-0.0248,0.924,0.9431,cell
SPG11,0.1968,7.49e-08,6.586e-07,cell
OPA3,0.091,0.0004213,0.0014,cell
RPUSD4,0.0445,0.2085,0.2883,cell
ADO,0.0187,0.123,0.1863,cell
TYW3,-0.0661,0.862,0.8957,cell
SLC45A1,0.0395,0.03011,0.05622,cell
TMEM161B,-0.1066,0.2996,0.3895,cell
C14orf93,0.0859,0.01025,0.02222,cell
CCAR1,0.4249,7.491e-10,1.019e-08,cell
ZNF502,-0.0024,0.008087,0.0181,cell
ANO6,-0.0025,0.9702,0.9776,cell
DBT,0.0766,0.002137,0.005738,cell
CENPC,-0.0832,0.7495,0.8035,cell
ABCC1,0.0437,0.02285,0.04452,cell
JAK2,0.0427,0.005337,0.01267,cell
CORO2A,-0.0659,0.0006195,0.001956,cell
N4BP2L1,0.0055,0.009765,0.02129,cell
TM2D1,-0.3095,8.617e-06,4.613e-05,cell
TAF3,0.0048,0.3506,0.4427,cell
PCYT2,0.0722,0.01495,0.03081,cell
GDA,-0.0847,0.7767,0.8266,cell
SEC24D,-0.1188,0.1963,0.274,cell
ERMARD,0.1214,0.0002476,0.0008813,cell
ARHGEF40,0.1759,4.474e-13,1.156e-11,cell
TRAK1,0.3186,4.499e-09,5.196e-08,cell
ST3GAL6,0.0713,0.005916,0.01385,cell
UPF2,-0.0328,0.9405,0.9557,cell
GPATCH1,0.0417,0.1277,0.1922,cell
DDIT3,-0.5813,2.763e-06,1.661e-05,cell
ZNF200,-0.019,0.9553,0.9664,cell
STAM,-0.0155,0.5025,0.5903,cell
SCG2,1.1516,5.668e-14,1.663e-12,cell
NDUFC2,-0.0248,0.4419,0.5335,cell
NDUFB10,0.0085,0.9065,0.9299,cell
NDUFB4,-0.2548,2.155e-07,1.699e-06,cell
NDUFB2,-0.1814,3.645e-06,2.128e-05,cell
PTP4A1,-0.4931,8.463e-07,5.805e-06,cell
DNALI1,0.1515,0.0008485,0.002549,cell
BSN,0.2884,1.87e-10,2.962e-09,cell
TRIM26##3,-0.0086,0.3489,0.4408,cell
TGM2,-0.651,1.602e-11,3.166e-10,cell
HIST1H3A,0.0239,0.136,0.2023,cell
HIST2H2AC,0.009,0.0007837,0.002388,cell
RAD9A,0.031,2.295e-07,1.794e-06,cell
HIST1H2BG,0.0087,0.08364,0.1347,cell
HIST1H2AC,-0.0625,0.2633,0.3506,cell
HIST1H2AK,0.0048,0.1598,0.231,cell
TRRAP,0.1602,6.88e-09,7.646e-08,cell
SEPN1,0.1098,2.13e-07,1.683e-06,cell
NAV1,0.1369,0.03912,0.07045,cell
FANCF,0.0322,0.2768,0.3651,cell
CORO1B,0.0367,0.03709,0.06736,cell
STARD3,0.016,0.1297,0.1947,cell
CCDC113,0.1199,1.272e-07,1.059e-06,cell
TAF12,0.0144,0.1477,0.2163,cell
FDPS,0.1581,0.00589,0.01381,cell
AURKC,0.0469,0.05919,0.1002,cell
LRPAP1,0.5007,6.341e-16,2.595e-14,cell
LRP4,-0.0009,0.4856,0.5754,cell
ITPR1,-0.0285,0.7828,0.8316,cell
ESF1,-0.0186,0.3731,0.4649,cell
PRR34,-0.0056,0.04065,0.07276,cell
MRPL50,-0.4147,2.564e-08,2.509e-07,cell
LARP7,-0.1444,0.1742,0.2483,cell
C9orf9,0.0042,0.3305,0.4217,cell
MAML3,0.1703,2.429e-06,1.482e-05,cell
ASNSD1,-0.2374,0.007778,0.0175,cell
NANS,0.2751,1.571e-06,1.003e-05,cell
MRPS30,-0.0661,0.7586,0.8109,cell
TNFRSF12A,0.1025,0.1686,0.2414,cell
MIS18A,0.0098,0.06462,0.1081,cell
AGAP2-AS1,0.0045,0.1499,0.2191,cell
UCK1,0.1294,0.0004147,0.001381,cell
CPT1C,0.0553,0.0002248,0.000811,cell
MARCH9,0.1864,3.154e-11,5.908e-10,cell
GTDC1,0.0246,0.0822,0.1329,cell
MARK3,0.0253,0.08456,0.136,cell
COMMD5,0.0747,0.008202,0.01833,cell
ASTE1,0.0007,0.1023,0.1595,cell
MALT1,0.0288,0.002559,0.006706,cell
RTBDN,0.0251,0.03644,0.06633,cell
NDUFAF5,0.036,0.06662,0.111,cell
TAF1D,-0.3526,1.31e-05,6.678e-05,cell
AGPAT6,0.2838,1.418e-07,1.17e-06,cell
CMTM4,0.2575,2.217e-07,1.741e-06,cell
ARL5B,-0.0456,0.2963,0.3858,cell
METTL20,0.0613,0.002065,0.005567,cell
NFATC3,0.0604,0.0307,0.05716,cell
NPAS3,0.0664,5.268e-09,5.991e-08,cell
CAPN3,0.0734,1.684e-07,1.369e-06,cell
ZDHHC21,0.0331,0.0002327,0.0008356,cell
AGBL3,-0.0054,0.8665,0.8989,cell
ZNF680,0.0001,0.1246,0.1884,cell
TNS2,0.2064,1.533e-06,9.815e-06,cell
ARHGEF4,0.006,0.06472,0.1083,cell
ARHGEF18,0.0661,0.001412,0.003977,cell
RAB3D,0.2763,6.009e-12,1.289e-10,cell
BAG2,-0.1238,0.2577,0.3443,cell
FFAR2,-0.0359,0.005232,0.01246,cell
GPR22,0.0332,0.004135,0.01017,cell
GOLT1B,-0.3361,0.0013,0.003692,cell
FFAR1,-0.0335,0.7976,0.843,cell
GPR18,0.0097,0.2125,0.2929,cell
BAG3,-0.4706,0.0006443,0.002023,cell
ERICH5,0.1581,0.00066,0.002063,cell
TAPBP##3,0.256,2.748e-05,0.0001291,cell
PCNA,0.0236,0.2379,0.3218,cell
RASSF1,0.0141,0.5899,0.6674,cell
TCF20,0.1013,0.01283,0.02701,cell
TMEM116,-0.1028,0.6696,0.7351,cell
NFAT5,-0.1467,0.2819,0.3705,cell
RHOT2,0.2216,3.112e-12,6.9e-11,cell
PSMA1,0.138,0.4126,0.5043,cell
TIRAP,0.0189,0.152,0.2217,cell
COMT,0.0372,0.2087,0.2885,cell
DIAPH2,-0.0417,0.56,0.6413,cell
TREX1,0.1898,1.982e-07,1.579e-06,cell
KLHL15,-0.0677,0.05801,0.09853,cell
TOX4,0.2496,2.849e-05,0.0001331,cell
PCDH7,0.2648,6.06e-09,6.781e-08,cell
SIRT2,0.1706,3.242e-06,1.916e-05,cell
CPEB1,-0.0644,0.3202,0.411,cell
TAB3,-0.1018,0.5543,0.6361,cell
APOL2,0.34,3.592e-10,5.268e-09,cell
OMA1,0.0548,0.02835,0.05344,cell
CYB5B,-0.0227,0.9609,0.9711,cell
C4orf33,-0.0218,0.2173,0.2986,cell
FBXL19,0.0085,0.08232,0.1331,cell
CNTRL,0.1049,0.029,0.05442,cell
DDX39A,0.1339,0.0005296,0.001708,cell
LOC100499484,-0.0086,0.8954,0.9216,cell
ZNF667-AS1,-0.0417,0.825,0.8649,cell
CCT3,-0.1413,0.02552,0.04897,cell
LOC100129917,0.0796,6.119e-08,5.46e-07,cell
THOC5,0.0254,0.0322,0.05961,cell
LOC100128398,0.0155,0.007846,0.01764,cell
NDUFAF4P1,0.0036,0.232,0.3155,cell
LOC339803,0.0525,0.02054,0.04057,cell
STAG3L5P-PVRIG2P-PILRB,0.1103,1.734e-21,1.729e-19,cell
PRKCQ-AS1,0.0396,0.02315,0.04502,cell
LINC00997,0.0332,0.0001273,0.000493,cell
FOXN3-AS1,0.0202,0.08952,0.1426,cell
FGF14-IT1,-0.0061,0.06806,0.1131,cell
SBF2-AS1,-0.0628,0.8831,0.9117,cell
TMEM198B,0.0755,2.117e-13,5.718e-12,cell
GKAP1,-0.0883,0.3058,0.396,cell
TPRA1,0.0704,0.01502,0.03092,cell
ESRRG,0.005,0.2873,0.376,cell
TMEM19,0.1654,0.0001323,0.0005101,cell
TATDN3,0.0409,0.0682,0.1133,cell
BBIP1,-0.0744,0.6576,0.7256,cell
PARP1,0.2554,0.0002262,0.0008151,cell
MRS2P2,-0.0067,0.3479,0.4398,cell
SALL2,0.273,7.32e-09,8.084e-08,cell
JAKMIP1,0.0489,0.01869,0.03732,cell
MEGF8,0.0999,4.172e-06,2.395e-05,cell
HMBOX1,0.0157,0.2166,0.2979,cell
CYB561A3,0.1911,1.229e-05,6.303e-05,cell
BRCC3,-0.0088,0.1427,0.2104,cell
FAM20A,0.1514,3.382e-07,2.541e-06,cell
KRR1,-0.1199,0.1941,0.2717,cell
STAG2,-0.1253,0.4497,0.5408,cell
WASL,-0.2354,0.00184,0.005029,cell
ALDH18A1,0.3487,7.467e-08,6.57e-07,cell
ABCD3,-0.0804,0.5258,0.6114,cell
PEX19,0.0065,0.3754,0.4671,cell
CRIPT,-0.0298,0.6249,0.698,cell
PTPRN2,0.3785,1.2e-08,1.266e-07,cell
ASB4,0.0823,0.001179,0.003389,cell
TELO2,0.0563,9.096e-07,6.204e-06,cell
GOLGA7,-0.1831,0.01769,0.0356,cell
LPPR4,0.0583,0.00997,0.02168,cell
NUAK1,0.2746,6.073e-12,1.301e-10,cell
ZFR,-0.0479,0.6627,0.73,cell
PTRH2,-0.0995,0.385,0.4768,cell
ERGIC3,0.2534,0.0005618,0.0018,cell
TBC1D4,0.0844,0.02514,0.0483,cell
COMMD2,-0.0153,0.9286,0.9471,cell
ZBTB39,0.0188,0.1293,0.1942,cell
RPL26L1,-0.0146,0.7014,0.7623,cell
TLE2,0.0536,0.1684,0.2412,cell
SLC7A4,0.0613,0.01394,0.02899,cell
SP3,0.0883,0.001875,0.00512,cell
THBS1,0.0011,0.8421,0.8786,cell
VAMP1,0.0304,0.001277,0.003636,cell
HIRA,0.0816,0.0001503,0.0005709,cell
FARSA,0.2911,1.399e-11,2.815e-10,cell
UBOX5,0.0395,0.09509,0.1501,cell
DUSP14,0.0731,0.008385,0.01868,cell
RAPGEF4,0.0562,0.008875,0.01961,cell
C21orf59,0.0445,0.1733,0.2472,cell
ENTPD4,0.2902,3.06e-07,2.318e-06,cell
USP6NL,0.0446,0.1248,0.1886,cell
SIRT1,-0.114,0.5268,0.6121,cell
MYO5A,0.1443,0.0002195,0.0007941,cell
BTG2,-0.2259,0.2487,0.3338,cell
YWHAE##1,0.0339,0.7926,0.8391,cell
ZNF862,0.1814,2.804e-08,2.714e-07,cell
ZNF780A,0.0108,0.03793,0.06861,cell
POLE,0.0929,9.133e-05,0.000368,cell
LGALS3,-0.0066,0.5329,0.6174,cell
MX1,-0.1122,0.0003299,0.001129,cell
VPS29,0.0978,0.3985,0.4904,cell
ZNF775,0.0062,0.5978,0.6746,cell
PARD3B,0.016,0.07474,0.1225,cell
NAA15,0.1022,0.0009379,0.002774,cell
PINK1,0.1231,9.332e-10,1.253e-08,cell
SYVN1,0.149,9.743e-07,6.599e-06,cell
ZNF333,-0.0695,0.8699,0.9014,cell
SMC6,0.2009,3.134e-10,4.653e-09,cell
ARCN1,0.1781,0.105,0.1629,cell
PSMC3,0.3088,1.595e-06,1.016e-05,cell
ANKH,0.3478,1.323e-06,8.668e-06,cell
SNORA53,0.0071,0.5997,0.6763,cell
MON1B,0.0518,0.02579,0.04939,cell
LOC101929718,0.0043,0.06925,0.1149,cell
TTC19,0.0239,0.0339,0.06225,cell
EVI5,0.1628,2.338e-07,1.821e-06,cell
MEAF6,0.0545,0.5976,0.6745,cell
NUP107,0.1379,5.41e-05,0.0002324,cell
RFX7,0.2426,2.526e-10,3.855e-09,cell
MRPS11,0.0707,0.01523,0.0313,cell
METTL4,0.0324,0.07101,0.1174,cell
GPCPD1,-0.1441,0.1025,0.1597,cell
PORCN,0.0767,6.937e-06,3.795e-05,cell
USP46,0.0605,0.00321,0.008146,cell
SPATA20,0.0758,0.0002034,0.0007431,cell
MARCH7,-0.1787,0.05497,0.094,cell
KIAA1217,-0.024,0.095,0.15,cell
ARHGEF3,0.1067,0.01635,0.0333,cell
MCOLN1,0.1338,8.19e-06,4.406e-05,cell
SNURF,-0.0111,0.07507,0.123,cell
RTN4,-0.508,4.19e-12,9.124e-11,cell
NFKBIA,-0.1785,0.3033,0.3932,cell
PBXIP1,0.2461,3.675e-17,1.839e-15,cell
RHCE,0.0203,0.05974,0.101,cell
IQCH,0.0504,1.096e-05,5.701e-05,cell
AP2M1,0.3986,6.288e-09,7.024e-08,cell
CACNA1B,0.014,0.08163,0.1322,cell
RMND5A,-0.1567,0.2472,0.3321,cell
SNX3,-0.7078,4.382e-20,3.565e-18,cell
NHSL1,-0.0151,0.9963,0.9976,cell
SMEK2,0.1591,0.0005849,0.001865,cell
TLCD1,0.0144,0.4673,0.5581,cell
OSBPL11,-0.023,0.4717,0.5622,cell
EXO5,0.033,0.006401,0.0148,cell
EPS8L2,0.0616,0.005392,0.01278,cell
RBM15,-0.0821,0.6003,0.6766,cell
AEN,0.0137,0.5262,0.6116,cell
RBMX2,-0.0247,0.8334,0.871,cell
RMND5B,0.0168,0.1193,0.1816,cell
C11orf1,-0.3011,0.0002128,0.0007724,cell
PCED1A,0.0164,0.2386,0.3225,cell
APOL4,0.0488,0.02456,0.04737,cell
CACHD1,0.0225,0.03935,0.07079,cell
PPP4C,-0.0661,0.2778,0.3661,cell
TSPYL5,0.1734,8.401e-05,0.0003408,cell
DENND2C,0.0153,0.02839,0.05349,cell
RABGEF1,-0.0102,0.2962,0.3857,cell
SMIM1,-0.0058,0.7307,0.788,cell
WDR81##1,0.0501,0.000292,0.001017,cell
FOXN2,0.0018,0.1134,0.1738,cell
NXN,0.0292,0.09827,0.1541,cell
THRA,0.1869,6.604e-09,7.365e-08,cell
NLRC4,0.015,0.09834,0.1542,cell
LOC100129034,0.0321,0.01123,0.02404,cell
MTHFD2,-0.6013,5.258e-08,4.739e-07,cell
HHLA3,-0.1078,0.03321,0.0612,cell
TJAP1,0.0523,0.00584,0.01371,cell
MTHFSD,0.0533,0.05982,0.1011,cell
AHR,0.0379,0.05887,0.09973,cell
AHNAK,0.0274,0.008334,0.01858,cell
SGTA,0.1359,0.001999,0.005414,cell
SDHC,0.0898,4.262e-06,2.441e-05,cell
NUP88,0.2432,4.412e-06,2.52e-05,cell
WWC1,0.0227,0.4981,0.5863,cell
NSUN4,0.1278,0.0002116,0.0007689,cell
CERS6,-0.1904,0.02683,0.05113,cell
RPL18,-0.0394,0.198,0.2761,cell
TAF11,-0.1864,0.0167,0.0339,cell
CAMKK2,0.0534,0.003496,0.008763,cell
GRAMD4,0.0173,0.0004862,0.001583,cell
PRPF6,0.0544,0.194,0.2716,cell
ZC3H3,0.0588,0.009102,0.02003,cell
DCUN1D4,-0.183,0.2947,0.3841,cell
TLL2,-0.0134,0.3103,0.4006,cell
ATP6V0A2,0.028,0.002563,0.006713,cell
LOC728739,0.027,0.3636,0.4553,cell
EPS15,0.2426,1.341e-05,6.818e-05,cell
KCNN3,0.1227,4.338e-09,5.023e-08,cell
LRP1,0.1068,2.347e-05,0.0001116,cell
STRN,0.0451,0.0117,0.02491,cell
EXPH5,-0.5691,3.576e-09,4.223e-08,cell
EPN2,0.1179,1.446e-06,9.301e-06,cell
COL3A1,-0.0111,0.0001137,0.0004465,cell
CP,-0.0331,0.6641,0.7309,cell
STAG3,0.0252,8.061e-11,1.394e-09,cell
FAM222A-AS1,0.0036,0.03527,0.06438,cell
RNF24,-0.1012,0.001493,0.004177,cell
DDTL,0.0029,0.5283,0.6134,cell
GNPAT,-0.0083,0.6048,0.6809,cell
BABAM1,0.0395,0.2667,0.3543,cell
CTDNEP1,-0.0662,0.02564,0.04917,cell
PPWD1,0.0393,0.1188,0.1809,cell
MKRN2,-0.0172,0.2988,0.3886,cell
SLC5A4,0.0339,0.0006167,0.001949,cell
ZDHHC17,-0.0851,0.2512,0.3369,cell
NUDCD3,0.276,1.495e-06,9.587e-06,cell
SMARCAL1,0.1193,0.0001834,0.0006774,cell
C16orf72,-0.0232,0.5769,0.6558,cell
TRPS1,0.0991,0.0003497,0.001187,cell
PEA15,-0.1576,0.005958,0.01393,cell
CRYZL1,0.0183,0.1197,0.182,cell
CCDC101,0.0235,0.07572,0.1239,cell
HACD4,-0.0152,0.04611,0.08096,cell
CTU1,-0.0036,0.8472,0.8827,cell
MRAP2,0.4827,1.411e-10,2.311e-09,cell
PFDN5,-0.0349,0.2462,0.3311,cell
MARS2,-0.0273,0.697,0.7583,cell
RBFOX1,0.0401,3.165e-08,3.023e-07,cell
SP140L,0.0008,0.05839,0.09904,cell
PACS1,0.0497,0.0001135,0.0004463,cell
MBTPS2,0.13,0.000742,0.002282,cell
GSTZ1,0.0906,0.0007671,0.002346,cell
G6PC3,0.3102,5.6e-14,1.646e-12,cell
MTG1,0.1116,7.363e-05,0.0003032,cell
PKDCC,0.0434,0.0122,0.02584,cell
DHX16##2,0.2831,7.225e-11,1.266e-09,cell
C9orf69,-0.0121,0.8815,0.9105,cell
ZNF74,0.0659,0.002963,0.007603,cell
TAOK2,0.156,2.327e-12,5.33e-11,cell
PRKCZ,0.0091,0.5358,0.6199,cell
PRMT2,-0.0887,0.2683,0.3561,cell
RBBP9,0.0621,0.03089,0.05746,cell
ITGA3,0.1529,1.156e-07,9.761e-07,cell
MAP3K1,0.0036,0.03179,0.05892,cell
TOB1,0.2744,0.0001401,0.0005364,cell
NAMPT,-0.4548,4.104e-13,1.063e-11,cell
ZFP36L2,0.2218,1.27e-05,6.491e-05,cell
ARL4C,0.2199,6.006e-09,6.744e-08,cell
ACTR1A,0.39,5.021e-09,5.73e-08,cell
RAD50,0.3712,3.486e-09,4.131e-08,cell
YY2,0.001,0.8248,0.8648,cell
CEP85L,0.0633,0.0007974,0.002422,cell
NGFRAP1,0.3701,6.739e-07,4.74e-06,cell
WDR78,0.0717,9.154e-05,0.0003686,cell
METTL21B,0.2031,3.668e-06,2.14e-05,cell
SLC24A5,-0.0125,0.447,0.5383,cell
RALYL,-0.0022,0.903,0.927,cell
ZBTB42,-0.0035,0.5756,0.6549,cell
MCTS1,-0.1508,0.06429,0.1076,cell
NFIA,0.1075,7.421e-06,4.036e-05,cell
POGLUT1,0.1809,2.67e-06,1.611e-05,cell
PRH1##2,-0.0013,0.3783,0.4702,cell
DHRS4-AS1,0.1745,0.0004451,0.00147,cell
LINC00339,-0.0298,0.942,0.9563,cell
CRYBB2P1,0.0436,0.04398,0.07781,cell
PIGA,-0.0256,0.4448,0.5364,cell
SCML2,0.0052,0.07912,0.1287,cell
KLHL22,0.1721,1.785e-08,1.809e-07,cell
IKBKB,0.1545,8.626e-08,7.495e-07,cell
TP73-AS1,0.0691,0.0009633,0.002839,cell
IL17RC,0.2367,6.723e-16,2.743e-14,cell
ANK3,0.0278,0.003024,0.007735,cell
CSPP1,0.1772,9.607e-13,2.35e-11,cell
SPPL3,-0.1218,0.3709,0.4626,cell
HIGD2A,-0.0146,0.9819,0.9866,cell
C7orf31,0.0109,0.1938,0.2714,cell
CMBL,0.1323,0.002182,0.005843,cell
MBOAT2,-0.1267,0.2582,0.3449,cell
MITD1,-0.2576,0.0006832,0.002129,cell
CPNE4,0.0684,0.005615,0.01325,cell
CCDC59,-0.3032,1.467e-09,1.871e-08,cell
NDUFAF4,-0.0901,0.3433,0.4349,cell
ACSS2,0.0878,0.02691,0.05124,cell
PXN-AS1,0.0051,0.1739,0.2479,cell
FAM219A,0.0448,0.03384,0.06217,cell
CAND1,0.0795,0.1566,0.2272,cell
CSDE1,-0.5566,1.48e-15,5.703e-14,cell
BZW1,-0.1245,0.01085,0.02334,cell
ZNF783,0.0958,0.008724,0.01932,cell
DENND4B,0.2445,9.321e-14,2.664e-12,cell
HNF1A-AS1,0.0301,0.08232,0.1331,cell
IMPA1,-0.161,0.7931,0.8395,cell
SLC30A8,0.8886,2.024e-05,9.783e-05,cell
CTSS,-0.0035,0.7856,0.8336,cell
ZMYM4,0.1814,0.0001531,0.0005804,cell
HSD17B10,0.2253,2.395e-07,1.859e-06,cell
EXOG,0.12,1.377e-07,1.139e-06,cell
MED14,0.0666,0.0008828,0.002635,cell
SUCLA2,-0.0292,0.7118,0.7715,cell
XYLB,0.0117,0.2049,0.2841,cell
IMPAD1,0.2007,0.0006079,0.001927,cell
PCBP3,0.0505,0.0205,0.04049,cell
EPHA8,0.0323,0.0123,0.02602,cell
NHP2,0.1092,0.001674,0.004621,cell
ANK1,0.0056,0.1867,0.2632,cell
CAMK1G,0.0029,0.1647,0.2368,cell
RNMTL1,0.1042,0.0007436,0.002285,cell
DUSP23,0.0236,0.1017,0.1587,cell
TRMT10C,-0.2378,0.007817,0.01758,cell
WRAP73,0.1199,0.006108,0.01422,cell
LYRM2,0.0666,0.04758,0.08319,cell
TMEM67,0.014,0.01073,0.02312,cell
WASH2P,0.0136,2.706e-08,2.633e-07,cell
LOH12CR2,0.0311,0.05833,0.09897,cell
HCG18,0.2406,2.305e-05,0.0001099,cell
POLR2K,-0.1543,0.007279,0.01653,cell
EXOSC9,0.0316,0.3894,0.4813,cell
GPR19,0.0999,3.079e-05,0.0001424,cell
CAPZA2,-0.4011,2.409e-09,2.95e-08,cell
CAPZA1,-0.1967,0.03007,0.05614,cell
DDX1,0.2806,0.003749,0.009319,cell
PRCP,0.2862,0.0002076,0.0007562,cell
DAPK1,0.2643,2.36e-09,2.895e-08,cell
CTNS,0.0988,0.003304,0.008352,cell
MAN2A2,0.325,3.506e-08,3.297e-07,cell
SEC24B,-0.0866,0.829,0.8674,cell
PPARA,0.0233,0.1516,0.2212,cell
POLRMT,0.1885,1.124e-13,3.165e-12,cell
NUDT5,0.102,0.008307,0.01854,cell
CENPJ,0.0166,0.03793,0.06861,cell
CASC1,0.0764,1.296e-05,6.614e-05,cell
ZSCAN21,0.0441,0.002142,0.005751,cell
CKMT2-AS1,0.086,9.783e-05,0.0003918,cell
STXBP5-AS1,0.1286,3.955e-08,3.672e-07,cell
TRAF3IP2-AS1,-0.0215,0.5532,0.6354,cell
LOC100129148,-0.0012,0.3606,0.4524,cell
LOC257396,0.0134,0.04902,0.0853,cell
MEG3,1.0133,9.602e-28,2.598e-25,cell
SCP2,0.3071,0.0005844,0.001863,cell
CEBPZOS,0.2141,1.013e-05,5.323e-05,cell
USP3-AS1,0.0888,4.135e-06,2.381e-05,cell
THAP9-AS1,-0.1245,0.5256,0.6113,cell
LOC728730,0.0142,0.1103,0.1697,cell
RSRC2,0.052,0.1103,0.1697,cell
DHX37,0.0182,0.0003777,0.001272,cell
DEF8,0.3916,8.833e-19,5.578e-17,cell
IDI2-AS1,0.0092,0.005948,0.01391,cell
LOC100130331,-0.008,0.06128,0.1032,cell
BAZ1A,-0.033,0.7162,0.7752,cell
LOC285484,-0.0122,0.1088,0.1677,cell
SSU72,-0.1998,0.001725,0.00475,cell
CNIH4,-0.1644,0.04676,0.082,cell
RNGTT,0.035,0.0007724,0.002357,cell
ZNF431,0.0317,0.07846,0.1278,cell
PPP1R18##3,-0.0161,0.1017,0.1586,cell
ZFP82,0.0672,0.06256,0.1051,cell
KIAA1958,0.0268,0.03029,0.05647,cell
TTC14,-0.0015,0.139,0.206,cell
ZNF418,0.0657,1.589e-05,7.881e-05,cell
UBQLN1,0.3025,4.956e-06,2.798e-05,cell
ZFP90,0.0877,4.064e-05,0.0001806,cell
IGFBP4,-0.0699,0.2962,0.3857,cell
PROS1,-0.0602,0.9368,0.9529,cell
PROC,-0.0141,0.1364,0.2028,cell
PRNP,-0.2912,0.0001108,0.000437,cell
PPOX,0.0848,0.005833,0.0137,cell
SLC2A1,-0.677,8.112e-14,2.345e-12,cell
IPO7,0.0311,0.08872,0.1416,cell
CALCOCO1,0.2193,7.943e-06,4.283e-05,cell
RBM41,0.065,0.0006844,0.00213,cell
CPD,0.1043,0.09759,0.1533,cell
PSMA5,0.395,7.888e-09,8.666e-08,cell
PTPRN,1.1407,3.983e-31,2.112e-28,cell
ST20,-0.0147,0.8991,0.9239,cell
PPP2R5A,0.1128,0.0001389,0.0005325,cell
LOC100294145##1,0.0206,0.04181,0.07446,cell
PSMB8-AS1,-0.0058,0.553,0.6353,cell
LOC646903,-0.014,0.7798,0.8293,cell
LPP-AS2,-0.0105,0.9279,0.9465,cell
AAAS,0.1342,4.21e-05,0.0001861,cell
DYNC1H1,0.6039,8.658e-15,2.87e-13,cell
ASPH,-0.0425,0.5641,0.6446,cell
GFM1,0.0545,0.06625,0.1106,cell
ZNF34,0.0332,0.1902,0.2673,cell
SEC22C,0.1054,0.01408,0.02924,cell
CECR5,0.1641,3.865e-06,2.243e-05,cell
DACT2,-0.0205,0.2635,0.3508,cell
C17orf89,-0.037,0.2158,0.2969,cell
UGDH,-0.1806,0.2131,0.2937,cell
TM4SF1,0.0405,1.732e-07,1.402e-06,cell
IMPA2,0.0042,0.1625,0.2343,cell
SLC25A13,0.0606,0.005726,0.01348,cell
GLTSCR1L,0.0748,0.007366,0.01671,cell
TMEM131,0.1164,0.0009588,0.002827,cell
FANK1,-0.0181,0.9849,0.9887,cell
MRPL57,0.0075,0.9008,0.9252,cell
EDARADD,0.0885,0.408,0.4998,cell
AKR1A1,0.4755,2.959e-12,6.605e-11,cell
CNTD1,0.0229,0.4273,0.5189,cell
NTAN1##1,-0.0446,0.2227,0.3048,cell
GLS,0.1109,0.0006297,0.001985,cell
YOD1,-0.0496,0.682,0.7459,cell
NOL3,-0.2846,3.406e-05,0.0001552,cell
PPT1,0.019,0.7821,0.8311,cell
RPL29,-0.1526,8.147e-07,5.608e-06,cell
RPL28,-0.2672,2.552e-10,3.89e-09,cell
IAPP,0.0258,0.9724,0.9794,cell
PAFAH1B1,0.1324,0.004308,0.01055,cell
PKD2,0.4038,2.083e-19,1.51e-17,cell
KAAG1,0.0041,0.8129,0.8552,cell
EXOC6,0.0265,0.01659,0.03372,cell
AGBL5,0.0751,0.04008,0.0719,cell
TMEM9B,-0.055,0.6349,0.7068,cell
PNPO,0.0984,0.02403,0.04648,cell
SNORD102,0.0004,0.6747,0.7398,cell
DKC1,0.2731,2.113e-06,1.309e-05,cell
LTA4H,-0.1343,0.09264,0.1468,cell
ATP5EP2,-0.1001,0.002524,0.006626,cell
PAN3-AS1,-0.0287,0.1747,0.2487,cell
BCL2L11,-0.0927,0.5236,0.6097,cell
MPP2,-0.0658,0.1317,0.197,cell
SERPINH1,-0.0298,0.273,0.3609,cell
EEF1D,0.2573,2.07e-07,1.645e-06,cell
ZNF444,0.0402,0.0004006,0.00134,cell
TTLL4,0.0988,0.0001567,0.0005922,cell
SC5D,0.057,0.5381,0.622,cell
PPP1R8,0.0457,0.0656,0.1096,cell
ATAD2,0.0097,0.4954,0.5842,cell
EEF1DP3,0.0021,0.2449,0.3296,cell
PTPRA,-0.0425,0.7759,0.8259,cell
BANP,0.0396,0.0005769,0.001843,cell
EHD4,0.0339,0.01317,0.02759,cell
PDIA3P1,0.3191,3.646e-23,4.835e-21,cell
SLC7A5P2,0.0735,5.037e-08,4.556e-07,cell
UQCRBP1,-0.0002,0.5351,0.6193,cell
PPM1L,0.0831,6.05e-05,0.0002556,cell
NFKBID,-0.0195,0.674,0.7392,cell
NOL6,0.2688,6.045e-13,1.539e-11,cell
HOPX,-0.2087,0.0718,0.1183,cell
MAPK1,-0.0442,0.8733,0.9039,cell
NAP1L1,-0.5729,1.846e-18,1.133e-16,cell
ALKBH3,-0.229,0.003327,0.008395,cell
SRSF12,-0.0821,0.06376,0.1069,cell
DPH3P1,0.0036,0.8646,0.8975,cell
ROMO1,-0.0709,0.03001,0.05605,cell
RSAD2,-0.0498,0.0846,0.136,cell
NEURL2,0.0105,0.02791,0.05278,cell
NUS1,-0.0263,0.01872,0.03736,cell
NRSN1,0.0546,0.0002345,0.0008413,cell
TMEM51,-0.0211,0.5628,0.6436,cell
ZZZ3,0.2186,0.0001294,0.0005004,cell
MED9,0.0625,0.05237,0.09021,cell
STX17,0.0574,0.05613,0.09568,cell
PSMD10,-0.1535,0.1216,0.1846,cell
RFC1,0.152,0.0007317,0.002255,cell
PSMD3,0.348,8.238e-11,1.422e-09,cell
ANKMY1,0.0395,0.0006915,0.002148,cell
NUP153,0.0115,0.166,0.2383,cell
FAM107A,0.1188,0.000841,0.002532,cell
EXOSC2,0.1999,3.107e-07,2.349e-06,cell
CDV3,-0.0461,0.8414,0.878,cell
PDIA6,0.9527,5.368e-27,1.318e-24,cell
TINF2,0.3379,7.02e-07,4.915e-06,cell
TIMM8B,-0.1936,0.002463,0.006479,cell
RAB21,-0.1571,0.1136,0.1741,cell
TIMM13,0.0689,0.00154,0.004295,cell
SMC5,0.116,0.0005367,0.001729,cell
SYNGR4,0.087,0.0002415,0.0008628,cell
APPL1,0.0341,0.08895,0.1419,cell
SSBP2,0.2668,8.51e-05,0.0003446,cell
PLCH1,0.1148,5.424e-07,3.901e-06,cell
RAD54L2,0.0327,0.02886,0.05421,cell
SF3B1,0.0205,0.9513,0.9636,cell
RSPH4A,0.0167,0.1482,0.2169,cell
GTF2IRD2,0.0046,0.1173,0.179,cell
SLC7A6OS,0.0236,0.09013,0.1434,cell
PHAX,-0.0534,0.5316,0.6164,cell
TCTN1,0.2083,0.0001614,0.0006072,cell
PARP8,0.1344,2.872e-05,0.0001339,cell
USP42,-0.0045,0.2656,0.3532,cell
KIAA1598,0.0589,0.1278,0.1923,cell
N4BP2L2,-0.0558,0.4282,0.5199,cell
CCBL1,0.0592,0.0004029,0.001347,cell
SCML1,0.0093,0.01112,0.02384,cell
SYPL1,-0.2934,0.006757,0.01551,cell
SURF6,0.0999,1.952e-05,9.47e-05,cell
SLC20A2,-0.0248,0.7505,0.8044,cell
RBP4,-2.031,2.12e-41,4.686e-38,cell
RBM3,-0.1636,0.04812,0.084,cell
PPP1R1A,-0.4434,2.028e-09,2.511e-08,cell
SRD5A1,-0.066,0.867,0.8993,cell
HADHB,0.044,0.6258,0.6988,cell
HADHA,0.1989,0.01475,0.03045,cell
ARHGAP10,0.0015,0.6552,0.7241,cell
XK,0.0285,0.004474,0.01089,cell
DAB1,0.0227,0.04717,0.08255,cell
PANK3,0.0678,0.003319,0.008382,cell
CHMP6,0.0012,0.7752,0.8251,cell
KAT2A,0.0958,0.001508,0.004215,cell
ANK2,0.047,0.005898,0.01383,cell
CCDC121,-0.0253,0.9696,0.9772,cell
CLSTN1,0.5377,5.028e-22,5.334e-20,cell
FAM184A,0.0021,0.003082,0.007863,cell
SMIM2-AS1,0.0307,0.005266,0.01253,cell
CCDC91,-0.0771,0.5713,0.651,cell
ZNF781,-0.0201,0.1875,0.2642,cell
ZNF383,0.0177,0.05084,0.08799,cell
TSTD2,0.14,4.467e-08,4.099e-07,cell
SDCBP2-AS1,0.1057,0.0004224,0.001403,cell
SLC44A1,0.1376,0.003452,0.008666,cell
DHRS4,0.0285,8.298e-05,0.0003372,cell
OAS1,-0.0035,0.79,0.8375,cell
EIF2AK2,0.1703,9.448e-06,5.013e-05,cell
JMJD6,-0.3454,0.0003506,0.00119,cell
ZNF407,0.0893,0.0003402,0.001159,cell
TOX3,-0.0816,0.005071,0.01212,cell
TARBP2,0.0391,0.009084,0.02,cell
MARCH4,0.1337,8.205e-15,2.734e-13,cell
ZNF471,-0.0201,0.6391,0.7099,cell
LINC00441,0.0159,0.1034,0.1609,cell
WDSUB1,0.0449,0.004419,0.01078,cell
NFYC,-0.0493,0.7399,0.7957,cell
CELF6,0.1165,7.792e-06,4.217e-05,cell
ACBD5,0.0025,0.0196,0.03891,cell
MAP4K4,-0.0275,0.8074,0.8507,cell
TRIM41,0.0576,6.563e-08,5.833e-07,cell
SHANK3,0.031,5.072e-05,0.0002196,cell
PTPN11,-0.0016,0.361,0.4529,cell
MYO18A,0.1325,1.262e-15,4.952e-14,cell
ACP5,0.0164,0.0006968,0.00216,cell
CHRNA3,0.0036,0.9304,0.9485,cell
DLEU2,-0.003,0.01928,0.03832,cell
CERK,0.5445,1.344e-12,3.246e-11,cell
SNORD52,0.0054,0.0007434,0.002285,cell
TMEM33,-0.2469,0.001792,0.004916,cell
ARHGEF10L,0.0749,0.05559,0.09489,cell
HSPA12A,0.1266,5.938e-05,0.0002514,cell
CSNK1D,0.1385,0.007801,0.01755,cell
HLTF,0.2098,5.148e-05,0.0002224,cell
DGCR14,0.0625,0.007183,0.01634,cell
NUCKS1,0.0951,0.04024,0.07215,cell
SMAP2,-0.0199,0.09934,0.1554,cell
SNORA32,-0.0048,0.4552,0.5456,cell
LPXN,0.0129,0.3753,0.4671,cell
PPY,-0.1205,2.519e-06,1.531e-05,cell
CWC22,-0.0017,0.2523,0.3382,cell
LOC283177,-0.0101,0.498,0.5862,cell
RN7SL2,0.4931,2.057e-07,1.635e-06,cell
FAM45B,0.0325,0.0003346,0.001143,cell
MIR29B2,0.0039,0.04866,0.08478,cell
LINC00467,-0.0455,0.909,0.9319,cell
XPC,0.1031,0.008047,0.01803,cell
COX7A2,-0.1626,3.836e-05,0.0001718,cell
LOC283335,0.0344,0.01913,0.03808,cell
PSMA3-AS1,-0.1032,0.9144,0.9354,cell
CWF19L1,-0.015,0.4859,0.5757,cell
PRMT6,0.2397,1.382e-09,1.772e-08,cell
FAM135A,-0.0596,0.7346,0.7913,cell
KIAA0196,0.2382,5.675e-06,3.163e-05,cell
CEP83,0.0557,0.0001265,0.0004901,cell
KIAA1467,0.0202,0.1351,0.2012,cell
ELP2,-0.0025,0.5055,0.5929,cell
INS,0.3257,0.001082,0.003141,cell
RFK,-0.2864,0.00111,0.003213,cell
PGGT1B,-0.0363,0.3924,0.4843,cell
MTL5,-0.0102,0.1217,0.1846,cell
SEC24C,0.3787,4.541e-08,4.165e-07,cell
PCYT1A,0.0423,0.09617,0.1515,cell
OXA1L,0.0311,0.8259,0.8652,cell
LOC101928174,0.0068,0.09906,0.1551,cell
CAPN2,0.2664,0.000368,0.001243,cell
AGK,-0.0051,0.0846,0.136,cell
ERO1LB,0.5997,8.482e-08,7.389e-07,cell
KIAA1522,-0.0145,0.3494,0.4412,cell
CAPN13,-0.0119,0.3632,0.4549,cell
CHST14,0.0152,0.1627,0.2345,cell
UBAP1,-0.0396,0.6931,0.7554,cell
TESC,-0.0105,0.7674,0.819,cell
SLC38A6,-0.0206,0.6624,0.7298,cell
PDGFB,-0.08,1.777e-05,8.725e-05,cell
RPAP2,0.0991,5.973e-05,0.0002526,cell
BAALC,-0.0022,0.2033,0.2822,cell
ATP13A3,0.0848,0.002748,0.00714,cell
KIAA1407,0.0866,0.0008204,0.002484,cell
UNC79##1,0.2431,2.71e-09,3.263e-08,cell
PHLPP2,0.0949,0.000523,0.001689,cell
TMPRSS6,0.1104,1.839e-07,1.477e-06,cell
C16orf58,0.358,6.897e-21,6.351e-19,cell
B4GALT2,0.0633,0.0007616,0.002332,cell
MATN2,-0.0067,0.6169,0.6914,cell
SMYD3,-0.0199,0.3738,0.4656,cell
SMURF2,-0.0176,0.09471,0.1496,cell
WDR59,0.1667,9.232e-06,4.907e-05,cell
TMEM177,0.0142,0.1451,0.2133,cell
THAP7,0.132,3.074e-07,2.327e-06,cell
ITIH5,0.0144,0.5781,0.6569,cell
LOC101060553,0.0253,0.002223,0.005937,cell
PRR7,0.0383,0.0002943,0.001023,cell
TMEM121,-0.0016,0.8975,0.9228,cell
ACBD3,-0.033,0.4431,0.5347,cell
THUMPD2,0.0161,0.03419,0.06272,cell
PRR3##1,-0.0122,0.9445,0.9582,cell
LY6G5C##6,-0.0134,0.3657,0.4573,cell
LSG1,0.2001,1.045e-06,7.04e-06,cell
SUPT4H1,0.0016,0.2726,0.3604,cell
KCNH2,0.4783,2.013e-16,8.9e-15,cell
LRRC4,0.0329,0.011,0.02362,cell
EPB41L4A,0.1637,1.633e-10,2.631e-09,cell
SAR1A,0.0079,0.9443,0.9581,cell
GEN1,0.0078,0.1499,0.2191,cell
DUS1L,0.1477,6.844e-13,1.719e-11,cell
TMBIM1,0.1972,0.009148,0.02012,cell
GRIPAP1,0.2161,6.116e-10,8.527e-09,cell
MAGEF1,0.1866,0.0001009,0.0004023,cell
FGF14-AS2,0.0103,0.006959,0.0159,cell
ILF3,0.1783,0.001603,0.004451,cell
CDCA4,-0.0264,0.3556,0.4475,cell
LAMTOR1,0.2226,6.514e-06,3.586e-05,cell
C21orf62##1,0.0231,0.01135,0.02426,cell
LOC494127,-0.0038,0.1418,0.2093,cell
TDP1,0.035,0.1153,0.1764,cell
C10orf2,0.0113,0.03121,0.05794,cell
CLK1,-0.3646,0.003678,0.00917,cell
HN1L,0.1965,4.056e-06,2.342e-05,cell
TMEM55B,-0.1092,0.3557,0.4475,cell
ZNF700,0.0176,0.2374,0.3213,cell
SLC39A3,0.1475,1.492e-07,1.226e-06,cell
UBE3B,-0.0337,0.07295,0.12,cell
SBNO2,-0.0072,0.1688,0.2417,cell
SLC8A2,0.0608,1.236e-06,8.168e-06,cell
TMEM91,0.018,0.01044,0.02259,cell
LTBP4,0.1322,1.534e-11,3.054e-10,cell
C3orf58,-0.143,0.04042,0.07241,cell
NR4A1,0.3585,7.331e-08,6.455e-07,cell
CCDC171,0.0267,0.002242,0.005983,cell
ZNF584,0.1048,0.0009265,0.002743,cell
HS6ST3,-0.08,0.8522,0.8874,cell
ORAOV1,0.0791,4.983e-07,3.612e-06,cell
DZIP1L,0.1442,3.141e-10,4.655e-09,cell
PLBD2,0.2236,2.733e-11,5.177e-10,cell
PER3,-0.0459,0.4265,0.5183,cell
FURIN,0.2898,2.364e-10,3.653e-09,cell
CDK2AP1,-0.0114,0.2717,0.3595,cell
TTLL6,-0.002,0.9132,0.9349,cell
HRK,-0.1143,5.555e-11,1.001e-09,cell
HAUS7,0.0375,0.02968,0.05553,cell
PGR,0.0466,0.1772,0.252,cell
CFAP221,0.1168,4.88e-06,2.762e-05,cell
TM7SF2,0.0853,0.00791,0.01776,cell
TAT-AS1,0.0181,0.01127,0.02411,cell
LOC729218,0.0411,4.301e-06,2.46e-05,cell
ATG9B,0.0216,0.07313,0.1202,cell
UBE2W,-0.1196,0.6773,0.7423,cell
ANKFY1,0.2232,1.997e-06,1.241e-05,cell
SERPINB1,-0.2563,0.0328,0.06056,cell
GCDH,0.0718,0.0008053,0.002442,cell
KTN1,0.0829,0.3123,0.4026,cell
PAIP2,-0.3697,2.859e-10,4.288e-09,cell
JKAMP,-0.1032,0.196,0.2737,cell
UBXN6,0.1866,1.78e-10,2.838e-09,cell
TCEAL3,0.1286,8.209e-06,4.414e-05,cell
MKRN1,-0.3625,3.973e-06,2.297e-05,cell
PDGFA,-0.0598,0.7558,0.8086,cell
RPPH1,0.0015,0.6,0.6765,cell
RNF214,0.0295,0.1309,0.1961,cell
CHCHD10##1,-0.0428,0.02812,0.05308,cell
CERKL,0.0018,0.01762,0.03548,cell
SLC35E2B,0.0513,0.0003229,0.001108,cell
TBC1D14,0.0745,0.0008256,0.002495,cell
APH1B,0.0271,0.2484,0.3335,cell
TNFSF13B,-0.0423,4.486e-05,0.0001972,cell
C2orf43,0.0487,0.007765,0.01748,cell
HIF1A,0.1381,0.04338,0.07687,cell
GPANK1,0.1472,2.631e-06,1.589e-05,cell
PCDHGB7,0.0042,0.2901,0.3792,cell
TAF1A,-0.0456,0.6554,0.7242,cell
DESI2,0.0075,0.2376,0.3215,cell
PSMD1,0.5238,5.637e-09,6.372e-08,cell
TMEM99,-0.0377,0.954,0.9654,cell
TNPO3,0.0372,0.3567,0.4486,cell
NDUFAF7,0.0093,0.1004,0.1569,cell
ASRGL1,-0.0544,0.697,0.7583,cell
TLE1,-0.018,0.834,0.8715,cell
KCNK1,-0.3154,0.01678,0.03403,cell
FLII,0.3032,1.823e-08,1.845e-07,cell
POLR2G,0.1767,0.0009194,0.002727,cell
CCNT1,0.1207,0.01027,0.02225,cell
UBXN8,-0.0925,0.1082,0.167,cell
SLC25A14,0.1799,1.336e-06,8.732e-06,cell
GRM1,-0.0562,0.03985,0.07155,cell
C11orf54,0.0703,0.001792,0.004916,cell
OSBP2,0.0153,0.003265,0.008266,cell
RBM7,-0.2819,1.392e-06,9.025e-06,cell
SV2A,0.0826,0.02436,0.04703,cell
WDR83OS,-0.1686,0.0004177,0.001389,cell
HSD17B12,0.2995,0.0002395,0.0008566,cell
INSIG2,-0.1687,0.3944,0.4861,cell
CHCHD2,-0.2227,3.554e-09,4.2e-08,cell
SV2B,0.0786,1.405e-05,7.094e-05,cell
CPQ,0.047,0.2862,0.375,cell
RRNAD1,-0.0322,0.9322,0.9496,cell
AGBL4,-0.0087,0.08878,0.1417,cell
AZIN1,-0.2965,0.002572,0.006729,cell
COPG1,0.585,1.486e-12,3.543e-11,cell
HSPB11,-0.1723,0.001309,0.003713,cell
RNFT1,0.0237,0.1683,0.241,cell
MAGEE1,0.013,0.4472,0.5384,cell
ZNF14,0.0186,0.07545,0.1235,cell
AP5S1,0.0435,0.01741,0.03514,cell
CDYL,-0.0661,0.5707,0.6504,cell
TYMP,0.0058,0.1036,0.1612,cell
FBXO7,-0.7056,1.142e-16,5.312e-15,cell
DLL3,0.0034,0.6089,0.6845,cell
RWDD3,-0.0111,0.4518,0.5426,cell
RFX5,0.0952,0.006779,0.01556,cell
PLEC,0.3729,7.302e-23,9.493e-21,cell
MUC13,0.0461,0.0196,0.03891,cell
TMEM241,0.0836,0.0001562,0.0005906,cell
ZNF285,-0.0036,0.7742,0.8243,cell
REG1A,-0.0251,0.03991,0.07164,cell
PSMA4,0.2154,0.002057,0.005548,cell
CTNNA1,-0.0413,0.5615,0.6425,cell
LOC644189,0.0229,0.0613,0.1032,cell
FRMD8P1,-0.002,0.02827,0.05332,cell
PIGP,-0.2253,0.0004648,0.001524,cell
DNAJC7,0.3816,3.374e-09,4.009e-08,cell
PARD6G-AS1,0.0002,0.9958,0.9973,cell
LINC00882,-0.1075,0.0009226,0.002734,cell
LINC00883,0.0501,0.005186,0.01237,cell
LOC100288778,0.0052,0.01852,0.03705,cell
LINC00936,-0.0005,0.000274,0.0009615,cell
DMTF1,-0.0269,0.4924,0.5816,cell
FLJ37035,0.0112,0.2715,0.3593,cell
UBQLN4,0.0498,5.57e-05,0.0002381,cell
MCF2L-AS1,0.0348,0.0007361,0.002266,cell
LINC01252,0.087,9.604e-10,1.285e-08,cell
HTATSF1P2,0.0455,0.02606,0.04986,cell
NDUFA6-AS1##1,0.0189,0.0002586,0.0009144,cell
FLJ20021,0.017,0.08487,0.1363,cell
CYP4F24P,-0.0094,0.5828,0.6611,cell
ORC2,0.0144,0.101,0.1577,cell
ZDHHC8,0.0686,4.022e-08,3.725e-07,cell
CLDN7,0.1441,0.04072,0.07285,cell
C19orf12,-0.0127,0.3189,0.4098,cell
ARHGAP5-AS1,0.0458,0.03088,0.05746,cell
LARGE,0.0445,0.002344,0.006214,cell
CNKSR1,0.063,0.008527,0.01893,cell
ROBO1,0.2288,3.658e-05,0.0001649,cell
LACE1,0.0212,0.03817,0.06899,cell
RASGEF1A,0.1286,9.185e-07,6.262e-06,cell
DGKA,0.0995,4.476e-06,2.553e-05,cell
LMNTD1,-0.0123,0.1445,0.2126,cell
GPD2,0.0848,0.01747,0.03524,cell
CYB5R3,0.2004,0.0009125,0.002709,cell
PSMB10,-0.0389,0.1445,0.2127,cell
REV3L,0.3074,7.759e-09,8.546e-08,cell
IGBP1P1,-0.0025,0.9932,0.9953,cell
BCAP31,0.0399,0.5171,0.6032,cell
RCHY1,-0.2058,0.06107,0.1029,cell
OSBPL9,0.0245,0.1417,0.2092,cell
BOD1L1,0.0542,0.03818,0.06899,cell
SVIP,-0.622,7.925e-23,1.001e-20,cell
WBSCR16,0.0385,0.02358,0.04573,cell
RPP25L,0.0057,0.4108,0.5027,cell
SLC25A21-AS1,-0.0484,0.5563,0.638,cell
DMXL2,0.2851,1.293e-08,1.358e-07,cell
AGO4,0.0418,0.0234,0.04541,cell
MKNK2,-0.2844,0.00106,0.00309,cell
RDH11,0.0229,0.8717,0.9026,cell
UBR2,0.1887,3.106e-05,0.0001434,cell
KLHDC4,0.0635,0.0003036,0.00105,cell
LOC100288846,0.0456,0.0007716,0.002356,cell
SEZ6L2,0.3187,5.583e-16,2.321e-14,cell
WNK2,0.1262,9.387e-19,5.899e-17,cell
LINC00900,0.0263,0.6474,0.7173,cell
APCDD1L-AS1,-0.0595,0.2699,0.3576,cell
ZNF28,-0.0311,0.7677,0.8192,cell
ZBED5-AS1,0.3921,8.449e-12,1.764e-10,cell
LINC00959,0.0521,3.475e-05,0.000158,cell
ZNF43##1,0.0616,5.106e-05,0.0002208,cell
COMMD6,-0.0233,0.4152,0.5069,cell
ZNF236,0.0505,0.0002393,0.0008563,cell
ATXN7,-0.0208,0.3901,0.4819,cell
FMN1,0.5689,3.593e-36,4.331e-33,cell
MIB1,0.0909,1.793e-05,8.784e-05,cell
C8orf33,0.0267,0.4868,0.5765,cell
UBE2Z,0.1359,0.002336,0.006193,cell
SLC39A8,0.2194,3.65e-10,5.349e-09,cell
HIPK2,0.0573,0.1696,0.2425,cell
PYCRL,0.0381,0.0002434,0.0008684,cell
HACE1,0.004,0.1351,0.2012,cell
MPPE1,0.0091,0.01917,0.03814,cell
ZNF649,-0.0898,0.9397,0.9551,cell
UBR4,0.5375,3.993e-16,1.684e-14,cell
ZSWIM4,0.0049,0.002416,0.00638,cell
ANKRA2,-0.1936,0.02223,0.04345,cell
CACNB2,0.2038,4.507e-15,1.581e-13,cell
EPB41,0.2042,4.509e-09,5.204e-08,cell
IL6ST,-0.2326,0.01352,0.02821,cell
COG6,0.0654,0.02566,0.0492,cell
XPO5,0.1734,5.424e-07,3.901e-06,cell
ARV1,0.1246,0.000231,0.0008306,cell
EFCAB6,0.0402,0.002786,0.007214,cell
HID1,0.5207,3.359e-25,6.186e-23,cell
RCAN2,-0.1866,0.05953,0.1007,cell
ANAPC13,0.2498,0.001148,0.003311,cell
NLGN4Y,0.1379,9.407e-11,1.601e-09,cell
RHOBTB1,-0.0315,0.8899,0.9171,cell
AARS,0.0823,0.2882,0.377,cell
ERCC3,0.1354,0.0004684,0.001534,cell
FAM89B,0.0088,0.4608,0.5514,cell
IGF1R,-0.1196,0.2837,0.3722,cell
IFNAR2,0.0638,0.07414,0.1217,cell
CDK11A,0.0473,1.403e-06,9.072e-06,cell
COPB1,0.093,0.5077,0.5949,cell
ACIN1,0.175,1.504e-08,1.553e-07,cell
ARAF,0.1109,0.002302,0.006113,cell
KDM5B,0.0695,0.1388,0.2058,cell
NCOR1,0.2214,0.0006233,0.001967,cell
MAP3K2,0.0402,0.1749,0.249,cell
PSD4,0.0097,0.2566,0.3431,cell
KAT6A,0.0688,0.03225,0.05967,cell
SLC13A4,0.0051,0.0007683,0.002349,cell
ZNF671,0.0498,0.4581,0.5486,cell
SMYD4,-0.015,0.7534,0.8065,cell
KAT8,0.025,0.1064,0.1648,cell
PWWP2A,0.123,6.164e-06,3.407e-05,cell
ZNRF3,0.0126,0.3223,0.4133,cell
ATRIP,0.0307,0.02632,0.05029,cell
PCGF6,-0.0362,0.3508,0.4429,cell
PCBD2,-0.0115,0.2658,0.3533,cell
RHPN1,0.1462,3.625e-21,3.483e-19,cell
ZFP91,-0.0634,0.9989,0.9991,cell
HIPK1-AS1,0.023,0.1321,0.1975,cell
MOB3C,0.0719,0.0206,0.04067,cell
METTL21A,0.0235,0.002742,0.007124,cell
ZNF688,0.0041,0.2045,0.2837,cell
RAB30,-0.0162,0.3315,0.4227,cell
CLN3,0.0928,0.0001721,0.0006416,cell
ZNRD1##7,0.0311,0.1274,0.1918,cell
HERC1,0.447,2.616e-10,3.978e-09,cell
ASXL3,-0.0432,0.5852,0.6632,cell
SLC2A2,0.0087,0.4101,0.5018,cell
ZKSCAN8,-0.0315,0.3185,0.4094,cell
POLD2,0.1752,0.0002419,0.0008639,cell
OTUB1,0.1955,0.0001274,0.0004931,cell
CCDC132,0.076,0.01809,0.03632,cell
HSDL2,-0.1415,0.6821,0.746,cell
PSMG3,0.1278,6.722e-05,0.0002801,cell
CLIP4,0.0417,0.08919,0.1422,cell
PPME1,0.2673,0.0003745,0.001263,cell
BLOC1S2,-0.207,0.005052,0.01208,cell
HSPH1,-0.6384,0.0004926,0.001603,cell
SRCAP,0.4119,4.783e-22,5.157e-20,cell
TUBGCP2,0.1838,1.551e-06,9.928e-06,cell
CLPX,0.0169,0.03749,0.06796,cell
FTCD,-0.0151,0.5087,0.5957,cell
FRS2,-0.089,0.7406,0.7961,cell
FRS3,0.0174,0.0001767,0.000656,cell
NRSN2,0.3765,2.269e-13,6.09e-12,cell
OBFC1,0.1263,0.002419,0.006384,cell
NR0B2,-0.1082,0.003434,0.008629,cell
RNF123,0.1757,1.46e-12,3.495e-11,cell
NAP1L2,-0.0338,0.2923,0.3816,cell
TOE1,0.0109,0.913,0.9349,cell
TEAD1,0.422,1.75e-11,3.443e-10,cell
GRIK2,0.081,2.616e-06,1.582e-05,cell
TRIM52,0.086,4.673e-05,0.0002044,cell
ZNF496,0.0422,0.01653,0.03361,cell
ABHD14B,0.0992,0.009615,0.02102,cell
PANK2,-0.1743,0.002806,0.007262,cell
SLC8B1,0.0165,0.1038,0.1614,cell
CTC1,0.1179,0.0001202,0.0004681,cell
SEMA6D,0.2854,0.0001395,0.0005345,cell
PLCD4,0.0452,0.002348,0.006224,cell
AGPAT9,0.1619,2.46e-07,1.903e-06,cell
SUV420H2,0.0168,1.376e-06,8.94e-06,cell
USP36,0.0705,0.0001025,0.0004077,cell
CYHR1,0.1176,0.0002052,0.0007488,cell
RAP1GAP2,0.4148,2.87e-10,4.3e-09,cell
COG5,-0.042,0.3286,0.4197,cell
GPATCH8,0.037,0.03906,0.07037,cell
SNHG3,-0.115,0.06093,0.1027,cell
MRPS14,0.146,0.001205,0.003454,cell
LOC145474,0.0118,0.247,0.3318,cell
ACTR3C,-0.0241,0.3563,0.4481,cell
CBY3,0.0051,0.1027,0.16,cell
ANKRD31,0.0464,0.0005287,0.001705,cell
FAM159B,0.7302,5.551e-15,1.897e-13,cell
SGOL2,0.028,0.04415,0.07808,cell
TLCD2,-0.016,0.5259,0.6114,cell
IFT27,0.0903,3.237e-05,0.0001483,cell
MPDU1,0.0019,0.3707,0.4624,cell
COL9A2,0.0018,0.6169,0.6914,cell
ATP5O,-0.1536,0.0007578,0.002323,cell
FAM3B,-0.1009,0.0006499,0.002036,cell
PSAT1,-0.0166,0.5191,0.6051,cell
PEX16,0.0857,0.001052,0.00307,cell
PPP1R7,0.0509,0.07879,0.1282,cell
A1BG-AS1,0.021,0.001194,0.003425,cell
RAB23,0.0544,0.01579,0.03227,cell
GS1-259H13.2,-0.0854,0.003575,0.008938,cell
MORC3,-0.032,0.427,0.5187,cell
LINC01273,-0.002,0.3827,0.4745,cell
LOC101927284,0.0021,0.9647,0.9738,cell
TTC23,0.1602,3.661e-10,5.359e-09,cell
LOC101928796,0.0152,0.000693,0.00215,cell
FAM133B,-0.0154,0.5285,0.6136,cell
LOC101929524,-0.003,0.64,0.7106,cell
TMEM9,0.2604,1.861e-05,9.078e-05,cell
FAM96A,-0.1778,0.01387,0.02886,cell
LINC01370,-0.0671,0.2787,0.367,cell
HMGCLL1,0.0197,0.2454,0.3301,cell
LAMA5-AS1,0.008,0.0002564,0.0009081,cell
LOC101927115,-0.0343,0.006141,0.01428,cell
PLCG1-AS1,-0.0015,0.6975,0.7587,cell
NUP35,0.0029,0.3174,0.4082,cell
RALY-AS1,0.0105,0.01015,0.02202,cell
LINC01431,0.027,3.539e-05,0.0001604,cell
KCNA3,0.0541,6.006e-05,0.000254,cell
TMEM168,-0.0244,0.1339,0.1997,cell
UPP1,-0.1003,0.0455,0.08013,cell
PRNCR1,0.0082,0.552,0.6345,cell
PCBP2-OT1,-0.0094,0.0006477,0.00203,cell
CCDC7,0.0756,0.005876,0.01378,cell
KIAA1191,0.0212,0.494,0.583,cell
DLG3-AS1,0.0239,0.0006631,0.002072,cell
HSDL1,0.0194,0.09724,0.153,cell
MORF4L1,-0.2217,5.298e-06,2.973e-05,cell
SQSTM1,0.5658,2.299e-07,1.797e-06,cell
ZNF571-AS1,0.0319,8.779e-05,0.0003547,cell
LINC00641,0.1161,1.43e-05,7.199e-05,cell
CYP3A5,0.0045,0.1459,0.2143,cell
MAPKAP1,-0.092,0.6745,0.7396,cell
LRRC8A,0.0111,0.2606,0.3477,cell
LRIF1,-0.1265,0.5161,0.6022,cell
BLOC1S1,-0.0175,0.2342,0.3179,cell
MTHFS##1,0.0096,0.03856,0.06953,cell
STAT4,0.1872,2.788e-08,2.703e-07,cell
SMUG1,0.0248,0.1793,0.2547,cell
ENGASE,0.0854,1.128e-07,9.558e-07,cell
MCMDC2,0.0303,0.04681,0.08205,cell
ALAS1,0.2537,1.334e-05,6.792e-05,cell
SPATA6,0.0318,0.02225,0.04348,cell
GPRASP2,-0.0025,0.1555,0.2259,cell
ZSCAN31,-0.0788,0.2838,0.3723,cell
FKBP7,0.0613,0.001022,0.002991,cell
STAT6,0.0767,0.007383,0.01674,cell
CCNDBP1,-0.1742,0.02284,0.04452,cell
HLA-DQB1,0.1278,1.775e-10,2.836e-09,cell
GAP43,0.0959,8.804e-07,6.033e-06,cell
RAB3B,0.6005,1.832e-09,2.289e-08,cell
DUT,0.0402,0.1385,0.2054,cell
E2F3,-0.0434,0.6802,0.7445,cell
RABIF,0.07,0.003071,0.007839,cell
TDG,-0.0485,0.7415,0.7967,cell
SLC22A4,-0.0154,0.4528,0.5434,cell
RYK,0.0349,0.04613,0.08098,cell
TAGLN,0.0073,0.5648,0.6452,cell
SYT5,0.27,5.313e-15,1.823e-13,cell
CLIP1,0.4294,2.521e-10,3.851e-09,cell
GTF2F2,0.0223,0.04158,0.07412,cell
GMFB,-0.0933,0.7394,0.7954,cell
SLC18A2,-0.222,0.03694,0.06709,cell
UCP2,0.2261,1.062e-07,9.035e-07,cell
FKBP1B,-0.063,0.05683,0.0967,cell
SDCCAG8,0.2439,3.939e-08,3.665e-07,cell
ZNF281,-0.0082,0.152,0.2218,cell
WBP2,-0.0831,0.0804,0.1305,cell
WBP1,-0.0017,0.239,0.323,cell
ZNF234,0.0855,0.006608,0.01522,cell
ELP5,0.0976,0.01792,0.03602,cell
R3HDM1,0.0795,3.745e-05,0.0001683,cell
SKIV2L2,0.0939,0.007319,0.0166,cell
SLC39A14,0.0611,0.359,0.4509,cell
IFFO2,-0.0045,0.8085,0.8515,cell
NRXN1,0.0994,0.0008467,0.002544,cell
C1orf233,0.0161,0.1657,0.2379,cell
FKBP1A,0.1375,0.004242,0.01041,cell
EPB41L3,-0.1253,0.5273,0.6124,cell
C10orf32,-0.1444,0.9175,0.9379,cell
AKR1C1,-0.045,0.009856,0.02147,cell
HSD17B1,0.0453,0.0003648,0.001233,cell
HLCS,0.1734,4.16e-07,3.062e-06,cell
KCNC1,0.0138,0.005452,0.01291,cell
RPS6KA3,-0.0851,0.9879,0.9911,cell
TTN-AS1,0.0095,0.03223,0.05966,cell
SNHG10,0.0452,0.009385,0.02058,cell
FLG,0.0332,0.01648,0.03353,cell
PTMS,-0.031,0.2678,0.3555,cell
FOXO1,0.1042,0.09104,0.1447,cell
C5orf63,0.0636,0.002255,0.006014,cell
SPAG9,0.0538,0.09612,0.1515,cell
SLC9A8,0.1308,1.354e-07,1.123e-06,cell
SLC22A17,0.4672,2.459e-18,1.482e-16,cell
CENPO,-0.005,0.8001,0.8447,cell
AMPD2,-0.1222,0.4506,0.5416,cell
TTC7A,0.1434,4.526e-07,3.307e-06,cell
LDLRAD4,0.0882,0.002948,0.007579,cell
FPGT,0.0548,0.004938,0.01185,cell
PLD2,0.0318,0.01263,0.02663,cell
RIOK3,-0.1243,0.9201,0.9397,cell
UBR3,0.3509,2.299e-10,3.566e-09,cell
ATG16L1,-0.0694,0.3161,0.4071,cell
ALPK3,0.918,2.251e-31,1.298e-28,cell
PTCHD2,0.134,1.07e-08,1.141e-07,cell
ZNF624,0.0118,0.008547,0.01896,cell
POLR3B,0.1129,2.768e-05,0.0001298,cell
WRAP53,0.054,0.01506,0.03099,cell
KIAA1456,0.0999,6.431e-05,0.0002697,cell
SYT4,-0.0067,0.5527,0.6351,cell
KLHL42,0.5088,6.434e-10,8.944e-09,cell
ZNF398,0.0972,0.01152,0.02459,cell
SNX4,-0.126,0.241,0.3251,cell
SNORD113-3,0.0084,0.001499,0.004192,cell
SNORD113-4,-0.0023,0.8149,0.8568,cell
SNORD114-1,-0.0034,0.5675,0.6473,cell
SNORD114-2,0.0033,0.4207,0.5127,cell
SNORD114-3,0.0013,0.1547,0.2251,cell
NRAV,0.0615,0.007075,0.01613,cell
LOC100506207,0.0487,0.007147,0.01628,cell
SNORD114-20,0.0183,1.367e-05,6.932e-05,cell
RCN1,-0.0866,0.17,0.2431,cell
AKAP9,0.2782,0.0003177,0.001092,cell
SCO1,-0.0213,0.6258,0.6988,cell
JSRP1,0.0015,0.04347,0.07704,cell
LINC00239,0.0222,0.09724,0.153,cell
ZNF446,0.1299,9.789e-10,1.307e-08,cell
NR5A2,-0.023,0.6626,0.73,cell
KPNB1,0.2706,3.468e-06,2.035e-05,cell
LZTS3,0.0254,0.8179,0.8594,cell
ZNF316,0.0536,0.0008874,0.002647,cell
SMDT1,0.1104,0.06161,0.1036,cell
MFI2,0.0097,0.7948,0.8407,cell
CDC14A,-0.0368,0.9866,0.9901,cell
MED25,0.0534,1.948e-08,1.955e-07,cell
SBF2,0.0661,0.0251,0.04823,cell
FBXO38,0.0777,0.007273,0.01652,cell
RPL8,0.2985,2.174e-06,1.343e-05,cell
MEGF9,0.2472,7.318e-07,5.102e-06,cell
TMEM150C,-0.0592,0.7589,0.8111,cell
GLMP,0.1529,0.00125,0.003568,cell
RPA2,0.219,0.002789,0.007222,cell
ZBTB11,-0.0384,0.9483,0.9613,cell
TSPAN13,-0.264,0.0004322,0.001432,cell
CLUL1,0.0089,0.6517,0.7212,cell
TAF5L,-0.0175,0.2223,0.3044,cell
HEMK1,0.1705,2.174e-08,2.161e-07,cell
ARNT2,0.0973,0.008434,0.01876,cell
SPAST,-0.0656,0.646,0.7162,cell
MLXIP,0.4079,6.551e-09,7.312e-08,cell
AP5Z1,0.0461,0.001467,0.004109,cell
COMMD10,-0.118,0.5929,0.6702,cell
LINC00638,0.0005,0.3164,0.4072,cell
U2SURP,-0.2032,0.02912,0.05462,cell
LOC728392,0.0798,0.1207,0.1833,cell
MFAP3,-0.0123,0.2173,0.2986,cell
MARVELD2,0.05,0.01593,0.03253,cell
GPR155,0.0306,0.01201,0.02547,cell
PRSS2##1,0.1321,0.000754,0.002313,cell
SPRYD7,-0.1657,0.02212,0.04327,cell
RNF180,0.0863,0.0007248,0.002236,cell
MRPL21,-0.0398,0.5797,0.6584,cell
MAP1LC3A,0.1984,2.304e-07,1.799e-06,cell
HPS5,0.0267,0.02857,0.05378,cell
ZBTB8OS,-0.0552,0.5826,0.6611,cell
EXOSC8,-0.0905,0.525,0.6108,cell
KLHL21,0.0658,0.02563,0.04915,cell
NRBP2,0.0973,2.552e-06,1.548e-05,cell
MED22,0.122,1.865e-06,1.17e-05,cell
CUX1,0.1986,3.869e-06,2.243e-05,cell
ZGPAT,0.1112,5.402e-06,3.03e-05,cell
TET1,0.0125,0.1877,0.2644,cell
HIVEP3,0.0653,0.0007136,0.002206,cell
ZKSCAN3,0.0111,0.06097,0.1028,cell
SUZ12P1,0.0213,0.1267,0.1909,cell
GALNT2,0.0718,0.002755,0.007153,cell
LINC00674,0.0141,0.3705,0.4622,cell
BZW2,-0.0485,0.4988,0.5869,cell
LOC100128164,0.0135,0.01095,0.02352,cell
HYMAI,-0.0216,0.2685,0.3562,cell
CDK10,0.1777,1.989e-10,3.125e-09,cell
BCDIN3D-AS1,0.0378,0.007552,0.01707,cell
FAM133CP,0.0007,0.5185,0.6047,cell
MST1P2,0.0188,5.653e-07,4.043e-06,cell
TOPORS-AS1,-0.0584,0.006524,0.01504,cell
LOC100129046,0.0244,0.01648,0.03353,cell
LOC100131564,0.1895,0.0005073,0.001645,cell
LOC100129138,0.0043,0.4349,0.5266,cell
RNF170,0.1619,1.826e-05,8.934e-05,cell
RRN3P3,0.0044,0.001598,0.004441,cell
KLF6,-0.0365,0.4738,0.5641,cell
LINC00894,0.0097,0.3989,0.4909,cell
C15orf40,-0.0437,0.7194,0.778,cell
PARGP1,0.0076,0.09926,0.1553,cell
FLJ36777,0.0043,0.02522,0.04845,cell
LOC100289511,-0.0024,0.2951,0.3845,cell
LOC100294362,0.0405,1.321e-07,1.097e-06,cell
TMEM254-AS1,0.0428,0.0008733,0.002609,cell
HCFC1,0.12,7.823e-07,5.423e-06,cell
FXYD3,0.0436,0.03935,0.07079,cell
POMGNT2,0.0197,0.4807,0.5707,cell
CCDC92,0.1111,0.000753,0.00231,cell
BAG5,0.0289,0.2578,0.3445,cell
GOSR1,-0.058,0.8872,0.915,cell
TM2D3,-0.3675,2.369e-06,1.45e-05,cell
NEIL1,0.061,1.538e-05,7.662e-05,cell
MPP5,-0.0161,0.002036,0.005503,cell
VPS4B,-0.0555,0.6603,0.728,cell
ATOH8,0.026,0.01065,0.02296,cell
TMEM87B,-0.1138,0.8451,0.8812,cell
C9orf3,0.1841,0.001944,0.00528,cell
POLR2E,0.0571,0.108,0.1668,cell
PAXIP1-AS1,0.1834,1.384e-09,1.773e-08,cell
TEF,-0.0154,0.09467,0.1495,cell
TEAD4,-0.0118,0.04001,0.07181,cell
ZNF718,0.0603,0.0001001,0.0003995,cell
NSF,-0.0369,0.9412,0.956,cell
ATG13,0.2293,0.0001574,0.0005942,cell
CYP2C8,-0.008,0.505,0.5924,cell
MAP4,0.4178,2.19e-10,3.409e-09,cell
YME1L1,0.0098,0.8634,0.8968,cell
POLA1,0.0491,0.005843,0.01372,cell
SIX2,0.0435,0.3484,0.4402,cell
NAT6,0.0498,0.000129,0.0004988,cell
SNORD116-2,-0.0128,3.038e-05,0.0001408,cell
SNORD116-2+SNORD116-6,-0.0005,0.6617,0.7292,cell
SNORD116-26,0.0067,0.2029,0.2819,cell
SNORD116-29,-0.0052,0.003319,0.008382,cell
PPP1R14B,-0.0034,0.9524,0.9642,cell
CBX4,-0.0662,0.5542,0.6361,cell
DGKD,0.0211,0.05579,0.09516,cell
DGKE,-0.0061,0.08675,0.1389,cell
HAT1,-0.1221,0.4198,0.5118,cell
EML4,0.108,0.002397,0.006336,cell
ZNF184,0.1315,4.947e-06,2.793e-05,cell
OVOL2,-0.0079,0.554,0.636,cell
C1orf43,-0.4129,1.088e-08,1.159e-07,cell
NXT2,0.0155,0.06089,0.1027,cell
ZNF77,0.1187,0.0003434,0.001169,cell
DHTKD1,0.1022,0.0002993,0.001039,cell
ABHD17C,-0.0316,0.6146,0.6896,cell
ZBED5,0.0689,0.09821,0.1541,cell
TRAPPC1,0.0054,0.4635,0.5542,cell
ATXN7L3,0.0407,0.001834,0.005016,cell
CTDSP1,0.0494,0.0002596,0.0009177,cell
LARS,0.019,0.6449,0.7153,cell
KMT2E,-0.1797,0.05433,0.09311,cell
SRPRB,0.3297,8.501e-05,0.0003443,cell
TP53INP2,0.1357,0.002771,0.007184,cell
CAMK2N1,-0.1878,0.01075,0.02314,cell
CATSPERG,0.0233,0.000256,0.0009068,cell
CYP2R1,0.0822,0.0002747,0.0009636,cell
FYCO1,0.3085,1.232e-13,3.448e-12,cell
WBSCR22,0.331,4.318e-07,3.172e-06,cell
CTSA,0.5913,2.688e-10,4.075e-09,cell
CDHR2,-0.0133,0.02166,0.04251,cell
MNT,0.0083,0.06723,0.1119,cell
CDKAL1,0.0094,0.05999,0.1014,cell
CCNL1,-0.2421,0.009384,0.02058,cell
CASP2,-0.0137,0.547,0.63,cell
RFX2,0.1958,1.56e-09,1.978e-08,cell
NAGPA,0.0009,0.6578,0.7256,cell
BIRC6,0.4423,3.532e-11,6.577e-10,cell
SPPL2B,0.2644,7.929e-23,1.001e-20,cell
AKAP11,0.107,0.01914,0.03808,cell
MAN1B1,0.2653,7.66e-11,1.333e-09,cell
NLK,0.0577,0.01108,0.02377,cell
CYB5R4,-0.1571,0.384,0.4759,cell
SUCO,0.0393,0.1094,0.1685,cell
COPRS,-0.0681,0.4907,0.58,cell
ADAP2,-0.0135,0.2011,0.2798,cell
TCP11L1,0.019,0.01176,0.02502,cell
ZGRF1,0.0191,0.3212,0.412,cell
SNX9,-0.1951,0.06901,0.1146,cell
TRIP4,-0.0607,0.6042,0.6804,cell
DBR1,-0.0283,0.7716,0.8222,cell
EGFL7,-0.0341,0.2416,0.3258,cell
SEC31A,0.2699,0.002424,0.006392,cell
VPS28,0.1,0.01916,0.03812,cell
RBM19,0.087,1.473e-05,7.389e-05,cell
OTUD7B,0.0587,0.000412,0.001374,cell
REL,0.0524,0.004491,0.01093,cell
ZNF33B,0.0233,0.08343,0.1345,cell
ZNF10,0.0091,0.3331,0.4242,cell
ETHE1,-0.0602,0.1892,0.2661,cell
TRAM1,-0.1274,0.02292,0.04464,cell
HDAC7,0.071,6.141e-08,5.473e-07,cell
MDM4,0.0217,0.583,0.6613,cell
CUL4A,-0.1563,0.2769,0.3653,cell
CDKN2B-AS1,0.0104,0.04185,0.07451,cell
TXNL4A,-0.2232,5.129e-05,0.0002218,cell
ENSA,0.1031,0.1224,0.1855,cell
FMNL3,0.0358,0.0001517,0.0005758,cell
PAX6,-0.058,0.3352,0.4265,cell
C18orf25,-0.0755,0.5169,0.603,cell
C6orf57,0.0219,0.02333,0.0453,cell
BMF,0.279,2.3e-21,2.276e-19,cell
VWA5A,-0.0313,0.5371,0.6211,cell
LIFR,0.0017,0.6169,0.6914,cell
TMUB1,-0.0605,0.003937,0.009729,cell
RPS6KC1,0.0906,0.0002814,0.0009837,cell
SUN2,0.1973,3.905e-09,4.564e-08,cell
GFM2,-0.05,0.3486,0.4405,cell
ADAT1,0.0956,0.001031,0.003013,cell
ZBED4,0.0558,0.001294,0.003677,cell
DNPEP,0.1024,0.002316,0.006146,cell
GTF3C3,-0.2222,0.008949,0.01974,cell
TRANK1,0.0417,0.231,0.3143,cell
ETNK2,0.0738,0.05945,0.1006,cell
MED28,-0.093,0.26,0.347,cell
FAM174A,-0.06,0.8771,0.9073,cell
ZC3H11A,0.1373,4.177e-05,0.0001849,cell
MYO16,0.0142,0.03262,0.06028,cell
URB1,0.1562,4.772e-13,1.222e-11,cell
STRA13,0.1062,9.953e-07,6.723e-06,cell
GRM4,0.338,3.945e-13,1.024e-11,cell
ECI2,0.119,0.04992,0.08662,cell
TTC39B,-0.0607,0.7604,0.8124,cell
GOLPH3L,0.0483,0.1064,0.1649,cell
MAP1S,0.0138,0.2359,0.3198,cell
DARS2,0.1089,0.0009726,0.002863,cell
KIAA1551,0.0517,0.01129,0.02415,cell
C14orf105,0.0737,0.000758,0.002323,cell
BTBD7,0.026,0.1432,0.211,cell
ASUN,0.074,0.005608,0.01324,cell
DNAJC17,0.0028,0.2231,0.3053,cell
NADSYN1,0.1024,0.0002551,0.0009047,cell
NUDT11,-0.0486,0.6915,0.7541,cell
SLC4A1AP,0.0458,0.02083,0.0411,cell
IER3IP1,-0.181,0.01508,0.03103,cell
GID4,0.0566,0.01013,0.02199,cell
PHF23,0.0455,0.1555,0.226,cell
CCDC138,0.0085,0.05582,0.09519,cell
KLHL1,0.0249,0.01559,0.03192,cell
ELMSAN1,-0.0026,0.5246,0.6107,cell
ZSCAN5A,0.0246,0.2281,0.311,cell
CHST7,-0.0109,0.7921,0.8387,cell
CHCHD7,-0.1871,0.007702,0.01736,cell
PCYOX1L,0.0887,0.002562,0.006712,cell
SMIM7,0.1049,0.02743,0.05209,cell
MRPS34,0.2064,6.715e-11,1.187e-09,cell
MYH7B,0.0114,0.001621,0.004498,cell
DHX58,-0.0181,0.9499,0.9626,cell
LRCH2,-0.0368,0.434,0.5258,cell
NYAP2,0.0062,0.503,0.5907,cell
ZFAT,0.0112,0.4852,0.5751,cell
C11orf49,0.1294,0.002313,0.006138,cell
C9orf16,-0.163,2.295e-07,1.794e-06,cell
F8,0.0913,0.0003048,0.001054,cell
MAP6D1,-0.0039,0.7562,0.8089,cell
TTLL7,0.0784,0.0008228,0.002489,cell
METTL22,0.0652,0.03683,0.06693,cell
TMUB2,0.196,0.0001172,0.0004581,cell
MTRR,0.0808,0.01405,0.02918,cell
ASB8,0.1919,0.001526,0.004262,cell
DSCC1,-0.0025,0.6651,0.7316,cell
TMEM109,0.2015,0.007036,0.01605,cell
KDELC1,0.0119,0.07179,0.1183,cell
WDR18,0.0922,1.152e-05,5.936e-05,cell
METTL16,0.1885,2.852e-06,1.707e-05,cell
PRRG4,-0.0753,0.001546,0.004308,cell
SLC10A3,0.0184,0.4416,0.5333,cell
HOMEZ,0.026,0.2954,0.3849,cell
HEATR5B,0.0864,0.007579,0.01712,cell
SCN2A,0.111,2.015e-07,1.603e-06,cell
PCDHB5,0.1005,0.002017,0.005456,cell
KLHL12,0.0068,0.6847,0.7481,cell
ISG20L2,0.0584,0.02186,0.04284,cell
PCDHB3,-0.0092,0.9443,0.9581,cell
OSBPL8,0.375,1.968e-09,2.444e-08,cell
TMEM38A,0.0295,0.001807,0.004954,cell
DDX54,0.0699,0.004849,0.01167,cell
ZFYVE21,0.0002,0.8619,0.8957,cell
KXD1,-0.0131,0.8642,0.8974,cell
NABP2,0.1368,5.233e-05,0.0002255,cell
PDCL3,0.0085,0.04406,0.07793,cell
ZNF687,0.0163,0.1185,0.1806,cell
NUP37,-0.0294,0.7544,0.8073,cell
TMEM106C,0.5138,4.131e-09,4.797e-08,cell
TUBGCP4,0.0142,0.3003,0.3901,cell
RBFOX3,0.0311,0.001323,0.00375,cell
KIAA0825,0.02,0.2053,0.2845,cell
ZCWPW1,-0.0169,0.6554,0.7242,cell
MYO7A,0.0481,0.0003142,0.001081,cell
HMGCL,0.0048,0.5291,0.6141,cell
HMBS,0.1819,1.218e-07,1.02e-06,cell
ATP6V0B,-0.1029,0.08835,0.1411,cell
ATOX1,-0.0955,0.004158,0.01022,cell
ATP6V0E1,-0.4071,1.816e-12,4.262e-11,cell
RAB5B,0.1572,0.007853,0.01765,cell
RAB3A,-0.0158,0.6387,0.7097,cell
PYGL,-0.079,0.00544,0.01289,cell
PYGB,0.1728,2.427e-07,1.88e-06,cell
STBD1,-0.1099,7.002e-06,3.826e-05,cell
SUN1,0.3259,4.165e-06,2.392e-05,cell
ZBTB46,0.0171,0.04464,0.07884,cell
WDR82,0.0571,0.01196,0.02539,cell
SMG7,0.0929,0.07625,0.1247,cell
ABCB8,0.1455,4.7e-11,8.596e-10,cell
ZNF107,-0.0641,0.6921,0.7548,cell
HERC2,0.5016,3.695e-22,4.083e-20,cell
NDUFA2,-0.1613,0.0002788,0.0009765,cell
RNF4,-0.0514,0.6053,0.6812,cell
TMEM175,0.1891,6.445e-08,5.736e-07,cell
CRY1,-0.0805,0.4948,0.5837,cell
RPL14,-0.2255,5.654e-09,6.386e-08,cell
CBFA2T2,0.0914,0.05592,0.09535,cell
FEZ2,-0.0303,0.6832,0.7468,cell
SYS1,0.0132,0.7958,0.8415,cell
EHMT1,0.1884,6.514e-13,1.645e-11,cell
UBE2M,0.0089,0.397,0.489,cell
OAZ1,-0.5965,2.65e-25,5.019e-23,cell
IKBKG,0.0113,0.003601,0.008994,cell
TAAR5,-0.0401,7.476e-25,1.271e-22,cell
SEMA5A,0.2817,9.537e-09,1.026e-07,cell
CDKN1B,-0.0882,0.7129,0.7725,cell
STK19##4,0.021,0.004878,0.01172,cell
RNF8,-0.0288,0.4757,0.5658,cell
CA8,0.0788,0.000602,0.001912,cell
CAPN5,-0.1125,1.934e-05,9.399e-05,cell
KCNMB2,-0.3373,0.001938,0.005266,cell
NCOA4,-0.0975,0.1881,0.265,cell
BYSL,0.0743,0.002287,0.006082,cell
BDH1,0.0312,0.02238,0.04371,cell
BCL2L2,0.1349,2.457e-05,0.0001165,cell
ATIC,0.0851,0.08998,0.1432,cell
USP13,0.0927,0.0001983,0.0007265,cell
ANXA2,0.2797,0.0106,0.02288,cell
HNRNPF,0.025,0.9417,0.9562,cell
MRTO4,0.043,0.1031,0.1604,cell
COBLL1,0.2003,3.338e-06,1.968e-05,cell
LPGAT1,-0.2324,0.04803,0.08387,cell
SEC16A,0.3423,1.868e-10,2.962e-09,cell
C5orf45,0.0172,0.02063,0.0407,cell
LONP2,0.346,2.327e-08,2.297e-07,cell
ZNF830,-0.117,0.2333,0.3169,cell
ANKRD40,0.001,0.1058,0.1641,cell
KREMEN1,0.0756,0.1441,0.2122,cell
ADCK2,0.0468,0.003009,0.007703,cell
GADD45GIP1,-0.0001,0.481,0.5709,cell
CCDC97,0.113,4.275e-05,0.0001887,cell
PANX2,0.0031,0.05734,0.09747,cell
SCAMP3,0.1594,0.003378,0.008509,cell
CCDC8,0.0797,1.066e-05,5.564e-05,cell
TBC1D10A,-0.0006,0.3805,0.4724,cell
WDR7,0.3173,2.742e-12,6.151e-11,cell
SLC18B1,-0.1095,0.113,0.1732,cell
DCAF13P3,0.0192,0.003062,0.007818,cell
THEMIS2,0.0426,0.03481,0.06366,cell
RAB15,0.2158,5.291e-05,0.0002278,cell
PRMT7,0.0439,0.03858,0.06955,cell
TTC8,0.4383,1.776e-08,1.802e-07,cell
GGACT,0.0388,0.04755,0.08314,cell
GTPBP10,-0.0608,0.2612,0.3484,cell
CASP9,0.0268,0.2773,0.3656,cell
RHPN2,-0.0059,0.7109,0.7708,cell
TRIM5,0.0903,8.15e-07,5.608e-06,cell
GREB1,0.177,1.072e-13,3.032e-12,cell
BAD,0.0437,0.002925,0.007533,cell
TNPO1,0.0648,0.06777,0.1127,cell
CEP89,0.0282,0.0005877,0.001872,cell
FAS,-0.071,0.06993,0.1158,cell
POMZP3,0.0006,0.265,0.3525,cell
EED,-0.0923,0.6673,0.7334,cell
C15orf65,-0.042,0.6675,0.7334,cell
C15orf41,0.094,5.141e-06,2.894e-05,cell
PSMD2,0.5279,8.791e-11,1.508e-09,cell
OSBPL7,0.0314,0.03335,0.06142,cell
NAP1L5,0.0564,0.002353,0.006236,cell
PHLDB2,-0.3351,4.062e-05,0.0001806,cell
FZD3,-0.0287,0.2977,0.3873,cell
CHEK2,-0.0042,0.3523,0.4443,cell
PDCD10,-0.2775,0.0009161,0.002718,cell
CEP70,-0.0315,0.2386,0.3225,cell
SEC14L1,0.1635,9.466e-06,5.021e-05,cell
COPS3,-0.1849,0.09759,0.1533,cell
RPP21,-0.032,0.0001304,0.0005035,cell
LRRC20,0.0876,0.0001124,0.0004427,cell
WDTC1,0.0947,4.104e-07,3.028e-06,cell
DGKG,0.0692,3.373e-08,3.19e-07,cell
ZNF692,0.1136,1.895e-07,1.518e-06,cell
GMDS,-0.0056,0.2199,0.3015,cell
PSME3,0.3168,1.237e-05,6.341e-05,cell
AEBP2,-0.0036,0.01357,0.02829,cell
ARMC8,-0.0768,0.8135,0.8557,cell
MZF1,0.2777,6.601e-18,3.725e-16,cell
CREB3L2,0.5469,2.3e-17,1.192e-15,cell
SYNCRIP,0.0043,0.2911,0.3803,cell
ZFAND2B,-0.0929,0.1613,0.2327,cell
PSD,0.0505,0.004083,0.01006,cell
MATR3,-0.1858,0.00121,0.003465,cell
SOGA1,0.038,0.006723,0.01545,cell
LACTB,-0.0303,0.3263,0.4173,cell
TEX10,0.0092,0.03848,0.06941,cell
ORC4,-0.0347,0.6367,0.7083,cell
GALK2,0.1974,1.098e-05,5.71e-05,cell
SLC39A4,-0.0673,0.0007699,0.002353,cell
DDX24,0.2911,0.001066,0.003103,cell
CHMP1B,-0.4902,1.182e-09,1.544e-08,cell
MRPL47,-0.0681,0.9552,0.9664,cell
IRX2,-0.0019,0.04398,0.07781,cell
IDI2,0.003,0.3951,0.4869,cell
MIR6723,-0.0079,0.001432,0.004026,cell
GCLC,0.0173,0.0365,0.06641,cell
PLEKHO2,-0.003,0.4237,0.5155,cell
B3GALNT2,0.136,2.056e-05,9.914e-05,cell
TMEM108,0.0078,0.0223,0.04356,cell
DUSP22,0.088,0.000591,0.001881,cell
USP49,0.0063,0.1649,0.237,cell
CAPS2,0.0477,3.737e-05,0.0001681,cell
CHD5,0.0327,1.337e-06,8.74e-06,cell
RNF43,0.0989,9.736e-06,5.137e-05,cell
PYCARD,-0.0042,0.3321,0.4233,cell
SLC2A12,0.1313,0.0003487,0.001185,cell
C19orf66,-0.0431,0.5243,0.6103,cell
DDX28,0.0296,0.1566,0.2272,cell
FBXL8,0.0221,0.00137,0.003869,cell
SLC39A9,0.0137,0.7982,0.8434,cell
BRMS1,0.0935,0.01411,0.0293,cell
SYNJ2BP,0.2502,5.905e-07,4.21e-06,cell
ATP13A1,0.167,9.163e-06,4.871e-05,cell
BLOC1S4,-0.0538,0.1113,0.1709,cell
SNORD18C,-0.0045,0.1803,0.2558,cell
ADAM8,0.027,0.04618,0.08105,cell
GLMN,-0.0263,0.08813,0.1408,cell
SYN1,-0.084,0.07231,0.119,cell
NEK7,-0.2674,0.01135,0.02426,cell
HERPUD1,0.5212,0.04306,0.07639,cell
GLT8D1,0.4223,2.075e-07,1.648e-06,cell
SAT2,0.0139,0.7144,0.7738,cell
CITED4,-0.0027,0.436,0.5277,cell
ZNF384,0.0154,0.04733,0.0828,cell
ANKRD24,0.0158,2.035e-05,9.828e-05,cell
ABTB2,-0.0029,0.977,0.9827,cell
ZNF100,0.0257,0.01393,0.02898,cell
REM2,0.0621,0.000789,0.002401,cell
TAPT1,-0.0642,0.8304,0.8686,cell
SLC38A9,-0.0288,0.6213,0.6949,cell
FAM117B,-0.0403,0.4458,0.5373,cell
KANSL3,0.3356,8.319e-10,1.124e-08,cell
FNDC3B,0.281,1.099e-05,5.714e-05,cell
PABPC1,0.1595,0.03266,0.06033,cell
PEBP1,0.0445,0.4068,0.4986,cell
P2RY1,0.2319,7.818e-09,8.603e-08,cell
FAM193A,0.0702,0.003606,0.009005,cell
SPATA2,-0.02,0.3448,0.4365,cell
ATP6AP2,0.4255,0.001213,0.003472,cell
PLXNC1,-0.0532,0.6225,0.6959,cell
CEBPZ,-0.1681,0.1469,0.2154,cell
ABI2,0.1138,0.01962,0.03894,cell
WFS1,0.6802,3.798e-20,3.148e-18,cell
HRSP12,-0.0427,0.1556,0.226,cell
B3GNT2,0.0198,0.05499,0.09401,cell
ILK,-0.1553,0.05029,0.08713,cell
FNDC3A,0.3808,3.216e-06,1.903e-05,cell
CALU,0.2768,0.0001021,0.0004061,cell
ITPR3,0.4163,2.237e-07,1.756e-06,cell
RPL31,-0.2789,1.488e-08,1.539e-07,cell
TRUB2,0.2136,2.513e-08,2.463e-07,cell
NBEA,0.4864,1.774e-12,4.186e-11,cell
RUFY2,-0.0601,0.7544,0.8073,cell
ERLEC1,0.2875,0.003848,0.009537,cell
TTI1,0.0953,0.003229,0.008189,cell
APIP,-0.0304,0.4243,0.516,cell
COQ4,0.1489,2.834e-06,1.697e-05,cell
RPS27L,-0.4625,8.666e-12,1.807e-10,cell
FAM155B,0.033,0.1245,0.1884,cell
MTG2,0.1191,1.682e-08,1.719e-07,cell
ZNF358,0.0772,6.986e-07,4.904e-06,cell
WIPI1,0.0916,0.000142,0.0005429,cell
TOR2A,0.0402,0.01314,0.02755,cell
ZBTB40,0.2908,2.113e-12,4.865e-11,cell
NAA60,0.0572,0.1351,0.2012,cell
SLC25A10,0.0689,1.68e-06,1.064e-05,cell
AATF##1,-0.0759,0.7114,0.7712,cell
ZBTB5,0.0853,0.00801,0.01795,cell
MIRLET7BHG,0.1398,7.21e-15,2.439e-13,cell
MAPK4,-0.0504,0.0001215,0.0004727,cell
ZRANB3,0.0166,0.2699,0.3576,cell
BCL7C,-0.0018,0.1953,0.2729,cell
C2orf49,-0.0753,0.4099,0.5017,cell
KRBA2,0.0576,8.893e-06,4.744e-05,cell
ZNF517,0.0108,0.4855,0.5754,cell
ZNF789,0.1067,8.933e-06,4.763e-05,cell
TMED8,0.0174,0.005302,0.0126,cell
E2F6,0.0221,0.00441,0.01076,cell
GSN,0.8523,3.64e-14,1.099e-12,cell
B4GALT4,0.1453,0.002159,0.005787,cell
CXorf23,0.0189,0.05902,0.09997,cell
ZNF620,0.0561,0.04232,0.07526,cell
FDXR,-0.0049,0.9114,0.9338,cell
KIF21A,-0.0758,0.2929,0.3822,cell
NIT2,0.0432,0.1862,0.2627,cell
NOL8,-0.1007,0.6471,0.7172,cell
PSMG2,-0.0962,0.1446,0.2127,cell
CMC2,-0.1094,0.08579,0.1376,cell
TMEM129,0.1212,1.454e-07,1.198e-06,cell
MAATS1,0.1408,8.137e-07,5.605e-06,cell
FAM46A,0.1348,0.01781,0.03581,cell
VPS13C,0.1214,0.07523,0.1232,cell
CELF4,-0.0161,0.1796,0.2551,cell
SMCO4,0.1824,0.0008387,0.002527,cell
TET2,0.1233,0.0008321,0.00251,cell
FEM1C,-0.1382,0.4546,0.545,cell
DUS3L,-0.015,0.4552,0.5456,cell
EEF2,0.5432,5.486e-09,6.217e-08,cell
CPSF7,-0.0769,0.2863,0.375,cell
APC2,0.0013,0.03105,0.05769,cell
SLC33A1,0.1648,0.0003269,0.00112,cell
HLA-DMA,0.0276,0.0006178,0.001952,cell
ATP1A3,0.005,0.7308,0.788,cell
STX6,0.0369,0.003272,0.00828,cell
TP53INP1,-0.0755,0.8651,0.8978,cell
ESD,-0.2955,0.000174,0.0006471,cell
RPL27A,-0.0845,0.0512,0.08855,cell
RPL26,-0.4304,1.379e-19,1.027e-17,cell
SERPINA3,-0.0111,1.782e-13,4.883e-12,cell
PLOD3,0.2119,2.433e-06,1.483e-05,cell
RPL22,-0.0558,0.3773,0.4693,cell
GOLGA4,0.4646,9.522e-08,8.183e-07,cell
ENTPD3,0.1493,0.01644,0.03346,cell
RNPEP,0.0906,0.0002077,0.0007566,cell
PARP6,0.365,5.007e-07,3.626e-06,cell
C5orf15,-0.2192,0.02157,0.04235,cell
SEMA4B,-0.0389,0.6308,0.7035,cell
ABCA7,0.2199,4.264e-20,3.49e-18,cell
XAB2,-0.0577,0.1197,0.182,cell
VPS11,0.0347,0.3897,0.4815,cell
HAUS6,-0.0067,0.1497,0.2188,cell
PTPN13,0.102,0.000149,0.0005665,cell
SNAPC5,-0.0322,0.7431,0.7982,cell
SAP30L,0.0255,0.1473,0.2159,cell
PEX5,0.2615,6.838e-13,1.719e-11,cell
SLC4A4,0.1117,1.292e-07,1.075e-06,cell
SNX6,-0.0826,0.6524,0.7218,cell
PIP4K2C,0.3328,8.063e-07,5.565e-06,cell
GEMIN6,0.0157,0.103,0.1604,cell
ABRACL,-0.2839,1.846e-05,9.011e-05,cell
RBM25,0.2362,2.221e-05,0.0001063,cell
SELK,-0.1674,0.007299,0.01656,cell
CLMP,0.0091,0.5148,0.6012,cell
EFCC1,0.023,0.001126,0.003254,cell
SCAF1,-0.0184,0.9659,0.9746,cell
MYT1L,0.2532,8.386e-14,2.417e-12,cell
BCKDHA,0.0494,0.09288,0.1472,cell
ALOX5,-0.0911,0.3678,0.4593,cell
EFNA3,-0.0029,0.4034,0.495,cell
DPP6,-0.1918,0.03539,0.06458,cell
ICAM2,0.022,0.6985,0.7595,cell
DYM,0.0496,0.02132,0.04194,cell
BIN3,0.0398,0.02658,0.05073,cell
CMAS,-0.0348,0.805,0.849,cell
TMPPE,0.0028,0.6944,0.7565,cell
RPS6KL1,0.0884,3.029e-10,4.518e-09,cell
ABHD14A,0.0146,0.09127,0.145,cell
DCAF12,0.1229,0.001293,0.003674,cell
TECPR1,0.2747,8.005e-23,1.001e-20,cell
MTMR4,0.1947,7.611e-06,4.131e-05,cell
PDLIM4,0.07,0.001025,0.002998,cell
MTMR6,-0.2035,0.08419,0.1355,cell
RALBP1,-0.018,0.5654,0.6457,cell
RABGAP1L,0.1378,0.00329,0.00832,cell
RNF115,0.03,0.00228,0.006067,cell
PRDX3,-0.0027,0.4113,0.5031,cell
MTERF1,-0.0818,0.2058,0.2851,cell
CTNNBL1,0.064,0.06722,0.1119,cell
TENM3,0.0781,0.02492,0.04795,cell
RPN1,0.7722,3.445e-14,1.043e-12,cell
DERL3,0.2071,2.467e-15,9.087e-14,cell
RPE,0.01,0.1285,0.1931,cell
RUNDC3A,0.178,4.577e-07,3.34e-06,cell
LOC100287036,0.0309,0.1603,0.2317,cell
LOC100505549,-0.0061,0.7111,0.771,cell
BIRC2,-0.1259,0.8218,0.8624,cell
TMCO1,-0.088,0.2645,0.352,cell
DHX40,-0.1433,0.1957,0.2733,cell
ZNF2,-0.0107,0.9265,0.9455,cell
APC,0.2293,6.97e-05,0.0002887,cell
CHCHD4,-0.0262,0.9327,0.95,cell
CLGN,-0.0177,0.6369,0.7083,cell
PRICKLE4,0.0165,0.001262,0.003601,cell
TRAPPC2L,-0.0066,0.6829,0.7467,cell
LSM7,-0.0163,0.8078,0.851,cell
CPSF3,0.1419,0.0005046,0.001638,cell
FAM3C,-0.0936,0.02304,0.04483,cell
KIAA0020,-0.127,0.4866,0.5764,cell
ACTL6B,0.1622,1.206e-09,1.574e-08,cell
PIAS1,0.1141,0.04567,0.08035,cell
HN1,-0.1626,0.04983,0.0865,cell
LINC00925,0.0225,0.5846,0.6627,cell
SSH1,0.0633,0.02523,0.04845,cell
TPD52,-0.5504,1.222e-13,3.433e-12,cell
SCGN,0.7483,2.925e-11,5.508e-10,cell
COLGALT1,0.2059,1.252e-06,8.25e-06,cell
PMAIP1,-0.0688,0.0001014,0.000404,cell
CRY2,0.0578,0.01606,0.03276,cell
TMSB4X,-0.3579,1.586e-12,3.762e-11,cell
ZNF239,0.0457,0.003785,0.009398,cell
STX1A,0.9565,1.451e-33,1.013e-30,cell
REEP5,-0.1573,0.001753,0.004822,cell
ST8SIA4,-0.0402,0.001876,0.005121,cell
FKBP4,-0.2334,0.01809,0.03632,cell
PSME2,0.0699,0.003657,0.009123,cell
PSMD12,-0.1252,0.3175,0.4084,cell
PSMD11,0.4958,3.372e-11,6.298e-10,cell
PSMD8,0.2557,6.498e-05,0.0002718,cell
FUS,0.3407,1.36e-16,6.238e-15,cell
SCD,-0.8847,8.952e-14,2.569e-12,cell
MARS,0.2537,0.00258,0.006748,cell
LOC113230,-0.0005,0.8497,0.8851,cell
C10orf95,0.0151,0.0002064,0.0007527,cell
SLC45A2##1,0.0159,0.0006317,0.00199,cell
ELAVL4,-0.1236,0.3801,0.472,cell
GSTM1,-0.0067,0.2621,0.3494,cell
ASB9P1,0.0006,0.01531,0.03144,cell
TMF1,0.3767,2.848e-07,2.166e-06,cell
NAB2,-0.0334,0.5772,0.656,cell
MXI1,-0.7493,1.559e-16,7.079e-15,cell
RPL10,-0.0707,0.04712,0.08248,cell
ZNF540,-0.1167,0.6815,0.7455,cell
HLF,0.1123,0.001503,0.004203,cell
RREB1,0.0563,0.002288,0.006082,cell
SLITRK1,-0.0005,0.1806,0.256,cell
FADS2,0.5155,3.698e-27,9.251e-25,cell
ANKRD34C,0.0915,2.533e-05,0.0001199,cell
MIR6853,0.0034,0.08807,0.1408,cell
MIR6840,0.004,0.002103,0.005661,cell
MIR6850,-0.0003,0.7566,0.8092,cell
MIR6833,-0.0018,0.2313,0.3147,cell
MIR6821,-0.0036,0.07336,0.1205,cell
MIR6820,-0.0037,0.06775,0.1127,cell
MIR6817,0.0016,0.4679,0.5586,cell
MIR6807,0.0,0.7048,0.7656,cell
MIR6797,0.0042,0.284,0.3725,cell
MIR6796,0.0121,0.000453,0.001492,cell
SPTLC2,0.0976,0.003056,0.007809,cell
LOC728323##1,-0.0251,0.5971,0.674,cell
TERF1,0.0137,0.002857,0.007375,cell
TMBIM6,0.005,0.854,0.8889,cell
CYB561D1,0.2476,2.356e-10,3.645e-09,cell
GIN1,0.0278,0.01432,0.02967,cell
OSGIN2,-0.2929,0.006398,0.01479,cell
RIOK2,-0.0628,0.7194,0.778,cell
CARKD,0.2449,5.497e-05,0.0002353,cell
CDC34,0.0833,5.7e-05,0.000243,cell
LOC100288798,-0.0136,0.3003,0.39,cell
GAA,0.3839,7.481e-15,2.518e-13,cell
ACCS,0.0483,0.0004203,0.001397,cell
KIFAP3,0.183,0.0001939,0.000712,cell
CNST,0.0021,0.2786,0.3669,cell
NR0B1,0.1759,0.09457,0.1494,cell
CDC42BPA,0.002,0.4716,0.5621,cell
CLTCL1,0.0541,0.0004033,0.001348,cell
ATXN1,0.1274,9.854e-06,5.19e-05,cell
RB1,-0.0071,0.04422,0.07816,cell
B2M,0.0975,0.3597,0.4514,cell
IRF7,0.0173,0.4987,0.5869,cell
ATP6V1G1,-0.4247,1.469e-11,2.943e-10,cell
TP53I3,0.0395,0.1548,0.2251,cell
DVL1,0.0389,0.0002161,0.0007832,cell
DUSP1,0.4737,6.716e-07,4.729e-06,cell
ST20-AS1,0.007,0.169,0.2418,cell
BRI3,-0.3003,1.445e-11,2.898e-10,cell
YIPF3,0.1915,0.01196,0.02539,cell
MOB4,-0.0183,0.04418,0.07812,cell
GCAT,0.0144,0.1104,0.1697,cell
BAHD1,-0.0045,0.01345,0.0281,cell
TDRD7,-0.0045,0.6535,0.7229,cell
HSPA4L,-0.0782,0.8828,0.9114,cell
SERF2,-0.2657,1.396e-09,1.786e-08,cell
PKIG,0.0353,0.06641,0.1108,cell
EXTL3,0.4025,3.473e-17,1.744e-15,cell
RPS6KA4,0.0056,0.02139,0.04205,cell
BTRC,0.1503,0.0001381,0.0005295,cell
PIGC,-0.0352,0.917,0.9375,cell
NKAP,-0.0083,0.4589,0.5493,cell
FAM65A,0.1073,2.792e-06,1.675e-05,cell
C2orf47,-0.0747,0.8279,0.8666,cell
NCALD,0.5992,3.994e-18,2.333e-16,cell
ITFG3,0.2978,5.218e-10,7.392e-09,cell
TM2D2,-0.0659,0.5155,0.6015,cell
PAGR1,0.2573,2.73e-10,4.133e-09,cell
WDR25,-0.053,0.7353,0.7917,cell
IFI27L2,-0.1922,7.413e-13,1.848e-11,cell
IRF2BPL,0.1348,2.471e-06,1.505e-05,cell
UPF3A,0.0299,0.007469,0.0169,cell
ALG2,0.0047,0.7445,0.7993,cell
TFAP4,-0.0014,0.9987,0.9991,cell
BHMT2,0.0871,2.558e-09,3.101e-08,cell
BPTF,0.2619,8.833e-06,4.721e-05,cell
PIKFYVE,0.141,1.032e-05,5.409e-05,cell
HS6ST2,-0.1079,3.459e-07,2.595e-06,cell
ACOT11,0.0644,5.872e-07,4.188e-06,cell
DCTN4,-0.0441,0.8116,0.854,cell
GOT2,0.2732,0.0004977,0.001617,cell
AMD1,0.0934,0.01443,0.02986,cell
RITA1,0.0457,0.008874,0.01961,cell
NUP188,0.2055,4.58e-08,4.192e-07,cell
ZNF841,0.0134,0.1864,0.2628,cell
ANKRD6,0.0364,0.08192,0.1326,cell
JMJD8,0.1194,2.594e-07,1.999e-06,cell
TFRC,-0.1296,0.199,0.2774,cell
TFF3,0.6155,2.594e-20,2.219e-18,cell
TBCA,-0.1227,0.006808,0.01562,cell
RBPJ,-0.0313,0.8202,0.8611,cell
KANSL1,0.0855,0.000231,0.0008306,cell
SYK,0.1254,1.519e-05,7.587e-05,cell
C6orf1,-0.1,0.1282,0.1928,cell
C6orf48##2,-0.3324,1.049e-07,8.943e-07,cell
KCTD17,0.0202,0.002613,0.006822,cell
JADE1,0.1488,0.005351,0.0127,cell
COBL,0.1999,1.847e-09,2.306e-08,cell
UBE2V1,0.056,0.9415,0.9561,cell
ZNF595,-0.0208,0.005863,0.01376,cell
ARFIP1,0.1309,0.001428,0.004018,cell
ZSCAN26,0.1582,0.0001732,0.0006451,cell
ITGB1BP1,-0.0716,0.6253,0.6984,cell
SNRPA,0.0413,0.00852,0.01892,cell
SMS,-0.1826,0.0003103,0.00107,cell
STX4,0.1317,9.326e-11,1.59e-09,cell
CREBBP,0.1644,0.0001127,0.0004437,cell
FAHD1,-0.0277,0.9781,0.9837,cell
TCF4,0.1527,5.196e-05,0.0002241,cell
TPBG,-0.04,0.1249,0.1888,cell
MCM3AP-AS1,0.0556,6.928e-06,3.792e-05,cell
SNHG9,0.0203,0.05517,0.09425,cell
LYPLA1,-0.1536,0.7092,0.7693,cell
CD46,0.0557,0.9496,0.9624,cell
SYNE4,-0.0132,0.6566,0.725,cell
DPH6,0.1462,7.247e-07,5.057e-06,cell
SLC9A3R2,-0.019,0.3109,0.4012,cell
UNC80,0.4043,2.464e-19,1.748e-17,cell
LY96,-0.0134,0.1679,0.2405,cell
BRICD5,0.0057,0.005395,0.01279,cell
RBP1,0.2466,3.06e-05,0.0001416,cell
LMO2,0.2127,1.434e-06,9.246e-06,cell
EYS,0.0348,0.006111,0.01423,cell
ZDBF2,0.1284,3.19e-05,0.0001466,cell
MMGT1,0.0027,0.1248,0.1887,cell
UBE2Q2,-0.0333,0.2799,0.3682,cell
ABCA17P,-0.0116,0.1672,0.2396,cell
LOC652276,0.0052,0.0406,0.07269,cell
FLJ42627,0.0026,0.02006,0.03973,cell
JADE3,0.0377,0.006746,0.01549,cell
CD27,-0.0026,0.04959,0.08619,cell
CCNH,-0.0461,0.9564,0.9672,cell
MAN1C1,0.3382,1.226e-07,1.025e-06,cell
PDRG1,-0.0603,0.5765,0.6555,cell
MRPS26,0.1897,2.193e-07,1.728e-06,cell
CSRNP2,-0.1051,0.4347,0.5264,cell
YIPF5,-0.1153,0.3168,0.4076,cell
NAIP##3,0.0093,0.001539,0.004293,cell
NDEL1,0.0482,0.1578,0.2286,cell
RBM47,0.276,1.786e-10,2.843e-09,cell
LNX1,0.0811,0.0001336,0.0005146,cell
BLCAP,0.1316,0.02735,0.05197,cell
TRPV1,0.0731,1.311e-07,1.09e-06,cell
IL17RB,-0.7026,1.246e-09,1.621e-08,cell
DEK,0.1337,0.009902,0.02155,cell
STAT3,0.2624,0.001448,0.004065,cell
CBX1,0.0882,0.03306,0.06097,cell
ZNF205-AS1,-0.0011,0.8062,0.8498,cell
GSPT1,0.147,0.003431,0.008624,cell
TES,-0.0191,0.4834,0.5735,cell
RN7SL1,-0.0836,0.2728,0.3606,cell
PHRF1,0.0682,2.631e-07,2.023e-06,cell
PIK3CD,0.0067,0.05632,0.09594,cell
CREG1,-0.1565,0.1362,0.2026,cell
HOMER2,0.0445,0.02667,0.05086,cell
FAM109A,0.0205,0.02079,0.04102,cell
USMG5,-0.2415,3.504e-09,4.149e-08,cell
CLEC16A,0.1515,1.056e-07,8.986e-07,cell
ANKRD49,-0.1645,0.02438,0.04705,cell
BIVM,0.0489,3.96e-05,0.0001766,cell
LRRC49,-0.0147,0.338,0.4295,cell
BSPRY,-0.1627,0.008938,0.01972,cell
NCSTN,0.247,0.001982,0.005377,cell
MAU2,0.2164,6.033e-08,5.391e-07,cell
SPECC1L,0.161,3.908e-10,5.682e-09,cell
BCAS3,0.046,0.001021,0.002988,cell
CRAT,-0.0786,0.2814,0.3701,cell
SPINT1,0.1628,0.0003882,0.001303,cell
MYH9,0.1018,0.00424,0.0104,cell
USP21,0.0943,1.53e-07,1.252e-06,cell
UCK2,-0.0143,0.3991,0.491,cell
TXN2,-0.0041,0.9513,0.9636,cell
CLUH,0.1168,2.381e-10,3.675e-09,cell
STAMBPL1,0.029,0.05057,0.08759,cell
USP35,0.0461,2.397e-05,0.0001138,cell
SIPA1L2,-0.2188,0.2275,0.3103,cell
RIBC1,0.077,0.003959,0.009782,cell
TRAPPC11,0.0247,0.04154,0.07406,cell
QKI,-0.165,0.00334,0.008424,cell
CORO1C,-0.1957,0.02748,0.05214,cell
AMACR,0.0507,2.973e-05,0.0001381,cell
PLA2G16,-0.0504,0.7397,0.7957,cell
CARHSP1,-0.0502,0.2262,0.3089,cell
DBNL,0.0638,0.01043,0.02258,cell
SLC12A4,0.0214,0.1424,0.21,cell
DENND1B,0.0078,0.02495,0.04799,cell
EZR,0.4681,2.268e-13,6.09e-12,cell
SNX21,0.0115,0.2121,0.2925,cell
UHRF2,-0.1346,0.7387,0.7948,cell
PSMC4,0.1919,0.0001296,0.0005008,cell
VAT1L,0.3342,4.055e-06,2.342e-05,cell
SPAG8,0.0395,0.002879,0.007425,cell
ZNF555,0.0808,0.01855,0.03708,cell
MRPL54,-0.0916,0.00438,0.0107,cell
SPEN,0.3561,1.496e-09,1.906e-08,cell
GRB2,-0.0415,0.7915,0.8383,cell
PHKA1,0.1156,0.0002882,0.001004,cell
GPAA1,0.3623,1.792e-11,3.516e-10,cell
PGAM1,-0.3082,3.763e-20,3.138e-18,cell
MYH10,0.0187,0.2465,0.3313,cell
RNF19A,-0.0322,0.564,0.6444,cell
DNMT3A,0.1533,4.108e-09,4.774e-08,cell
ZNF408,0.028,0.3427,0.4344,cell
C12orf49,-0.1229,0.05802,0.09853,cell
GSDMD##1,0.0636,0.02808,0.05305,cell
CLMN,0.0846,0.0009981,0.002929,cell
ZNF665,0.0202,0.5902,0.6675,cell
FUBP1,0.1418,0.01659,0.03372,cell
RAPGEF1,0.1511,5.206e-08,4.696e-07,cell
DUS4L,-0.0528,0.8957,0.9218,cell
RHBDF2,-0.0066,0.8941,0.9206,cell
ENDOV,0.0068,0.3447,0.4365,cell
RFC3,0.0867,0.0001331,0.0005129,cell
CMTM3,-0.0868,0.006777,0.01556,cell
CRACR2B,0.0438,7.335e-09,8.092e-08,cell
HEXDC,0.024,0.01707,0.03454,cell
FAM98B,-0.0241,0.2827,0.3713,cell
DIP2B,0.193,2.862e-06,1.709e-05,cell
BTN2A2,0.0096,0.8889,0.9163,cell
OTOGL,0.0628,0.0005167,0.001672,cell
CA5BP1,0.0065,0.3411,0.4326,cell
CSRNP3,0.2178,1.201e-07,1.008e-06,cell
LRRC27,0.0517,0.0001669,0.0006253,cell
TIMMDC1,0.0773,0.2834,0.372,cell
G3BP1,-0.2195,0.007354,0.01668,cell
CELA3A,0.0436,2.169e-15,8.103e-14,cell
ARIH1,0.1552,5.183e-05,0.0002238,cell
ZNF263,-0.0838,0.1059,0.1642,cell
PPIF,0.0124,0.2659,0.3535,cell
SF3B6,-0.2819,9.283e-07,6.321e-06,cell
PDZD11,0.1168,0.01156,0.02466,cell
ARPC2,0.0245,0.8346,0.872,cell
CTDSP2,0.2983,4.215e-08,3.887e-07,cell
CIB2,0.0095,0.1426,0.2103,cell
TSPAN2,0.0535,0.04686,0.08211,cell
TSPAN5,0.1192,8.388e-06,4.503e-05,cell
EMG1,-0.0053,0.5081,0.5953,cell
TIMM23,-0.0556,0.3448,0.4365,cell
MAPKAPK3,0.2166,4.449e-07,3.257e-06,cell
ARPC1B,0.0328,0.03344,0.06155,cell
DAP3,0.0617,0.1611,0.2326,cell
LRP8,0.0959,1.018e-05,5.344e-05,cell
EDIL3,-0.122,0.3665,0.4582,cell
IL18BP,-0.0332,0.899,0.9239,cell
FOXA3,-0.0532,3.835e-05,0.0001718,cell
LITAF,0.0556,0.01348,0.02815,cell
TTC4,-0.0095,0.3107,0.401,cell
PDCD7,0.0334,0.008359,0.01863,cell
SCAMP2,0.1605,0.001653,0.004569,cell
TSN,-0.0932,0.5792,0.6579,cell
TRAF6,-0.0013,0.4761,0.5661,cell
TM4SF4,-0.0758,3.733e-05,0.000168,cell
TSPAN7,-0.0623,0.337,0.4285,cell
ERAL1,0.0952,0.01858,0.03711,cell
ABCF2,0.206,9.354e-05,0.000376,cell
KDELR2,0.3803,1.078e-05,5.622e-05,cell
KDELR1,-0.0833,0.09365,0.1482,cell
RCL1,0.0134,0.1902,0.2673,cell
LPAR6,-0.0442,0.5545,0.6363,cell
FARP1,0.0009,0.9498,0.9625,cell
AASS,-0.0303,0.9839,0.988,cell
ABCC5,0.3614,1.637e-14,5.194e-13,cell
IFT52,0.0021,0.4358,0.5275,cell
SPOCK1,0.0201,0.1509,0.2204,cell
ASXL1,0.0882,0.01842,0.03688,cell
MED13L,0.1762,5.11e-07,3.695e-06,cell
HNRNPD,0.0392,0.03836,0.06927,cell
FZD6,0.0581,0.0264,0.05043,cell
KCNJ13,0.0654,1.071e-06,7.18e-06,cell
KCNQ2##1,0.0297,0.005799,0.01363,cell
NIPSNAP1,0.1471,0.005565,0.01315,cell
ZNF708,0.0223,0.01068,0.02302,cell
NPIPB5,0.037,6.017e-16,2.478e-14,cell
PLAC8,0.0503,0.01661,0.03374,cell
PUS7L,0.0189,0.001108,0.00321,cell
UBFD1,0.1594,0.01326,0.02774,cell
FAP,0.0085,0.66,0.7277,cell
MCM7,0.0122,0.2559,0.3424,cell
MIR22HG,0.2271,1.427e-08,1.487e-07,cell
CFL1P1,0.0148,0.01675,0.03397,cell
TMEM41B,-0.0363,0.6783,0.7431,cell
LOC554206,0.0556,0.0001509,0.0005732,cell
TMEM14C,-0.2222,1.424e-05,7.176e-05,cell
SCG3,0.8153,3.096e-16,1.32e-14,cell
ZC3H12C,0.104,0.0006366,0.002001,cell
SUSD4,0.7998,2.696e-23,3.724e-21,cell
RRP8,-0.0263,0.1967,0.2745,cell
UFL1,0.2265,0.0005052,0.00164,cell
MPV17L,0.0159,0.004032,0.00994,cell
HLA-E,0.4165,7.509e-06,4.081e-05,cell
PPFIBP2,-0.1763,1.457e-06,9.361e-06,cell
AKAP1,0.1033,0.0003742,0.001262,cell
RAD51C,-0.013,0.9064,0.9298,cell
FKBP1AP1,0.0484,9.35e-09,1.01e-07,cell
PP7080,0.0638,0.003673,0.009161,cell
MEG8,0.0001,0.1316,0.197,cell
BMS1P6,0.0067,0.08457,0.136,cell
SNHG12,-0.2884,0.001999,0.005414,cell
MSTO2P##1,0.0228,1.221e-05,6.269e-05,cell
RASA4CP,0.0273,2.412e-05,0.0001145,cell
C1orf52,-0.2255,0.001979,0.005371,cell
TMEM44,0.0067,0.1071,0.1658,cell
PIGX,0.1037,0.0001832,0.0006769,cell
BRE,-0.1287,0.162,0.2336,cell
PGBD5,0.1635,1.341e-06,8.757e-06,cell
AAK1,0.2455,4.656e-08,4.249e-07,cell
CRLS1,-0.1715,0.01261,0.0266,cell
FEV,-0.0076,0.5895,0.667,cell
FBLIM1,-0.0433,0.03463,0.0634,cell
INO80,0.1546,5.835e-06,3.241e-05,cell
CRYGS,0.0183,0.09563,0.1508,cell
FOXRED1,0.161,2.315e-06,1.421e-05,cell
FAM212B,0.0498,0.03372,0.06198,cell
SMG9,0.1132,9.185e-10,1.235e-08,cell
MPHOSPH8,0.0473,0.1188,0.1809,cell
PSMA6,-0.0461,0.1697,0.2426,cell
PRCC,0.0259,0.03656,0.06652,cell
TUBA1B,-0.406,3.656e-08,3.429e-07,cell
RNF6,-0.0194,0.7104,0.7704,cell
MICU1,0.1286,0.01333,0.02788,cell
ZNF208,0.0112,0.2686,0.3562,cell
CARF,0.0211,0.04397,0.07781,cell
GTF2H4,0.0525,0.0008161,0.002472,cell
CDIPT-AS1,-0.0095,0.2089,0.2887,cell
UNC13A,0.6364,6.506e-23,8.542e-21,cell
BANF1,-0.0605,0.1197,0.182,cell
PTPMT1,-0.0682,0.4994,0.5875,cell
ASPHD1,0.0548,0.0005911,0.001881,cell
DTX3L,-0.0623,0.5557,0.6375,cell
SLC26A6,0.0442,0.001433,0.004028,cell
MCU,-0.1182,0.0714,0.1179,cell
VWA5B2,0.138,4.796e-05,0.0002092,cell
GNPDA2,-0.0748,0.8656,0.8981,cell
CHPF,0.1638,0.001374,0.003879,cell
C21orf58,0.1238,9.043e-05,0.000365,cell
USP7,0.2803,8.952e-07,6.122e-06,cell
CEMP1,0.026,1.276e-07,1.062e-06,cell
STK10,0.0117,0.3094,0.3996,cell
TESK2,-0.0331,0.8825,0.9113,cell
PEMT,0.6592,2.708e-11,5.136e-10,cell
PIN1,0.1598,2.336e-08,2.303e-07,cell
SF3A2,-0.0063,0.6177,0.6918,cell
SKP2,0.0108,0.5263,0.6116,cell
SLC25A1,-0.2238,0.009861,0.02147,cell
IRF9,-0.0445,0.6249,0.698,cell
BPNT1,0.0685,0.03669,0.06671,cell
TMEM50A,0.0705,0.1798,0.2552,cell
C5orf24,-0.1168,0.8298,0.8681,cell
PRR14,0.0011,0.03432,0.06291,cell
SPG20,0.2675,2.95e-05,0.0001372,cell
SPRED2,0.033,0.4131,0.5047,cell
LRRC36,-0.037,0.4722,0.5627,cell
PISD,0.1323,0.005213,0.01242,cell
FBXL19-AS1,0.0418,0.02689,0.05121,cell
TBC1D7,0.0507,0.05389,0.09245,cell
ARMC7,0.0347,0.002634,0.006871,cell
QTRTD1,0.0664,0.000927,0.002745,cell
DIS3L2,0.1569,6.28e-12,1.343e-10,cell
RAP1B,-0.0942,0.1153,0.1765,cell
DNM1,0.2235,3.76e-14,1.131e-12,cell
ARHGEF39,-0.0008,0.784,0.8326,cell
AIFM2,0.0391,0.02599,0.04974,cell
C2orf44,0.0183,0.3824,0.4742,cell
PLA2G4C,0.0378,0.01105,0.02371,cell
CLUHP3,-0.0395,0.2496,0.3349,cell
MID1IP1,0.0358,0.004226,0.01037,cell
OCRL,0.0794,0.1299,0.195,cell
CAMSAP3,0.0084,0.4117,0.5034,cell
ANKZF1,0.2241,9.449e-08,8.131e-07,cell
UBE2MP1,0.0008,0.7833,0.832,cell
HAX1,-0.1391,0.01194,0.02535,cell
TAB1,0.096,3.382e-06,1.991e-05,cell
TOMM40,0.015,0.2364,0.3204,cell
RPL35,-0.1218,0.0005634,0.001804,cell
PROSC,0.2332,0.0001311,0.0005059,cell
CCM2,-0.034,0.8419,0.8785,cell
HNRNPA2B1,0.3637,3.598e-05,0.0001627,cell
ARHGAP24,0.2406,5.665e-07,4.049e-06,cell
PRMT5,0.1156,0.01055,0.02279,cell
STK3,-0.0409,0.2376,0.3215,cell
CHURC1,-0.2121,0.00585,0.01373,cell
PJA1,-0.0134,0.7448,0.7996,cell
ATL1,-0.2882,0.0006146,0.001943,cell
RFC4,-0.0771,0.9316,0.9494,cell
SSTR3,0.0416,0.2036,0.2826,cell
ADCY7,0.0056,0.08739,0.1399,cell
ADCY6,0.1492,1.179e-06,7.826e-06,cell
UXS1,0.0563,0.01557,0.0319,cell
ZNF367,-0.0182,0.8776,0.9075,cell
RTCA-AS1,0.0147,0.0002565,0.0009081,cell
STPG1,0.0778,0.0007043,0.00218,cell
SLC9B1,0.0066,0.9846,0.9886,cell
TRUB1,-0.0456,0.3341,0.4254,cell
SREK1,0.3477,7.654e-08,6.726e-07,cell
STARD4,0.027,0.04591,0.08068,cell
CRB3,-0.0158,0.9738,0.9804,cell
DPP9,0.0583,0.0001341,0.0005158,cell
ST5,0.2407,9.832e-15,3.227e-13,cell
PCNT,0.3828,1.974e-16,8.753e-15,cell
CLASRP,0.0566,1.469e-06,9.427e-06,cell
MT1L,-0.0158,0.07864,0.128,cell
KLF5,-0.0267,0.01271,0.02679,cell
CHAF1B,0.0014,0.6543,0.7233,cell
SWAP70,-0.0256,0.2372,0.3212,cell
DGKZ,0.109,1.949e-16,8.673e-15,cell
SLC27A2,-0.0359,0.6698,0.7352,cell
DHDDS,0.1592,5.093e-05,0.0002204,cell
C6orf136,-0.0425,0.7421,0.7972,cell
NPTN,-0.2914,5.637e-07,4.034e-06,cell
YRDC,-0.2789,0.0001878,0.0006921,cell
NAA35,0.034,0.005037,0.01205,cell
ZDHHC14,0.0291,0.04961,0.0862,cell
DHRS12,0.0819,0.01326,0.02775,cell
COQ2,0.0596,0.006443,0.01489,cell
SHISA5,-0.0097,0.9085,0.9314,cell
MICAL3,0.0507,0.02342,0.04544,cell
EMC8,-0.0083,0.2675,0.3552,cell
KIAA1324L,-0.0496,0.6173,0.6916,cell
RPL9,-0.1529,3.92e-08,3.651e-07,cell
SYT13,0.9031,7.678e-24,1.157e-21,cell
FAM177A1,0.0127,0.1948,0.2724,cell
MED24,0.1296,3.615e-06,2.113e-05,cell
MTRNR2L6##1,-0.0683,1.326e-08,1.389e-07,cell
ZNF300,0.0122,0.6847,0.7481,cell
TFIP11,0.016,0.2115,0.2918,cell
SUGP2,0.3402,3.147e-19,2.174e-17,cell
RHOBTB3,-0.0563,0.6538,0.7231,cell
RAB11FIP2,0.0097,0.03429,0.06286,cell
DCLRE1A,0.0644,0.004025,0.009925,cell
INTS6,-0.007,0.7943,0.8405,cell
HELZ,0.2808,2.956e-06,1.762e-05,cell
APOOP5,0.0009,0.3984,0.4903,cell
ANAPC2,0.1369,1.755e-16,7.917e-15,cell
FBF1,0.0523,9.512e-06,5.039e-05,cell
DHRS4L1,0.007,0.0006899,0.002144,cell
SACS,0.0548,2.853e-05,0.0001333,cell
GNB2L1,-0.1108,0.02612,0.04997,cell
SSR4,0.9068,3.683e-35,3.052e-32,cell
PRKCD,-0.033,0.5122,0.5987,cell
SULF2,0.1964,0.000268,0.0009427,cell
TMEM138,0.1337,0.005182,0.01236,cell
NT5C3A,-0.2305,0.005117,0.01222,cell
C6orf203,0.0391,0.01966,0.039,cell
TMEM55A,-0.2304,0.01559,0.03192,cell
FEM1A,0.052,0.04118,0.07359,cell
TMEM69,-0.0156,0.4565,0.5469,cell
LANCL2,0.0435,0.2911,0.3803,cell
PHF7,0.0779,0.0006326,0.001992,cell
ELAC1,0.0491,0.01104,0.02368,cell
RBBP6,-0.1062,0.8961,0.9218,cell
C9orf156,0.0209,0.03615,0.06585,cell
FAM114A2,0.0036,0.421,0.513,cell
GPD1,0.2882,5.363e-12,1.158e-10,cell
RAD23B,-0.0336,0.3527,0.4446,cell
RAB6A,0.0965,0.1243,0.188,cell
KDM4C,0.0707,0.01262,0.02662,cell
ANKRD36,0.1294,3.081e-10,4.585e-09,cell
TMEM86B,-0.0146,0.3484,0.4403,cell
C22orf39,0.107,0.001791,0.004915,cell
TMEM61,0.054,0.02109,0.04152,cell
CEP192,0.1075,0.0001348,0.0005178,cell
LDHD,0.0117,0.4636,0.5543,cell
CSNK2A1,-0.1837,0.01197,0.02539,cell
ACADS,0.0937,0.0007624,0.002334,cell
C8orf58,0.0118,0.2932,0.3826,cell
NSMCE2,-0.0959,0.7961,0.8417,cell
XKR6,0.025,0.06236,0.1048,cell
HSPBP1,0.0486,0.0007068,0.002187,cell
FAM115C,0.1466,3.486e-05,0.0001584,cell
ARL10,0.0138,0.5672,0.6471,cell
RPUSD3,0.0412,0.00618,0.01437,cell
ZNF660,0.0525,0.0006105,0.001933,cell
C2orf69,0.0957,0.0005737,0.001834,cell
USH1C,-0.0348,0.1731,0.2468,cell
EOGT,0.0802,0.002477,0.006515,cell
DPM3,0.0498,0.001316,0.003732,cell
SETD9,-0.0699,0.9401,0.9554,cell
RNF149,-0.1161,0.2684,0.3561,cell
HSPA14,0.0472,0.05261,0.09056,cell
PITPNC1,-0.0661,0.6797,0.7441,cell
PPHLN1,-0.1681,0.08006,0.13,cell
H2AFV,0.2036,7.044e-05,0.0002915,cell
NCOA3,0.1764,0.0002214,0.0007998,cell
BRD9,0.0297,0.04123,0.07363,cell
SNCB,0.1713,1.614e-10,2.606e-09,cell
TP53BP2,0.0209,0.09328,0.1477,cell
TMEM222,-0.0628,0.3741,0.4659,cell
MAGT1,0.328,2.793e-06,1.675e-05,cell
GNB1L,0.0153,0.003888,0.009626,cell
CNOT6L,0.2018,4.58e-09,5.267e-08,cell
GPR98,0.189,1.275e-09,1.649e-08,cell
MGME1,0.0158,0.02968,0.05553,cell
GNG7,-0.0691,0.05502,0.09404,cell
MMAB,0.1043,0.006484,0.01497,cell
WDR34,0.1289,0.0001057,0.0004185,cell
LRRC37B,-0.0743,0.1494,0.2185,cell
SLC2A13,0.2573,7.84e-07,5.425e-06,cell
PACSIN1,0.0171,0.8805,0.9097,cell
TRA2B,0.0565,0.06143,0.1034,cell
PDCD4,-0.0187,0.6778,0.7427,cell
BTG1,-0.8882,2.783e-19,1.942e-17,cell
BTC,0.0144,0.009614,0.02102,cell
BSG,0.609,7.403e-25,1.271e-22,cell
TPRN,0.0241,6.283e-05,0.0002641,cell
SERPINA1,-0.0658,0.6539,0.7231,cell
IFT81,0.1402,1.61e-05,7.963e-05,cell
LRRC48,0.1211,9.815e-07,6.637e-06,cell
MEIOB,0.0145,0.005327,0.01266,cell
MKS1,0.1271,0.0007273,0.002243,cell
EHHADH,0.0717,0.0003124,0.001077,cell
SLC2A11##1,0.0946,0.00069,0.002144,cell
GON4L,0.2383,3.432e-08,3.232e-07,cell
CCDC90B,-0.1898,0.1058,0.164,cell
SREK1IP1,0.0292,0.1457,0.2141,cell
RELL2,0.023,8.272e-07,5.68e-06,cell
TCAIM,-0.0282,0.355,0.447,cell
RABL3,-0.0883,0.4808,0.5708,cell
C3orf38,-0.0318,0.2145,0.2952,cell
FAM126B,0.0473,0.03407,0.06253,cell
C3orf33,0.0133,0.3035,0.3933,cell
HARBI1,0.2152,8.737e-08,7.577e-07,cell
TTC9C,0.0063,0.1467,0.2151,cell
ST3GAL1,-0.0767,0.5541,0.636,cell
TMEM37,-0.3607,0.000765,0.002341,cell
FAM95C,0.0556,6.146e-07,4.372e-06,cell
NFRKB,0.0519,0.03474,0.06356,cell
NELL2,-0.1422,1.016e-06,6.851e-06,cell
POLK,0.1696,7.407e-06,4.03e-05,cell
HECA,-0.1073,0.6808,0.7449,cell
PDAP1,0.1648,8.314e-08,7.252e-07,cell
ERAP1,0.0888,0.0003687,0.001245,cell
C14orf79,0.1102,0.0001654,0.0006212,cell
ZFAND4,0.03,0.03793,0.06861,cell
NMNAT2,0.2809,2.794e-07,2.133e-06,cell
AK5,-0.017,0.7815,0.8307,cell
RASAL2,0.0873,0.001441,0.004047,cell
MINK1,0.1806,4.716e-13,1.212e-11,cell
DDX41,0.0912,0.001627,0.004512,cell
CFL2,-0.4095,4.98e-05,0.0002162,cell
PILRB,0.0071,5.822e-05,0.0002473,cell
EXOC1,-0.1521,0.3272,0.4182,cell
GREM1,-0.1285,0.05228,0.0901,cell
CYTH1,0.0454,0.002402,0.006346,cell
KIF22,0.0656,0.1452,0.2134,cell
STX3,0.0226,0.2791,0.3674,cell
SLC4A10,0.1235,7.9e-05,0.0003223,cell
EPT1,0.2555,2.838e-10,4.267e-09,cell
TRAPPC9,0.1172,1.235e-07,1.032e-06,cell
TMEM54,-0.1404,0.002249,0.006,cell
SDR39U1,0.0164,0.04366,0.07734,cell
URGCP,0.2104,0.0002317,0.0008327,cell
SFT2D2,0.2391,4.254e-06,2.438e-05,cell
MIEF2,0.0682,0.03732,0.0677,cell
PTGES2,0.0702,0.0003405,0.00116,cell
L2HGDH,0.0458,0.0009461,0.002797,cell
NTNG2,-0.0338,7.707e-08,6.759e-07,cell
PPP6R2,0.0934,2.599e-05,0.0001227,cell
TRAF2,0.0551,5.176e-06,2.911e-05,cell
AAMDC,-0.0008,0.4198,0.5118,cell
COTL1,0.1209,0.005875,0.01378,cell
XRCC5,0.0626,0.9738,0.9804,cell
RTN1,0.1595,0.0008878,0.002648,cell
MRPL23##1,0.016,0.1445,0.2126,cell
NSUN7,0.019,0.04956,0.08616,cell
RNASEL,0.0106,0.5336,0.618,cell
ZC3HAV1,0.206,0.0003054,0.001055,cell
THAP9,0.0272,0.03781,0.06844,cell
PCNXL3,0.099,3.308e-08,3.136e-07,cell
CNOT7,-0.3415,3.218e-06,1.904e-05,cell
LRRFIP1,-0.0866,0.5254,0.6111,cell
ST3GAL4,0.0523,0.0028,0.007249,cell
S100B,0.0483,0.0009746,0.002867,cell
PRKAA1,-0.1926,0.1171,0.1787,cell
ACN9,0.0699,2.255e-05,0.0001077,cell
LARP6,-0.0528,0.831,0.869,cell
C5orf22,-0.0484,0.5741,0.6536,cell
ZNF415,-0.016,0.6418,0.7124,cell
RSBN1,-0.0168,0.1424,0.21,cell
MIS18BP1,-0.0775,0.4947,0.5836,cell
SNORD68,-0.0076,0.2866,0.3753,cell
SPSB2,0.0635,7.117e-05,0.0002939,cell
CUEDC1,0.0295,0.004475,0.01089,cell
AAR2,0.0961,0.0144,0.02982,cell
POLD1,0.0278,0.007078,0.01613,cell
YTHDF3,-0.0078,0.7056,0.7663,cell
GTF2H3,-0.0125,0.06228,0.1047,cell
STON2,-0.1664,2.173e-05,0.0001042,cell
SLC45A3,-0.0189,0.3171,0.4079,cell
CASP6,-0.0276,0.5316,0.6164,cell
PTPRG-AS1,0.0277,0.1572,0.2278,cell
SEC23IP,0.0122,0.2285,0.3114,cell
RNASEK##1,0.0346,0.006258,0.01451,cell
RFFL,0.017,0.0653,0.1092,cell
SAFB,0.28,3.686e-09,4.344e-08,cell
ZNF778,0.0089,0.6803,0.7445,cell
ACTG1,-1.139,2.981e-22,3.368e-20,cell
SNX10,0.1185,4.913e-06,2.778e-05,cell
ANXA6,0.4613,2.741e-12,6.151e-11,cell
DLG4,0.0574,1.044e-05,5.465e-05,cell
CSTF3,-0.0292,0.3293,0.4204,cell
CLNS1A,-0.095,0.3723,0.464,cell
COX10,-0.0184,0.8924,0.9191,cell
CLDN4,0.0432,0.03893,0.07014,cell
PDDC1,0.0903,7.309e-06,3.98e-05,cell
DLGAP4,-0.1253,0.4584,0.5489,cell
ZNF677,0.0154,0.1679,0.2405,cell
LSMEM1,-0.0761,0.09536,0.1505,cell
ZNF454,0.0515,0.00131,0.003715,cell
HSPB6,0.0822,3.909e-06,2.264e-05,cell
ACADM,-0.0351,0.6222,0.6957,cell
MTOR,0.227,2.533e-09,3.076e-08,cell
FXR2,0.1015,0.0001919,0.0007058,cell
NAB1,0.0231,0.02708,0.0515,cell
EIF5AL1,0.0255,0.00136,0.003844,cell
PAAF1,0.0244,0.2622,0.3495,cell
AMBRA1,0.1029,3.181e-05,0.0001463,cell
ZFYVE1,0.107,0.000852,0.002559,cell
GEM,0.4232,0.0002706,0.0009512,cell
QSOX2,0.1389,2.998e-05,0.000139,cell
DCBLD1,0.0017,0.2741,0.3621,cell
SLC9A9,-0.0236,0.6652,0.7317,cell
FSIP2,0.0066,0.004509,0.01097,cell
C17orf58,0.0301,0.08752,0.14,cell
CCDC67,0.1423,4.921e-05,0.0002139,cell
MFSD4,0.0029,0.07042,0.1165,cell
RTTN,0.0483,0.1646,0.2367,cell
L3MBTL3,0.012,0.01336,0.02792,cell
RPS10,-0.0114,0.006129,0.01426,cell
COX16,-0.058,0.0004271,0.001417,cell
IL6R,-0.0622,0.365,0.4567,cell
TMEM56,0.0598,0.0002426,0.000866,cell
LYAR,0.0268,0.01813,0.03636,cell
MICU2,-0.0018,0.2291,0.312,cell
BRAT1,0.2061,1.41e-15,5.466e-14,cell
HIBADH,0.0276,0.542,0.6257,cell
RSPH9,-0.0227,0.2493,0.3345,cell
NT5DC1,-0.0011,0.1746,0.2486,cell
DENND2D,0.0315,0.1635,0.2353,cell
PHKG2,0.1006,0.00145,0.004069,cell
TIPARP,-0.1654,0.07546,0.1235,cell
RANBP1,-0.0458,0.2816,0.3702,cell
TNRC6B,0.5161,2.94e-14,8.982e-13,cell
SRP68,0.2962,6.457e-05,0.0002705,cell
PITPNA-AS1,-0.0471,0.4834,0.5735,cell
ANG,-0.0029,0.08304,0.1339,cell
ZNF202,0.0926,0.0008539,0.002563,cell
RRAGC,-0.1492,0.06072,0.1025,cell
MRAS,0.0766,0.000123,0.0004783,cell
ZFP37,0.0502,0.02031,0.04013,cell
EIF3I,-0.2409,0.0006151,0.001944,cell
EIF3H,-0.3742,2.809e-08,2.717e-07,cell
PPFIA1,0.1761,2.285e-06,1.406e-05,cell
SLC7A6,0.1496,7.355e-06,4.004e-05,cell
PVRL3,0.07,0.003183,0.00809,cell
SLC25A35,0.0587,4.166e-05,0.0001845,cell
OGT,0.5541,1.456e-08,1.514e-07,cell
WEE1,-0.231,0.001531,0.004273,cell
YY1AP1,0.0022,0.4826,0.5727,cell
B9D1,0.1767,6.333e-10,8.822e-09,cell
TRIM27,0.3002,1.566e-05,7.781e-05,cell
SLC39A6,0.1204,0.1229,0.1862,cell
PLA2G15,0.1456,0.000358,0.001212,cell
KPNA6,0.0851,0.09721,0.153,cell
STAMBP,-0.0893,0.8799,0.9092,cell
LOC728819,-0.0086,0.4485,0.5399,cell
RGS14,-0.0248,0.4979,0.5862,cell
DYRK2,0.0186,0.01025,0.02222,cell
AP2B1,0.4669,1.718e-10,2.751e-09,cell
PHTF1,0.2037,7.192e-11,1.261e-09,cell
POGK,0.15,0.008175,0.01828,cell
BACE1-AS,0.0068,0.009812,0.02138,cell
RPRD1A,-0.0602,0.7921,0.8387,cell
CDH22,0.0947,1.565e-06,9.998e-06,cell
WIZ,0.009,0.0009755,0.002869,cell
CEP41,0.2109,1.563e-06,9.99e-06,cell
RCC2,0.0249,0.2168,0.298,cell
EPS15L1,0.1047,1.751e-06,1.106e-05,cell
CACTIN,0.0229,0.0005376,0.001731,cell
UTP6,0.1351,0.003136,0.007979,cell
TBC1D5,-0.0516,0.2524,0.3383,cell
DDX19B,0.0151,0.3466,0.4384,cell
PPP1CA,0.0643,0.09259,0.1468,cell
TCHP,0.0658,1.11e-05,5.755e-05,cell
MRC1,-0.004,0.8183,0.8597,cell
NEK3,0.0868,0.001233,0.003526,cell
GNL1,-0.0301,0.5631,0.6438,cell
GNG5,-0.1175,0.03299,0.06087,cell
GNB2,0.0242,0.139,0.206,cell
MED17,0.0633,0.02101,0.0414,cell
P3H4,0.2303,2.843e-19,1.974e-17,cell
CRTAP,0.1023,0.03304,0.06093,cell
CHST2,0.0229,0.009199,0.02022,cell
SEP15,-0.2857,1.94e-06,1.21e-05,cell
RECQL5,0.1001,2.743e-06,1.651e-05,cell
GCHFR,-0.1315,7.742e-05,0.0003164,cell
TGFBRAP1,0.0699,0.0003948,0.001322,cell
AKAP10,0.0198,0.03284,0.06061,cell
SAFB2,0.1359,1.972e-05,9.559e-05,cell
DZIP3,0.0383,0.1066,0.1651,cell
MTRNR2L8,-0.0802,8.244e-09,8.998e-08,cell
GPRC5C,0.0921,0.005642,0.0133,cell
ZKSCAN7,0.109,3.733e-05,0.000168,cell
SLC25A36,-0.4359,6.535e-05,0.0002733,cell
TRIAP1,-0.1986,0.02301,0.04479,cell
CHMP5,-0.1006,0.1656,0.2378,cell
ANKRD13D,0.0237,0.02514,0.0483,cell
DCUN1D1,-0.0288,0.3096,0.3998,cell
ALOX12P2,0.1281,1.79e-09,2.245e-08,cell
TAB2,-0.0548,0.8,0.8447,cell
RRP1B,0.1308,1.202e-06,7.963e-06,cell
PRPH,0.0301,0.006874,0.01574,cell
TMEM208,0.0924,0.1698,0.2428,cell
SCN3A,0.1664,9.76e-11,1.655e-09,cell
OPN3,-0.0272,0.004301,0.01053,cell
LGALSL,0.1276,0.0006114,0.001936,cell
MRPL22,-0.0001,0.6458,0.7161,cell
TIMM21,-0.0556,0.5573,0.6389,cell
CALM1,0.3019,0.0001663,0.0006233,cell
ATP5E,-0.1291,1.134e-06,7.561e-06,cell
MRPL15,0.1364,0.001328,0.00376,cell
THYN1,0.0244,0.3849,0.4767,cell
ZFHX3,0.1467,7.636e-06,4.141e-05,cell
GTPBP8,-0.0385,0.9215,0.9406,cell
CHMP4A,-0.1223,0.09191,0.1458,cell
MED4,-0.1473,0.1149,0.1759,cell
FXYD5,0.0636,0.01043,0.02258,cell
MRPL18,-0.3197,2.776e-06,1.667e-05,cell
ZC3H7A,-0.1599,0.2288,0.3118,cell
WDR91,0.0993,9.523e-05,0.0003823,cell
RBPMS,-0.0935,0.00114,0.003289,cell
SH3BGR,-0.0374,0.8977,0.9229,cell
CFAP61,0.0358,0.0004929,0.001604,cell
NISCH,0.3603,2.933e-09,3.513e-08,cell
AGL,0.0532,0.005722,0.01347,cell
ATP1B3,-0.1112,0.3871,0.4789,cell
CASP8AP2,0.0875,0.0004565,0.001501,cell
PLA1A,-0.0426,0.2784,0.3667,cell
ME2,-0.133,0.2176,0.2989,cell
SAMD8,-0.1127,0.4021,0.4939,cell
RABEPK,0.1219,0.001015,0.002974,cell
C15orf57,-0.0182,0.679,0.7435,cell
MYO1C,0.1309,0.0002782,0.0009746,cell
ABCC8,1.2817,1.825e-20,1.592e-18,cell
GTF2B,0.0389,0.127,0.1913,cell
SLC9A1,-0.0144,0.6965,0.7581,cell
RRP1,0.1627,2.689e-10,4.075e-09,cell
OPHN1,0.0408,0.0002639,0.0009296,cell
PDXK,0.0592,0.2243,0.3066,cell
TNFRSF11B,0.0977,5.697e-05,0.000243,cell
ARHGEF1,0.0848,5.298e-08,4.772e-07,cell
POP7,0.063,0.03791,0.06859,cell
CD58,-0.0828,0.09558,0.1507,cell
SUMF2,0.2477,0.0001164,0.0004556,cell
RPN2,0.6143,1.137e-10,1.901e-09,cell
SSTR5,0.1061,4.223e-11,7.778e-10,cell
PRR12,0.0258,3.112e-05,0.0001436,cell
CCDC40,0.0849,8.965e-13,2.201e-11,cell
FKBP14,0.1711,2.356e-12,5.386e-11,cell
AGGF1,0.0543,0.05619,0.09578,cell
LOC100128288,0.0754,5.887e-05,0.0002497,cell
HEATR4,0.0229,0.001964,0.005331,cell
CD63,0.2217,9.191e-05,0.0003698,cell
FZD1,-0.053,0.1089,0.1678,cell
PKNOX1,-0.0916,0.1725,0.2462,cell
PIGH,-0.0955,0.2391,0.323,cell
PFKFB4,-0.2525,0.001209,0.003464,cell
STAU1,0.0458,0.4944,0.5833,cell
TMEM187,0.0838,0.003738,0.009299,cell
NAA10,0.0698,0.009566,0.02094,cell
NRIP1,0.048,0.009443,0.0207,cell
TAF15,0.079,1.332e-07,1.106e-06,cell
GPR68,0.0378,0.001846,0.005044,cell
KMT2D,0.2446,1.769e-16,7.953e-15,cell
NFKBIE,-0.0112,0.5857,0.6637,cell
CD276,0.0328,0.1452,0.2134,cell
HDGF,0.1555,1.115e-05,5.775e-05,cell
LOC102546294,-0.0052,0.758,0.8104,cell
FLT3LG,-0.0021,0.7242,0.7821,cell
COX10-AS1,0.0224,0.007769,0.01748,cell
RARS,-0.0775,0.7243,0.7822,cell
PAK2,-0.1073,0.3574,0.4493,cell
JRKL,0.129,3.844e-05,0.0001721,cell
PPP1R32,-0.006,0.4535,0.5441,cell
AMOT,-0.0012,0.6929,0.7553,cell
ZNF25,-0.083,0.533,0.6175,cell
MEIS3P1,0.0083,0.004398,0.01073,cell
SMU1,0.1229,0.01278,0.0269,cell
CHFR,0.0038,0.1285,0.1932,cell
ENAH,0.0115,0.1598,0.231,cell
DNAJC11,0.0615,0.0006927,0.00215,cell
TRMT1,0.0824,9.53e-06,5.045e-05,cell
ZBED9,0.033,0.07151,0.118,cell
RBMX,0.0027,0.8579,0.8923,cell
HPCA,-0.0182,0.1656,0.2378,cell
TMEM214,0.3083,3.781e-10,5.515e-09,cell
QRICH1,0.1581,0.0001093,0.000432,cell
TMEM104,0.1664,2.482e-09,3.016e-08,cell
SNORD49B,0.001,0.4783,0.5681,cell
NQO1,0.2777,1.63e-08,1.673e-07,cell
RIC8A,0.1604,3.574e-05,0.0001618,cell
CYFIP1##1,0.075,0.01207,0.02558,cell
PGK1,-1.3631,1.156e-35,1.277e-32,cell
MPRIP,0.0914,3.973e-08,3.684e-07,cell
ABCC6##1,0.0009,0.6578,0.7256,cell
SLC25A19,0.0234,0.03954,0.07109,cell
GFPT1,0.1407,0.1305,0.1957,cell
CSAD,0.0795,5.845e-06,3.245e-05,cell
HARS,0.227,7.565e-06,4.108e-05,cell
THNSL2,-0.0907,0.02324,0.04515,cell
TP53I11,0.0559,0.005276,0.01255,cell
ECT2,0.0167,0.02192,0.04296,cell
MCF2L,0.1268,3.919e-08,3.651e-07,cell
USP32P2,0.0162,0.0006842,0.00213,cell
CCDC6,-0.1141,0.6381,0.7092,cell
FOXO3B,0.0221,0.5992,0.6759,cell
SDK1,0.0486,0.009642,0.02107,cell
FLNA,-0.0223,0.4418,0.5334,cell
INTS5,0.1457,0.0003026,0.001048,cell
DEPTOR,-0.1136,0.001139,0.003286,cell
TRAF3IP1,0.0535,0.001482,0.004148,cell
PSEN2,0.0658,0.02993,0.05592,cell
AP1M1,0.1496,3.159e-05,0.0001453,cell
DRAM2,-0.249,0.004783,0.01153,cell
TWF1,-0.1842,0.000953,0.002813,cell
SETD5,0.1139,0.01446,0.02991,cell
TSPAN14,0.0577,0.002011,0.00544,cell
PLSCR4,-0.0594,0.3423,0.434,cell
ITGBL1,0.0364,5.087e-05,0.0002202,cell
SPINK2,-0.0581,0.03352,0.06166,cell
NRM##3,-0.0105,0.3527,0.4446,cell
PDCD6IP,0.0401,0.4747,0.5649,cell
SNX12,0.071,0.001003,0.002941,cell
ZCCHC3,-0.1216,0.4371,0.5288,cell
C17orf51,0.161,3.121e-08,2.994e-07,cell
C3orf17,-0.0552,0.5745,0.6539,cell
PYY2,-0.0055,0.01633,0.03327,cell
GADD45A,-0.2778,0.0002431,0.0008676,cell
DDB1,0.3218,8.607e-06,4.609e-05,cell
GTF2A1,0.0068,0.09083,0.1444,cell
PSMC5,0.2718,4.129e-05,0.0001831,cell
GRB7,-0.0045,0.9528,0.9645,cell
FBXO3,0.0186,0.3384,0.4298,cell
RAB20,-0.0208,0.09775,0.1535,cell
SDAD1,-0.0282,0.4894,0.5788,cell
DALRD3,0.0229,0.09862,0.1546,cell
GLTSCR2,-0.1854,9.08e-07,6.197e-06,cell
C19orf73,-0.0122,0.3031,0.3931,cell
GPKOW,0.0794,0.0006458,0.002026,cell
C9orf40,-0.0163,0.6851,0.7485,cell
SNORD42A,-0.0052,0.001242,0.003549,cell
CRABP2,-0.032,0.01618,0.03299,cell
LOC100506127,0.0137,0.08118,0.1315,cell
NUDT22,0.0443,0.008771,0.01941,cell
KLLN,0.0654,0.0003166,0.001089,cell
TUBE1,-0.0884,0.9739,0.9804,cell
TUBD1,0.0262,0.1281,0.1927,cell
CHSY1,0.0076,0.0856,0.1374,cell
NTNG1,0.086,1.053e-10,1.772e-09,cell
METAP1,-0.0538,0.5016,0.5895,cell
KDM4B,0.0271,0.01094,0.02352,cell
HSD17B14,-0.0288,0.8162,0.858,cell
TMEM38B,-0.1708,0.1082,0.167,cell
DOK4,0.0331,0.1485,0.2174,cell
MTPAP,-0.0499,0.4902,0.5796,cell
GSPT2,0.0491,0.006039,0.01409,cell
IPO9,0.2293,0.0001064,0.0004211,cell
GAD2,1.3931,3.336e-31,1.843e-28,cell
GAD1,0.2212,4.51e-11,8.294e-10,cell
CHML,-0.0168,0.6674,0.7334,cell
HEPACAM2,0.2407,0.0005056,0.001641,cell
UBP1,0.0562,0.003437,0.008636,cell
FAM178A,0.1489,0.0001483,0.0005643,cell
RUSC2,0.0843,6.767e-05,0.0002815,cell
ASB13,0.0542,0.04176,0.0744,cell
UCHL5,0.1009,0.003512,0.008794,cell
MGMT,0.0128,0.1949,0.2726,cell
JAK1,0.2822,0.0006474,0.00203,cell
IVD,0.3861,1.077e-19,8.211e-18,cell
SUPV3L1,0.0698,0.02062,0.0407,cell
SUPT6H,0.2777,1.075e-14,3.477e-13,cell
MTHFR,0.1347,1.268e-09,1.644e-08,cell
MTHFD1,0.1607,2.277e-06,1.401e-05,cell
MT2A,-0.9564,6.675e-17,3.161e-15,cell
TCIRG1,0.04,0.000465,0.001525,cell
DSCR3,0.1032,0.09886,0.1549,cell
UBE4B,0.2216,1.45e-06,9.321e-06,cell
TCEB2,0.0372,0.31,0.4004,cell
CD200,-0.1081,0.3428,0.4345,cell
DNAJC3,0.538,1.281e-09,1.652e-08,cell
SNX2,0.1595,0.06309,0.1058,cell
CAPG,-0.0261,0.4486,0.5399,cell
NELFE,0.1799,0.0003132,0.001079,cell
AZIN2,0.0266,0.03105,0.05769,cell
SYT1,0.0602,8.056e-07,5.564e-06,cell
SARDH,0.0569,5.446e-07,3.914e-06,cell
LRCH1,0.0854,6.464e-05,0.0002707,cell
SMIM15,-0.39,1.34e-05,6.818e-05,cell
OST4,-0.1313,0.0009091,0.002702,cell
FLOT1##1,-0.5217,6.416e-11,1.137e-09,cell
KHDC1,0.0382,0.06054,0.1022,cell
MTA1,-0.0006,0.3763,0.4682,cell
PLIN3,-0.0484,0.1302,0.1952,cell
ZNHIT3,-0.0698,0.8185,0.8598,cell
IRS1,0.0188,0.0009516,0.00281,cell
SMC4,-0.0089,0.02418,0.04673,cell
FAM8A1,0.1402,7.566e-05,0.00031,cell
EFNA1,0.0587,0.008513,0.0189,cell
HLA-B##2,0.4794,4.694e-10,6.685e-09,cell
TOM1L1,-0.1443,0.1732,0.247,cell
PIGK,0.0717,0.01565,0.03202,cell
MED16,0.0397,0.05232,0.09014,cell
DVL3,0.2598,1.252e-05,6.409e-05,cell
DVL2,0.0887,0.0002937,0.001022,cell
TGFBR1,-0.0831,0.5636,0.6442,cell
SREBF2,0.175,0.0001312,0.0005063,cell
DOCK9,0.0982,2.382e-05,0.0001131,cell
RBBP5,0.1017,0.009685,0.02114,cell
UNKL,0.0588,3.135e-08,3.003e-07,cell
ATG14,-0.0443,0.8307,0.8687,cell
FZR1,0.0322,0.0004684,0.001534,cell
ZNF746,-0.0088,0.2197,0.3014,cell
EIF4E1B,0.0293,0.004531,0.01102,cell
FAT1,0.3056,2.29e-09,2.816e-08,cell
RAB8A,-0.0163,0.9849,0.9887,cell
SMAD4,-0.0119,0.1955,0.2732,cell
ETS2,0.2027,1.736e-06,1.098e-05,cell
ETS1,0.1882,1.475e-08,1.53e-07,cell
TNK1,0.0219,0.0922,0.1463,cell
AMMECR1L,0.046,0.1415,0.2089,cell
CEACAM1,-0.0232,0.4956,0.5842,cell
JAM3,0.1024,0.00901,0.01985,cell
VASH1,0.1649,1.129e-18,7.063e-17,cell
DOLK,0.1439,0.003558,0.008899,cell
FRMPD1,0.0722,1.474e-08,1.53e-07,cell
ZNF652,0.2024,7.232e-06,3.94e-05,cell
CEP162,0.0526,0.001832,0.005013,cell
AADAT,-0.0247,0.9793,0.9844,cell
PPM1G,0.1655,0.003107,0.007921,cell
LOXL3,0.0264,0.001906,0.005188,cell
MAD1L1,0.0432,0.003494,0.008761,cell
SFSWAP,0.1081,1.381e-06,8.965e-06,cell
SUSD1,-0.0559,0.2266,0.3092,cell
MROH8,0.0068,0.0275,0.05216,cell
C9orf172,-0.0044,0.02616,0.05003,cell
ALKBH6,0.0614,1.579e-05,7.833e-05,cell
PACRGL,-0.0143,0.3553,0.4472,cell
GRINA,-0.0693,0.4143,0.5059,cell
MR1,-0.0191,0.1075,0.1663,cell
POGZ,0.1193,0.0004444,0.001468,cell
PEG10,0.7152,2.03e-18,1.235e-16,cell
RRAS2,-0.1066,0.02459,0.04741,cell
PPP1R21,0.0145,0.06172,0.1038,cell
DPY19L4,-0.0476,0.615,0.6899,cell
HKR1,0.2913,9.805e-08,8.404e-07,cell
YIPF6,-0.0183,0.7804,0.8299,cell
ZFP41,0.0619,0.0001878,0.0006921,cell
CEP57L1,0.0128,0.01416,0.02938,cell
ZNF233,0.0232,0.09781,0.1536,cell
SLC25A26,-0.262,7.939e-05,0.0003237,cell
DPY19L2,0.0221,0.003377,0.008507,cell
NEGR1,0.0873,9.13e-06,4.856e-05,cell
FUNDC1,0.0187,0.1737,0.2476,cell
ANKRD37,-0.1996,1.08e-11,2.213e-10,cell
METTL2A,0.0211,0.01835,0.03676,cell
MICU3,-0.0579,0.4355,0.5273,cell
CENPV,0.0442,3.507e-06,2.056e-05,cell
CECR1,0.1744,0.0004809,0.001569,cell
CD40,0.0787,0.004286,0.0105,cell
VTN,0.0569,0.18,0.2554,cell
GSR,0.0271,0.0612,0.1031,cell
SOD2,0.1315,1.477e-05,7.404e-05,cell
RHOG,-0.1857,0.009845,0.02145,cell
ARF5,-0.1829,0.004936,0.01185,cell
ARL4D,-0.1724,5.188e-05,0.0002239,cell
TRIM23,-0.0093,0.3429,0.4346,cell
APOD,0.0922,2.648e-09,3.198e-08,cell
INO80E,-0.0213,0.4951,0.5839,cell
ZC3H14,0.0905,0.0695,0.1153,cell
CCDC134,0.0049,0.01519,0.03121,cell
GNB4,0.0276,0.002482,0.006524,cell
PDLIM2,-0.0321,0.08028,0.1303,cell
ENPP5,-0.0554,0.7675,0.8191,cell
TMEM184C,-0.0979,0.4841,0.5743,cell
SBDS,-0.2086,0.0009552,0.002818,cell
LSR,-0.0926,0.04054,0.07259,cell
POMP,-0.1529,0.002931,0.007546,cell
ZDHHC9,0.0002,0.5041,0.5917,cell
FBXO9,0.1026,0.002816,0.007283,cell
ZNF257,-0.0122,0.1743,0.2483,cell
NFKBIZ,-0.1671,0.02335,0.04534,cell
FAM110A,0.012,0.225,0.3075,cell
CHST9,0.1313,0.0009614,0.002834,cell
TTC21B,0.1476,5.524e-05,0.0002364,cell
BAK1,0.0394,0.0007838,0.002388,cell
C10orf10,0.1226,0.3651,0.4568,cell
IGFBP6,0.0149,0.02122,0.04176,cell
ATP6AP1,0.5663,5.457e-14,1.609e-12,cell
IRAK1,0.2817,1.44e-11,2.894e-10,cell
NDUFA4,-0.2171,6.823e-07,4.797e-06,cell
INPPL1,0.0971,1.777e-06,1.119e-05,cell
PFKL,0.0371,0.2867,0.3753,cell
IL13RA1,0.0143,0.2504,0.3359,cell
C5,0.0197,0.004018,0.009909,cell
RGS7,-0.0047,0.1885,0.2653,cell
ITSN1,0.1233,9.645e-06,5.101e-05,cell
CIAO1,0.0664,0.01951,0.03877,cell
SNAPC2,0.0215,0.03846,0.06939,cell
SNAPC1,-0.0136,0.2684,0.3561,cell
SFTPD,-0.0158,0.9826,0.987,cell
RFX1,-0.0123,0.3999,0.4919,cell
CSRP1,0.2048,0.0002922,0.001018,cell
SH3BGRL,-0.1186,0.4118,0.5034,cell
GPX4,0.2726,3.686e-06,2.148e-05,cell
ETFB,0.1782,2.023e-08,2.021e-07,cell
GPX3,1.9314,2.223e-29,8.422e-27,cell
ERCC1,0.1139,8.227e-06,4.418e-05,cell
GRK6,0.0299,0.003372,0.008499,cell
VPS36,-0.0424,0.489,0.5783,cell
SUV39H1,0.0189,0.1009,0.1575,cell
AKT3##1,-0.0733,0.8964,0.922,cell
MTDH,-0.0314,0.8109,0.8535,cell
PRKCE,0.0857,0.0002824,0.0009869,cell
PDCL,-0.024,0.2642,0.3516,cell
NPRL2,0.1728,0.0008039,0.00244,cell
NUP98,0.0614,0.1241,0.1878,cell
GLRX3,0.1148,0.00562,0.01326,cell
NCL,0.3177,1.151e-05,5.933e-05,cell
TMEM251,0.0007,0.1369,0.2035,cell
MRPL45##1,-0.0773,0.6217,0.6953,cell
TRIM3,0.0664,0.00685,0.01569,cell
APEX1,0.0187,0.5125,0.5989,cell
PRDX1,-0.276,1.096e-06,7.334e-06,cell
MED8,0.0214,0.2139,0.2945,cell
GOLGA8N##1,0.0026,0.8037,0.8479,cell
CRHR1-IT1,0.0146,0.06306,0.1057,cell
OCIAD1,-0.2341,2.695e-05,0.0001268,cell
TSC1,0.2065,4.263e-06,2.441e-05,cell
LY6E,0.0134,0.0866,0.1387,cell
PCDHGA3,-0.0173,0.6063,0.6821,cell
MANEA,-0.0257,0.08869,0.1415,cell
ZNF322,-0.0249,0.9409,0.9559,cell
MST1,0.0473,1.692e-05,8.338e-05,cell
CACNA1H,0.1656,5.86e-06,3.253e-05,cell
MRPS12,0.0018,0.2071,0.2866,cell
C22orf29,0.1341,6.888e-05,0.0002859,cell
FAM118B,0.1532,5.395e-08,4.856e-07,cell
SLCO1A2,0.0174,0.008466,0.01882,cell
SPINT2,0.6283,6.207e-18,3.533e-16,cell
MEN1,0.0626,0.02972,0.05559,cell
CCDC43,0.0086,0.01038,0.02248,cell
LRRC28,-0.0498,0.9626,0.9725,cell
CYB5D1,0.1732,2.492e-06,1.517e-05,cell
PRRC2A##6,0.2375,5.711e-15,1.947e-13,cell
ATG101,0.1064,0.0009503,0.002807,cell
ATP6V0D1,0.1187,0.07592,0.1242,cell
KCNC3,0.0047,0.05337,0.09166,cell
VARS2##4,0.0959,5.712e-13,1.459e-11,cell
FAM49B,-0.087,0.8647,0.8975,cell
GATS,0.2799,4.952e-19,3.283e-17,cell
MRPL52,0.0607,0.007468,0.0169,cell
ABCA5,0.2907,6.421e-07,4.548e-06,cell
WDR17,0.0622,0.004564,0.01108,cell
SCYL3,0.0692,0.00147,0.004116,cell
MAMDC4,0.0659,5.065e-10,7.19e-09,cell
GPR180,0.2152,1.021e-06,6.882e-06,cell
ST6GAL1,0.3801,3.886e-13,1.01e-11,cell
PPP2R5D,0.1529,6.151e-05,0.0002594,cell
SNRNP35,-0.0136,0.4844,0.5746,cell
CMTM8,-0.3213,6.738e-06,3.695e-05,cell
NPAS4,0.0027,0.6232,0.6964,cell
NR4A3,0.0028,0.2991,0.3889,cell
PIAS2,-0.0696,0.4382,0.5299,cell
NBR1,0.2865,9.181e-05,0.0003695,cell
DDX49,0.015,0.122,0.185,cell
MCAT,0.0751,0.005523,0.01306,cell
ZNF638,0.3957,2.135e-07,1.686e-06,cell
TNRC6A,0.3028,4.693e-08,4.277e-07,cell
UTP20,0.0603,0.0001906,0.0007013,cell
ZNF516,0.1351,0.0002318,0.0008327,cell
SSR3,0.3479,3.126e-05,0.0001441,cell
UBE2S,-0.0107,0.1897,0.2667,cell
UBL3,-0.1552,0.2005,0.2791,cell
SLC19A2,-0.0153,0.1626,0.2343,cell
NDUFV1,0.2593,4.782e-07,3.476e-06,cell
ZNF544,0.0884,0.0764,0.1248,cell
TMEM199,0.1019,0.01201,0.02547,cell
ATP5I,-0.1231,0.0001287,0.0004978,cell
TGDS,0.0075,0.5732,0.6529,cell
DIMT1,0.0861,0.0004914,0.001599,cell
SOBP,0.0077,0.1126,0.1727,cell
LSM3,-0.1594,0.0008424,0.002535,cell
LSM1,0.0067,0.4672,0.558,cell
WDHD1,0.0543,0.02203,0.04314,cell
PTP4A3,0.5241,3.632e-13,9.536e-12,cell
RNF113A,0.0552,0.345,0.4366,cell
ARHGEF16,-0.0062,0.5508,0.6334,cell
SERP1,0.0317,0.511,0.5978,cell
KAT7,0.126,0.001269,0.003617,cell
NAAA,0.0568,0.02138,0.04205,cell
CDC37,0.2996,1.217e-09,1.585e-08,cell
ZNF22,-0.2135,0.07307,0.1201,cell
KPTN,0.0946,8.452e-11,1.456e-09,cell
ZNF16,0.0251,0.6308,0.7035,cell
HP1BP3,0.2024,0.0006101,0.001933,cell
DCXR,-0.1681,0.008976,0.01979,cell
TRAP1,0.2794,1.143e-07,9.663e-07,cell
CRBN,-0.3,0.0004238,0.001407,cell
POLR3K,-0.0756,0.2165,0.2978,cell
BET1L,0.1268,0.01576,0.03222,cell
DNAJB11,0.5365,3.606e-12,7.904e-11,cell
PECR,-0.0085,0.8332,0.8709,cell
IMPACT,0.2264,6.021e-09,6.754e-08,cell
FBXO6,0.0313,0.1313,0.1966,cell
RNF130,0.0727,0.4955,0.5842,cell
KDM3A,-0.3815,3.719e-05,0.0001675,cell
SOWAHB,-0.022,0.6574,0.7256,cell
PVR,-0.1149,0.1119,0.1717,cell
TEP1,0.2408,1.902e-15,7.205e-14,cell
LRRC23,0.015,0.2072,0.2867,cell
REEP4,0.0709,0.009523,0.02087,cell
CPEB4,-0.3195,0.002856,0.007374,cell
DGCR6L,0.0277,0.02966,0.05553,cell
DDHD2,-0.0364,0.4137,0.5053,cell
NUP133,0.1867,0.0001073,0.0004242,cell
HNRNPL,0.0358,0.0002176,0.0007878,cell
HDAC2,-0.3652,1.151e-05,5.933e-05,cell
PCYOX1,0.125,0.04136,0.07381,cell
RNF11,-0.5618,1.426e-12,3.42e-11,cell
TMEM60,0.0239,0.814,0.8561,cell
PPM1M,0.0433,0.003425,0.008614,cell
SPICE1,0.0664,0.000258,0.0009127,cell
RGN,0.0123,0.055,0.09402,cell
WTAP,-0.2303,0.002999,0.007684,cell
TMC4,0.0655,3.423e-06,2.013e-05,cell
PDIK1L,0.0552,0.001295,0.003679,cell
GNB3,0.0296,0.006788,0.01557,cell
CYB5D2,0.4998,4.198e-16,1.762e-14,cell
RPF2,-0.3561,4.426e-07,3.245e-06,cell
B4GALNT1,0.1009,2.425e-06,1.481e-05,cell
GABBR1##3,0.1021,9.576e-06,5.067e-05,cell
P2RX4,-0.0252,0.3463,0.4381,cell
CMIP,0.131,4.518e-06,2.572e-05,cell
KCNH7,0.2366,2.458e-09,2.991e-08,cell
KCNH6,-0.0043,0.9292,0.9476,cell
RCCD1,0.0751,1.66e-08,1.699e-07,cell
MFN1,0.071,0.0002342,0.0008406,cell
MAP2,0.6308,8.14e-13,2.01e-11,cell
HNRNPU,-0.1199,0.09454,0.1494,cell
B3GNT9,0.1586,1.687e-05,8.318e-05,cell
MRFAP1,-0.3185,5.123e-14,1.523e-12,cell
TPGS1,0.011,0.3536,0.4455,cell
DISP2,0.0877,0.0001746,0.0006492,cell
YPEL3,-0.0508,0.7203,0.7787,cell
SESN2,-0.1676,0.01462,0.03022,cell
RNF219,-0.0438,0.5818,0.6604,cell
ZNF430,0.0051,0.6173,0.6916,cell
ZNF701,-0.0422,0.2254,0.3079,cell
PARD3,0.165,2.249e-05,0.0001075,cell
ATF3,-0.0843,0.2124,0.2928,cell
C19orf47,0.049,0.0001686,0.0006307,cell
TRMT10A,0.0034,0.002997,0.007683,cell
ZNF433,-0.015,0.7853,0.8336,cell
SNORD104,-0.0048,0.08258,0.1334,cell
GPR137,0.0155,0.01229,0.02599,cell
LEPROT,-0.0646,0.8575,0.8919,cell
CSF1,-0.0161,0.1137,0.1742,cell
EPM2A,0.0256,0.02715,0.05163,cell
CLOCK,0.0654,0.01079,0.02321,cell
CEPT1,-0.1176,0.5639,0.6444,cell
TUBB4B,0.1079,0.008134,0.0182,cell
PRDX6,-0.2452,0.0005826,0.001858,cell
IK,0.0458,0.1885,0.2653,cell
NDUFAB1,0.0794,0.2035,0.2826,cell
NDUFA9,0.0962,0.108,0.1668,cell
TSPAN31,-0.2465,0.0009573,0.002823,cell
S100A13,0.0395,2.674e-05,0.000126,cell
NDUFA7,-0.0113,0.5527,0.6351,cell
NDUFA5,-0.3228,5.55e-08,4.989e-07,cell
ATP5J2,0.006,0.5209,0.607,cell
AGFG2,0.0303,0.08694,0.1392,cell
RASA4,0.003,0.05204,0.08975,cell
ENO1,-1.0393,3.634e-42,1.205e-38,cell
EMP3,-0.0409,0.1535,0.2236,cell
DPH3,0.1316,0.008409,0.01872,cell
VOPP1,0.0589,0.07569,0.1239,cell
TCEA2,0.0467,0.02208,0.04321,cell
TBCC,-0.217,0.003847,0.009536,cell
TFAM,-0.0095,0.06745,0.1122,cell
MPG,0.1141,1.239e-06,8.18e-06,cell
TAF9,-0.5075,4.224e-10,6.095e-09,cell
TAF4,-0.0087,0.4047,0.4964,cell
RARRES1,0.0225,0.04816,0.08404,cell
PRKACA,0.0441,0.0003168,0.001089,cell
MMP7,-0.0051,0.02332,0.04529,cell
MTMR1,-0.0356,0.7115,0.7712,cell
SQRDL,-0.1424,0.02733,0.05194,cell
ENOPH1,-0.0437,0.9735,0.9802,cell
SLC30A1,-0.4166,4.573e-10,6.541e-09,cell
ZNF410,0.026,0.5689,0.6485,cell
LOC101928222,-0.0626,0.1052,0.1632,cell
KCNJ2-AS1,0.0673,2.727e-07,2.086e-06,cell
TM9SF2,0.3465,0.01496,0.03082,cell
RCOR3,-0.2477,0.009297,0.02041,cell
MIR3917,-0.0016,0.6629,0.7301,cell
MIR3911,0.0018,0.1961,0.2737,cell
MGC16275,0.0094,0.7994,0.8443,cell
CCP110,0.1793,9.836e-05,0.0003936,cell
DOPEY1,0.1476,0.00111,0.003213,cell
SRGAP1,0.119,1.368e-07,1.134e-06,cell
RPTOR,0.0325,0.0008968,0.002671,cell
PA2G4,-0.0548,0.5983,0.675,cell
SYNM,0.0342,0.1781,0.2532,cell
TOR1AIP1,0.0647,0.1782,0.2532,cell
SAMD4A,-0.0747,0.3957,0.4875,cell
MIR6515,0.009,0.01662,0.03376,cell
MIR6505,0.0024,0.1941,0.2717,cell
TMCO4,-0.0499,0.3664,0.4582,cell
LLGL2,0.0105,0.068,0.113,cell
SLC3A1,-0.0064,0.1688,0.2417,cell
ID4,-0.1319,0.4587,0.5492,cell
H3F3A,-0.0115,0.0582,0.09877,cell
DSG2,-0.2281,0.03036,0.05658,cell
ARHGEF33,-0.0127,0.7345,0.7912,cell
FNBP1,0.0962,7.112e-05,0.0002938,cell
LIMCH1,0.129,0.07869,0.1281,cell
ZMYM1,0.0694,0.001142,0.003294,cell
MFHAS1,0.0003,0.211,0.2912,cell
CDH1,0.1214,0.02243,0.04379,cell
RRAS,-0.0152,0.264,0.3514,cell
RANBP2,0.3956,1.186e-08,1.255e-07,cell
ZNF286A,-0.0353,0.9639,0.9733,cell
MPP6,-0.1441,0.2057,0.285,cell
CDC42SE1,-0.0812,0.3162,0.4071,cell
INCENP,0.0187,0.1475,0.2162,cell
DTWD1,-0.0114,0.1721,0.2457,cell
PPAN,0.0027,0.5735,0.6531,cell
LOC100132215,0.015,0.03837,0.06927,cell
USP34,0.3258,3.3e-05,0.0001508,cell
PCNX,0.1449,7.829e-06,4.232e-05,cell
GNA13,-0.2309,0.05334,0.09161,cell
ZNF736,0.0104,0.1307,0.1958,cell
ODC1,-0.4986,1.345e-06,8.776e-06,cell
SERTAD1,-0.0024,0.9314,0.9493,cell
GPSM2,0.0642,2.712e-09,3.263e-08,cell
SLBP,-0.2229,0.04071,0.07285,cell
CCDC14,0.0355,0.06082,0.1026,cell
MARC1,0.0228,0.02096,0.0413,cell
IPPK,0.0364,0.007222,0.01641,cell
RSC1A1,0.0353,0.08035,0.1304,cell
MB,0.0282,0.0008103,0.002455,cell
MIR570,0.0066,0.000301,0.001044,cell
MIR564,-0.0015,0.5632,0.6439,cell
MIR611,-0.0014,0.6741,0.7393,cell
LOC100133315,0.0144,0.2464,0.3313,cell
FBXO5,0.0015,0.04585,0.0806,cell
MIER1,-0.051,0.5951,0.6722,cell
DENND1A,0.0803,7.604e-07,5.278e-06,cell
BNIP3,-1.0028,4.471e-31,2.28e-28,cell
ZC3H10,0.1127,1.791e-05,8.781e-05,cell
C6orf47,-0.0414,0.6002,0.6766,cell
CARD14,0.0054,0.3492,0.4411,cell
FAM213B##1,0.0937,1.309e-05,6.676e-05,cell
CYB5R1,0.0737,0.3178,0.4087,cell
MAST2,0.1763,1.282e-09,1.652e-08,cell
ANAPC7,0.2948,1.334e-06,8.73e-06,cell
ANAPC5,0.3962,1.22e-06,8.072e-06,cell
BFSP1,0.0415,0.04468,0.07889,cell
CYTH2,0.0956,0.006631,0.01527,cell
BCL2L1,-0.0191,0.8273,0.8663,cell
BMP2,-0.0288,0.02402,0.04645,cell
RGS17,0.0597,0.03034,0.05656,cell
FARS2,0.0385,0.0616,0.1036,cell
RUVBL2,0.0915,0.02743,0.05209,cell
RANBP6,0.0655,0.07894,0.1284,cell
MLLT4,0.1646,3.759e-07,2.802e-06,cell
SURF1,-0.2108,0.001643,0.004548,cell
EEF2KMT,0.0319,0.0002565,0.0009081,cell
ITGA1,-0.0781,0.9319,0.9494,cell
SLC46A3,0.1351,0.003414,0.008591,cell
TMTC3,0.0871,0.0006759,0.002108,cell
FFAR4,-0.5101,1.073e-24,1.801e-22,cell
CRTC2,0.0091,0.3104,0.4006,cell
TPGS2,0.0316,0.1667,0.2392,cell
GRIA2,0.2562,2.629e-13,7e-12,cell
IKBIP,-0.1176,0.04864,0.08477,cell
ZMYM3,0.0552,0.1086,0.1674,cell
C2orf73,0.0337,0.02109,0.04152,cell
HEBP2,-0.1289,0.1226,0.1857,cell
TWSG1,-0.0379,0.2342,0.3179,cell
JPH1,-0.0225,0.6688,0.7345,cell
ANKRD7,-0.0069,0.6656,0.7319,cell
C14orf119,-0.0714,0.4829,0.573,cell
ACADVL,0.8276,1.518e-27,4.027e-25,cell
RBM28,0.1173,6.396e-06,3.525e-05,cell
PLXND1,0.1649,2.816e-11,5.32e-10,cell
METTL15,-0.0023,0.00469,0.01133,cell
GSTM2,0.0868,1.868e-06,1.17e-05,cell
CSTB,-0.1605,0.001142,0.003294,cell
COL1A2,0.0058,0.01971,0.03909,cell
CPT1A,0.0975,0.0003487,0.001185,cell
DPYSL3,0.301,1.886e-12,4.41e-11,cell
SNED1,0.0507,0.0001136,0.0004463,cell
LEKR1,0.0284,0.00716,0.0163,cell
SIRT6,0.0253,0.000261,0.0009216,cell
SLC24A2,0.1079,1.506e-07,1.236e-06,cell
TTC36,0.0022,0.3988,0.4907,cell
LOC493754,-0.0382,0.114,0.1746,cell
RNF145,-0.0706,0.2617,0.3489,cell
ZMAT2,0.0443,0.2302,0.3135,cell
SPEF2,0.0283,0.01844,0.03691,cell
LINC01586,0.0058,0.0008944,0.002665,cell
LOC101928880,-0.0038,0.1463,0.2147,cell
HMGN2,-0.0151,0.6569,0.7252,cell
NDUFA3##8,-0.0136,0.6612,0.7287,cell
ACSL3,-0.064,0.4935,0.5826,cell
ACSL4,-0.0555,0.997,0.9979,cell
FLOT2,-0.0741,0.4321,0.5239,cell
SORBS1,0.0253,0.004365,0.01067,cell
FGD1,0.0569,2.995e-05,0.000139,cell
CAB39,0.0851,0.004728,0.01141,cell
ETV5,0.2353,1.574e-10,2.552e-09,cell
ERH,0.0812,0.04103,0.07335,cell
ESRRA,0.038,7.1e-06,3.871e-05,cell
ETFDH,-0.0064,0.308,0.3982,cell
PRKAA2,-0.0079,0.3591,0.4509,cell
SYTL1,0.1039,6.251e-06,3.449e-05,cell
SELT,-0.0655,0.1663,0.2387,cell
TOB2,0.0751,0.002221,0.005933,cell
R3HDM2,0.2065,1.601e-06,1.018e-05,cell
CNPY4,0.1021,2.702e-06,1.629e-05,cell
CSRNP1,-0.1394,0.03439,0.063,cell
TRIM33,-0.0032,0.027,0.05137,cell
MGAT5,0.0779,0.01711,0.03461,cell
MEIS2,0.0243,0.6346,0.7065,cell
MEIS1,0.2303,0.0001965,0.0007207,cell
WIPF1,0.0023,0.2456,0.3303,cell
MLLT10,0.0296,0.04567,0.08035,cell
SLC38A4,-0.0258,0.987,0.9904,cell
FBL,-0.0312,0.7682,0.8196,cell
MARCH6,-0.2702,1.769e-06,1.115e-05,cell
ZNF207,0.1838,0.007447,0.01686,cell
MEIG1,0.0047,0.01932,0.0384,cell
UTP14A,0.0006,0.5133,0.5997,cell
HOOK2,0.2574,1.781e-10,2.838e-09,cell
TK2,0.4308,2.167e-15,8.103e-14,cell
TRABD,0.0718,3.047e-05,0.0001412,cell
SPSB1,0.0331,0.165,0.2371,cell
CENPT,0.2626,2.183e-16,9.554e-15,cell
PTPRU,-0.0797,0.02487,0.04787,cell
C9orf116,0.0525,0.0002529,0.000898,cell
KRTCAP3,0.0947,3.449e-05,0.0001569,cell
HMGB3,-0.0631,0.6202,0.6943,cell
CGGBP1,-0.1511,0.2136,0.2941,cell
XPNPEP3,0.1715,1.873e-05,9.13e-05,cell
UQCC1,0.0777,0.02106,0.04148,cell
VIPAS39,0.0385,0.01855,0.03708,cell
ZNF181,0.043,0.008706,0.01928,cell
TXNRD3,0.1086,0.0001717,0.0006406,cell
TSFM,0.1027,0.006503,0.015,cell
RBCK1,-0.2635,1.655e-06,1.049e-05,cell
KLHL17,0.0265,3.868e-05,0.0001729,cell
ZNF79,0.0823,0.02486,0.04787,cell
RNASE4,-0.0832,0.3691,0.4607,cell
IGFBP7,-0.2469,1.594e-07,1.3e-06,cell
IFNGR1,-0.2,0.02949,0.05522,cell
ADM,-0.8178,1.377e-10,2.266e-09,cell
MAP3K11,0.074,2.127e-05,0.0001021,cell
AKR7A2,-0.0712,0.4987,0.5869,cell
HDAC3,0.047,0.1347,0.2007,cell
NMI,-0.0139,0.3663,0.4581,cell
LOC727896,-0.011,0.6567,0.7251,cell
MEX3D,-0.0106,0.0002729,0.0009585,cell
KCTD7,0.0811,0.1604,0.2319,cell
TIMM17B,0.0069,0.21,0.2901,cell
PYCR2,0.0529,0.01848,0.03698,cell
DLGAP1-AS1,0.0391,4.77e-05,0.0002083,cell
TRIM25,0.086,0.0002454,0.0008746,cell
WDR35,0.1508,4.534e-05,0.0001989,cell
SLC48A1,0.1845,2.618e-07,2.016e-06,cell
LRRFIP2,0.1861,3.714e-05,0.0001673,cell
EIF1B,-0.581,4.795e-15,1.673e-13,cell
RUNDC3B,-0.0342,0.8632,0.8967,cell
WRN,0.139,6.108e-07,4.348e-06,cell
ADH5,-0.1373,0.09869,0.1547,cell
TGFB1,0.0381,1.07e-06,7.177e-06,cell
PLA2G1B,0.0088,0.001432,0.004024,cell
TSC2,0.4209,3.828e-26,8.46e-24,cell
TMEM246,0.0903,0.1942,0.2718,cell
IFIH1,0.0846,0.001161,0.003345,cell
XYLT2,0.03,0.08447,0.1358,cell
HCN4,0.004,0.6998,0.7609,cell
ACP2,0.2363,1.287e-10,2.125e-09,cell
LOC103344931,0.0183,0.975,0.9812,cell
MOAP1,-0.0002,0.6544,0.7234,cell
ANKRD36B,0.1214,1.389e-10,2.283e-09,cell
SRSF8,-0.0815,0.4879,0.5775,cell
LINC00271,0.1086,7.283e-09,8.061e-08,cell
DKK3,0.7349,9.057e-28,2.502e-25,cell
HIC2,-0.0007,0.6369,0.7083,cell
NUBPL,0.0097,0.001819,0.004981,cell
COQ10B,-0.0315,0.5943,0.6714,cell
RBM26,0.1257,4.272e-06,2.445e-05,cell
TSPYL2,0.3599,1.96e-07,1.563e-06,cell
TBL1Y,0.0246,0.001037,0.00303,cell
MRPS36,-0.1387,0.006368,0.01473,cell
SEC11C,1.2378,5.668e-42,1.503e-38,cell
XRCC6BP1,0.0135,0.1027,0.16,cell
BTBD6,0.1084,1.199e-06,7.952e-06,cell
CALCOCO2,0.1294,0.1337,0.1995,cell
IARS2,0.1314,0.003745,0.009311,cell
ICE1,0.1792,0.0001658,0.000622,cell
SIN3B,0.0741,5.133e-05,0.0002218,cell
SMG1,0.1634,0.0001457,0.0005556,cell
OSTCP1,-0.0011,0.6462,0.7164,cell
SLMO1,-0.0301,0.2795,0.3679,cell
CD164,-0.5112,8.077e-12,1.7e-10,cell
POU2F1,0.1053,0.0009707,0.002858,cell
TUFT1,-0.0409,0.6074,0.6831,cell
PPL,0.4151,6.555e-08,5.83e-07,cell
CTAGE1,0.008,0.06013,0.1016,cell
ZDHHC2,-0.2498,0.01308,0.02746,cell
ZHX2,0.0287,0.1671,0.2396,cell
TBC1D9B,0.3669,2.685e-07,2.062e-06,cell
NEK1,0.1059,0.0004768,0.001556,cell
TRAF3,0.1268,2.307e-07,1.8e-06,cell
PLA2G12A,0.0761,0.04613,0.08098,cell
USP48,0.01,0.4408,0.5325,cell
MRPL53,-0.0373,0.591,0.6684,cell
UCN3,0.0194,0.1526,0.2224,cell
ARHGAP33,0.0078,0.0006366,0.002001,cell
NOSTRIN,0.0177,0.009274,0.02037,cell
TMEM203,-0.1362,0.07805,0.1272,cell
RBM33,0.0036,0.6089,0.6845,cell
COMMD7,-0.011,0.8585,0.8927,cell
ARID5B,-0.066,0.8408,0.8775,cell
ANTXR1,0.0516,0.0008946,0.002665,cell
ATG4A,0.1433,0.001162,0.003348,cell
NT5C3B,0.2808,2.036e-06,1.263e-05,cell
NLRC5,0.1024,0.000111,0.0004377,cell
TOMM20,-0.4304,1.596e-11,3.158e-10,cell
B3GAT3,0.2627,6.952e-19,4.519e-17,cell
RANBP3,0.081,0.00424,0.0104,cell
PSEN1,0.1155,0.02244,0.04381,cell
CCDC18,0.04,3.073e-05,0.0001422,cell
PTPRJ,0.2945,2.529e-14,7.853e-13,cell
WASF1,-0.0434,0.6373,0.7085,cell
PTPRG,-0.0023,0.772,0.8225,cell
PTPRD,0.0129,0.1719,0.2455,cell
NNT-AS1,0.0554,0.0005133,0.001663,cell
HSBP1L1,-0.1556,0.0009304,0.002754,cell
NLRP2##6,0.0855,0.01544,0.03166,cell
PAFAH2,0.1201,0.0009876,0.0029,cell
SLC7A2,0.2402,0.004599,0.01115,cell
ZNF271P,0.2099,0.0009209,0.002731,cell
ZNF865,0.0129,0.02791,0.05278,cell
FAM179B,0.1346,0.001035,0.003025,cell
RAB3GAP2,-0.0018,0.4367,0.5285,cell
NFASC,0.7872,1.81e-25,3.582e-23,cell
SVOP,0.119,0.0002511,0.0008929,cell
CUL9,0.2063,1.116e-14,3.602e-13,cell
QPCT,0.2086,0.1422,0.2098,cell
CEP131,0.0503,2.833e-09,3.402e-08,cell
KIAA1328,0.0736,7.463e-05,0.0003064,cell
FAM45A,0.0042,0.01907,0.03798,cell
NUFIP2,0.0389,0.03669,0.06671,cell
PDZD8,-0.4973,4.479e-07,3.278e-06,cell
CGN,0.0849,0.007884,0.0177,cell
CYP39A1,-0.0113,0.2417,0.3259,cell
HACD3,0.2147,0.05746,0.09766,cell
ZWILCH,0.0047,0.04419,0.07813,cell
HEATR1,0.0815,0.002181,0.005842,cell
SSBP3,0.0119,0.0084,0.01871,cell
ATP10D,0.1197,0.0001974,0.0007236,cell
CHD7,0.0883,0.07831,0.1275,cell
NFXL1,0.138,6.112e-08,5.457e-07,cell
FAM219B,-0.0207,0.6636,0.7306,cell
ACTR3B,0.0709,0.002851,0.007368,cell
ABL1,0.0174,0.1919,0.2693,cell
LINC01461,0.0057,0.03126,0.05803,cell
AASDHPPT,-0.1988,0.08337,0.1344,cell
DCAF13,0.0587,0.07198,0.1185,cell
DIS3,-0.093,0.9099,0.9325,cell
CHD2,0.3997,1.742e-09,2.187e-08,cell
RPL38,-0.3474,2.384e-13,6.387e-12,cell
BCAS2,-0.272,0.0003136,0.00108,cell
COX7A2L,-0.2577,1.63e-05,8.054e-05,cell
BET1,-0.0145,0.1352,0.2013,cell
PRSS16,0.0396,0.04638,0.08139,cell
FAM98A,0.2731,4.737e-13,1.215e-11,cell
PCSK7,0.0976,6.313e-07,4.482e-06,cell
CTDP1,0.0303,0.000758,0.002323,cell
PURA,-0.0315,0.2723,0.3602,cell
FSTL3,-0.0204,0.269,0.3566,cell
ZMPSTE24,0.2708,3.891e-07,2.894e-06,cell
RAMP3,0.12,3.053e-12,6.805e-11,cell
HGS,0.1865,1.745e-06,1.103e-05,cell
CHD3,0.2239,7.222e-07,5.045e-06,cell
FAM50A,0.2534,2.349e-07,1.829e-06,cell
PDCD5,-0.1929,3.62e-05,0.0001636,cell
PRPF3,0.2161,6.921e-07,4.863e-06,cell
PKN2,0.0628,0.002561,0.006711,cell
SRRM1,-0.1451,0.02308,0.04491,cell
HAAO,0.0102,0.1489,0.2179,cell
RACGAP1,0.0365,0.2766,0.3649,cell
DNAI1,0.0541,0.0002012,0.0007363,cell
NDUFC1,-0.1871,8.201e-05,0.0003337,cell
PTBP2,0.1185,5.022e-05,0.0002179,cell
CAMK2G,0.1094,0.004732,0.01142,cell
NDUFS5,-0.0817,0.09986,0.1561,cell
DAPK2,0.0317,0.4345,0.5263,cell
ZNF473,-0.0051,0.3015,0.3914,cell
POLR1A,0.1329,4.117e-11,7.604e-10,cell
TOR3A,0.24,6.715e-07,4.729e-06,cell
SMYD2,-0.2051,0.0006435,0.002021,cell
TFB2M,-0.0884,0.2972,0.3867,cell
MRPS22,-0.1106,0.4404,0.5322,cell
RELA,-0.1071,0.08777,0.1404,cell
SLC2A6,0.0742,6.969e-07,4.894e-06,cell
MTRNR2L1,-3.5354,2.261e-46,2.998e-42,cell
P3H1,0.1768,0.001137,0.003283,cell
ZNF790,0.0196,0.3375,0.4291,cell
BRF1,0.1076,7.657e-10,1.04e-08,cell
GPR6,0.038,0.01575,0.0322,cell
GPM6B,0.0025,0.4674,0.5581,cell
LDB1,0.0262,0.6674,0.7334,cell
NHP2L1,-0.008,0.3896,0.4815,cell
WSB2,-0.0852,0.3781,0.47,cell
JARID2,0.0566,0.002953,0.007589,cell
LINC00909,-0.0679,0.9101,0.9327,cell
EIF4A3,-0.0668,0.3637,0.4553,cell
KIAA0195,0.1422,5.755e-07,4.109e-06,cell
ZNF621,0.057,0.02976,0.05563,cell
ITM2C,0.8977,1.724e-24,2.822e-22,cell
GPC1,0.0335,0.003428,0.00862,cell
GLP1R,0.1301,0.0003014,0.001045,cell
TBCE,-0.0616,0.6808,0.7449,cell
NSG1,-0.273,1.561e-11,3.094e-10,cell
ZDHHC16,0.0638,0.01687,0.03417,cell
WBP11,-0.0734,0.4748,0.565,cell
LCMT1,-0.0704,0.5279,0.613,cell
RORA,-0.4371,2.517e-12,5.716e-11,cell
SLC12A6,0.1147,0.0002151,0.0007802,cell
MRPL33,-0.1246,0.0004303,0.001426,cell
ATP9A,0.3647,1.232e-07,1.03e-06,cell
SPESP1,0.0327,0.03772,0.06833,cell
CCSAP,-0.0479,0.774,0.8243,cell
HPCAL1,-0.0129,0.8867,0.9148,cell
MRPL35,0.0144,0.03759,0.06811,cell
ASNS,-0.488,5.037e-07,3.644e-06,cell
ATP7A,0.0017,0.5513,0.6338,cell
BAIAP2,0.3274,1.661e-15,6.383e-14,cell
FOPNL,-0.259,0.02024,0.04004,cell
TRDMT1,-0.0341,0.9789,0.9842,cell
DYNC1I1,0.3342,1.614e-09,2.04e-08,cell
DDX10,0.1826,3.308e-07,2.49e-06,cell
NF2,0.2487,1.216e-07,1.019e-06,cell
USP33,0.0979,0.03251,0.0601,cell
ALAD,0.1136,0.0005634,0.001804,cell
CALCB,-0.0468,0.4909,0.5802,cell
CACNB1,0.0372,1.689e-05,8.327e-05,cell
PTPN12,-0.0636,0.9417,0.9562,cell
C11orf68,-0.006,0.975,0.9812,cell
TCF12,0.0801,0.002955,0.007591,cell
NFE2L1,0.1644,1.129e-05,5.837e-05,cell
TBP,-0.1299,0.1289,0.1937,cell
TCF7,0.0058,0.02742,0.05207,cell
WDR47,0.0257,0.434,0.5258,cell
GSE1,0.1676,0.00854,0.01895,cell
PSME4,0.1359,0.00026,0.000919,cell
FAF2,0.1218,0.01297,0.02726,cell
FAM120A,0.1185,0.004962,0.0119,cell
ADAL,0.1465,1.259e-06,8.292e-06,cell
TPI1,-1.0315,2.897e-42,1.205e-38,cell
ATP6V1F,0.0357,0.6539,0.7231,cell
ZMYM6,-0.0405,0.5516,0.6341,cell
NLGN1,0.0007,0.05704,0.097,cell
MYO15A,-0.0157,0.7084,0.7686,cell
DAD1,0.2408,9.689e-05,0.0003884,cell
SNN,-0.0166,0.9047,0.9285,cell
MTX1,0.0105,0.002931,0.007546,cell
PDZK1,-0.0103,0.7926,0.8391,cell
EVL,0.0216,0.04963,0.08621,cell
PARP16,0.1166,4.115e-06,2.372e-05,cell
SRRM2,0.8622,1.215e-28,4.028e-26,cell
ATAD2B,0.0921,0.000101,0.0004025,cell
INPP5F,0.2928,1.474e-05,7.392e-05,cell
ENDOD1,-0.0783,0.9536,0.9651,cell
PLEKHA6,0.4861,4.608e-15,1.612e-13,cell
HERC5,0.0013,0.2736,0.3616,cell
CARD11,-0.0167,0.293,0.3824,cell
COL27A1,0.1181,8.009e-05,0.0003264,cell
BAZ1B,0.4234,2.621e-10,3.981e-09,cell
WNK4,-0.0082,0.488,0.5776,cell
HPS3,0.0018,0.0483,0.08423,cell
MGAT4B,-0.0771,0.3592,0.451,cell
COG8,0.0205,0.0822,0.1329,cell
FAM167A,0.1408,0.0336,0.06176,cell
ELOF1,0.1492,0.0002611,0.0009216,cell
SNORD22,-0.0022,0.4012,0.493,cell
RPLP1,0.0447,0.7271,0.7848,cell
SLC25A29,0.0538,0.002484,0.006527,cell
GANAB,0.5663,8.079e-13,1.999e-11,cell
ZP1,0.0627,8.094e-07,5.578e-06,cell
CHEK1,0.0528,0.0003844,0.001291,cell
FGD5-AS1,0.0209,0.4751,0.5652,cell
CLIP1-AS1,0.0036,0.2912,0.3804,cell
ZNF559,0.0099,0.3029,0.3928,cell
CAB39L,0.1315,0.003056,0.007809,cell
D2HGDH,0.0996,2.277e-17,1.184e-15,cell
PPP2R2C,0.0278,0.02427,0.04686,cell
SRPK2,0.1007,0.002108,0.005673,cell
APAF1,0.0276,0.00128,0.003645,cell
ACOT7,-0.02,0.7087,0.7689,cell
ZSCAN22,0.1767,4.735e-08,4.312e-07,cell
CHRNA5,0.0406,0.02102,0.0414,cell
UNC5B,0.2113,4.709e-05,0.0002059,cell
LOC102724784,0.0163,5.593e-07,4.007e-06,cell
IPMK,-0.0028,0.0587,0.09951,cell
PGBD2,0.0146,0.1524,0.2222,cell
AK9,0.0899,0.0004486,0.001481,cell
SCHIP1##1,0.0018,0.2542,0.3404,cell
SEPP1,-0.0281,0.5964,0.6734,cell
PODXL,0.0169,0.1582,0.229,cell
ZNF41,0.0194,0.08918,0.1422,cell
ZNF354C,-0.0208,0.9426,0.9569,cell
CDR2L,0.0188,0.02379,0.04611,cell
VCP,0.8526,5.942e-22,6.253e-20,cell
PIK3R4,0.2176,1.29e-06,8.472e-06,cell
THBD,0.508,2.095e-11,4.032e-10,cell
ARHGAP26,0.069,0.0002663,0.0009371,cell
CLHC1,0.0278,6.131e-05,0.0002587,cell
REPS2,0.0218,0.125,0.1889,cell
MED18,0.0475,0.06106,0.1029,cell
CHST12,0.0186,0.3241,0.4152,cell
PRKCA,0.053,0.04598,0.08079,cell
CDK5R1,0.0776,0.001681,0.004636,cell
TIMP2,-0.1099,0.2614,0.3486,cell
PREP,0.0426,0.05323,0.09144,cell
FUK,0.2113,3.803e-17,1.896e-15,cell
WHSC1,0.2451,8.18e-10,1.108e-08,cell
ILF3-AS1,0.1728,3.081e-05,0.0001424,cell
SYNJ1,0.0522,0.002279,0.006065,cell
NT5C2,0.1965,0.0007113,0.002199,cell
TCEB3,0.1736,0.005109,0.0122,cell
XRCC6,0.1011,0.09297,0.1472,cell
LINC00261,0.2155,0.0001347,0.0005177,cell
IL17RA,0.0239,0.07637,0.1248,cell
TTTY15,0.26,2.584e-25,4.966e-23,cell
SSTR1,0.0579,0.01086,0.02336,cell
TFPI,-0.0286,0.141,0.2084,cell
TEC,0.0855,7.433e-05,0.0003055,cell
HDLBP,0.5776,7.287e-13,1.827e-11,cell
NPPA,0.0145,6.265e-05,0.0002636,cell
LYSMD2,0.0625,0.1157,0.177,cell
TMEM81,-0.0219,0.461,0.5515,cell
ZNF784,0.0193,0.03453,0.06323,cell
NSUN6,0.1212,5.165e-09,5.883e-08,cell
SERTAD3,0.0145,0.3474,0.4391,cell
ZNF428,0.014,0.005327,0.01266,cell
C9orf85,0.0075,0.04363,0.0773,cell
USP12,-0.1284,0.1476,0.2163,cell
STK16,0.0449,0.01452,0.03003,cell
AASDH,-0.0498,0.8068,0.8501,cell
CERS2,0.1034,0.09404,0.1487,cell
YEATS2,-0.0777,0.3806,0.4725,cell
RBMXL1,-0.0647,0.2306,0.3138,cell
CAND2,0.0904,1.156e-06,7.692e-06,cell
HLA-A,0.294,1.483e-05,7.424e-05,cell
LIME1,0.0093,0.06673,0.1112,cell
RPP25,-0.0041,0.345,0.4366,cell
DUS2,0.0153,0.1133,0.1736,cell
PAIP2B,0.0125,0.08521,0.1368,cell
THAP11,-0.1332,0.06315,0.1059,cell
RLF,-0.044,0.7957,0.8414,cell
RSU1,0.0015,0.4068,0.4986,cell
MIR5088,-0.0008,0.5492,0.6321,cell
COL16A1,0.024,0.002566,0.006717,cell
ZNF345,0.0436,0.005777,0.01359,cell
PCIF1,0.2097,7.935e-07,5.486e-06,cell
ZNF277,-0.0265,0.3527,0.4446,cell
ARL15,-0.2685,0.06657,0.111,cell
NPRL3,0.1343,6.736e-07,4.74e-06,cell
GALNT12,-0.0009,0.9094,0.9321,cell
HADH,0.3336,0.001221,0.003492,cell
PFKP,-0.3143,0.0022,0.005882,cell
DHX33,0.0567,0.002772,0.007184,cell
RGS5,0.0114,0.007595,0.01715,cell
BCAR3,0.0351,0.0001712,0.0006394,cell
APBB3,0.0824,0.01643,0.03345,cell
BRWD1,0.0965,0.02629,0.05025,cell
RPL36,-0.2887,1.005e-11,2.075e-10,cell
FBXW11,0.0553,0.1697,0.2426,cell
DYNLRB2,0.0073,0.02055,0.04058,cell
SNAP25,0.5082,2.395e-07,1.859e-06,cell
ANKRD13C,-0.0117,0.1079,0.1667,cell
TXNDC5,-0.0039,0.7608,0.8128,cell
HYAL2,-0.0028,0.94,0.9554,cell
TDRD3,0.0259,0.01417,0.02939,cell
MAP3K9,0.0025,0.1338,0.1996,cell
CLPTM1L,0.2279,8.183e-07,5.625e-06,cell
SLC25A32,-0.0539,0.5995,0.6761,cell
CNP,0.7235,2.563e-13,6.839e-12,cell
WNT5B,-0.0199,0.5839,0.662,cell
TUBB1,-0.0164,0.6786,0.7432,cell
ILKAP,0.0597,0.03602,0.06563,cell
AKNA,-0.0054,0.9412,0.956,cell
HMGN5,0.0694,0.007729,0.01741,cell
WNT4,-0.1242,0.0933,0.1477,cell
NRBF2,-0.1072,0.4226,0.5143,cell
ZCRB1,0.022,0.8814,0.9105,cell
TMX1,-0.2626,0.009666,0.0211,cell
RRP36,0.0721,0.006974,0.01593,cell
WNT3,0.046,0.0002042,0.0007458,cell
B9D2,0.0182,0.5398,0.6235,cell
SEC13,0.4362,3.151e-10,4.663e-09,cell
DEDD,0.0975,0.001975,0.00536,cell
CPSF1,0.115,2.732e-07,2.088e-06,cell
ZNF826P,-0.0313,0.2572,0.3439,cell
NOL7,-0.2152,2.849e-05,0.0001331,cell
RSAD1,0.3426,1.137e-09,1.491e-08,cell
MTMR2,-0.2585,0.005331,0.01266,cell
PBRM1,0.2007,9.436e-05,0.0003791,cell
POFUT2,0.066,0.0002336,0.0008385,cell
CELSR2,0.1076,2.138e-06,1.322e-05,cell
TXLNG,-0.008,0.1747,0.2487,cell
DHX36,-0.0053,0.38,0.4719,cell
GPATCH2L,0.1929,9.798e-07,6.628e-06,cell
PRPF31##7,0.0576,0.0769,0.1256,cell
DNAJC2,-0.0621,0.4964,0.5849,cell
GPR108,0.2401,1.262e-06,8.308e-06,cell
DDX17,0.183,0.01848,0.03698,cell
RPS20,-0.2829,1.957e-12,4.544e-11,cell
PAPOLA,-0.3019,4.728e-05,0.0002067,cell
BACH2,0.0036,0.8787,0.9084,cell
TMEM216,-0.0115,0.4931,0.5823,cell
TNRC18,0.0303,3.795e-06,2.209e-05,cell
MED20,-0.0948,0.5066,0.5938,cell
UBE3A,0.0439,0.1022,0.1594,cell
CYP27A1,0.1012,0.01277,0.0269,cell
LIPG,0.0379,0.0009132,0.00271,cell
PIPSL,0.0113,0.3822,0.474,cell
CATSPER2P1,0.0115,0.04754,0.08314,cell
DLEU2L,-0.0006,0.5528,0.6352,cell
PMS2CL,0.0099,0.03086,0.05742,cell
COA6,0.0253,0.009135,0.02009,cell
SNORD47,-0.035,0.01577,0.03224,cell
RRP7B,0.0325,0.006458,0.01492,cell
TOP1P1,0.0044,0.2161,0.2972,cell
ZYG11B,0.1817,3.323e-06,1.96e-05,cell
TARDBP,0.3556,2.279e-07,1.785e-06,cell
SHOC2,-0.1141,0.6227,0.696,cell
NID2,-0.0096,0.3199,0.4107,cell
CEP350,0.1585,0.01318,0.0276,cell
SWT1,0.0074,0.3267,0.4178,cell
NUP50-AS1,0.0142,0.09146,0.1452,cell
RNASEH1-AS1,0.0098,0.1383,0.2051,cell
PTOV1-AS1,0.1054,2.068e-06,1.281e-05,cell
LOC100507250,-0.0238,0.7977,0.843,cell
DNM3OS,0.0447,0.000527,0.001701,cell
LOC100131655,-0.0064,0.7408,0.7962,cell
ERVK13-1,0.1272,2.966e-09,3.546e-08,cell
LINC00886,0.0334,0.2012,0.2799,cell
LINC01125,0.0086,0.0238,0.04612,cell
LOC100287792,-0.0038,0.02612,0.04997,cell
DNAJC9-AS1,0.0192,0.004561,0.01108,cell
MIF-AS1,-0.0901,2.021e-12,4.677e-11,cell
APTR,-0.0148,0.8463,0.882,cell
SPTY2D1-AS1,-0.0084,0.8137,0.8559,cell
ZSWIM8-AS1,0.0103,0.009852,0.02146,cell
LOC100506314,0.0227,0.02889,0.05425,cell
ENO1-AS1,0.0026,0.07014,0.1161,cell
MAGI2-AS3,-0.0041,0.3183,0.4093,cell
OSER1-AS1,-0.0694,0.08447,0.1358,cell
LOC728752,-0.002,0.5105,0.5974,cell
ARG2,-1.5215,4.52e-22,4.913e-20,cell
TM9SF4,0.2312,0.0001151,0.000451,cell
ALG11,0.0032,0.0485,0.08455,cell
AP5B1,0.0882,4.164e-06,2.392e-05,cell
ZNF883,-0.0576,0.1446,0.2127,cell
LOC644554,0.0289,0.01281,0.02696,cell
ATP11A,0.0407,0.005899,0.01383,cell
GABARAPL2,-0.1632,0.001136,0.003279,cell
TWF2,0.1508,1.47e-07,1.21e-06,cell
RNF13,-0.0463,0.8193,0.8605,cell
U2AF2,0.0173,0.1042,0.1618,cell
CTRC,0.0078,0.0001942,0.0007127,cell
PLEKHA1,0.1212,0.08085,0.1311,cell
SEPHS1,0.1375,1.189e-07,1.001e-06,cell
SEH1L,-0.1064,0.5138,0.6002,cell
CABLES2,0.0514,0.0003068,0.00106,cell
ABHD17A,0.0019,0.7063,0.7669,cell
SLC25A28,0.109,0.001204,0.003453,cell
SLIRP,-0.1388,0.0002101,0.0007645,cell
QTRT1,0.2282,6.847e-22,7.093e-20,cell
RAB1B,0.2618,1.756e-08,1.783e-07,cell
WDR73,0.0113,0.002702,0.007034,cell
PABPC3,0.0125,0.04769,0.08335,cell
ARPC5L,-0.0624,0.5759,0.655,cell
SHARPIN,0.0137,0.1805,0.256,cell
SFXN3,0.0724,0.0003403,0.001159,cell
ST6GALNAC5,-0.0352,0.8652,0.8978,cell
CAPN10,0.0478,8.994e-07,6.144e-06,cell
COA7,0.0621,0.006529,0.01505,cell
C5orf42,0.2932,8.5e-13,2.095e-11,cell
TIGD6,-0.0108,0.6323,0.7045,cell
ZNF672,0.1568,3.941e-07,2.926e-06,cell
PPP1R14C,-0.0344,0.5614,0.6425,cell
ZFP69B,-0.0172,0.8004,0.845,cell
MYOF,0.1287,1.577e-12,3.748e-11,cell
FAM91A1,-0.0501,0.9546,0.966,cell
ARMC2,0.0894,5.303e-07,3.828e-06,cell
GAPVD1,0.1596,0.0001646,0.0006184,cell
PAK1IP1,-0.019,0.3786,0.4705,cell
TRMU,0.2448,1.388e-08,1.45e-07,cell
TMEM158,0.0099,0.01315,0.02757,cell
CNOT10,0.1213,0.0004945,0.001608,cell
MTCH1,-0.211,4.637e-05,0.000203,cell
MTHFD1L,-0.0248,0.9063,0.9297,cell
CCDC28A,-0.0665,0.8154,0.8572,cell
INVS,0.1163,0.0003769,0.00127,cell
SLC7A11,0.0823,2.196e-05,0.0001052,cell
PPP1R15A,-0.1438,0.4863,0.5761,cell
RND2,0.0241,0.0006982,0.002164,cell
PIAS3,0.1338,0.005772,0.01358,cell
CBX7,0.1324,6.269e-05,0.0002637,cell
MRPS9,-0.1239,0.6115,0.6868,cell
UAP1L1,0.1884,3.126e-08,2.998e-07,cell
WDR53,0.0345,0.0885,0.1413,cell
SKA2,-0.0936,0.854,0.8889,cell
MAMSTR,0.0213,0.008057,0.01805,cell
MBLAC1,0.0031,0.1464,0.2149,cell
MBLAC2,0.033,0.08106,0.1314,cell
RBM12B,0.0236,0.1557,0.2261,cell
UBE2G2,0.1185,0.0008679,0.002597,cell
UBE2E1,-0.0177,0.4041,0.4959,cell
CSNK2A3,-0.0796,0.1069,0.1656,cell
WDFY3,0.1896,4.018e-05,0.0001788,cell
NDUFB6,-0.1389,0.0107,0.02305,cell
PLCB1,-0.2666,2.728e-07,2.086e-06,cell
PPAPDC2,0.1206,0.0002366,0.0008476,cell
UBE2H,0.1605,0.006915,0.01583,cell
AFTPH,0.0454,0.05836,0.09899,cell
SLC25A23,0.016,0.08439,0.1358,cell
DEDD2,0.0601,0.02141,0.04209,cell
CCDC86,0.0925,0.0001007,0.0004019,cell
TRAPPC6A,0.0622,0.000482,0.001572,cell
ALG12,0.1059,0.0007071,0.002188,cell
WDR77,0.11,0.00154,0.004294,cell
GABARAPL1,0.3018,0.0009872,0.002899,cell
ELOVL6,-0.0058,0.254,0.3401,cell
TRIM37,0.1418,0.0002763,0.0009687,cell
JUND,-0.2709,2.389e-08,2.35e-07,cell
ARHGEF5,-0.048,0.5433,0.6268,cell
MAF,-0.0248,0.6312,0.7037,cell
SKIL,-0.1353,0.9952,0.9968,cell
MPL,0.0535,0.000637,0.002002,cell
IMMP1L,-0.1954,5.762e-07,4.112e-06,cell
EBF4,0.0031,0.2018,0.2805,cell
BCS1L,0.2042,3.134e-12,6.939e-11,cell
SYMPK,0.0263,0.0309,0.05747,cell
NAPA,-0.0303,0.3329,0.4241,cell
DDX23,0.1438,0.004389,0.01072,cell
SNAP23,-0.0396,0.9331,0.9502,cell
RIPK2,0.0611,0.006907,0.01581,cell
CDS2,0.1647,0.02973,0.0556,cell
BAP1,0.0922,0.0006596,0.002063,cell
TXNIP,0.1719,0.001371,0.003871,cell
NMT2,0.0318,0.159,0.23,cell
POLR2D,0.0073,0.1688,0.2417,cell
NPC1,0.0054,0.04906,0.08536,cell
TMED3,0.9458,1.071e-26,2.582e-24,cell
TIMM8A,-0.0366,0.532,0.6167,cell
BNIP3L,-0.7155,1.074e-16,5.034e-15,cell
TCF3,-0.0167,0.3431,0.4348,cell
MAP3K7,-0.0472,0.6103,0.6859,cell
TAF2,0.0806,0.01515,0.03115,cell
SYP,0.3753,5.782e-21,5.4e-19,cell
TNFRSF10B,0.0035,0.3845,0.4763,cell
AKAP8L,0.0262,0.4419,0.5335,cell
LOC100126784,0.0366,6.659e-07,4.694e-06,cell
TP53TG1,0.0155,0.0281,0.05307,cell
ZNF674-AS1,0.0707,0.0008591,0.002576,cell
PAX8-AS1,-0.0514,0.1428,0.2105,cell
PGD,0.3711,2.624e-09,3.175e-08,cell
LOC441204,-0.0015,0.4487,0.5399,cell
WDFY3-AS2,-0.0438,0.4416,0.5333,cell
LINC00643,0.5657,2.094e-16,9.195e-15,cell
PCA3,0.0667,1.813e-10,2.883e-09,cell
LINC01184,-0.0114,0.5153,0.6014,cell
SCAND2P,0.0928,0.0002964,0.00103,cell
ZDHHC8P1,0.0133,0.2785,0.3668,cell
PPIEL,-0.0142,0.3668,0.4584,cell
SNHG15,-0.0822,0.3199,0.4107,cell
SNORA84,-0.0045,0.7589,0.8111,cell
SNORD58C,-0.0119,0.06937,0.1151,cell
PPP2R1A,0.0251,0.8244,0.8646,cell
ZNF32,0.192,0.00254,0.006663,cell
KMT2A,0.2609,0.0002124,0.0007711,cell
HIGD1A,0.0407,0.07796,0.1271,cell
TMEM14A,-0.1941,0.01755,0.03537,cell
MKL2,0.0019,0.09545,0.1506,cell
C19orf53,-0.0878,0.03029,0.05647,cell
MRPS18B,-0.0657,0.5768,0.6558,cell
LRP10,0.124,0.03503,0.06401,cell
UNC50,0.2232,0.0007688,0.00235,cell
ZBTB33,-0.0005,0.4541,0.5447,cell
GMPR,0.0809,0.0006329,0.001993,cell
SYNGAP1,0.03,0.0002972,0.001032,cell
PNMAL1,0.1412,0.0006687,0.002087,cell
TMEM170B,-0.0341,0.1089,0.1678,cell
CALM3,-0.2044,0.0001165,0.0004559,cell
ARHGEF17,0.1409,1.192e-08,1.261e-07,cell
ARHGEF11,0.1526,2.214e-08,2.195e-07,cell
URB2,0.0408,0.09906,0.1551,cell
ZNHIT6,0.1494,7.003e-07,4.911e-06,cell
CDK8,0.0519,0.001284,0.003653,cell
FCHO1,0.0018,0.9368,0.9529,cell
ZNF829,0.0711,6.206e-05,0.0002614,cell
PCDH20,-0.1777,9.954e-10,1.328e-08,cell
DMRTA1,0.0517,0.07809,0.1272,cell
SNORD23,0.0044,0.006186,0.01438,cell
PEX2,-0.1745,0.1763,0.2509,cell
MYO3A,0.2209,4.942e-05,0.0002146,cell
RPAP3,0.05,0.002855,0.007374,cell
HTATSF1,0.1909,0.0009218,0.002733,cell
EID1,0.0378,0.2028,0.2818,cell
CADM1,0.174,0.04025,0.07217,cell
BRD7,0.0724,0.006187,0.01438,cell
SGK3,-0.0013,0.6789,0.7434,cell
TBK1,0.0135,0.04877,0.08496,cell
RCOR1,0.0468,0.002192,0.005866,cell
HTRA2,0.0314,0.001412,0.003977,cell
ORAI1,-0.0232,0.2711,0.3589,cell
SNX27,0.1836,0.0007964,0.00242,cell
NADK,0.1216,6.877e-10,9.499e-09,cell
LBH,0.0039,0.04524,0.07978,cell
GPBP1,-0.2637,0.003298,0.00834,cell
REEP1,0.3098,2.289e-15,8.527e-14,cell
TRIM8,0.0438,0.2036,0.2826,cell
MARCKSL1,-0.0548,0.02809,0.05306,cell
HAPLN4,0.0768,7.329e-07,5.107e-06,cell
ZNF696,0.037,0.003129,0.007967,cell
CENPH,0.0436,1.421e-05,7.163e-05,cell
ACTR8,0.0246,0.04298,0.07625,cell
TBRG4,0.1186,0.001462,0.004097,cell
NT5DC2,0.0649,0.02394,0.04633,cell
PAPOLG,0.0341,0.1006,0.1571,cell
ZNF442,-0.0462,0.01419,0.02944,cell
C22orf23,0.0029,0.3556,0.4475,cell
WAC,-0.1277,0.2179,0.2993,cell
DGUOK,-0.0139,0.9974,0.9983,cell
TAF6,0.0134,0.1098,0.1689,cell
CDC26,0.0041,0.2557,0.3422,cell
PPTC7,0.0189,0.4271,0.5188,cell
SNORD32A,-0.0033,0.2348,0.3186,cell
SNORD35B,-0.0046,0.6246,0.6979,cell
POLR2J3,0.0057,0.008383,0.01868,cell
THUMPD3,0.0136,0.1821,0.2578,cell
ARMCX5-GPRASP2,0.0015,0.05988,0.1012,cell
BEND7,-0.0196,0.5037,0.5913,cell
GLIPR1L1,0.0068,0.02339,0.04541,cell
CCDC110,-0.0005,0.1561,0.2267,cell
TMEM196,0.091,0.0002833,0.000989,cell
TCTEX1D2,0.0548,3.425e-06,2.013e-05,cell
SESN3,-0.1155,0.0835,0.1345,cell
TCP10L,0.01,0.003922,0.009698,cell
MIR1226,0.0083,2.081e-05,0.0001002,cell
BTF3,-0.3544,6.538e-13,1.648e-11,cell
CEBPG,-0.6973,1.941e-09,2.417e-08,cell
PRDM11,0.0007,0.6487,0.7185,cell
RPL30,-0.2635,2.227e-08,2.208e-07,cell
RPL27,-0.0047,0.5539,0.636,cell
ZNF511,-0.0581,0.2568,0.3433,cell
CXorf57,-0.0229,0.5676,0.6473,cell
GPR146,-0.0404,0.0008083,0.002451,cell
ARGLU1,-0.0189,0.6561,0.7246,cell
RMND1,-0.1175,0.2247,0.3071,cell
YIF1A,-0.0123,0.8928,0.9194,cell
WDR45B,-0.1756,0.01124,0.02406,cell
MRPS18A,0.0641,0.03303,0.06092,cell
ARMC6,0.0754,0.0005642,0.001805,cell
RAD52,0.0336,0.01536,0.03154,cell
FBXL17,0.0582,0.002761,0.007164,cell
RAB11B,0.1419,6.959e-05,0.0002885,cell
EIF4G2,0.0318,0.2771,0.3654,cell
SLC12A2,0.0432,0.001289,0.003667,cell
PRPF38A,-0.1993,0.02201,0.04312,cell
RTCA,-0.2065,0.08382,0.135,cell
POMK,-0.0231,0.02285,0.04453,cell
CNOT2,-0.0869,0.3877,0.4794,cell
CRMP1,0.0912,0.09221,0.1463,cell
MLF2,0.1916,0.009405,0.02062,cell
ALG13,-0.0634,0.8531,0.8881,cell
ZNF528,-0.0045,0.6173,0.6916,cell
THOC2,-0.0949,0.6683,0.7341,cell
ZNF137P,0.0144,0.07213,0.1187,cell
DSE,0.1129,1.486e-05,7.435e-05,cell
TRIM4,-0.178,0.08046,0.1306,cell
MAFG,-0.0296,0.683,0.7467,cell
ZNF702P,-0.0312,0.4735,0.5639,cell
PCDHGB5,-0.0003,0.1155,0.1767,cell
SH3BGRL2,0.305,1.81e-09,2.268e-08,cell
CCDC109B,-0.2426,0.002988,0.007661,cell
ZNF525,0.0041,0.9678,0.976,cell
TTR,-1.1937,2.036e-11,3.941e-10,cell
ZNF761,0.0044,0.1531,0.223,cell
RGS16,0.4295,2.425e-09,2.961e-08,cell
PPP1CC,0.2141,0.001004,0.002945,cell
RING1##5,0.0156,0.008196,0.01832,cell
NEO1,0.1515,0.0005637,0.001804,cell
RAP2B,-0.0043,0.6337,0.7058,cell
PRSS23,-0.0674,0.5456,0.6288,cell
CTDSPL2,-0.1358,0.8274,0.8663,cell
ENOSF1,0.2392,1.202e-10,1.995e-09,cell
IFT57,0.3677,9.559e-08,8.21e-07,cell
VWA8,0.2,1.617e-08,1.661e-07,cell
STX18-AS1,0.0126,0.6301,0.7028,cell
TMEM147-AS1,0.0812,4.377e-08,4.019e-07,cell
NSUN2,0.1098,0.003589,0.008968,cell
STX16,0.2439,8.948e-09,9.685e-08,cell
MIRLET7DHG,-0.0054,0.9143,0.9354,cell
NBPF11,0.001,0.5215,0.6076,cell
NR1H3,-0.0038,0.4151,0.5068,cell
UNC5D,-0.0476,0.6162,0.6908,cell
CAPN10-AS1,0.0122,0.5777,0.6565,cell
LOC100130691,0.037,0.001409,0.003972,cell
TMEM39A,0.2392,2.523e-07,1.947e-06,cell
MTMR14,-0.0097,0.4846,0.5747,cell
GNG10,-0.01,0.1902,0.2673,cell
HIP1R,0.2915,1.646e-22,1.932e-20,cell
SERPINB8,-0.0896,0.4692,0.5597,cell
BCAS4,0.0876,0.0001373,0.000527,cell
C20orf196,0.0104,0.01543,0.03166,cell
VKORC1,0.2094,0.00244,0.006427,cell
TC2N##1,-0.1491,0.01285,0.02703,cell
ZNF438,0.0375,0.02566,0.0492,cell
MCM4,0.1205,0.00102,0.002987,cell
SENP1,0.0058,0.2911,0.3804,cell
GNAI1,0.2606,5.227e-05,0.0002253,cell
PDE1B,0.0387,0.003856,0.009555,cell
USF2,0.1099,2.628e-08,2.562e-07,cell
UQCRC1,-0.0728,0.3767,0.4686,cell
HES1,-0.083,0.0302,0.05635,cell
AFG3L2,0.0663,0.07706,0.1258,cell
ZNF230,-0.0664,0.3615,0.4534,cell
TESK1,-0.0171,0.5061,0.5934,cell
TAF10,-0.0391,0.8769,0.9072,cell
NEDD9,-0.0268,0.7849,0.8333,cell
TRAPPC2B,-0.0332,0.7658,0.8175,cell
IQCE,0.0914,0.0002024,0.0007399,cell
ZNF134,-0.0704,0.59,0.6674,cell
CEP78,0.0791,0.0001009,0.0004023,cell
FUNDC2,0.04,0.556,0.6378,cell
LRFN4,-0.004,0.0556,0.09489,cell
ZNF551,0.0564,0.1008,0.1574,cell
WDR54,0.0391,0.1091,0.1681,cell
NEBL,-0.8811,6.57e-17,3.123e-15,cell
ARHGEF9,0.2752,6.394e-11,1.135e-09,cell
SLC25A4,-0.5056,1.848e-13,5.052e-12,cell
SLC25A5,0.007,0.8938,0.9204,cell
ANXA5,-0.1098,0.02821,0.05323,cell
G3BP2,0.5643,2.538e-11,4.842e-10,cell
MPDZ,0.0054,0.183,0.2589,cell
CENPBD1P1,0.0443,0.229,0.312,cell
ECSIT,0.1043,3.201e-05,0.000147,cell
SLC37A4,0.144,0.003268,0.008273,cell
SLC15A2,0.0384,0.0007211,0.002226,cell
TMA16,-0.0185,0.1502,0.2195,cell
FGD6,0.1295,1.946e-05,9.444e-05,cell
MRPL42,-0.2123,0.0115,0.02456,cell
P2RX5-TAX1BP3,0.0157,0.03103,0.05767,cell
BSCL2##1,-0.0035,0.5662,0.6462,cell
CHMP3,-0.0225,0.005668,0.01336,cell
TECR,-0.2733,1.905e-06,1.19e-05,cell
PLIN2,-0.0366,0.9662,0.9749,cell
POLA2,0.1224,4.929e-08,4.476e-07,cell
TMCC1-AS1,0.016,0.05572,0.09506,cell
RTFDC1,0.0021,0.9585,0.969,cell
COX14,-0.1751,0.001225,0.003502,cell
ICA1L,0.0122,0.02298,0.04474,cell
POLG,0.2159,2.514e-12,5.716e-11,cell
COX17,-0.1639,5.322e-11,9.64e-10,cell
EPSTI1,-0.0001,0.2041,0.2832,cell
RPL13,-0.0294,0.07104,0.1174,cell
ZBED6,0.0563,2.255e-07,1.768e-06,cell
TSEN2,0.1358,3.309e-08,3.136e-07,cell
CBWD1,-0.0299,0.8427,0.8791,cell
MKLN1,0.0082,0.4049,0.4967,cell
KDM8,0.0242,0.01315,0.02757,cell
RICTOR,-0.2342,0.01494,0.0308,cell
HINFP,0.0581,0.05822,0.09879,cell
ZNF365,0.2544,9.741e-16,3.867e-14,cell
GGA2,0.4274,6.637e-08,5.89e-07,cell
PLXNB1,0.2766,3.17e-13,8.39e-12,cell
KRBOX4,-0.0366,0.2835,0.372,cell
KIAA0922,0.0754,0.0001794,0.0006647,cell
NFE2L2,-0.3455,1.592e-05,7.893e-05,cell
PRKACB,0.32,2.403e-06,1.469e-05,cell
SLIT1,-0.0093,0.2694,0.3571,cell
CCT8,-0.5897,6.399e-15,2.17e-13,cell
C17orf80,-0.0077,0.1313,0.1966,cell
FOXJ3,-0.1137,0.4498,0.5409,cell
PHF20L1,0.0909,0.003532,0.008839,cell
FTSJ1,0.1854,3.601e-06,2.105e-05,cell
DCTN3,0.0951,0.05001,0.08672,cell
STX10,0.0606,0.0002455,0.0008747,cell
PCMTD1,-0.1027,0.3892,0.4812,cell
SYNPO,0.0181,0.1407,0.2081,cell
THADA,0.0927,0.0007658,0.002343,cell
KPNA5,-0.0502,0.3058,0.396,cell
DHX15,0.19,0.004317,0.01057,cell
LINC00673,-0.2495,0.01004,0.02182,cell
DENND5A,0.1459,8.657e-05,0.0003501,cell
HEY1,-0.0324,0.6383,0.7093,cell
PRTFDC1,-0.0345,0.5496,0.6323,cell
C8orf88,-0.0405,0.75,0.8039,cell
KCNB2,0.1822,5.784e-10,8.115e-09,cell
LRRC16A,0.0072,0.6929,0.7553,cell
SLC39A7##2,0.3024,2.471e-10,3.779e-09,cell
EMC1,0.187,4.063e-05,0.0001806,cell
DHODH,0.0434,0.009552,0.02092,cell
DECR1,0.191,0.0007928,0.002411,cell
C16orf91,-0.0217,0.4449,0.5364,cell
ZBTB20,0.3018,0.0004603,0.001511,cell
SCOC,-0.4509,3.317e-10,4.898e-09,cell
RIN2,0.256,0.0006097,0.001932,cell
SETD1B,0.0767,6.229e-06,3.44e-05,cell
DGKQ,0.0677,1.775e-06,1.119e-05,cell
AKT2,0.1009,6.272e-11,1.116e-09,cell
CNPY2,0.2335,0.0001339,0.0005155,cell
SRSF11,0.1201,0.05408,0.09274,cell
IQCD,0.0173,0.01957,0.03887,cell
GLCCI1,-0.022,0.06791,0.1129,cell
CABLES1,-0.0542,0.659,0.7268,cell
NUDT2,0.006,0.3413,0.4328,cell
PWWP2B,0.052,3.968e-06,2.294e-05,cell
PRELID2,-0.0637,0.0008447,0.00254,cell
ZNF529-AS1,0.0166,0.07825,0.1275,cell
SRA1,0.1411,3.143e-05,0.0001447,cell
MGC27345,0.1132,0.002196,0.005875,cell
CHMP1A,0.1475,8.691e-05,0.0003513,cell
DUSP19,0.041,0.001239,0.003539,cell
SMIM13,-0.0866,0.2337,0.3174,cell
FRY,0.2221,9.853e-09,1.055e-07,cell
WDR43,-0.0261,0.5564,0.638,cell
BTD,0.1395,1.033e-05,5.413e-05,cell
TRIM32,0.0812,0.00606,0.01413,cell
DENND4A,0.1594,1.785e-05,8.752e-05,cell
SH3D19,0.0792,8.894e-07,6.091e-06,cell
HMG20A,-0.0649,0.8679,0.8999,cell
DNAH5,0.1549,0.001839,0.005028,cell
LINC01116,0.0641,2.392e-06,1.463e-05,cell
UBR5,0.0402,0.2032,0.2822,cell
TRPM6,0.0079,0.0453,0.07988,cell
ANKRD18A,0.0298,0.01076,0.02317,cell
CERS5,0.0602,0.07198,0.1185,cell
H2AFY,0.1913,3.648e-05,0.0001646,cell
GLS2,0.1299,0.01725,0.03486,cell
LOC642366,0.0943,0.008302,0.01853,cell
MGA,0.2557,1.722e-07,1.396e-06,cell
GFOD1,0.0067,0.3032,0.3931,cell
PRKD2,-0.0047,0.1942,0.2718,cell
LBR,-0.0965,0.84,0.8769,cell
CHN1,0.3005,4.491e-05,0.0001973,cell
DSN1,0.0132,0.2885,0.3773,cell
NACA,-0.377,6.413e-13,1.623e-11,cell
CHM,-0.112,0.6359,0.7076,cell
ARHGEF2,-0.0028,0.5213,0.6074,cell
SNX18,-0.0409,0.4998,0.5878,cell
TTC28,0.0247,0.06082,0.1026,cell
RPAIN,-0.0478,0.4506,0.5416,cell
MBOAT7##9,0.0065,0.3382,0.4297,cell
DIP2A,0.1345,1.47e-05,7.378e-05,cell
C2orf74,0.0482,0.02062,0.0407,cell
LIPT2,0.0339,0.0769,0.1256,cell
MANEAL,0.0739,0.01557,0.03188,cell
FGGY,-0.0073,0.3301,0.4213,cell
OSBPL5,0.0136,0.003275,0.008286,cell
SCNN1A,0.0001,0.2264,0.3091,cell
PFKFB3,-0.0647,0.753,0.8062,cell
RGS4,-0.3094,0.03757,0.06809,cell
MRRF,0.1093,0.004151,0.01021,cell
PLS1,0.0601,0.0062,0.0144,cell
NBPF15,0.0441,8.56e-08,7.448e-07,cell
ACOT13,0.0531,0.09655,0.152,cell
TRPT1,0.0883,0.002059,0.005552,cell
AP1S2,-0.0366,0.09174,0.1456,cell
ZNF772,0.0065,0.1231,0.1865,cell
CCT4,-0.66,2.785e-14,8.587e-13,cell
NGLY1,0.012,0.2164,0.2977,cell
RAI14,0.1838,1.069e-06,7.176e-06,cell
RPS26,0.0009,0.6447,0.7152,cell
BEGAIN,0.0183,0.1462,0.2146,cell
CIB1,-0.3343,3.669e-06,2.14e-05,cell
SNORA34,0.0026,0.1433,0.2111,cell
ETV3,-0.0191,0.3136,0.4042,cell
CHUK,0.0087,0.126,0.1901,cell
CHKA,0.0375,0.04802,0.08386,cell
MST1L,0.0131,0.0004688,0.001535,cell
ZNF846,-0.006,0.1921,0.2695,cell
SLC30A7,-0.0415,0.2025,0.2814,cell
MSANTD3,-0.0485,0.9638,0.9732,cell
ASCC1,-0.0409,0.7082,0.7684,cell
RTL1,0.0528,3.205e-05,0.0001471,cell
AKAP2,0.0037,0.1296,0.1946,cell
PI4KB,0.2583,3.967e-05,0.0001768,cell
CSNK1A1,-0.0248,0.488,0.5776,cell
SRRM5,-0.0057,0.7694,0.8206,cell
C1orf228,0.0259,2.571e-05,0.0001215,cell
ANKRD65,0.092,0.0003936,0.001319,cell
OGG1,0.0427,0.002437,0.006422,cell
ZNF720,0.0364,0.0317,0.05878,cell
SMIM20,-0.1878,0.003697,0.009215,cell
SETDB1,0.0906,0.002136,0.005737,cell
ZBTB14,0.1128,1.041e-05,5.453e-05,cell
NUDT7,0.061,0.02563,0.04915,cell
TLR5,0.1136,0.0004555,0.001499,cell
FANCI,0.009,0.1549,0.2252,cell
ECHDC1,-0.0907,0.8377,0.8748,cell
PPP1R13L,-0.0021,0.4384,0.5301,cell
INTS12,0.064,0.01227,0.02595,cell
NSMAF,0.0934,0.01215,0.02575,cell
FRAS1,0.1329,8.674e-08,7.532e-07,cell
SNORA40,0.0032,0.5169,0.603,cell
U2AF1L4,-0.0434,0.4713,0.5618,cell
LYPLA2P2,0.0044,0.03036,0.05658,cell
TMEM50B,0.2462,0.0006142,0.001942,cell
TRPM2,-0.0086,0.8987,0.9237,cell
KCNC4,-0.0055,0.6651,0.7316,cell
FTCDNL1,-0.0121,0.5043,0.5918,cell
VEZT,-0.0549,0.7521,0.8058,cell
UBR7,0.2091,0.0006482,0.002032,cell
SNHG16,0.0334,0.3198,0.4107,cell
PLEKHA7,0.0775,0.0001716,0.0006404,cell
MDH1B,0.0105,0.3357,0.4271,cell
FLJ38576,0.0172,0.0398,0.0715,cell
ZBTB7B,0.0194,0.01103,0.02367,cell
FAR2P2,0.0266,2.104e-05,0.0001012,cell
FOXQ1,0.0222,0.1252,0.1891,cell
CAMK2N2,-0.0287,0.01981,0.03927,cell
FAM160B1,0.2365,4.338e-08,3.989e-07,cell
SNORA44,0.0068,0.008721,0.01931,cell
CEP44,0.0178,0.02791,0.05278,cell
BTG3##1,-0.1509,0.01553,0.03183,cell
DBP,-0.1536,4.5e-05,0.0001975,cell
DPH2,0.0974,8.037e-05,0.0003273,cell
DPAGT1,0.1077,0.01551,0.03179,cell
UAP1,0.1383,0.01717,0.03473,cell
MED29,0.1553,0.005081,0.01214,cell
NSMCE4A,0.1432,0.0001606,0.0006045,cell
GATM,0.0166,0.6063,0.6821,cell
CRIP1,0.0054,0.4032,0.4949,cell
CSNK1G2,0.0265,0.01824,0.03657,cell
NUDT21,-0.423,1.13e-06,7.539e-06,cell
SOAT1,-0.2892,0.004351,0.01064,cell
KPNA4,-0.196,0.06412,0.1074,cell
KPNA2,0.0792,0.01448,0.02995,cell
ISY1,-0.0374,0.9492,0.962,cell
KPNA1,0.1311,0.01822,0.03652,cell
NAPRT##1,0.0087,0.02748,0.05214,cell
C3orf35,0.0066,0.1897,0.2667,cell
PDCL3P4,0.0096,0.1065,0.165,cell
NATD1,0.0304,0.03982,0.07152,cell
PIGM,0.2763,4.949e-08,4.492e-07,cell
NADK2,-0.135,0.1662,0.2386,cell
RAB30-AS1,-0.0376,0.9179,0.9382,cell
LOC401320,0.0447,0.0002238,0.0008074,cell
LINC00951,0.0112,0.02616,0.05002,cell
MYT1L-AS1,0.0081,0.1433,0.2111,cell
WDR92,0.0639,0.0009859,0.002897,cell
LOC729737,-0.0029,0.3217,0.4125,cell
LINC01004,0.0975,0.0001173,0.0004583,cell
CMPK2,-0.0271,0.8951,0.9215,cell
SEC24B-AS1,-0.0058,0.1741,0.248,cell
NSDHL,0.0385,0.1338,0.1995,cell
TFB1M,0.0667,0.00091,0.002704,cell
RHOQ,-0.1347,0.1329,0.1986,cell
AGPAT2,-0.2907,0.0001277,0.0004942,cell
ROGDI,0.1111,2.183e-05,0.0001047,cell
GBAP1,0.0001,0.8556,0.8903,cell
APOM##1,0.0313,0.003707,0.009235,cell
LINC00963,0.1792,1.194e-05,6.14e-05,cell
RPARP-AS1,0.249,8.258e-10,1.117e-08,cell
ALOX12-AS1,-0.0461,0.007673,0.0173,cell
CBR3-AS1,-0.0341,0.782,0.8311,cell
TUNAR,0.5439,1.598e-14,5.08e-13,cell
LOC374443,0.0003,0.4906,0.58,cell
SNORA80B,0.0143,0.0002795,0.0009783,cell
TNS1,0.1443,0.001429,0.004019,cell
VPS16,0.0325,0.01528,0.03139,cell
GIGYF1,0.2069,4.393e-26,9.409e-24,cell
GPR135,0.0335,9.095e-05,0.0003669,cell
MESDC1,-0.0271,0.3553,0.4472,cell
APCDD1L,-0.0959,0.07192,0.1184,cell
ZNF791,0.0503,0.05014,0.08691,cell
ZNF626,0.0184,0.08622,0.1382,cell
SLC25A43,-0.0345,0.7231,0.7812,cell
GPR125,0.0723,0.0005259,0.001698,cell
ATXN7L2,0.0332,0.002652,0.00691,cell
PUSL1,0.0319,0.002421,0.006386,cell
FAM122B,-0.0456,0.2943,0.3838,cell
ERI1,0.0045,0.04186,0.07453,cell
KCTD6,-0.0175,0.4539,0.5445,cell
ZNF563,0.0231,0.1451,0.2133,cell
TTLL12,0.0296,0.01827,0.03661,cell
CIC,0.0745,5.053e-06,2.85e-05,cell
HCG25,0.0132,0.005861,0.01375,cell
BUB3,-0.1689,0.1175,0.1792,cell
PRDM2,0.0001,0.07372,0.121,cell
LOC100507564,0.0176,0.3805,0.4724,cell
SH3GLB1,-0.5437,1.066e-11,2.188e-10,cell
LOC101929378,0.0172,0.002438,0.006424,cell
TAP1##7,0.0302,0.1568,0.2274,cell
PHF2,0.11,3.584e-07,2.683e-06,cell
ISG15,-0.0304,0.06275,0.1053,cell
CDC25B,0.0944,0.0239,0.04628,cell
SPTLC1,-0.1967,0.04699,0.08229,cell
DTX3,0.0896,6.405e-05,0.0002687,cell
C2##5,0.0065,0.1307,0.1959,cell
PGRMC1,-0.6034,2.047e-11,3.956e-10,cell
GNAI2,0.0514,0.09415,0.1488,cell
STXBP6,0.0534,0.001102,0.003194,cell
FGD4,0.0719,0.008054,0.01805,cell
ZNF493,0.0464,0.0009048,0.002691,cell
LRIG3,0.1714,1.089e-06,7.301e-06,cell
CCDC96,0.0171,0.06858,0.1139,cell
FTH1P3,0.0074,0.1702,0.2432,cell
COLCA2,-0.0166,0.314,0.4047,cell
ANKRD46,0.0266,0.0528,0.09079,cell
NOL4L,-0.0819,0.9519,0.9639,cell
BRE-AS1,0.0065,0.1097,0.1689,cell
FIP1L1,0.2508,1.619e-06,1.028e-05,cell
BACE2,-0.1815,0.01078,0.0232,cell
OLIG1,-0.0187,0.1796,0.2551,cell
MAPKAPK5,0.0667,0.003842,0.009529,cell
FAM175A,-0.0631,0.7638,0.8156,cell
DNER,0.0905,0.01086,0.02335,cell
LINC00342,0.0656,2.982e-08,2.87e-07,cell
LOC100996447,0.0326,7.66e-05,0.0003134,cell
HYDIN2,0.0239,1.55e-07,1.268e-06,cell
LIFR-AS1,0.0125,0.1106,0.1701,cell
LUCAT1,-0.1331,4.076e-05,0.000181,cell
DMGDH,-0.0162,0.8474,0.8828,cell
GOLGA1,0.2274,9.61e-10,1.285e-08,cell
EGR1,0.6162,5.582e-07,4.001e-06,cell
CDK9,0.0801,0.0003193,0.001097,cell
ALDH5A1,0.1335,2.424e-09,2.961e-08,cell
GNAZ,0.1383,0.0001306,0.0005041,cell
RPL23,-0.4482,1.217e-17,6.64e-16,cell
MYADML,-0.0076,5.474e-06,3.061e-05,cell
LOC100288911,-0.006,0.0718,0.1183,cell
ZNF260,0.2374,6.559e-05,0.0002742,cell
ECHDC2,0.1892,4.184e-10,6.05e-09,cell
SYTL3,-0.0066,0.7314,0.7886,cell
AGPAT1,0.0253,0.2637,0.351,cell
PLCB3,-0.0007,0.9735,0.9802,cell
ARHGAP22,0.0386,0.0004288,0.001422,cell
LYN,-0.0395,0.4221,0.5139,cell
KDSR,-0.1275,0.1828,0.2587,cell
KLF11,-0.2998,1.644e-05,8.12e-05,cell
TMEM120B,0.0657,5.099e-06,2.872e-05,cell
ECT2L,0.0495,3.907e-09,4.564e-08,cell
TCN2,-0.0251,0.617,0.6914,cell
CINP,0.0045,0.2726,0.3605,cell
RPF1,-0.0648,0.8115,0.854,cell
DPYD,0.0887,0.0005075,0.001646,cell
DYRK4,0.0044,0.6344,0.7064,cell
RSRC1,0.0714,0.009568,0.02094,cell
POM121,0.0992,1.91e-05,9.293e-05,cell
CFLAR,0.1061,0.0007419,0.002282,cell
GUCY1A3,0.3457,6.553e-10,9.09e-09,cell
CNBP,-0.5772,2.136e-20,1.839e-18,cell
HMGCR,0.0273,0.3596,0.4514,cell
IMMP2L,-0.0856,0.3783,0.4702,cell
PREPL,-0.0406,0.6733,0.7387,cell
RHOA,-0.3133,3.229e-08,3.071e-07,cell
TMEM205,0.0941,0.05841,0.09905,cell
ZNF699,0.0328,0.03797,0.06866,cell
ATP9B,0.0379,0.002701,0.007032,cell
MXRA7,-0.1955,0.01242,0.02625,cell
HDDC3,0.1001,0.0002629,0.0009265,cell
RPL23AP32,0.0053,0.996,0.9973,cell
RPS6KB1,0.0346,0.01286,0.02704,cell
LOC100652758,0.0284,0.003886,0.009622,cell
SUMO3,0.0055,0.7437,0.7986,cell
GGA1,0.1071,2.259e-05,0.0001079,cell
ZNF223,-0.07,0.4315,0.5233,cell
SCN8A,0.0706,0.0002925,0.001018,cell
MOCS3,-0.0434,0.2464,0.3313,cell
ALG6,0.061,0.004186,0.01028,cell
ALG5,0.1628,0.02864,0.05387,cell
GMPPA,0.266,1.164e-10,1.937e-09,cell
INSM1,-0.1298,0.2014,0.2802,cell
CAMK2B,0.3439,2.489e-14,7.747e-13,cell
C1QBP,-0.0557,0.3748,0.4666,cell
SUSD6,-0.2596,0.0004406,0.001457,cell
CLPS,0.0619,3.192e-06,1.889e-05,cell
CEBPB,-0.15,1.354e-11,2.737e-10,cell
CDKN3,0.0142,0.04994,0.08664,cell
MECP2,0.1486,0.0003306,0.001131,cell
ZRSR2,-0.0134,0.4226,0.5143,cell
IFRD2,0.0357,0.04149,0.07402,cell
LIMS1,0.0107,0.07371,0.121,cell
SSPN,0.0688,2.502e-07,1.932e-06,cell
PRKCQ,0.0547,0.004325,0.01058,cell
MAPRE3,0.228,5.921e-08,5.301e-07,cell
RFPL2,-0.0111,0.6481,0.718,cell
INPP5B,0.0907,0.0001373,0.000527,cell
STAT2,0.1768,2.685e-05,0.0001264,cell
YES1,-0.1525,0.7528,0.8061,cell
TTLL1,-0.002,0.5047,0.5922,cell
SLC20A1,0.0201,0.109,0.1679,cell
CDH10,-0.216,0.0364,0.06626,cell
SLC2A1-AS1,0.0062,0.8016,0.8461,cell
SHISA4,0.0182,0.01169,0.02489,cell
MIR4746,0.0049,0.0003402,0.001159,cell
MIR4712,0.016,1.425e-05,7.176e-05,cell
GCA,-0.0246,0.7947,0.8407,cell
MON2,0.1085,0.0003685,0.001244,cell
LAMA5,0.547,2.046e-35,2.087e-32,cell
HINT3,-0.0918,0.9273,0.9462,cell
ARL8B,-0.3107,0.0002028,0.0007412,cell
TRIM24,-0.0445,0.8738,0.9043,cell
CHADL,0.0091,0.006273,0.01454,cell
ZNF251,0.0048,0.5006,0.5886,cell
PCBP1-AS1,0.0343,0.01569,0.03209,cell
C22orf46,0.0735,1.12e-05,5.796e-05,cell
LOC100133985,0.0065,0.06694,0.1115,cell
CENPL,0.0098,0.4338,0.5257,cell
AP3S1,-0.1729,0.01297,0.02727,cell
SH3BP5-AS1,0.0581,0.008311,0.01854,cell
PINK1-AS,0.0944,4.289e-12,9.323e-11,cell
SNORD49A,0.0114,0.002567,0.00672,cell
CHODL,-0.1411,0.0005381,0.001732,cell
ERCC8,0.0059,0.3411,0.4326,cell
ANKS3,0.0575,4.048e-07,2.992e-06,cell
MBD1,0.1714,7.691e-05,0.0003145,cell
AP2A2##2,0.0443,0.1949,0.2726,cell
C16orf95,-0.0177,0.2846,0.3731,cell
NCBP1,0.1278,4.466e-05,0.0001963,cell
IPO5,0.4376,1.316e-08,1.379e-07,cell
GART,0.153,0.0001635,0.0006147,cell
COA1,0.1332,3.488e-05,0.0001584,cell
NDUFAF1,0.0175,0.1297,0.1947,cell
FAM135B,0.2005,1.982e-09,2.459e-08,cell
PARVA,0.1424,0.001961,0.005325,cell
MOB1A,-0.2962,0.0005627,0.001802,cell
USP40,0.0392,0.07142,0.1179,cell
EDEM2,0.3413,1.552e-09,1.969e-08,cell
ZDHHC6,-0.1841,0.1466,0.215,cell
PI4K2A,0.1337,1.451e-06,9.324e-06,cell
LRRC1,0.086,0.006333,0.01466,cell
RAVER2,0.0183,0.03027,0.05646,cell
ARFGAP1,0.2941,1.35e-17,7.278e-16,cell
WDR12,0.1719,4.548e-06,2.588e-05,cell
MECR,-0.0092,0.8455,0.8816,cell
ZC2HC1A,-0.0098,0.1197,0.1821,cell
NBAS,0.2066,5.268e-05,0.0002269,cell
WDPCP,0.0455,0.008971,0.01979,cell
ZBTB7A,-0.0118,0.1325,0.1981,cell
LAP3,-0.0168,0.1611,0.2326,cell
USE1,-0.0786,0.004325,0.01058,cell
ABHD5,-0.3748,0.0001711,0.0006392,cell
TPM4,-0.2534,0.0006093,0.001931,cell
CCDC152,-0.0122,0.3101,0.4004,cell
EHBP1,-0.0251,0.4509,0.5418,cell
PPP5D1,0.0001,0.5882,0.6659,cell
TMEM178B,0.082,0.0001017,0.0004048,cell
KRBOX1,0.0452,3.231e-05,0.000148,cell
LOC100630918,0.0503,0.0002348,0.000842,cell
SEC61A2,0.0382,0.00332,0.008382,cell
SMURF1,0.156,2.295e-05,0.0001095,cell
SLC44A2,-0.2425,5.87e-09,6.613e-08,cell
ADCK1,0.0728,0.002713,0.007057,cell
PCDH12,0.0479,1.449e-05,7.288e-05,cell
CLASP2,0.0736,0.004806,0.01158,cell
RAB6B,-0.0293,0.734,0.7909,cell
KLHDC10,-0.0062,0.6053,0.6812,cell
ATG2A,0.069,1.368e-08,1.431e-07,cell
COA4,-0.0279,0.8996,0.9243,cell
BFAR,-0.1681,0.08656,0.1387,cell
SCAND1,0.0246,0.3169,0.4077,cell
SMARCD2,0.0749,0.0131,0.0275,cell
COX5B,-0.1078,0.003404,0.008569,cell
RPL39,-0.1572,3.395e-17,1.712e-15,cell
TBC1D12,0.0095,0.001113,0.003219,cell
POMT2,0.1052,0.0002055,0.0007497,cell
EXOC6B,0.0515,0.001074,0.003121,cell
CAMTA2,0.1976,1.016e-10,1.716e-09,cell
TXLNGY,0.1325,3.005e-14,9.161e-13,cell
FAHD2CP,0.0146,0.003529,0.008834,cell
ZNF280C,0.0014,0.02975,0.05563,cell
ZNF286B,-0.016,0.5577,0.6393,cell
SLCO3A1,0.2188,3.703e-15,1.316e-13,cell
ECE1,0.2606,9.745e-07,6.599e-06,cell
TRIM39,0.0385,0.07871,0.1281,cell
CBWD2,-0.0214,0.3774,0.4693,cell
HSCB,0.0087,0.07779,0.1268,cell
SGPP2,-0.0314,0.5741,0.6536,cell
ADSSL1,0.0226,0.3568,0.4486,cell
RAVER1,0.1481,3.729e-13,9.771e-12,cell
FAM129A,-0.1039,0.001182,0.003396,cell
ZNF524,-0.0092,0.9925,0.9948,cell
GNG2,0.0715,0.1233,0.1867,cell
ZNF526,0.0367,0.001819,0.004981,cell
GPT2,-0.053,0.1633,0.2351,cell
MRPL11,-0.0369,0.8595,0.8936,cell
LOC101928069,0.0046,0.08765,0.1402,cell
LOC101929089,0.0127,0.009443,0.0207,cell
TOP1MT,0.0152,0.4781,0.568,cell
CCND1,0.4462,2.774e-20,2.358e-18,cell
THEM4,0.1141,0.0002195,0.0007941,cell
TADA1,-0.1479,0.7715,0.8222,cell
DNTTIP1,0.0655,0.005989,0.01399,cell
CCNI,-0.1366,0.0002366,0.0008475,cell
GLRA3,0.06,0.01017,0.02207,cell
TBL2,0.2459,1.866e-06,1.17e-05,cell
DYNLT3,-0.4883,1.577e-07,1.289e-06,cell
SLC16A2,0.0289,0.1357,0.2018,cell
PRRT2,0.0303,0.0005917,0.001882,cell
CACNB3,-0.0075,0.8652,0.8978,cell
SERINC4,0.0136,0.006365,0.01473,cell
CHMP2B,-0.0624,0.9527,0.9645,cell
VAV2,0.2793,3.21e-17,1.625e-15,cell
SFXN1,-0.1181,0.4023,0.4941,cell
ZNF574,-0.0182,0.3876,0.4793,cell
GAREM,-0.0457,0.9092,0.932,cell
FAM160B2,0.229,2.802e-10,4.221e-09,cell
STXBP5,0.0249,0.1224,0.1855,cell
SPTY2D1,0.0659,0.0002168,0.0007853,cell
MTFMT,0.0844,0.0002557,0.0009066,cell
POC5,-0.0106,0.7838,0.8324,cell
CDIP1,-0.0146,0.8842,0.9125,cell
MIR5047,0.1491,5.855e-17,2.813e-15,cell
BTN2A1,0.1335,0.002433,0.006413,cell
WARS2,-0.0058,0.8074,0.8507,cell
DDX18,0.0186,0.2941,0.3836,cell
LMO4,-0.0069,0.505,0.5924,cell
SGK1,0.0787,0.00498,0.01194,cell
SRSF4,-0.0112,0.3897,0.4815,cell
SDCBP,-0.4039,4.13e-06,2.379e-05,cell
IFNGR2,0.015,0.2171,0.2983,cell
RTN2,-0.0156,0.6204,0.6944,cell
ARHGEF7,0.1352,0.0003119,0.001076,cell
CPSF4,0.0325,0.03596,0.06555,cell
EBP,0.2465,9.782e-08,8.39e-07,cell
BIRC3,-0.0204,0.9618,0.9717,cell
CDK12,0.1059,7.297e-05,0.0003008,cell
CCDC82,-0.0416,0.1769,0.2515,cell
TTC39A-AS1,0.0009,0.2304,0.3137,cell
TXNDC15,0.1449,0.005912,0.01385,cell
GTF3C4,0.0484,0.02461,0.04744,cell
PNMA2,0.2122,0.01337,0.02793,cell
PRICKLE3,0.0209,0.01764,0.0355,cell
SNAPIN,0.0333,0.04177,0.0744,cell
SHC2,0.1138,8.96e-07,6.124e-06,cell
DCTN6,-0.1099,0.3748,0.4666,cell
MGAT4C,-0.0415,0.6315,0.704,cell
SEC22A,0.0469,0.03022,0.0564,cell
RNF212B,-0.0029,0.06456,0.108,cell
MIR4435-1HG,0.0017,0.2113,0.2917,cell
MTFP1,-0.1387,0.0001482,0.000564,cell
ZNF581,-0.0908,0.07168,0.1182,cell
PBDC1,-0.1348,0.236,0.3199,cell
CEP152,0.0375,0.003461,0.008686,cell
RAB8B,-0.1206,0.7233,0.7814,cell
SYT17,0.0633,0.02291,0.04462,cell
C9orf78,0.0464,0.4292,0.5209,cell
PIPOX,0.0253,0.196,0.2737,cell
VPS54,0.0471,0.006181,0.01437,cell
HMGXB3,0.1652,9.756e-06,5.146e-05,cell
CDKL3,0.0194,0.3728,0.4645,cell
TMEM5,0.0711,0.01605,0.03276,cell
TSPAN6,-0.0755,0.1211,0.1838,cell
COG1,0.2381,3.164e-07,2.389e-06,cell
MAPK11,-0.0029,0.8987,0.9237,cell
EFNA2,-0.0102,5.965e-08,5.338e-07,cell
PROSER2,-0.0092,0.2352,0.3191,cell
LINC01137,0.066,0.003893,0.009634,cell
LOC100506746,0.0267,0.00264,0.006886,cell
GNG12-AS1,-0.001,0.3275,0.4185,cell
TOB1-AS1,0.0184,2.826e-05,0.0001323,cell
LOC100506136,0.043,6.97e-05,0.0002887,cell
NAPA-AS1,0.0035,0.02857,0.05378,cell
UBL7-AS1,0.0317,0.0172,0.03477,cell
PPP1R26-AS1,-0.0155,0.3536,0.4455,cell
SLC8A1-AS1,0.0333,0.0001551,0.0005873,cell
ZBTB47,0.0139,0.1475,0.2162,cell
MAP2K5,0.0305,0.04477,0.07902,cell
USP43,-0.0162,0.2562,0.3427,cell
IQCK,0.0614,9.564e-05,0.0003838,cell
EDF1,-0.0348,0.174,0.248,cell
TSPEAR,0.0611,1.716e-08,1.747e-07,cell
ALG14,0.0154,0.3081,0.3983,cell
ZNF597,-0.0029,0.5233,0.6094,cell
CXorf38,0.0338,0.1833,0.2592,cell
ZDHHC15,0.0045,0.285,0.3736,cell
PELI3,0.1642,1.609e-06,1.023e-05,cell
NIFK-AS1,-0.0277,0.2115,0.2918,cell
C12orf5,0.0339,0.06221,0.1046,cell
ASPHD2,0.0041,0.6454,0.7157,cell
SALL4,0.0412,3.739e-05,0.0001681,cell
LPPR2,0.2194,2.96e-09,3.542e-08,cell
GOPC,-0.0403,0.237,0.3209,cell
RAB25,-0.0965,0.04977,0.08642,cell
SLC17A6,-0.2139,0.007081,0.01614,cell
ANAPC1,0.0071,0.06774,0.1127,cell
TBC1D9,0.1843,9.691e-06,5.119e-05,cell
GDE1,0.1881,0.004647,0.01125,cell
PAXBP1,0.0567,3.386e-05,0.0001544,cell
ALMS1,0.2299,1.012e-09,1.345e-08,cell
PHF21A,0.2808,7.662e-11,1.333e-09,cell
SLC25A37,0.0327,0.00071,0.002196,cell
ZZEF1,0.287,9.177e-12,1.904e-10,cell
SNX13,0.0038,0.2304,0.3136,cell
FKBP11,0.6625,1.506e-30,6.886e-28,cell
SUCLG1,-0.2894,0.0002425,0.0008656,cell
PEX11A,0.1086,0.0001699,0.0006351,cell
MED26,-0.0685,0.1409,0.2082,cell
RGS9,0.2632,3.423e-10,5.031e-09,cell
DLK1,-0.0441,0.7096,0.7697,cell
HSPA8,-1.1524,4.828e-30,1.94e-27,cell
SIK1##1,0.007,0.02567,0.0492,cell
PYGO2,0.2468,1.238e-08,1.303e-07,cell
SPTSSA,-0.0043,0.02435,0.047,cell
ARMC9,0.1764,6.659e-12,1.415e-10,cell
USP6,0.0003,0.01672,0.03393,cell
SPP1,1.1171,1.083e-09,1.423e-08,cell
SUOX,0.133,0.001099,0.003186,cell
ABHD8,-0.0172,0.5604,0.6417,cell
WTH3DI,0.0088,0.03506,0.06405,cell
LOC401010,0.0095,0.01311,0.02751,cell
ZCCHC14,0.2218,9.683e-07,6.568e-06,cell
CRNKL1,0.0641,0.01487,0.03068,cell
THEM6,0.0888,0.000416,0.001384,cell
ZNF771,0.0483,3.248e-06,1.919e-05,cell
FRMD4B,-0.0315,0.3742,0.466,cell
RRM1,0.1006,0.1083,0.1671,cell
DIAPH1,0.2054,3.371e-05,0.0001537,cell
HM13-AS1,0.0091,0.09925,0.1553,cell
LINC01014,-0.0469,0.003904,0.009658,cell
SGOL1-AS1,0.0028,0.5663,0.6463,cell
MANEA-AS1,0.0044,0.01306,0.02743,cell
ST3GAL6-AS1,-0.0069,0.6208,0.6947,cell
P4HA2-AS1,-0.0335,1.409e-05,7.108e-05,cell
SYP-AS1,0.0024,0.002709,0.007048,cell
FAM155A-IT1,0.0081,0.0024,0.006342,cell
ARRB2,0.0372,0.0004228,0.001404,cell
C4orf46,0.0007,0.5023,0.5901,cell
ARMCX4,0.0892,0.03832,0.06922,cell
GLB1,0.1398,0.05421,0.09292,cell
TTLL3,0.0223,4.616e-06,2.624e-05,cell
LOC100652768,0.01,0.005167,0.01233,cell
LOC100507373,0.0172,0.01035,0.02243,cell
DPH6-AS1,-0.0231,0.7552,0.808,cell
NDRG3,0.4788,6.185e-11,1.105e-09,cell
PSMC3IP,0.0038,0.6514,0.721,cell
BOLA3-AS1,0.0434,0.05397,0.09257,cell
SMARCAD1,0.0829,1.443e-06,9.291e-06,cell
UQCRB,-0.3616,2.107e-13,5.702e-12,cell
NFU1,-0.1288,0.06236,0.1048,cell
PDE10A,0.132,1.467e-10,2.393e-09,cell
SAP30L-AS1,0.0373,0.008571,0.01901,cell
LOC100506023,0.0134,1.231e-05,6.311e-05,cell
URI1,0.0607,0.002806,0.007262,cell
MTUS2-AS1,-0.002,0.1175,0.1792,cell
HIF1A-AS2,-0.0566,7.841e-08,6.867e-07,cell
PM20D2,0.0128,0.003765,0.009354,cell
SIN3A,0.1052,0.006001,0.01401,cell
FER1L5,0.0324,0.000701,0.002172,cell
SLC4A7,0.1443,9.694e-06,5.119e-05,cell
MGC72080,-0.0009,0.3408,0.4324,cell
LOC400927,0.003,0.02914,0.05465,cell
MRPS31P5,-0.002,0.6562,0.7247,cell
LINC01089,0.0554,0.0001054,0.0004177,cell
SNORA16A,-0.0004,0.5584,0.6398,cell
FAM13A-AS1,0.0198,0.3865,0.4783,cell
RPL13P5,-0.0108,0.5101,0.597,cell
PDE6D,0.0692,0.01293,0.02718,cell
LOC101927765,-0.0495,0.4008,0.4927,cell
LOC101928673,-0.0049,0.2775,0.3658,cell
SNORD44,-0.0069,0.0366,0.06658,cell
RNF126P1,0.0024,0.3531,0.4451,cell
SNHG6,-0.4039,8.948e-22,9.197e-20,cell
DLEU1,-0.1403,0.4075,0.4993,cell
SETD1A,0.0538,3.833e-05,0.0001718,cell
CD27-AS1,-0.1392,0.001865,0.005095,cell
SMG1P2,0.0037,0.1082,0.167,cell
NXPE3,0.0454,0.004575,0.01111,cell
SEPT8,0.1798,3.938e-06,2.279e-05,cell
NUP205,0.1211,0.007316,0.0166,cell
IRAIN,0.0036,0.8835,0.912,cell
SOCS2-AS1,0.0134,0.4961,0.5847,cell
MIR210HG,-0.2926,1.053e-19,8.118e-18,cell
TPTE2P5,0.0047,0.0915,0.1453,cell
C5orf56,-0.0014,0.4091,0.5009,cell
NRP1,0.2266,1.528e-05,7.622e-05,cell
HCP5,-0.0126,0.8688,0.9006,cell
ZNF554,0.0427,0.05024,0.08705,cell
TMEM185A,0.0028,0.8626,0.8962,cell
SLC38A1,-0.0134,0.5584,0.6398,cell
SCAP,0.1749,3.471e-06,2.036e-05,cell
NAV3,0.0352,0.001044,0.003046,cell
MYSM1,-0.0918,0.9722,0.9794,cell
TCTN3,0.3677,4.218e-08,3.887e-07,cell
P4HA2,-0.5418,1.611e-08,1.657e-07,cell
ACOT2,0.0116,0.08595,0.1379,cell
E2F5,0.0171,0.1345,0.2005,cell
LONRF3,0.0153,0.08115,0.1315,cell
ADSS,-0.0472,0.9472,0.9604,cell
PRKCSH,0.1398,3.889e-09,4.559e-08,cell
PTOV1-AS2,0.0438,1.705e-17,9.079e-16,cell
UBLCP1,0.0676,0.003001,0.007686,cell
OSCP1,0.1796,1.382e-06,8.971e-06,cell
PI4KA,0.3756,1.861e-15,7.089e-14,cell
CENPBD1,0.1225,0.0007854,0.002391,cell
PRKCDBP,0.0244,0.001203,0.00345,cell
CEP112,0.1308,2.387e-06,1.461e-05,cell
PPP1R35,0.0247,0.006317,0.01463,cell
PHF10,-0.0306,0.9692,0.977,cell
C18orf21,-0.0734,0.2317,0.3152,cell
SMARCD1,0.015,0.1688,0.2417,cell
POLR2L,0.0629,0.03795,0.06863,cell
EEF1B2,0.0003,0.8599,0.8939,cell
CNTROB,0.0808,0.01096,0.02354,cell
WDFY2,-0.11,0.1375,0.2042,cell
KIAA0907,-0.1234,0.8643,0.8974,cell
TMEM123,-0.1997,0.04613,0.08098,cell
KLHL29,0.1696,9.637e-07,6.543e-06,cell
PRPSAP2,0.0502,0.2377,0.3216,cell
PPIG,-0.1539,0.04123,0.07363,cell
RNMT,-0.0367,0.2305,0.3137,cell
FAM134A,0.1781,0.001165,0.003354,cell
MUL1,0.0896,0.1225,0.1856,cell
MTCL1,0.046,0.0001558,0.0005898,cell
KIAA0355,-0.0013,0.1915,0.2688,cell
ZHX1,-0.0399,0.6039,0.6801,cell
LUZP6+MTPN,-0.2168,0.02372,0.04598,cell
DGKB,0.2624,3.729e-10,5.446e-09,cell
H3F3AP4##1,-0.0153,0.02707,0.0515,cell
HEBP1,-0.0705,0.8713,0.9025,cell
CRLF3,-0.0258,0.002617,0.00683,cell
TMEM140,0.0735,0.0119,0.02528,cell
ATP6V1D,-0.3116,6.609e-05,0.0002757,cell
SAR1B,0.4417,8.164e-08,7.132e-07,cell
KLHL5,-0.1427,0.9944,0.9962,cell
SCNM1,-0.0112,0.9881,0.9912,cell
ISCU,-0.2403,0.0001158,0.0004538,cell
VPS41,-0.0241,0.829,0.8674,cell
BMP8A,0.0244,0.007104,0.01619,cell
TTBK2,0.1678,5.892e-05,0.0002498,cell
FMO4,0.0067,0.3063,0.3965,cell
GPR142,-0.0,0.3111,0.4014,cell
LOC100507577,0.0921,2.868e-05,0.0001338,cell
HMGN3-AS1,0.003,0.01243,0.02626,cell
MIR4461,-0.002,0.08094,0.1312,cell
STAG3L4,-0.0258,0.4218,0.5136,cell
STAG3L2,-0.0003,0.3394,0.4309,cell
STAG3L3,-0.0028,0.2486,0.3337,cell
AKR7L,0.006,0.6301,0.7028,cell
ANKRD34C-AS1,0.0366,7.151e-10,9.836e-09,cell
ADPGK-AS1,0.018,0.002103,0.005661,cell
ZNF663P,0.0668,1.265e-06,8.321e-06,cell
MIR646HG,0.0079,0.009653,0.02108,cell
LOC100506990,0.0269,0.003119,0.007948,cell
RBM26-AS1,0.0806,0.002176,0.005829,cell
KLHDC3,0.1897,0.000253,0.0008983,cell
ENTPD3-AS1,0.0349,0.02175,0.04265,cell
LOC400684,0.0224,0.006128,0.01426,cell
MORF4L2-AS1,-0.0329,0.2833,0.3719,cell
CTAGE7P,0.001,0.101,0.1577,cell
PVRL3-AS1,0.0067,0.0371,0.06736,cell
LOC100129617,0.1336,7.291e-12,1.544e-10,cell
LOC339874,-0.0032,0.299,0.3888,cell
CHRAC1,-0.0191,0.04584,0.0806,cell
LRRC75A-AS1,0.0233,0.4185,0.5106,cell
LOXL1-AS1,-0.077,0.04164,0.07421,cell
SRP14-AS1,0.0336,0.06412,0.1074,cell
RAD51-AS1,0.0501,1.947e-06,1.213e-05,cell
LOC283683,-0.0248,0.01588,0.03243,cell
IQCH-AS1,0.0531,4.695e-07,3.417e-06,cell
ZNF629,0.1004,9.267e-06,4.923e-05,cell
SHB,-0.0168,0.7721,0.8226,cell
FBXO32,-0.1903,0.2305,0.3137,cell
CBLB,0.1157,0.0006295,0.001985,cell
TRAF3IP2,0.0727,0.03517,0.06421,cell
FAM110B,-0.0595,0.1877,0.2644,cell
DCTPP1,0.0409,0.02149,0.04222,cell
DECR2##1,0.1114,1.396e-06,9.039e-06,cell
H2AFX,0.0377,0.0528,0.09079,cell
GRIK5,0.0214,0.0002106,0.000766,cell
ZNF229,0.0406,0.06647,0.1109,cell
KIAA1377,0.2759,1.74e-13,4.786e-12,cell
MOB2,-0.0398,0.4965,0.5849,cell
TMEM231,0.0219,0.004236,0.0104,cell
UBE2F,-0.0707,0.5672,0.6471,cell
LOC101593348,0.0202,0.1076,0.1664,cell
SIX3-AS1,0.4785,2.325e-30,1e-27,cell
CDK5RAP2,0.208,1.249e-08,1.313e-07,cell
MIR4640##2,0.0058,0.119,0.1812,cell
FAM171B,0.0872,5.459e-05,0.0002341,cell
EIF4E2,0.121,0.01704,0.03447,cell
CCDC94,0.0234,0.2032,0.2822,cell
GADD45B,-0.158,0.3141,0.4047,cell
SRBD1,0.1755,2.661e-07,2.044e-06,cell
RGS22,0.0408,3.199e-05,0.0001469,cell
IFT172,0.226,2.929e-15,1.07e-13,cell
RBM17,0.0757,0.02203,0.04314,cell
DISP1,0.0255,0.1321,0.1976,cell
ADRB2,-0.0115,0.7073,0.7676,cell
BAIAP3,0.5869,5.808e-19,3.793e-17,cell
TEX9,0.0013,0.6318,0.7043,cell
DHX32,0.04,0.05082,0.08798,cell
ZNF532,0.0331,0.02588,0.04955,cell
MIR3064,0.02,3.835e-05,0.0001718,cell
MIR4749,-0.0004,0.6391,0.7099,cell
SLC26A2,0.0971,0.001341,0.003796,cell
SLC25A12,0.2114,6.781e-06,3.715e-05,cell
LOC100289333,0.0065,0.0317,0.05878,cell
LINC01484,0.0065,0.03116,0.05787,cell
UGCG,-0.167,0.01663,0.03377,cell
LINC01146,-0.0272,0.007383,0.01674,cell
ATP2B1,0.3955,1.509e-10,2.455e-09,cell
OVGP1,0.0497,0.0007598,0.002328,cell
ATP2B4,0.1822,5.933e-06,3.289e-05,cell
IER2,0.0587,0.1071,0.1658,cell
VPS26A,-0.0717,0.8622,0.8959,cell
RPS19BP1,-0.0543,0.7067,0.7671,cell
C14orf2,0.0375,0.5361,0.6202,cell
SMC5-AS1,0.002,0.4486,0.5399,cell
TMEM56-RWDD3,0.0022,0.2919,0.3811,cell
LETM2,-0.0445,0.4998,0.5878,cell
ZNF578,-0.011,0.2318,0.3152,cell
ASS1,0.0031,0.9132,0.9349,cell
ASL,0.0154,0.3403,0.432,cell
ARSE,0.0198,0.7709,0.8216,cell
ARSB,0.013,0.108,0.1668,cell
COL1A1,-0.0179,1.61e-08,1.657e-07,cell
ALDOB,0.2723,1.612e-05,7.967e-05,cell
ALDOA,-0.8339,5.658e-28,1.631e-25,cell
GCSHP3,0.0317,0.0002266,0.0008167,cell
FAM195B,0.0874,0.001954,0.005308,cell
TRAPPC13,-0.1012,0.6639,0.7308,cell
TNRC6C,0.0428,9.772e-05,0.0003915,cell
HGSNAT,0.2752,8.796e-11,1.508e-09,cell
CNGA3,0.1047,0.0009164,0.002718,cell
TIGD4,0.0241,0.001454,0.004077,cell
NUAK2,0.0295,0.05156,0.08905,cell
SPATA17,0.0148,0.005457,0.01292,cell
IFT43,0.1217,1.564e-05,7.78e-05,cell
USP3,-0.0406,0.3248,0.4159,cell
TM7SF3,0.0468,0.1505,0.2199,cell
IER5,-0.0562,0.1167,0.1783,cell
FANCL,0.0018,0.1564,0.2269,cell
PLEKHJ1,0.0079,0.1119,0.1717,cell
GPN2,-0.0308,0.9132,0.9349,cell
VPS37C,-0.0709,0.596,0.6731,cell
STARD3NL,-0.2425,0.001691,0.004662,cell
HELB,0.0241,0.0706,0.1168,cell
C1QTNF4,-0.0198,0.1892,0.2662,cell
ARMC10,-0.0989,0.02837,0.05347,cell
MRPS5,-0.1298,0.1066,0.1651,cell
MRPS21,0.0802,0.1612,0.2326,cell
ENAM,0.0713,0.003127,0.007966,cell
LUZP1,0.0325,0.02409,0.04658,cell
RPL34,-0.2736,2.728e-07,2.086e-06,cell
FBXO21,0.1684,0.005075,0.01213,cell
PCDHA6,0.0124,0.006535,0.01506,cell
TP53RK,0.0094,0.1267,0.1909,cell
ASIC3,0.031,7.751e-06,4.197e-05,cell
TPP1,-0.0308,0.6129,0.688,cell
TOR1A,-0.0331,0.7699,0.8209,cell
RGPD4,-0.0035,0.009686,0.02114,cell
FBXW5,0.2175,3.363e-08,3.183e-07,cell
ERAP2,0.0541,0.002024,0.005472,cell
NEIL2,-0.0631,0.5837,0.6618,cell
FAM218A,-0.0586,0.8115,0.854,cell
ROR1-AS1,0.0224,5.454e-05,0.000234,cell
FAM169A,-0.0033,0.03552,0.0648,cell
CLCN6,0.1524,7.115e-08,6.284e-07,cell
POLD3,0.1089,0.000602,0.001912,cell
FN3KRP,0.0348,0.1956,0.2733,cell
LOC100128568,0.0127,0.001427,0.004015,cell
PKI55,0.0794,1.704e-07,1.383e-06,cell
ALOX12,0.0122,0.1542,0.2244,cell
TUBB2A,-0.0545,0.3926,0.4843,cell
PRRC1,0.296,1.339e-06,8.743e-06,cell
SLC25A30,0.0054,0.2886,0.3775,cell
MGAT1,0.2641,3.867e-06,2.243e-05,cell
ME1,0.2199,0.0002736,0.0009605,cell
VGF,-0.0835,0.8916,0.9186,cell
INTS4,0.0818,0.0191,0.03803,cell
PTBP1,0.1311,0.004877,0.01172,cell
NACC1,0.0022,0.6726,0.738,cell
PPIL3,0.1027,0.01155,0.02464,cell
VPS26B,0.2457,4.669e-07,3.4e-06,cell
SPATA9,-0.0025,0.2985,0.3883,cell
IGSF8,0.0319,0.0282,0.05322,cell
CCNB1,0.0411,0.361,0.4528,cell
ADAMTSL1,0.0156,0.03198,0.05925,cell
TIFA,-0.0112,0.2066,0.286,cell
NCEH1,0.0804,0.04607,0.08092,cell
ATP8B2,-0.0142,0.6654,0.7317,cell
UNC45A,0.2525,7.189e-08,6.342e-07,cell
MESP1,-0.0018,0.5926,0.6699,cell
USP53,-0.0388,0.5884,0.666,cell
C9orf114,0.1229,1.368e-05,6.932e-05,cell
VRK3,0.1409,2.333e-06,1.43e-05,cell
SMPD3,0.0521,6.656e-06,3.653e-05,cell
PHF20,0.0204,0.1081,0.1669,cell
PXMP2,0.0355,0.07407,0.1216,cell
HGH1,0.0364,0.01733,0.03501,cell
ZNF395,-0.5633,1.898e-10,3e-09,cell
SLC35E3,0.0395,0.004476,0.01089,cell
GPRC5D,0.0426,4.861e-06,2.752e-05,cell
RGL4,0.059,2.437e-09,2.971e-08,cell
LPCAT4,0.0192,0.00174,0.004791,cell
CRYBG3,0.1207,1.886e-05,9.188e-05,cell
SLC15A4,-0.1421,0.1824,0.2582,cell
LYRM9,0.1398,9.221e-07,6.283e-06,cell
SCG5,0.4733,1.082e-11,2.214e-10,cell
PPFIA3,0.1128,5.448e-19,3.594e-17,cell
MGST3,-0.0829,0.03419,0.06272,cell
LIPE,0.0037,0.8728,0.9035,cell
STK11IP,0.1004,4.65e-05,0.0002036,cell
RALGAPA2,0.1218,6.703e-05,0.0002795,cell
COQ9,0.1742,6.15e-05,0.0002594,cell
AGTRAP,0.1153,0.0006933,0.00215,cell
PITHD1,-0.166,0.06134,0.1032,cell
RPS18,-0.1057,0.006626,0.01526,cell
HCN3##1,0.0209,0.05437,0.09317,cell
HNRNPUL2,-0.0012,0.496,0.5846,cell
CCDC124,0.0808,5.898e-06,3.271e-05,cell
ATAT1##6,-0.0189,0.3641,0.4557,cell
NDFIP2,-0.2578,0.04517,0.07968,cell
KIAA0556,0.144,1.922e-10,3.034e-09,cell
FAM111A,0.0568,0.06905,0.1146,cell
MYO19,0.1126,4.051e-06,2.341e-05,cell
NSUN3,0.016,0.02848,0.05363,cell
ATF7IP2,0.103,9.205e-11,1.571e-09,cell
FIZ1,-0.0235,0.6631,0.7303,cell
ALG10,0.0047,0.6817,0.7456,cell
CIRH1A##1,0.0048,0.2933,0.3827,cell
HECTD4,0.461,1.54e-16,7.019e-15,cell
PTAR1,0.0853,0.001768,0.00486,cell
DPY30,-0.1626,0.00294,0.007565,cell
EBPL,-0.1418,0.001425,0.004011,cell
CDKN2D,-0.1812,0.007152,0.01628,cell
KISS1R,-0.0522,3.558e-06,2.084e-05,cell
TTBK1,0.0434,1.641e-08,1.683e-07,cell
ABCA6,0.0465,3.289e-06,1.941e-05,cell
ABCA9,0.0302,0.0009481,0.002801,cell
ABCA10,0.034,1.765e-06,1.113e-05,cell
CDKN2C,-0.123,0.06713,0.1118,cell
SLC36A1,0.0356,0.2374,0.3213,cell
ELK3,0.0003,0.1103,0.1697,cell
GNPTG,0.1232,0.0009244,0.002738,cell
BOK,-0.0527,0.002073,0.005587,cell
TSR2,0.1069,0.03825,0.0691,cell
ZNF354B,-0.033,0.07854,0.1279,cell
DOT1L,0.1251,3.685e-11,6.834e-10,cell
EXOSC6,0.0117,0.1006,0.1571,cell
RPUSD1,0.0888,1.735e-09,2.181e-08,cell
FAM207A,-0.008,0.2805,0.369,cell
YBEY,0.0273,0.05159,0.08908,cell
LINC00471,0.0305,7.803e-06,4.221e-05,cell
IFT20,-0.0079,0.2937,0.3832,cell
JMJD7,-0.0123,0.659,0.7268,cell
ZNF347,0.0609,0.08205,0.1328,cell
NLGN2,-0.0103,0.9577,0.9683,cell
WDR11,0.0579,0.09535,0.1505,cell
ATXN2,0.3866,2.67e-11,5.072e-10,cell
PCNP,-0.3633,1.94e-06,1.21e-05,cell
LRRIQ1,-0.0079,0.1581,0.2289,cell
RSPH1,0.1164,3.664e-07,2.74e-06,cell
CDC14B,0.0673,0.000284,0.0009908,cell
CASP4,-0.0437,0.1389,0.2059,cell
ASB14,-0.0011,0.07847,0.1278,cell
DCBLD2,-0.0114,0.3689,0.4606,cell
MSL3P1,0.0159,0.2787,0.367,cell
SLC29A3,-0.0021,0.4222,0.514,cell
PPP1R3B,-0.0311,0.226,0.3087,cell
SCRT1,-0.0146,0.2266,0.3092,cell
EMC6,-0.0024,0.6176,0.6918,cell
RNF208,0.0011,0.8089,0.8518,cell
RAB33B,-0.1574,0.1365,0.203,cell
KATNAL2,0.0449,1.226e-05,6.29e-05,cell
DOHH,0.0255,8.214e-05,0.0003341,cell
GLT8D2,0.0469,0.005589,0.01321,cell
NCKAP1,-0.0686,0.4956,0.5842,cell
TICAM1,-0.0127,0.5086,0.5957,cell
STEAP3,-0.0267,0.9674,0.9758,cell
C19orf70,0.0179,0.283,0.3716,cell
FAM151B,-0.0049,0.3598,0.4515,cell
RNF126,-0.0555,0.1111,0.1707,cell
DENR,-0.1764,0.03968,0.07133,cell
BLZF1,0.1037,0.00221,0.005907,cell
FKTN,0.058,0.0004598,0.001511,cell
CCNF,0.0163,0.001263,0.003603,cell
SNAPC4,0.0691,1.558e-11,3.093e-10,cell
CDK2,0.0033,0.4972,0.5856,cell
CDC42,0.0061,0.933,0.9502,cell
PLAGL2,0.0735,0.06781,0.1128,cell
SEPT7,-0.2668,0.0001142,0.0004483,cell
PIK3C2A,-0.073,0.8898,0.9171,cell
MLLT3,-0.0512,0.01328,0.02778,cell
COPS2,-0.5773,1.468e-09,1.871e-08,cell
ZNF235,-0.0352,0.756,0.8088,cell
COPG2,0.0535,0.04767,0.08334,cell
MAT2A,-0.3157,0.000467,0.001531,cell
MANF,0.5369,4.597e-19,3.063e-17,cell
DTNBP1,-0.0808,0.2328,0.3164,cell
ATF5,-0.0364,0.4196,0.5116,cell
BMP2K,0.0306,0.002621,0.006839,cell
CPLX1,0.0119,0.04048,0.07249,cell
NOXA1,0.0298,1.872e-06,1.171e-05,cell
PINX1,0.019,0.06976,0.1157,cell
LOC100507547,0.0369,6.476e-07,4.585e-06,cell
STK35,0.1024,0.005981,0.01397,cell
SUGT1,-0.266,0.001423,0.004005,cell
TMEM30A,-0.3646,2.968e-05,0.000138,cell
LRRC8D,-0.0053,0.5212,0.6073,cell
TRMT12,0.052,0.01853,0.03705,cell
RCBTB2,0.1385,0.0001571,0.000593,cell
CD9,0.4342,2.227e-16,9.713e-15,cell
SNORD57,-0.0009,0.4099,0.5017,cell
CDC42EP3,-0.1165,0.2653,0.3528,cell
SURF2,0.0557,0.02119,0.0417,cell
RXRB##1,0.0866,4.491e-06,2.559e-05,cell
WDR19,0.2676,1.543e-14,4.919e-13,cell
NINL,0.161,5.474e-11,9.875e-10,cell
SMOC1,0.0266,0.002006,0.00543,cell
FN3K,0.0575,0.0002151,0.0007802,cell
MCCC2,0.0475,0.1789,0.2543,cell
PIGZ,0.0482,0.05256,0.09048,cell
LHPP,0.0246,0.03188,0.05907,cell
WDR26,0.152,0.0003019,0.001047,cell
NRCAM,0.3808,1.104e-07,9.362e-07,cell
CAPS,0.0982,5.781e-12,1.246e-10,cell
SMARCC1,-0.0086,0.1792,0.2545,cell
RBBP8,-0.3679,0.00022,0.0007952,cell
ERO1L,-1.0984,2.577e-19,1.817e-17,cell
LOC100506603,0.075,1.707e-11,3.363e-10,cell
FBXL4,-0.0004,0.5424,0.626,cell
INTS6-AS1,0.0323,0.0738,0.1212,cell
TRIM13,0.0144,0.1567,0.2272,cell
CXXC1,0.131,5.472e-05,0.0002346,cell
TBCCD1,0.0744,0.002394,0.00633,cell
ARFGEF2,0.108,0.004891,0.01175,cell
LINC00539,0.0017,0.2486,0.3337,cell
CD160,0.0047,0.1514,0.2209,cell
FAM27E3,0.0075,5.364e-05,0.0002306,cell
NPTN-IT1,-0.0014,0.3438,0.4355,cell
RPL22L1,-0.1323,0.005702,0.01343,cell
ZNF594,0.1064,0.003804,0.00944,cell
WDR76,0.0034,0.1702,0.2432,cell
UHMK1,-0.3319,0.002112,0.00568,cell
TET3,-0.0065,0.45,0.5411,cell
PDCD6,0.1043,0.1188,0.1809,cell
ARFRP1,0.0994,4.059e-07,2.996e-06,cell
FAIM3,0.0104,0.1709,0.2442,cell
KBTBD6,0.2474,1.088e-08,1.159e-07,cell
TIPRL,-0.1594,0.2876,0.3764,cell
LRWD1,0.1436,9.811e-12,2.033e-10,cell
TTC23L,0.0194,0.0002975,0.001033,cell
ANKAR,-0.0483,0.5748,0.6542,cell
LINC00493,-0.3318,3.285e-13,8.677e-12,cell
MYDGF,0.3506,1.276e-09,1.649e-08,cell
ZNF727,-0.0306,0.007062,0.0161,cell
NEFL,0.1303,2.291e-09,2.816e-08,cell
SERGEF,-0.0469,0.8788,0.9084,cell
HTR1F,-0.0058,0.6599,0.7277,cell
DENND3,0.0248,0.01092,0.02346,cell
LOC100506674,0.0284,0.08716,0.1395,cell
LOC101929125,-0.0053,0.3838,0.4757,cell
COPZ1,0.3307,4.762e-05,0.000208,cell
SUGP1,0.0732,0.07388,0.1213,cell
ILDR1,0.0405,0.07821,0.1274,cell
EPC1,-0.0355,0.1993,0.2776,cell
ALDH1L2,0.1464,3.303e-08,3.135e-07,cell
GNAS-AS1,0.0208,1.13e-05,5.838e-05,cell
ERICH1,0.0158,0.01555,0.03187,cell
FKBP9,0.1427,2.442e-06,1.487e-05,cell
RPL13AP5,0.0239,0.04082,0.073,cell
JMJD1C,-0.0621,0.454,0.5447,cell
KRT222,-0.0223,0.08857,0.1414,cell
NUP155,0.0048,0.05816,0.09873,cell
ATPAF2,0.092,0.0007833,0.002387,cell
FLG-AS1,0.0406,0.1343,0.2003,cell
CCDC84,0.1092,7.285e-08,6.419e-07,cell
REEP2,0.3404,1.649e-25,3.313e-23,cell
RNF141,0.0021,0.3282,0.4192,cell
ARSG,0.0692,2.234e-05,0.0001068,cell
UFC1,-0.1535,0.05548,0.09473,cell
MMP24-AS1,-0.0171,0.8839,0.9122,cell
AHCY,0.3657,5.543e-10,7.819e-09,cell
PKN1,0.0249,0.01174,0.02499,cell
MAPK8IP2,0.0996,8.083e-07,5.573e-06,cell
UGP2,0.0396,0.2078,0.2875,cell
RPS14,-0.0559,0.1827,0.2586,cell
RHEB,-0.3034,2.248e-08,2.225e-07,cell
REST,-0.0262,0.7138,0.7734,cell
RPL10A,-0.1197,0.01375,0.02864,cell
NPM3,0.0422,0.000111,0.0004378,cell
MMP16,0.0103,0.01438,0.0298,cell
SLC25A15,-0.0018,0.4728,0.5632,cell
PDSS1,-0.0117,0.4177,0.5097,cell
SRGAP2,0.1701,4.198e-06,2.408e-05,cell
ADAMTS2,0.2082,2.542e-09,3.084e-08,cell
EIF2B2,0.1121,0.009991,0.02172,cell
DDX58,0.1041,1.386e-05,7.008e-05,cell
PELP1,-0.0114,0.04069,0.07281,cell
ATP6V1C1,-0.2247,0.01734,0.03502,cell
CIAPIN1,0.0716,0.01606,0.03276,cell
CCDC47,-0.1711,0.01319,0.02762,cell
NCDN,0.0309,0.06853,0.1138,cell
DNAJC8,0.0195,0.5149,0.6012,cell
RP2,-0.0313,0.6642,0.731,cell
RNF5##1,-0.1208,2.9e-05,0.0001351,cell
C11orf58,-0.3481,5.614e-09,6.352e-08,cell
WWP1,-0.1,0.8171,0.8588,cell
RIT1,0.0321,0.3137,0.4042,cell
RLN1,0.0149,0.03291,0.06074,cell
RASGRF2,0.0707,0.0001097,0.0004331,cell
PTCH2,0.042,1.654e-07,1.346e-06,cell
SH3BP5,-0.0024,0.2381,0.322,cell
SPAG7,-0.0356,0.5948,0.6719,cell
APBA3,-0.0063,0.09133,0.1451,cell
CIR1,-0.2545,9.881e-05,0.0003951,cell
TMEM59,0.0079,0.5274,0.6125,cell
GGH,-0.0526,0.3753,0.4671,cell
GMPS,0.0446,0.03329,0.06133,cell
TBPL1,-0.1653,0.0623,0.1047,cell
SDHAF2,-0.0074,0.9128,0.9349,cell
PTGFRN,0.0542,0.06513,0.1089,cell
DOLPP1,0.0659,6.793e-05,0.0002825,cell
OSGEP,0.0412,0.08648,0.1386,cell
PHTF2,0.5852,2.38e-12,5.431e-11,cell
UBE2K,0.0532,0.1301,0.1952,cell
NDUFA8,0.0731,0.04215,0.07498,cell
PLEKHA2,-0.0139,0.2116,0.2919,cell
C17orf75,0.0075,0.02811,0.05307,cell
HNRNPA0,-0.005,0.2243,0.3066,cell
NELFA,0.0108,0.1475,0.2161,cell
VDAC3,0.2462,0.00918,0.02019,cell
GPR75,0.0123,0.5834,0.6616,cell
UFD1L,0.4635,2.918e-14,8.937e-13,cell
ANKRD23,0.1298,4.083e-08,3.775e-07,cell
FAM69A,-0.0242,0.7773,0.827,cell
PROX1,-0.0119,0.3046,0.3946,cell
NDUFA12,-0.0983,0.06475,0.1083,cell
WHSC1L1,0.075,0.01152,0.02459,cell
EPPK1,-0.005,0.7328,0.7899,cell
CMSS1,0.0674,0.001501,0.004196,cell
PI4K2B,0.0201,0.0109,0.02342,cell
SAYSD1,0.1285,0.003506,0.008784,cell
BRIX1,-0.1007,0.5236,0.6097,cell
RLIM,0.0459,0.422,0.5138,cell
NUB1,-0.0557,0.8199,0.8608,cell
KLHL26,0.041,0.0001347,0.0005177,cell
PAPSS1,0.1637,0.0002461,0.0008761,cell
CSTF1,-0.0289,0.4467,0.538,cell
HERPUD2,-0.1678,0.05136,0.0888,cell
STOX2,0.058,7.796e-05,0.0003185,cell
FAM20C##1,-0.0356,0.3394,0.4309,cell
LSM14A##1,-0.0799,0.4409,0.5325,cell
BCKDHB,0.0379,0.05016,0.08693,cell
TDRD9,0.0622,5.026e-06,2.836e-05,cell
LOC100147773,-0.0123,0.8871,0.915,cell
ZFY,0.0858,7.27e-08,6.409e-07,cell
OTUD1,-0.1102,0.09897,0.155,cell
NPHS1,0.025,0.1184,0.1804,cell
LOC100130950,-0.002,0.4633,0.5541,cell
C12orf73,-0.0393,0.7599,0.8118,cell
GLTP,0.0329,0.06575,0.1098,cell
PDCD6IPP2,0.0064,0.03948,0.071,cell
CDADC1,-0.0227,0.6795,0.7439,cell
GPR89A,-0.0191,0.2614,0.3486,cell
MIR4284,0.0081,6.594e-07,4.658e-06,cell
BBS9,0.1282,6.575e-05,0.0002747,cell
RPS25,-0.204,4.116e-07,3.036e-06,cell
ABCB1,-0.27,1.495e-07,1.229e-06,cell
SLC17A5,-0.0427,0.6286,0.7015,cell
LGALS8,-0.0808,0.7533,0.8064,cell
MMD,-0.0262,0.2442,0.3289,cell
DNAJB9,-0.183,0.08817,0.1409,cell
PTMA,-0.1174,1.134e-05,5.857e-05,cell
PRPF4B,-0.0316,0.5346,0.6187,cell
PSMB5,0.183,0.1116,0.1714,cell
PSMB4,0.1072,0.1806,0.256,cell
SLC35D2,-0.0013,0.1843,0.2604,cell
ST6GALNAC6,0.0645,0.01383,0.02879,cell
MAP2K1,-0.1626,0.01423,0.02951,cell
CEP19,0.0892,1.784e-05,8.75e-05,cell
HAR1B,0.0047,0.05298,0.09105,cell
KCND1,-0.0008,0.839,0.876,cell
LAGE3,-0.0629,0.1564,0.2269,cell
CDC42SE2,-0.1657,0.1048,0.1627,cell
MRPL1,-0.1131,0.2263,0.309,cell
ADPRM,-0.1797,0.03774,0.06835,cell
TIGD7,-0.0058,0.4658,0.5566,cell
RNF157,0.1231,4.441e-05,0.0001954,cell
ESCO1,-0.0406,0.3914,0.4832,cell
GPRIN1,0.1234,3.964e-06,2.293e-05,cell
TMEM132B,0.0337,0.4963,0.5848,cell
MBD6,0.0216,0.0003795,0.001276,cell
LOC100132057,0.0189,0.02321,0.04511,cell
LINC00869,0.0216,0.000748,0.002298,cell
POT1,-0.0786,0.6968,0.7582,cell
CD3EAP,-0.0053,0.4519,0.5426,cell
ZNF221,0.045,0.00559,0.01321,cell
PSD3,-0.322,8.851e-06,4.727e-05,cell
NUDT6,0.0237,3.238e-05,0.0001483,cell
RNF135,0.0178,0.08509,0.1366,cell
AP3M2,0.0462,0.01356,0.02827,cell
COPS8,-0.1195,0.4298,0.5215,cell
AP4B1,0.0503,0.04152,0.07404,cell
AKIRIN1,0.0533,0.2414,0.3256,cell
SPCS2,-0.032,0.7479,0.8025,cell
HCFC1R1,-0.0487,0.04106,0.07338,cell
NMB,-0.006,0.1577,0.2284,cell
TMLHE,0.0178,0.2707,0.3585,cell
NF1,0.1205,5.035e-05,0.0002183,cell
PTPN9,-0.0142,0.4009,0.4927,cell
COX6A1,-0.0979,0.00152,0.004245,cell
PTPN6,0.1324,2.884e-06,1.722e-05,cell
PTPN4,0.0128,0.05285,0.09088,cell
SRSF3,-0.0182,0.9691,0.977,cell
QSOX1,-0.0548,0.6931,0.7554,cell
RNA28S5,-0.0177,4.627e-05,0.0002027,cell
NUDT1,-0.0534,0.001911,0.005197,cell
RNA45S5,0.0566,6.588e-26,1.365e-23,cell
PRDX2,0.1535,0.0715,0.118,cell
COPS7B,-0.0007,0.1486,0.2176,cell
SNRNP40,0.0761,0.05105,0.08831,cell
PABPN1,0.004,0.8993,0.9241,cell
CC2D1A,0.0843,3.439e-06,2.021e-05,cell
LOC100996693,0.0034,0.4562,0.5466,cell
OGDH,0.1963,8.819e-08,7.643e-07,cell
TMCC2,0.1004,0.00011,0.0004342,cell
FAM63A,0.1399,0.0005504,0.001768,cell
MYBBP1A,0.0792,2.992e-09,3.575e-08,cell
LOC102467073,-0.0035,0.6211,0.6949,cell
RNF139-AS1,-0.0188,0.5626,0.6434,cell
LINC00992,-0.0161,0.475,0.5652,cell
LOC101927391,0.0299,3.762e-05,0.000169,cell
SLC10A7,0.0228,0.008842,0.01955,cell
ETFA,0.0756,0.1915,0.2688,cell
COX11,-0.1506,0.141,0.2084,cell
SPEG,0.0081,0.04081,0.073,cell
RBFA,0.1089,8.855e-06,4.727e-05,cell
HSF4,0.0937,0.0001414,0.0005409,cell
TVP23C##1,-0.006,0.04817,0.08404,cell
TMEM265,-0.0176,0.3619,0.4536,cell
DPYSL4,0.018,0.0715,0.118,cell
SLU7,-0.3678,0.0003161,0.001087,cell
RABAC1,0.4276,2.784e-14,8.587e-13,cell
AKAP3,0.0321,0.04377,0.07752,cell
PRR14L,0.3119,1.854e-06,1.164e-05,cell
UNC5CL,-0.1226,0.08833,0.1411,cell
ZNF445,0.1607,4.597e-08,4.204e-07,cell
RFX6,0.191,0.004893,0.01175,cell
CFAP126,0.0341,0.01451,0.03,cell
TRIM65,0.0391,4.285e-05,0.0001891,cell
KLHDC8B,0.0841,0.0006529,0.002045,cell
FUT11,-0.2015,0.001355,0.003833,cell
NBN,0.0569,0.008412,0.01872,cell
MAST3,0.0886,0.009725,0.02121,cell
PRAF2,0.1507,0.0006412,0.002014,cell
EMC2,-0.2075,0.0371,0.06736,cell
UBE3C,0.4081,3.059e-10,4.558e-09,cell
POLG2,0.0226,0.04859,0.08468,cell
SEC63,0.1258,0.05882,0.09967,cell
FUT4,0.0166,0.007413,0.01679,cell
ETV6,0.0074,0.7014,0.7623,cell
PTPRM,0.0128,0.785,0.8333,cell
STK38L,-0.0239,0.119,0.1812,cell
PAN2,0.3841,2.118e-08,2.109e-07,cell
RAB11FIP3,0.0114,0.6325,0.7046,cell
SLC31A2,0.0169,0.1246,0.1884,cell
LRRN3,0.1312,4.835e-05,0.0002106,cell
ARHGAP5,0.0407,0.3236,0.4147,cell
TKT,0.6334,3.294e-13,8.684e-12,cell
CFAP58-AS1,0.0311,0.01667,0.03384,cell
LINC01574,-0.0082,0.02475,0.04766,cell
ZNF615,-0.0759,0.7929,0.8393,cell
ACRBP,-0.0492,0.07348,0.1207,cell
PDZD7,0.0292,0.005293,0.01259,cell
C21orf33,0.0064,0.09675,0.1523,cell
PNPLA4,0.0438,0.1684,0.2412,cell
EMC10,0.1333,7.56e-05,0.0003099,cell
PRDM15,0.0271,0.0003368,0.00115,cell
CPNE9,-0.0543,0.0001939,0.000712,cell
CDC5L,0.0202,0.468,0.5587,cell
CD68,-0.005,0.4564,0.5469,cell
GRN,0.2489,0.002591,0.006773,cell
ENTPD5,-0.0016,0.0632,0.106,cell
CCNA2,-0.0373,0.02791,0.05278,cell
IRF2,0.0682,0.0004127,0.001375,cell
CAMK2D,-0.006,0.537,0.6211,cell
DBNDD2,-0.0038,0.3458,0.4376,cell
HSD17B4,0.2963,7.078e-05,0.0002925,cell
NECAB1,-0.1155,0.6938,0.756,cell
TMEM134,0.0511,0.008294,0.01852,cell
NR3C2,0.0209,0.1015,0.1584,cell
GUSBP2,0.0052,0.2712,0.3589,cell
DZANK1,0.0379,0.01188,0.02525,cell
FAM47E,-0.051,0.8275,0.8663,cell
LOC100996437,0.0024,0.3329,0.4241,cell
MAML1,0.0437,0.00215,0.005768,cell
TBKBP1,0.0075,0.6888,0.7516,cell
MIR6826,0.0065,0.001332,0.003772,cell
C14orf142,0.1111,2.997e-05,0.000139,cell
KIAA1804,-0.0224,0.2407,0.3249,cell
LOC101926935,0.056,1.403e-05,7.082e-05,cell
LOC731157,0.016,0.002079,0.005603,cell
TMEM161B-AS1,0.0359,0.0004478,0.001479,cell
LINC01099,0.1529,2.544e-05,0.0001203,cell
ADNP-AS1,-0.0209,0.1404,0.2077,cell
LOC100287592,0.0163,0.2014,0.2802,cell
TOPBP1,-0.0016,0.1461,0.2144,cell
SRCIN1,0.0167,0.009022,0.01987,cell
GUSBP5,0.0002,0.377,0.4689,cell
ADAMTS5,0.0349,0.006639,0.01528,cell
MACROD2,-0.0738,0.4397,0.5314,cell
NDNL2,-0.1478,0.1373,0.2039,cell
MED30,-0.1298,0.03271,0.06041,cell
NRIP2,0.031,5.741e-06,3.195e-05,cell
PSMD5-AS1,0.0189,0.05478,0.09374,cell
CTNNB1,0.028,0.5434,0.6268,cell
DGCR5,-0.1473,8.105e-06,4.364e-05,cell
DGCR11,0.0119,0.5617,0.6427,cell
LXN,-0.1169,0.2823,0.3708,cell
NCLN,0.2712,1.853e-19,1.357e-17,cell
PLCXD2,-0.0528,0.08106,0.1314,cell
MEIS3,0.0743,1.523e-08,1.57e-07,cell
EAF2,0.0252,0.02611,0.04996,cell
EXOSC5,-0.0233,0.09392,0.1486,cell
EMC7,0.2103,0.007652,0.01727,cell
STRIP2,0.0487,2.823e-07,2.151e-06,cell
CIT,0.0572,5.188e-05,0.0002239,cell
PHF5A,-0.0201,0.8746,0.9049,cell
HDGFRP2,0.0429,0.00121,0.003464,cell
KIF1B,0.3,1.249e-06,8.234e-06,cell
TUBG2,0.0831,1.945e-05,9.444e-05,cell
EFR3B,0.1076,4.147e-05,0.0001838,cell
MYCBP2,0.3717,1.873e-06,1.171e-05,cell
PRKCI,0.0132,0.01725,0.03486,cell
TMEM191A,-0.006,0.6111,0.6864,cell
FRZB,-0.0237,0.4492,0.5404,cell
MMP15,-0.0197,0.9121,0.9343,cell
SLC5A1,-0.1152,0.001687,0.00465,cell
ZNF197,0.0198,0.08838,0.1411,cell
ACTG1P20,-0.0028,0.6267,0.6996,cell
TMEM223,0.0156,0.05626,0.09585,cell
CYP51A1,0.1714,0.005028,0.01203,cell
PI4KAP2,0.0076,0.01609,0.03282,cell
SFTPA2,-0.0042,0.2858,0.3745,cell
DARS,-0.748,7.247e-15,2.445e-13,cell
B3GALT2,-0.0253,0.7913,0.8382,cell
B3GALT4,0.0265,0.02771,0.05248,cell
MRPL40,0.0862,0.1254,0.1894,cell
PFDN4,-0.0078,0.165,0.2371,cell
SRSF9,-0.116,0.001411,0.003977,cell
PSAP,0.4238,3.405e-15,1.22e-13,cell
PER1,0.0937,5.804e-05,0.0002467,cell
PDK4,1.204,5.256e-31,2.581e-28,cell
TRIM52-AS1,-0.1584,6.924e-05,0.0002873,cell
IL17RE,0.0254,0.0001475,0.0005619,cell
APOL1,0.0227,0.0003791,0.001275,cell
GPR143,0.0181,0.0382,0.06902,cell
PNP,0.2156,6.619e-06,3.635e-05,cell
EEF1A2,-0.1975,3.54e-27,9.026e-25,cell
FBP1,0.0451,0.001119,0.003234,cell
PTEN,-0.6354,2.052e-14,6.431e-13,cell
RNLS,-0.0852,0.7236,0.7816,cell
PPM1N,-0.0007,0.1713,0.2447,cell
ABTB1,0.0674,3.644e-05,0.0001645,cell
MAP2K7,0.0322,5.754e-05,0.000245,cell
SFI1,0.0983,2.343e-10,3.629e-09,cell
PPP1CB,-0.3762,8.239e-09,8.998e-08,cell
CTXN1,0.0002,0.64,0.7106,cell
PXMP4,0.0178,0.3923,0.4842,cell
EML5,0.0643,0.0006872,0.002137,cell
BTBD8,0.0117,0.0144,0.02982,cell
ROCK1,0.0924,0.009707,0.02118,cell
SMOX,0.0013,0.3926,0.4843,cell
GCN1L1,0.2463,2.144e-07,1.692e-06,cell
SLC35A1,-0.0327,0.6002,0.6766,cell
DNAJC12,-0.429,6.517e-07,4.609e-06,cell
ANKRD28,-0.0812,0.9053,0.929,cell
OXSR1,-0.1627,0.0457,0.08039,cell
CDK5,0.0967,0.0001345,0.0005172,cell
NUCB2,0.9124,7.399e-23,9.525e-21,cell
PRMT3,0.0187,0.001305,0.003703,cell
TXNDC9,0.0984,0.005622,0.01326,cell
PPP1R3C,-0.3832,0.001362,0.003848,cell
LHFPL2,0.0182,0.04398,0.07781,cell
PIK3CD-AS2,-0.0284,0.7347,0.7913,cell
TOP3A,0.0954,0.0001887,0.000695,cell
USP9Y,0.443,4.977e-20,3.976e-18,cell
ZNF256,-0.0091,0.8887,0.9162,cell
LPCAT3,0.1075,0.09219,0.1463,cell
USP11,0.0202,0.7865,0.8346,cell
C21orf33##1,0.0144,0.02027,0.04007,cell
NDUFS2,0.0065,0.8503,0.8855,cell
PLSCR2,0.0165,0.009701,0.02117,cell
COG4,0.2949,1.04e-10,1.752e-09,cell
STRADB,0.0278,0.05122,0.08857,cell
USP20,0.2177,1.474e-12,3.522e-11,cell
ZBED3-AS1,0.0036,0.05009,0.08684,cell
NUTM2A-AS1,0.0426,2.783e-05,0.0001304,cell
LOC730101,-0.0502,0.1858,0.2622,cell
SNAI3-AS1,0.0308,0.0004561,0.0015,cell
PLEKHM1P,0.0369,5.759e-06,3.203e-05,cell
LOC441666,0.0105,0.1378,0.2045,cell
FBLL1,0.0005,0.5768,0.6558,cell
LOC284023,-0.0325,0.7986,0.8437,cell
SPACA6P,0.0034,0.1361,0.2024,cell
ZEB1-AS1,-0.0095,0.2133,0.294,cell
FLJ37453,-0.1458,0.004779,0.01152,cell
SEPT7P2,-0.0008,0.2411,0.3253,cell
FAM86FP,0.0133,0.01061,0.0229,cell
FAM86EP,0.034,0.008139,0.01821,cell
MUM1,0.0044,0.5818,0.6604,cell
FAM86DP,0.0202,0.0009774,0.002874,cell
KBTBD4,0.0501,0.07979,0.1296,cell
MPC2,-0.1232,0.05621,0.0958,cell
APOO,0.0635,0.02831,0.05337,cell
LINC00152,0.0071,0.05177,0.08936,cell
ARF1,0.1335,0.02496,0.048,cell
SHROOM2,0.0881,0.00119,0.003416,cell
NUDT14,-0.0029,0.5469,0.63,cell
LUC7L2##1,-0.0041,0.01062,0.0229,cell
RRBP1,0.5712,7.224e-32,4.354e-29,cell
FCHSD2,0.0344,0.05379,0.09229,cell
GLUD2,0.0352,0.007178,0.01633,cell
MYLIP,-0.1953,0.01829,0.03664,cell
HDHD1,-0.0911,0.0744,0.122,cell
CCT5,-0.3086,7.296e-05,0.0003008,cell
ETAA1,0.0367,0.005844,0.01372,cell
TTC3,0.1694,0.04531,0.07988,cell
TTC1,-0.0182,0.6388,0.7097,cell
ZNF853,0.0413,0.000401,0.001341,cell
ANKS1A,0.176,8.478e-09,9.245e-08,cell
PPP2R3C,-0.1207,0.3718,0.4636,cell
MIER2,0.0577,2.068e-06,1.281e-05,cell
CNOT11,-0.0358,0.4703,0.5607,cell
TYW1B,-0.0054,0.5867,0.6645,cell
RPL32,-0.1875,3.696e-05,0.0001666,cell
ACACB,0.3651,1.859e-26,4.324e-24,cell
CBY1,0.1112,0.005283,0.01257,cell
MOB1B,0.0634,0.02736,0.05198,cell
SFXN5,0.1469,2.303e-15,8.554e-14,cell
RNU86,-0.0197,0.1536,0.2236,cell
TSKU,-0.0868,5.807e-06,3.227e-05,cell
CD320,0.0845,0.0181,0.03632,cell
TMEM8B,0.1509,1.295e-06,8.495e-06,cell
RPGRIP1L,0.0236,0.006575,0.01515,cell
ZCCHC11,0.0835,0.0005221,0.001686,cell
TRIM44,0.281,2.265e-05,0.0001081,cell
UBE2Q1,-0.0895,0.5745,0.6539,cell
GRAMD1C,0.0277,0.02293,0.04465,cell
LOC101927668,-0.0057,0.05626,0.09585,cell
LINC01176,-0.0085,0.6693,0.7351,cell
ITPR1-AS1,-0.0032,0.1633,0.2351,cell
TNKS2-AS1,0.029,0.002484,0.006527,cell
CPSF3L,0.1464,7.263e-05,0.0002996,cell
GBA##1,0.3413,3.967e-09,4.618e-08,cell
SGSH,0.0952,1.935e-05,9.399e-05,cell
SLC27A4,0.1049,1.9e-12,4.435e-11,cell
RALGDS,0.1795,6.62e-06,3.635e-05,cell
ANKRD44,0.0564,0.0006638,0.002074,cell
TTL,0.1252,1.576e-05,7.823e-05,cell
ARF6,-0.0928,0.1923,0.2696,cell
ARF3,0.4353,3.767e-13,9.836e-12,cell
OAZ2,0.1973,0.002666,0.006945,cell
PHIP,0.2879,0.0001217,0.0004737,cell
KDM4D,0.0284,0.1039,0.1615,cell
RPRD2,0.2189,8.24e-07,5.662e-06,cell
PREX1,0.2458,2.035e-12,4.702e-11,cell
N4BP2,0.0223,0.002939,0.007562,cell
EVA1B,-0.0061,0.192,0.2693,cell
RIC8B,0.2003,3.756e-07,2.801e-06,cell
FNIP2,-0.263,0.01001,0.02175,cell
BBS7,0.1167,0.0001129,0.0004444,cell
LSM10,0.0621,0.01124,0.02407,cell
SLC41A1,0.0332,0.1366,0.203,cell
ZFP28,0.0184,0.7635,0.8154,cell
CRAMP1L,0.1475,2.297e-09,2.821e-08,cell
LOC101926943,0.0183,0.007173,0.01632,cell
LOC101928731,0.0085,0.004772,0.01151,cell
LOC101927021,-0.0504,0.3116,0.402,cell
LOC101927045,0.0416,0.2198,0.3015,cell
GTSE1-AS1,0.0582,7.391e-05,0.0003041,cell
PLEKHA4,0.0117,0.06493,0.1086,cell
EI24,-0.0591,0.3492,0.4411,cell
TMPO,0.055,0.0006867,0.002136,cell
ZNF646,0.0056,0.1343,0.2003,cell
SH3KBP1,-0.0182,4.339e-06,2.48e-05,cell
GNL3,0.3387,2.265e-06,1.396e-05,cell
USP51,0.035,0.01655,0.03365,cell
CADPS,0.1597,0.008313,0.01855,cell
ARL9,0.0086,0.2757,0.3639,cell
NRP2,0.0101,0.09458,0.1494,cell
OSGIN1,0.0066,0.09263,0.1468,cell
IRF2BP2,-0.636,1.593e-09,2.016e-08,cell
ZDHHC3,0.0248,0.4008,0.4927,cell
PFDN1,-0.041,0.547,0.63,cell
TFCP2L1,0.0485,0.04131,0.07375,cell
CANX,0.2049,0.02525,0.04849,cell
RPL23AP82,0.0262,0.001831,0.005012,cell
PAICS,-0.1516,0.06083,0.1026,cell
SDK2,0.0342,0.2197,0.3014,cell
MYL6B,0.0061,0.2123,0.2927,cell
PNLIPRP1,0.007,5.233e-06,2.939e-05,cell
ZFYVE27,0.211,0.0001143,0.0004485,cell
GTF2E1,-0.0126,0.4469,0.5381,cell
ZNF587B,0.0841,0.0001264,0.0004898,cell
BLMH,0.08,0.004985,0.01195,cell
MED19,0.0905,0.003565,0.008916,cell
TCOF1,0.1434,2.052e-10,3.213e-09,cell
DYNC1I2,-0.1889,0.00371,0.009237,cell
LSAMP,0.5055,7.117e-16,2.877e-14,cell
PSENEN,-0.0304,0.8985,0.9236,cell
HERC6,-0.0224,0.9524,0.9642,cell
RNASEH2C,0.0845,0.002913,0.007508,cell
MIR1973,0.004,0.6632,0.7303,cell
NPPA-AS1,0.0374,2.111e-07,1.672e-06,cell
MFI2-AS1,-0.0151,0.7192,0.7779,cell
ZNF625-ZNF20,-0.0048,0.4194,0.5115,cell
LOC100505716,0.0439,0.004266,0.01046,cell
RASA3,0.056,2.947e-05,0.0001371,cell
RALY,0.0111,0.7359,0.7921,cell
STK4,0.0989,0.0002113,0.0007681,cell
CIDECP,-0.039,0.6323,0.7045,cell
MARK4,0.0229,0.06799,0.113,cell
CELA2A,0.0043,0.0001656,0.0006216,cell
FMO5,-0.0518,0.6547,0.7237,cell
IMPDH2,-0.2367,0.001982,0.005377,cell
MYOM1,0.675,4.027e-30,1.669e-27,cell
TSHZ3,-0.01,0.2986,0.3884,cell
KIAA1468,0.0465,0.008427,0.01875,cell
MAGEH1,0.1664,0.002436,0.006421,cell
RGCC,0.0214,0.07286,0.1198,cell
SNRPE,-0.1635,3.738e-08,3.498e-07,cell
GPR114,0.0069,0.02569,0.04923,cell
GPR113,-0.0089,0.6221,0.6956,cell
LHFPL3-AS2,0.0137,5.817e-05,0.0002471,cell
ATP2C2,0.0316,0.577,0.6559,cell
ARHGAP19,0.0373,0.1115,0.1712,cell
HS2ST1,0.082,0.001391,0.003925,cell
C1orf174,-0.0276,0.4185,0.5106,cell
MAP10,0.0127,0.03166,0.05873,cell
SIX4,0.0243,0.108,0.1668,cell
RBM27,0.0775,0.002043,0.005515,cell
ERMAP,0.092,0.001452,0.004073,cell
GSDMB,0.0415,0.0004485,0.00148,cell
TACO1,0.0085,0.1702,0.2432,cell
DCDC2,0.044,0.007929,0.01779,cell
LRRC59,0.2017,3.724e-09,4.381e-08,cell
MAD2L2,0.0179,0.09824,0.1541,cell
CBX5,0.222,0.0008895,0.002652,cell
BRI3BP,0.022,0.01131,0.02419,cell
TSNARE1,0.0586,3.88e-08,3.618e-07,cell
ZNF662,0.1223,4.228e-05,0.0001868,cell
SLC38A2,-0.2103,0.02992,0.05589,cell
SEPSECS,0.0604,0.003127,0.007965,cell
SGTB,-0.01,0.07006,0.116,cell
GPR27,0.0069,0.03433,0.06292,cell
WDR5B,0.0829,0.002545,0.006674,cell
F11R,-0.0438,0.7273,0.7849,cell
SNTG1,-0.0068,0.2415,0.3257,cell
NECAB2,0.0057,0.1174,0.1791,cell
GCC1,0.0841,0.02449,0.04723,cell
FA2H,0.0193,0.01691,0.03424,cell
HIST1H2AE,0.0275,0.0006834,0.002129,cell
KIAA1614,0.0619,1.106e-06,7.392e-06,cell
CCDC149,0.1079,1.318e-06,8.638e-06,cell
DCAF4,0.0349,0.05146,0.08893,cell
DEGS2,-0.0236,0.1168,0.1784,cell
FBXL2,0.0359,0.08973,0.1429,cell
C17orf107,0.0188,0.02319,0.04508,cell
UBAP1L,0.0172,0.0003932,0.001318,cell
IFT46,0.1018,0.02112,0.04157,cell
PRPS1,0.0778,0.003464,0.008693,cell
SLC39A1,-0.0805,0.4268,0.5186,cell
ZMAT1,0.0093,0.004725,0.01141,cell
ZNF165,0.0911,0.469,0.5595,cell
ZNF141,0.0014,0.5837,0.6618,cell
ZNF136,-0.0558,0.9205,0.9398,cell
ZNF132,0.0379,0.07451,0.1222,cell
ZNF37A,0.2234,8.806e-09,9.556e-08,cell
ZNF35,0.0768,7.056e-05,0.0002919,cell
PEX13,-0.1332,0.2519,0.3377,cell
PEX10,0.0806,1.558e-06,9.968e-06,cell
YWHAH,-0.6471,5.113e-15,1.761e-13,cell
SMG5,0.2216,5.156e-06,2.901e-05,cell
SGK494,0.0448,3.996e-08,3.703e-07,cell
ADHFE1,0.0125,0.2155,0.2966,cell
VPS13A,0.1751,5.925e-05,0.0002511,cell
DPCD,-0.0407,0.8791,0.9085,cell
CLDND1,-0.1466,0.09854,0.1545,cell
GRAMD1A,-0.0027,0.3591,0.4509,cell
C5orf49,-0.0261,0.6942,0.7563,cell
CNTLN,0.0682,0.00263,0.006861,cell
TMEM132D,-0.1002,0.4682,0.5589,cell
BRWD3,-0.0286,0.1538,0.2239,cell
ZNF146,0.1294,0.00613,0.01426,cell
C14orf80,0.0267,0.0006568,0.002056,cell
DYNLL1,-0.1847,0.0001197,0.0004667,cell
KCND3,0.024,0.03344,0.06155,cell
NUMB,0.0833,0.01118,0.02394,cell
NCOA1,0.0716,0.1294,0.1943,cell
AMH,0.0072,0.1593,0.2303,cell
EIF1AX,-0.0721,0.1526,0.2224,cell
EIF3K,0.0358,0.6807,0.7448,cell
CUL5,-0.1356,0.1921,0.2695,cell
CTBS,-0.3083,0.0004259,0.001413,cell
SEC62,-0.0984,0.2187,0.3002,cell
TIMP1,0.0312,0.8903,0.9174,cell
SYNE1,0.506,6.678e-18,3.752e-16,cell
VPS25,0.0116,0.846,0.882,cell
ZNF397,0.0625,0.01043,0.02258,cell
DDI2,-0.0281,0.5378,0.6218,cell
UQCC2,0.0763,0.004562,0.01108,cell
UTP23,-0.0056,0.1098,0.169,cell
NTPCR,-0.0811,0.3389,0.4303,cell
NICN1,0.0693,0.09826,0.1541,cell
CS,0.1082,0.04139,0.07385,cell
SQLE,0.2072,2.123e-05,0.000102,cell
SPR,-0.0352,0.928,0.9465,cell
SP4,-0.0694,0.7901,0.8376,cell
COX8A,-0.1283,0.001059,0.003087,cell
SDC2,-0.1026,0.3581,0.45,cell
PLK3,0.0332,0.1866,0.2632,cell
BTAF1,0.3061,3.903e-09,4.564e-08,cell
TMEM184B,0.1677,6.219e-05,0.0002619,cell
PBX1,0.1973,4.502e-10,6.468e-09,cell
FDX1,0.0241,0.088,0.1407,cell
RPL15,-0.0825,0.02617,0.05004,cell
SMARCB1,-0.0099,0.6834,0.747,cell
CDKL5,0.0519,0.003248,0.008233,cell
EIF4EBP2,0.0989,0.01351,0.02819,cell
LARP4B,-0.0608,0.3398,0.4314,cell
PHF3,0.1021,0.114,0.1746,cell
GPD1L,0.0391,0.4463,0.5377,cell
SLC35D1,0.075,0.0001134,0.0004459,cell
PRKAR2A-AS1,0.0745,0.002186,0.005852,cell
SUCLG2-AS1,0.0364,0.0196,0.03891,cell
LOC101927211,-0.0018,0.5249,0.6108,cell
TIMM23B,0.0148,0.0675,0.1123,cell
LOC100506476,0.0084,0.6662,0.7324,cell
NRSN2-AS1,-0.0115,0.155,0.2253,cell
ZNF75D,0.0439,0.02089,0.0412,cell
OTUD4,0.0243,0.005627,0.01327,cell
ZNF836,0.0147,0.5328,0.6174,cell
RASSF7,0.0293,0.005471,0.01295,cell
DAGLB,0.0281,0.04628,0.08121,cell
ALKBH1,0.0203,0.05491,0.09393,cell
TXNL1,-0.3635,2.114e-07,1.673e-06,cell
KATNB1,0.1159,1.046e-06,7.043e-06,cell
SNAP29,-0.0333,0.4502,0.5412,cell
VAMP3,-0.1484,0.04949,0.08606,cell
PTGDR2,0.0789,0.003027,0.007739,cell
MED1,0.0902,0.001673,0.00462,cell
MZT2A,-0.0491,0.005914,0.01385,cell
PPM1F,0.0418,0.0002388,0.0008545,cell
STRAP,-0.147,0.007703,0.01736,cell
C14orf1,0.0864,0.0237,0.04596,cell
S100A6,0.3688,2.06e-11,3.977e-10,cell
MEA1,-0.0634,0.234,0.3178,cell
CCAR2,0.2505,4.251e-08,3.912e-07,cell
GATAD1,0.1353,2.862e-05,0.0001335,cell
RHBDL2,0.013,0.06639,0.1108,cell
CROT,0.091,0.002904,0.007485,cell
RBM5-AS1,0.0111,0.06352,0.1065,cell
RPS6KA1,0.0682,5.556e-05,0.0002376,cell
RPS2,-0.2486,2.58e-10,3.928e-09,cell
MRPL12,0.0698,0.0003766,0.001269,cell
FAIM,-0.0271,0.2145,0.2952,cell
MBNL1,0.1006,0.01386,0.02885,cell
DHX57,0.0864,0.0004553,0.001499,cell
LIN7B,-0.0453,0.476,0.566,cell
C1GALT1,-0.3686,0.0002005,0.0007341,cell
TRAM2-AS1,-0.0242,0.7562,0.8089,cell
GSN-AS1,0.0942,2.091e-07,1.659e-06,cell
LINC01024,0.0257,0.04828,0.08421,cell
MOGS,0.112,6.041e-06,3.348e-05,cell
GSK3B,0.0839,0.001056,0.003081,cell
EFNB3,0.0811,3.935e-06,2.278e-05,cell
RRP9,0.0715,0.0005806,0.001854,cell
FAM53C,0.0564,0.05641,0.09607,cell
TARBP1,0.1563,1.938e-07,1.546e-06,cell
EIF3M,-0.006,0.9957,0.9972,cell
NOP2,0.1128,0.0001435,0.0005483,cell
TERF2,0.0392,0.01872,0.03735,cell
UBE2D1,-0.0623,0.4487,0.5399,cell
KIF3C,0.0185,0.06653,0.1109,cell
CHRM3,-0.0292,0.06556,0.1096,cell
NPAS2,-0.0147,0.2087,0.2885,cell
NOV,0.0068,0.3653,0.457,cell
NME3,0.0668,0.02843,0.05355,cell
GPNMB,0.0221,0.06741,0.1122,cell
PVRL2,0.0951,0.0003871,0.0013,cell
MT1F,-0.6309,2.363e-22,2.725e-20,cell
NGFR,-0.051,0.001209,0.003464,cell
NDST2,0.0518,0.219,0.3006,cell
CNTNAP1,0.0306,0.02536,0.04868,cell
NDUFS8,0.1543,0.0001032,0.0004102,cell
NDUFS4,-0.2551,1.486e-05,7.435e-05,cell
PKP4,0.0383,0.00162,0.004494,cell
SMIM4,0.0533,0.01221,0.02586,cell
KIAA1549,0.0713,0.005122,0.01223,cell
LRRC69,0.0168,0.01241,0.02623,cell
DCT,0.0021,0.2808,0.3693,cell
GTF2H5,-0.154,0.00276,0.007164,cell
RNF216,0.352,1.412e-10,2.311e-09,cell
FIBP,-0.0812,0.3816,0.4734,cell
PGM1,0.1138,0.1123,0.1723,cell
MDH2,-0.167,0.02664,0.05083,cell
KRT19,-0.0094,0.93,0.9483,cell
ZNF318,0.166,6.509e-06,3.585e-05,cell
TRPM5,0.0281,0.02913,0.05464,cell
NCS1,0.038,0.02383,0.04617,cell
TTC26,0.089,6.283e-05,0.0002641,cell
MRPL34,-0.0154,0.5653,0.6456,cell
MOSPD3,0.0216,0.03376,0.06204,cell
CHID1,0.4249,2.737e-12,6.151e-11,cell
DDX50,0.0587,0.00669,0.01538,cell
DBNDD1,-0.0538,0.1555,0.226,cell
METRN,0.1311,5.458e-07,3.921e-06,cell
CUEDC2,0.2375,4.396e-07,3.226e-06,cell
C19orf43,-0.243,1.642e-08,1.683e-07,cell
OSBPL10,-0.0317,0.3674,0.4591,cell
TMEM179,0.4139,2.091e-20,1.812e-18,cell
TRIM56,0.1059,1.639e-09,2.068e-08,cell
RASSF8-AS1,0.2048,8.206e-15,2.734e-13,cell
LOC146513,-0.01,6.095e-09,6.815e-08,cell
DNAJB14,-0.0715,0.3463,0.4381,cell
LOC102606465,0.0602,7.661e-06,4.153e-05,cell
ZNF30-AS1,0.0172,0.0005038,0.001636,cell
RAP2C-AS1,0.0118,0.1085,0.1674,cell
LOC100506985,0.0865,7.839e-07,5.425e-06,cell
CDK7,-0.0224,0.3517,0.4437,cell
SCARB2,-0.1436,0.01638,0.03336,cell
REPIN1,0.013,0.08956,0.1427,cell
C1orf115,-0.0227,0.3203,0.4111,cell
ECHDC3,-0.0386,0.4079,0.4997,cell
CA5B,-0.0181,0.9557,0.9668,cell
ST18,0.1255,0.0007711,0.002356,cell
DHX34,0.0959,7.746e-08,6.788e-07,cell
DOCK10,0.191,1.555e-10,2.524e-09,cell
KIAA0100,0.2514,3.713e-07,2.774e-06,cell
PUM1,0.1466,0.0004708,0.001541,cell
FAM192A,0.2024,1.853e-06,1.164e-05,cell
MTBP,-0.0032,0.6576,0.7256,cell
C10orf88,0.0448,0.0006871,0.002137,cell
PHLDB3,0.0355,9.326e-05,0.0003751,cell
FAM120AOS,-0.2488,0.02493,0.04795,cell
SIRT3,0.104,0.0002117,0.0007689,cell
ANP32E,-0.1653,0.2325,0.316,cell
ZNF530,0.0092,0.1312,0.1964,cell
CCDC146,0.0227,0.003003,0.007691,cell
NONO,0.2045,0.002356,0.006241,cell
MCM6,-0.0479,0.1894,0.2664,cell
RAB11FIP4,0.1227,2.61e-05,0.0001232,cell
MAP1B,0.1476,0.09046,0.1439,cell
SOS2,0.0502,0.0113,0.02416,cell
PTPN21,0.1225,2.827e-06,1.694e-05,cell
ZNF682,0.0399,0.02204,0.04315,cell
ZBTB11-AS1,0.0098,0.5295,0.6145,cell
MTAP,0.0669,0.0002829,0.0009879,cell
AP1G1,0.2139,6.289e-05,0.0002642,cell
RRS1,0.0218,0.02692,0.05125,cell
DNAJC27-AS1,0.0314,0.002751,0.007145,cell
LOC389247,0.0126,0.0005462,0.001757,cell
LINC00535,0.0109,0.1985,0.2767,cell
LOC100288974,0.0067,0.1992,0.2775,cell
RGS2,-0.631,1.129e-07,9.561e-07,cell
NKX2-2,0.2094,6.228e-11,1.111e-09,cell
DCAKD,0.4539,4.473e-17,2.197e-15,cell
DSTNP2,0.0085,0.683,0.7467,cell
PIAS4,0.1134,8.168e-09,8.936e-08,cell
ATP5S,-0.0555,0.7896,0.8372,cell
ATP5L,-0.1546,0.003442,0.008645,cell
SGSM3,0.444,4.932e-21,4.638e-19,cell
SAMHD1,0.0343,0.01611,0.03284,cell
ATL3,-0.007,0.4414,0.5331,cell
NELFB,0.0819,1.355e-05,6.883e-05,cell
FBXO16,0.1819,1.54e-09,1.956e-08,cell
KCNJ3,0.0117,0.2781,0.3665,cell
TRIM47,0.0156,0.1056,0.1638,cell
FCHSD1,0.044,7.846e-06,4.237e-05,cell
SLC36A4,-0.0695,0.5555,0.6374,cell
LOC101928445,0.0041,0.01815,0.03639,cell
UGDH-AS1,0.0883,4.889e-06,2.766e-05,cell
FAM173B,0.069,4.499e-05,0.0001975,cell
SPAG16,-0.1241,0.2944,0.3839,cell
MEG9,0.0067,0.2726,0.3604,cell
LINC00907,0.0266,0.006908,0.01581,cell
INE1,0.0239,0.005048,0.01208,cell
CYLD,0.1739,0.001871,0.005109,cell
KIAA1715,-0.1675,0.3688,0.4605,cell
SLC25A24,-0.1195,0.9634,0.9729,cell
ARL6IP6,-0.0586,0.3921,0.484,cell
KRBA1,0.0475,0.000115,0.0004507,cell
DUSP16,0.0382,0.2167,0.298,cell
EAF1,-0.0602,0.5464,0.6296,cell
N4BP3,0.0013,0.9903,0.9928,cell
KNTC1,-0.0367,0.9,0.9244,cell
SLC4A2,0.0507,0.01225,0.02593,cell
SLC12A9,0.0074,0.04007,0.0719,cell
ZNF606,0.1026,4.157e-06,2.39e-05,cell
NUP210,0.4004,3.994e-19,2.702e-17,cell
GAN,-0.0443,0.7483,0.8027,cell
FBXW4,0.2883,3.64e-11,6.761e-10,cell
TIA1,0.1029,0.01048,0.02266,cell
MIIP,0.0882,1.648e-08,1.687e-07,cell
KLHL18,0.0455,0.05414,0.09283,cell
TIPARP-AS1,-0.0168,0.4248,0.5165,cell
CLDN15,-0.0111,0.5913,0.6685,cell
LOC100129550,0.0523,0.01571,0.03212,cell
FAM228B,0.0052,0.01829,0.03664,cell
EAPP,-0.0079,0.8463,0.882,cell
MTM1,0.022,0.01971,0.03909,cell
RNF220,0.0806,0.007981,0.01789,cell
SNX24,-0.0684,0.4676,0.5583,cell
METTL7A,0.2366,4.648e-11,8.513e-10,cell
SLC27A6,0.0041,0.3459,0.4378,cell
ENTPD7,0.0841,0.0001138,0.0004468,cell
ZMIZ1,0.062,0.1085,0.1674,cell
SACM1L,0.1536,2.059e-05,9.916e-05,cell
DEXI,-0.0222,0.7493,0.8034,cell
ZCCHC6,0.076,0.01437,0.02976,cell
NAP1L3,0.0975,0.01048,0.02265,cell
NIT1,0.1009,0.00129,0.003668,cell
PRKRIP1,-0.0007,0.7546,0.8074,cell
C8orf76,-0.054,0.5446,0.6279,cell
ZNF534,0.001,0.8825,0.9113,cell
BEND3,0.0058,0.9268,0.9457,cell
BBS2,-0.0539,0.8493,0.8847,cell
RASSF4,-0.0725,0.3865,0.4783,cell
PLA2G4A,0.1433,6.334e-07,4.494e-06,cell
DLGAP3,0.0566,6.526e-06,3.591e-05,cell
NLRC3,0.0313,5.229e-06,2.938e-05,cell
UROD,0.1467,0.005917,0.01385,cell
PODXL2,0.014,0.1322,0.1977,cell
IKBKAP,0.1787,0.0005539,0.001778,cell
VEGFB,-0.0423,0.4134,0.505,cell
MRPL28,0.0763,0.001863,0.005089,cell
TM9SF3,-0.0542,0.8043,0.8483,cell
HACL1,-0.0024,0.4386,0.5302,cell
HBP1,-0.063,0.5884,0.666,cell
ZNF212,0.0348,0.07676,0.1254,cell
XRN2,0.0193,0.08318,0.1342,cell
SLC27A5,0.0239,0.1676,0.2402,cell
C1orf109,0.0815,0.002037,0.005503,cell
ERN1,0.0576,0.1419,0.2094,cell
AES,0.0177,0.512,0.5986,cell
ELF4,-0.0258,0.1075,0.1663,cell
TIAL1,-0.1904,0.00652,0.01504,cell
PDE9A,-0.0526,3.893e-05,0.0001739,cell
CFB,0.0112,0.03349,0.06163,cell
JAG1,0.0043,0.8026,0.8469,cell
PCDHGC3,0.0576,0.0006729,0.002099,cell
PBX2,-0.006,0.4278,0.5194,cell
MAPK6,-0.0288,0.3028,0.3928,cell
AXL,-0.0228,2.366e-11,4.528e-10,cell
PAFAH1B3,0.0612,0.005709,0.01345,cell
AUH,-0.0469,0.4702,0.5607,cell
TAP2##6,-0.0268,0.4736,0.5639,cell
LOC100506083,0.0235,0.4693,0.5598,cell
MIR4458HG,-0.0028,0.1808,0.2563,cell
LOC100130899,0.0616,0.007408,0.01679,cell
NUDT16P1,0.0473,0.01734,0.03502,cell
ZNF711,0.0053,0.0515,0.08897,cell
ZNF335,0.0973,1.608e-05,7.957e-05,cell
ASCC3,-0.0132,0.5721,0.6518,cell
JUP,0.1904,0.0002066,0.0007531,cell
GUF1,0.0083,0.04984,0.08652,cell
LOC100505715,-0.025,1,1,cell
STX17-AS1,-0.026,0.161,0.2325,cell
ARMC1,-0.0303,0.3598,0.4515,cell
PEX7,-0.0303,0.246,0.3309,cell
PEX6,0.0966,3.964e-05,0.0001768,cell
ARL6IP5,-0.1679,0.002955,0.007591,cell
LANCL1,0.0753,0.0003066,0.001059,cell
RTF1,0.0003,0.1833,0.2593,cell
EFR3A,-0.0913,0.7806,0.8299,cell
AHCYL2,0.0803,0.003058,0.00781,cell
PIGO,0.115,0.002236,0.00597,cell
GORASP2,0.2581,0.004433,0.0108,cell
SOD1,-0.4917,3.309e-16,1.406e-14,cell
DPH1,0.1566,1.279e-09,1.651e-08,cell
DOK1,0.0287,0.02008,0.03976,cell
GABRA2,-0.1567,2.784e-08,2.701e-07,cell
RAD21,-0.1977,0.01325,0.02772,cell
PPP2R5B,0.0443,0.003611,0.009015,cell
LOC440028,-0.0273,0.1195,0.1818,cell
C4orf47,-0.0112,0.08654,0.1387,cell
ORMDL1,0.0616,0.351,0.443,cell
LOC100289361,0.0248,0.07181,0.1183,cell
CFAP97,-0.0955,0.8173,0.8589,cell
TXNDC16,0.0174,0.07665,0.1252,cell
RARS2,-0.1062,0.7909,0.8381,cell
C5orf28,0.0941,1.68e-06,1.064e-05,cell
GZF1,0.0532,0.02155,0.04233,cell
C10orf107,0.0358,0.005731,0.01349,cell
TBC1D13,0.0893,0.006204,0.01441,cell
VPS18,0.1198,0.0001232,0.0004788,cell
RCBTB1,0.1328,0.0008032,0.002438,cell
MAPK13,0.1442,0.003333,0.008409,cell
SPAG5-AS1,-0.0087,0.03027,0.05646,cell
SPATS2,0.1063,0.001344,0.003804,cell
FBXO48,0.0331,0.1254,0.1894,cell
SIAH1,-0.162,0.003801,0.009435,cell
RASD1,1.1445,1.637e-23,2.412e-21,cell
LOC286437,0.0747,0.0001306,0.0005041,cell
LOC100507424,0.0179,0.0005164,0.001672,cell
ZNF790-AS1,-0.0099,0.8917,0.9186,cell
WSCD2,0.1724,0.0001301,0.0005026,cell
SLC41A3,0.018,0.1996,0.278,cell
FNBP1L,0.0284,0.183,0.2589,cell
TRAM2,0.0649,0.01727,0.03489,cell
CGRRF1,-0.3433,0.0001327,0.0005116,cell
CCT2,-0.0055,0.8085,0.8515,cell
AK4,-0.2298,4.76e-08,4.332e-07,cell
ZNF346,0.0556,0.01895,0.03777,cell
PA2G4P4,0.0619,0.04457,0.07873,cell
PIGB,-0.08,0.8716,0.9026,cell
ONECUT2,0.3237,2.817e-14,8.668e-13,cell
DPM1,-0.2791,0.000118,0.0004609,cell
SCFD2,0.0944,0.000709,0.002193,cell
EIF5A2,-0.1214,0.3702,0.4619,cell
CACYBP,-0.7304,8.1e-19,5.188e-17,cell
LOC100379224,0.0058,0.2365,0.3204,cell
CTBP1-AS2,0.1082,5.445e-06,3.051e-05,cell
TMEM70,-0.1608,0.1569,0.2275,cell
PEF1,0.1248,0.01686,0.03414,cell
NSUN5P1,0.0325,2.702e-06,1.629e-05,cell
TPRG1L,0.1494,0.0008623,0.002583,cell
HTT,0.2447,5.201e-07,3.756e-06,cell
CENPN,-0.0043,0.7028,0.7636,cell
GLA,0.1949,1.347e-06,8.783e-06,cell
TRIM38,0.0053,0.2986,0.3884,cell
PEX3,-0.0805,0.8679,0.8999,cell
SNORD14E,-0.0142,0.04111,0.07346,cell
PGAP3,0.0811,0.0001772,0.0006573,cell
NRAS,-0.1108,0.0358,0.06528,cell
CHST11,0.0108,0.04575,0.08045,cell
UACA,0.043,0.004301,0.01053,cell
AGPAT5,0.1768,0.001114,0.003223,cell
MCTP2,-0.1015,0.8841,0.9124,cell
MYL7,0.0018,0.1578,0.2285,cell
LY6G5B,0.0134,0.07597,0.1243,cell
MDP1,0.0201,0.05699,0.09695,cell
TOPORS,0.1314,0.0176,0.03544,cell
FXR1,-0.2223,0.01704,0.03448,cell
THOC3,0.0074,0.003735,0.009293,cell
CACNG5,0.0573,3.39e-08,3.202e-07,cell
SLC16A14,-0.0385,0.0356,0.06493,cell
KANSL1L,0.0482,0.05956,0.1008,cell
TTC30B,0.0062,0.0848,0.1363,cell
COMMD1,-0.0425,0.4218,0.5136,cell
LCA5L,0.0332,0.01042,0.02256,cell
LAMC1,0.3509,3.674e-14,1.107e-12,cell
LAMB2,0.0566,0.0002907,0.001013,cell
TPP2,0.1518,4.174e-05,0.0001848,cell
LAMB1,-0.0006,0.09598,0.1513,cell
TPD52L1,0.017,0.07001,0.1159,cell
AIP,-0.0981,0.0701,0.1161,cell
DIS3L,0.1884,3.105e-07,2.349e-06,cell
SNHG8,-0.3736,3.786e-10,5.517e-09,cell
LOC100288069,-0.0007,0.8094,0.8523,cell
LOC642236,-0.001,0.5816,0.6602,cell
PCDHGB6,0.0111,0.007478,0.01692,cell
LBHD1,0.0192,0.005238,0.01247,cell
ZNF669,0.0188,0.3406,0.4323,cell
FAM57A,-0.087,0.1941,0.2717,cell
BCR,-0.0142,0.1465,0.2149,cell
ADCY1,-0.0105,0.7331,0.7901,cell
ZDHHC11,0.0176,0.126,0.1902,cell
ZBTB3,0.0092,0.3271,0.418,cell
PRPH2,-0.0153,0.3553,0.4472,cell
GXYLT1,-0.0677,0.5675,0.6473,cell
FBXL5,0.3036,0.0001055,0.0004178,cell
APITD1,-0.0376,0.4305,0.5222,cell
LINC01530,0.0307,0.01422,0.0295,cell
QRSL1,0.035,0.1959,0.2735,cell
ADI1,-0.1333,0.1348,0.2008,cell
AK1,0.1559,1.21e-10,2.006e-09,cell
NPY,0.362,0.2602,0.3473,cell
NQO2,0.047,0.01635,0.0333,cell
RPLP2,-0.0889,0.0389,0.0701,cell
KLKB1,0.0694,3.656e-05,0.0001649,cell
CPE,-0.1982,0.08122,0.1315,cell
CPB1,0.0164,0.08996,0.1432,cell
GCK,0.2286,1.564e-07,1.279e-06,cell
OPA1-AS1,0.0029,0.4595,0.5499,cell
MYO5C,0.1317,7.899e-06,4.263e-05,cell
TRAFD1,0.0864,0.09071,0.1442,cell
C12orf65,-0.1083,0.1528,0.2226,cell
CASR,0.5399,8.546e-10,1.153e-08,cell
SDHAP1,0.0413,7.017e-07,4.915e-06,cell
MTX2,-0.1103,0.1947,0.2723,cell
PITPNB,0.0358,0.3135,0.4042,cell
WASF3,0.1255,3.223e-05,0.0001477,cell
KIAA0141,0.0644,0.00562,0.01326,cell
NCBP2-AS2,-0.0514,0.3738,0.4656,cell
TOR1B,0.0424,0.02588,0.04955,cell
ZNF770,0.104,0.05519,0.09428,cell
PTOV1,-0.0687,0.2916,0.3808,cell
WBP11P1,-0.0052,0.3019,0.3919,cell
ZNF658B,0.0038,0.001496,0.004184,cell
STX7,-0.1574,0.1075,0.1663,cell
EEA1,0.1284,0.0003305,0.001131,cell
MIPEPP3,0.0316,0.3369,0.4285,cell
LOC100287015,0.0354,5.412e-05,0.0002324,cell
LOC100129175,-0.0033,0.01222,0.02586,cell
ANXA7,-0.087,0.004015,0.009905,cell
PTS,0.0099,0.2627,0.35,cell
ERCC2,0.0351,0.01165,0.02482,cell
S100A10,-0.2749,6.38e-11,1.134e-09,cell
FAM20B,0.0328,0.1545,0.2247,cell
EFCAB14,0.1141,0.04136,0.07381,cell
KIFC2,0.047,2.728e-08,2.652e-07,cell
HLA-C##3,0.2121,0.0001137,0.0004465,cell
TBC1D23,-0.0285,0.2437,0.3283,cell
ZNF876P,-0.0802,0.7401,0.7957,cell
ABCA11P,-0.027,0.9335,0.9504,cell
ZNF721,0.0093,0.5271,0.6124,cell
IDH1-AS1,-0.0054,0.9449,0.9584,cell
CDK4,-0.0022,0.9316,0.9494,cell
FUCA1,0.4733,1.131e-07,9.568e-07,cell
POLR3C,0.09,0.002039,0.005507,cell
SNORA18,-0.0034,0.9209,0.9402,cell
LRP12,0.012,0.009285,0.02039,cell
OTUD3,-0.0415,0.9258,0.9448,cell
THSD7A,-0.0264,0.7017,0.7626,cell
GSAP,0.0279,0.02678,0.05105,cell
PGPEP1,0.141,6.794e-10,9.393e-09,cell
UHRF1BP1,0.1264,0.0001868,0.000689,cell
NAT14,-0.0427,0.05948,0.1007,cell
AVEN,-0.0128,0.5286,0.6136,cell
UTP3,-0.0549,0.4268,0.5186,cell
CWC25,-0.0606,0.8144,0.8564,cell
ST7L,0.0543,0.003087,0.007873,cell
WDR70,0.0842,0.0006796,0.002119,cell
TTC38,0.0115,0.3217,0.4125,cell
COG2,0.2194,6.251e-05,0.0002631,cell
MMRN1,0.1978,1.866e-06,1.17e-05,cell
PHLDA1,0.0273,0.008983,0.0198,cell
VPS4A,0.137,0.002364,0.006256,cell
OLFM4,-0.0294,1.659e-14,5.251e-13,cell
KIF27,0.0071,0.02748,0.05214,cell
FHOD1,0.008,0.2089,0.2887,cell
UNC13B,0.2054,1.106e-05,5.743e-05,cell
MGEA5,0.15,0.0189,0.03768,cell
LOC93622,-0.0035,0.5978,0.6746,cell
TIMELESS,0.0408,0.1392,0.2063,cell
FEN1,0.0504,0.03661,0.06658,cell
PHGDH,0.0327,0.09779,0.1536,cell
ARHGAP29,0.047,0.005374,0.01275,cell
KL,0.0191,0.05451,0.09336,cell
ABCG1,-0.1201,0.3517,0.4437,cell
KIF3B,0.1964,0.004157,0.01022,cell
HS6ST1,0.0419,0.0008378,0.002526,cell
TBCD##1,0.0841,0.0001197,0.0004667,cell
PNMA1,0.0452,0.6618,0.7292,cell
PTCD3,-0.0987,0.63,0.7028,cell
VAC14,0.0592,0.0004095,0.001367,cell
ZBTB34,-0.0114,0.6946,0.7567,cell
PCMTD2,0.1353,0.0001869,0.000689,cell
FBRS,0.0524,0.0006133,0.001941,cell
C4orf19,-0.0579,0.1852,0.2615,cell
ZNF518B,0.0296,0.1504,0.2197,cell
HLA-DPB1##6,0.0156,0.8686,0.9004,cell
NNMT,-0.0301,0.05763,0.09793,cell
NKX6-1,0.286,1.811e-22,2.106e-20,cell
SMIM18,-0.0231,0.6555,0.7242,cell
GBAS,0.043,0.05543,0.09465,cell
ACTA2,-0.0513,0.03405,0.06251,cell
ACADSB,-0.0307,0.6555,0.7242,cell
MYL5,0.0219,0.0001724,0.0006424,cell
MAF1,0.0361,0.539,0.6228,cell
TRAF7,0.0775,6.778e-05,0.0002819,cell
PALB2,0.0567,0.04645,0.08149,cell
CHTF18,0.003,0.2403,0.3244,cell
ALG1,0.1336,1.138e-09,1.491e-08,cell
ABHD13,-0.1793,0.148,0.2167,cell
SEPSECS-AS1,-0.0006,0.06641,0.1108,cell
MFAP1,-0.03,0.5937,0.6709,cell
NOD1,0.0642,9.133e-05,0.000368,cell
CITED2,-0.501,4.345e-10,6.254e-09,cell
RAB39A,-0.0912,0.2814,0.37,cell
TRIM2,0.276,1.688e-06,1.068e-05,cell
PRUNE2,0.9407,8.523e-18,4.729e-16,cell
TMED9,0.4835,1.169e-12,2.84e-11,cell
DNMBP,0.0323,0.05001,0.08672,cell
TMEM161A,0.0821,2.115e-08,2.107e-07,cell
KAZN,0.019,0.04867,0.0848,cell
FBXO17,-0.164,0.0003914,0.001313,cell
NAIF1,0.0243,0.2402,0.3243,cell
PRDM5,0.0179,0.07961,0.1294,cell
NUDT4,0.0335,0.1654,0.2376,cell
DNAJC22,0.0438,0.1669,0.2394,cell
NAT8L,0.2726,2.742e-13,7.287e-12,cell
SVIL,-0.0338,0.4485,0.5399,cell
SLC35E1,0.1573,6.63e-05,0.0002766,cell
AVPI1,-0.0634,0.1033,0.1608,cell
NR1D1,-0.1911,0.0089,0.01965,cell
ADM2,-0.0035,0.7218,0.7802,cell
SNRNP25,0.1207,0.0002774,0.000972,cell
HDHD2,-0.1324,0.5594,0.6408,cell
POLH,0.0792,0.01339,0.02796,cell
DANCR,0.1482,0.002296,0.0061,cell
JAKMIP3,0.0412,0.007291,0.01655,cell
SGCE,0.3972,1.171e-10,1.945e-09,cell
MCOLN3,0.0455,0.1591,0.2302,cell
ZBTB4,0.2296,2.106e-07,1.669e-06,cell
PCDHA4,0.0193,0.06977,0.1157,cell
L3MBTL2,0.1632,2.563e-06,1.553e-05,cell
GRWD1,0.1815,2.373e-09,2.908e-08,cell
GNPTAB,0.0449,0.001576,0.004387,cell
ATG10,0.103,0.0004821,0.001572,cell
WLS,0.3816,2.782e-06,1.67e-05,cell
IGFBP7-AS1,-0.0041,0.02754,0.05221,cell
STRN4,-0.0151,0.86,0.894,cell
LDLRAP1,0.7032,1.823e-23,2.628e-21,cell
LMTK2,0.2079,7.271e-07,5.071e-06,cell
UBA6-AS1,-0.1414,0.005369,0.01274,cell
FAM84A,-0.0273,0.1987,0.277,cell
DIRAS1,-0.0002,0.6085,0.6842,cell
UBA1,0.1161,0.09083,0.1444,cell
LURAP1L,-0.2327,0.02106,0.04148,cell
MTRF1,0.1235,2.567e-05,0.0001214,cell
SSRP1,0.0338,0.09688,0.1525,cell
SSR2,0.0926,0.2442,0.3289,cell
RIN1,0.101,2.879e-11,5.43e-10,cell
CCDC103,0.0161,0.8751,0.9054,cell
IL20RA,0.1515,0.0001149,0.0004506,cell
RHBDL1,-0.0118,0.07029,0.1163,cell
NR2C2,0.0652,0.03665,0.06666,cell
FMNL2,0.0609,8.961e-06,4.776e-05,cell
PLEKHH1,0.0467,0.006831,0.01566,cell
NACAD,0.0479,0.003374,0.008504,cell
ETV1,0.2219,5.626e-07,4.028e-06,cell
DHRS1,0.155,3.855e-05,0.0001725,cell
ZSWIM1,0.0706,0.01223,0.02588,cell
CCDC167,0.0277,0.0191,0.03803,cell
COLQ,0.0315,0.0006347,0.001998,cell
GAB2,0.0756,5.663e-05,0.0002417,cell
GLI4,0.0196,0.04008,0.0719,cell
FOXP4,0.0683,0.001422,0.004005,cell
PIGU,0.0945,0.007776,0.0175,cell
TMEM147,0.0828,0.194,0.2716,cell
PHYHIPL,-0.0193,0.8859,0.9141,cell
AKR1C3,-0.0451,0.1325,0.198,cell
PHKB,0.0589,0.005358,0.01271,cell
PRKD3,0.053,0.01046,0.02261,cell
RPA3,0.0487,0.07486,0.1227,cell
VBP1,-0.3148,0.0003074,0.001061,cell
ADAM17,-0.1107,0.8251,0.8649,cell
SERTAD2,0.0118,0.2136,0.2942,cell
SEC14L5,0.0232,9.171e-05,0.0003692,cell
STK17B,0.0286,0.06427,0.1076,cell
TRIP11,0.2757,6.571e-06,3.613e-05,cell
TMOD1,-0.118,0.1787,0.254,cell
PPIP5K2,0.1118,0.0003778,0.001272,cell
ZNF224,-0.0039,0.3656,0.4572,cell
HSPA2,0.0545,0.02747,0.05214,cell
OPTN,-0.1339,0.118,0.1798,cell
ST14,0.1228,0.0009125,0.002709,cell
PEX12,0.1641,1.6e-05,7.928e-05,cell
SGCB,-0.1118,0.3918,0.4838,cell
RPL24,-0.2903,2.612e-15,9.595e-14,cell
RPL23A,-0.0732,0.07522,0.1232,cell
PAH,-0.0619,0.01645,0.03348,cell
PDE5A,0.2217,2.067e-08,2.063e-07,cell
FBXO34,-0.0275,0.9009,0.9252,cell
NBPF1,0.0833,7.747e-05,0.0003165,cell
ZNF451,0.0464,0.0404,0.07239,cell
ATG2B,0.1961,9.111e-08,7.874e-07,cell
SLC38A7,0.13,3.431e-08,3.232e-07,cell
GNG4,0.1284,0.1741,0.2481,cell
C15orf61,-0.0467,0.8826,0.9113,cell
PSMB7,0.1097,0.08823,0.141,cell
SLC7A5,-0.016,0.8322,0.8701,cell
PSMC6,-0.0818,0.2559,0.3424,cell
SFRP2,-0.0048,0.004417,0.01077,cell
FYN,-0.0108,0.1078,0.1666,cell
PSMC1,-0.0038,0.3821,0.474,cell
CRADD,0.115,0.0002652,0.0009339,cell
RIPK1,0.0705,0.0053,0.0126,cell
TCEAL1,0.0249,0.02509,0.04823,cell
KHNYN,0.178,0.0001441,0.0005503,cell
B4GALT6,0.0709,0.0001257,0.0004876,cell
NREP,-0.0076,0.8317,0.8697,cell
MBTPS1,0.1818,0.004329,0.01059,cell
TMEM63C,0.1309,1.792e-16,8.027e-15,cell
NOC3L,-0.0131,0.05835,0.09899,cell
EPB41L4B,0.0497,0.03201,0.05929,cell
SPATA7,-0.0951,0.3766,0.4686,cell
ACE,0.0446,0.00136,0.003844,cell
PTGS2,-0.0189,0.5525,0.635,cell
AHCYL1,0.0411,0.4045,0.4963,cell
RAD18,0.0214,0.009724,0.02121,cell
PALLD,-0.1398,0.4668,0.5577,cell
TAF9B,0.0765,0.06457,0.1081,cell
RELL1,0.0358,0.08271,0.1335,cell
MAPK8IP3,0.2534,2.638e-21,2.591e-19,cell
LRFN3,0.0446,1.78e-05,8.74e-05,cell
GBA2,0.1982,9.301e-06,4.939e-05,cell
GPAM,0.1282,3.484e-05,0.0001583,cell
USP37,0.17,7.607e-07,5.278e-06,cell
PMS2P1,-0.0065,0.3434,0.435,cell
TUBA3FP,0.0248,0.004099,0.01009,cell
RPSAP58,0.0033,0.3981,0.4901,cell
BMS1P5,0.0311,1.306e-08,1.37e-07,cell
MYO15B,-0.0033,0.1661,0.2385,cell
KAT2B,0.1049,0.0001612,0.0006064,cell
SNORA24,-0.0049,0.5277,0.6128,cell
HECTD1,0.1702,0.004442,0.01082,cell
LOC101929234,0.0091,0.2012,0.2799,cell
SLC1A4,0.1356,0.01003,0.02179,cell
SECISBP2L,0.1188,0.007631,0.01722,cell
RMST,0.015,0.001002,0.002938,cell
LRRC37BP1,0.0345,0.01152,0.02458,cell
GSTO1,0.0931,0.2467,0.3315,cell
TGFBI,-0.005,0.02785,0.05271,cell
CAPN7,0.1495,0.0001561,0.0005906,cell
LLGL1,0.0089,0.05092,0.08809,cell
FCGRT,0.0798,9.798e-05,0.0003921,cell
CC2D1B,0.1922,5.358e-07,3.861e-06,cell
SLX4,0.0624,7.021e-05,0.0002908,cell
NSMCE1,-0.0093,0.7469,0.8015,cell
ZNF564,-0.0055,0.8787,0.9084,cell
SLFN5,0.0466,0.0215,0.04224,cell
CCDC122,0.0046,0.03643,0.06631,cell
DENND5B,0.154,2.759e-05,0.0001294,cell
LYSMD3,0.0581,0.006686,0.01538,cell
DNAJC21,-0.0757,0.9857,0.9894,cell
REV1,0.0798,0.01114,0.02389,cell
BDP1,0.281,2.898e-07,2.201e-06,cell
LRP2BP,-0.0289,0.775,0.8251,cell
MAFB,-0.0599,0.4288,0.5205,cell
INPP5A,0.0024,0.206,0.2853,cell
DKFZP434I0714,0.0282,0.1522,0.2219,cell
GAS5,-0.5058,1.711e-14,5.401e-13,cell
C12orf4,0.0158,0.05264,0.09059,cell
RMDN3,0.0503,0.04252,0.07552,cell
RNF31,0.1366,9.578e-07,6.506e-06,cell
MRPS10,-0.0132,0.4419,0.5335,cell
CEP72,0.0311,0.05923,0.1003,cell
CENPQ,-0.1044,0.06107,0.1029,cell
SHQ1,-0.0365,0.8441,0.8804,cell
AP1M2,0.1366,0.01232,0.02605,cell
FIG4,0.0237,0.1465,0.2149,cell
NLE1,-0.012,0.9388,0.9545,cell
ZDHHC4,-0.0348,0.7467,0.8014,cell
TMEM248,-0.2216,0.001118,0.003233,cell
WDR74,0.0893,0.001247,0.003561,cell
DESI1,0.1068,0.003276,0.008286,cell
WWC3,0.0705,0.00285,0.007366,cell
NECAP2,-0.0413,0.9952,0.9968,cell
PDPR,0.0922,0.0007949,0.002417,cell
SCYL2,-0.0984,0.9165,0.9371,cell
CPSF2,0.3455,7.183e-10,9.861e-09,cell
ZBTB25,-0.024,0.2846,0.3732,cell
PCGF2##1,0.013,0.003537,0.008852,cell
WDR36,0.1026,8.529e-05,0.0003452,cell
ORMDL3,0.1101,1.275e-05,6.514e-05,cell
CCDC85C,0.0039,0.3441,0.4358,cell
GK3P,-0.0039,0.4112,0.503,cell
STXBP1,0.7474,2.817e-18,1.69e-16,cell
DHCR7,0.1279,0.02726,0.05182,cell
GC,0.0395,0.7679,0.8194,cell
B4GALT3,0.032,0.2356,0.3195,cell
TUB,0.1614,1.244e-06,8.207e-06,cell
CDC123,0.0622,0.2043,0.2835,cell
GALNT1,-0.0485,0.524,0.61,cell
VN1R1,0.0044,0.3519,0.4439,cell
APMAP,0.6031,1.413e-10,2.311e-09,cell
CCT6P3,-0.014,0.4881,0.5777,cell
ASCL1,-0.1151,0.001635,0.004529,cell
LRP5,0.1011,1.964e-08,1.968e-07,cell
CREBRF,0.0514,0.06989,0.1158,cell
METTL10,-0.0891,0.3666,0.4582,cell
COG7,0.1529,6.165e-06,3.407e-05,cell
KIF13B,0.0942,0.0003648,0.001233,cell
GTPBP2,-0.1255,0.03568,0.06508,cell
RBAK,-0.0036,0.09138,0.1451,cell
UBC,-0.1533,0.007412,0.01679,cell
PARL,0.117,0.01457,0.03013,cell
GPALPP1,-0.002,0.0913,0.145,cell
TMEM106B,0.122,0.005593,0.01321,cell
MCC,0.2123,1.629e-07,1.328e-06,cell
GBF1,0.4192,1.311e-17,7.094e-16,cell
FBXO46,-0.0076,0.6146,0.6896,cell
ZNF697,-0.0678,0.1369,0.2035,cell
FAM35A,0.0545,0.0009243,0.002738,cell
GSTA4,0.1542,0.002691,0.00701,cell
ANKRD52,0.3239,6.291e-16,2.583e-14,cell
KSR2,0.4802,5.241e-24,8.175e-22,cell
LMNTD2##1,0.0034,0.624,0.6972,cell
MACROD1,-0.0096,0.0966,0.1521,cell
LOC728613,0.0289,0.07196,0.1185,cell
ECEL1,-0.1671,0.0008407,0.002532,cell
LINC01018,0.0116,0.9448,0.9584,cell
LEPROTL1,0.1594,0.00118,0.00339,cell
NUP160,0.0277,0.08201,0.1327,cell
IMMT,0.2784,1.158e-05,5.966e-05,cell
SNHG18,0.0029,0.7433,0.7983,cell
SPATA4,0.0373,0.000256,0.0009068,cell
LIN37,0.0149,0.0135,0.02817,cell
DSCAML1,-0.0152,0.9792,0.9844,cell
ZNF513,0.0106,0.01662,0.03376,cell
PLD6,0.0211,0.01683,0.03411,cell
MAP3K14-AS1,0.0293,4.245e-05,0.0001875,cell
UBQLN2,-0.1637,0.04322,0.07664,cell
PILRA,0.01,0.000442,0.001461,cell
KIAA1107,-0.0986,0.8901,0.9172,cell
CSTF2T,0.1789,0.0002625,0.0009252,cell
MTUS2,0.0846,0.01868,0.0373,cell
IQSEC3##1,0.0905,2.067e-11,3.985e-10,cell
LOC100130744,0.0329,0.002039,0.005507,cell
MIR6752,-0.0008,0.4955,0.5842,cell
MIR6748,0.0001,0.8023,0.8467,cell
MIR6758,0.0151,0.0002705,0.0009511,cell
DCTD,0.2541,2.007e-05,9.714e-05,cell
PARP4,0.0873,0.0006814,0.002123,cell
MIR6869,0.0014,0.1262,0.1904,cell
MIR6866,-0.0003,0.9121,0.9343,cell
UGGT2,0.1772,3.241e-05,0.0001483,cell
OXCT2,0.0152,0.0002165,0.0007846,cell
PRSS22,-0.0314,0.2032,0.2822,cell
FKBPL,0.031,0.009648,0.02108,cell
HHATL,-0.114,0.0002196,0.0007942,cell
ITPRIPL2,0.0259,0.07119,0.1176,cell
CREBZF,-0.0186,0.09159,0.1454,cell
TAPT1-AS1,0.0362,0.2807,0.3692,cell
SLC9A3R1,0.0757,0.2079,0.2876,cell
FGF12,-0.0532,0.6295,0.7023,cell
NDUFB11,-0.1062,0.003262,0.008264,cell
CDC42BPG,0.0438,0.0001395,0.0005345,cell
ZMAT5,0.038,0.001647,0.004557,cell
KCTD5,-0.0291,0.1965,0.2743,cell
PLEKHA3,-0.1069,0.8558,0.8905,cell
SPA17,0.0298,0.00624,0.01448,cell
MIR7113,0.0053,0.0138,0.02873,cell
TBC1D20,-0.021,0.5895,0.667,cell
TSACC,-0.0072,0.514,0.6003,cell
LOC100506548,0.1165,0.007173,0.01632,cell
INTS10,0.1351,0.01262,0.02662,cell
ATAD3A,0.0508,3.578e-13,9.415e-12,cell
RANBP10,0.0765,0.0009796,0.00288,cell
DNAH17,0.0193,0.05651,0.09623,cell
ARMC5,0.0675,0.0002568,0.0009087,cell
PODN,0.1224,6.546e-11,1.159e-09,cell
STK32C,0.0059,0.1714,0.2448,cell
LOC100506639,0.0345,0.001333,0.003775,cell
TMEM43,-0.0131,0.5045,0.5921,cell
MRPL32,-0.0915,0.2006,0.2793,cell
TMEM106A,0.0199,0.1423,0.2099,cell
FRY-AS1,0.0151,0.001536,0.004286,cell
RBM48,-0.0685,0.3966,0.4884,cell
FAM160A2,0.1205,0.002114,0.005683,cell
RNF128,-0.1127,0.5222,0.6083,cell
FBXO30,0.0105,0.1925,0.2698,cell
BICD2,0.0084,0.07709,0.1258,cell
MLX,0.0525,0.07618,0.1246,cell
KMT2C,0.499,1.698e-10,2.723e-09,cell
RPL31P11,-0.0017,0.2525,0.3383,cell
SNORA4,-0.0043,0.6314,0.704,cell
SNORA63,-0.0083,0.9824,0.987,cell
GPATCH3,0.0372,0.01051,0.02271,cell
MANBAL,0.2887,1.876e-06,1.172e-05,cell
NFIX,-0.0426,0.002538,0.00666,cell
STRIP1,0.1458,3.285e-06,1.939e-05,cell
KRTCAP2,0.0919,0.02463,0.04748,cell
ATP2A2,0.1738,0.001901,0.005174,cell
GOT1,-0.1074,0.1469,0.2154,cell
RFNG,0.0411,0.00306,0.007814,cell
GNS,0.3463,7.158e-05,0.0002954,cell
RALGAPA1P,0.0507,1.854e-05,9.045e-05,cell
ZXDC,0.089,0.0112,0.02398,cell
ERBB2IP,-0.003,0.3408,0.4324,cell
YIPF2,0.1254,4.115e-06,2.372e-05,cell
HSPA4,0.0949,0.2138,0.2944,cell
FAM84B,-0.0229,0.6878,0.751,cell
TMEM167A,-0.2176,0.0156,0.03193,cell
FBXO36,0.113,6.061e-07,4.316e-06,cell
TCTE3,-0.0034,0.3722,0.464,cell
APLF,-0.0054,0.2206,0.3024,cell
PPP4R2,-0.026,0.5773,0.6562,cell
SERINC5,-0.0752,0.169,0.2418,cell
C11orf80,-0.0059,0.9631,0.9727,cell
CD72,-0.1687,0.00119,0.003416,cell
ARL8A,-0.0578,0.3101,0.4004,cell
RBM4,-0.0949,0.6105,0.686,cell
RGL2##3,0.1891,3.256e-06,1.923e-05,cell
OFD1,-0.1102,0.333,0.4242,cell
LOXL2,0.0082,0.04535,0.07992,cell
GOLGA2,0.3175,4.564e-10,6.54e-09,cell
MGAT2,0.0293,0.2954,0.3849,cell
SCGB2A1,0.5075,1.112e-10,1.866e-09,cell
FOXO3,-0.1104,0.5556,0.6374,cell
FOXJ1,0.0337,0.003713,0.009245,cell
FAAH,0.0492,0.001634,0.004529,cell
SPDYE1,0.0121,1.013e-06,6.836e-06,cell
CHPT1,-0.1289,0.1186,0.1807,cell
TOMM22,-0.0353,0.969,0.9769,cell
ZNF280D,-0.0851,0.8248,0.8648,cell
NPIPB3,0.0368,1.007e-14,3.273e-13,cell
C2orf15,0.0066,0.01065,0.02296,cell
LSM14B,0.001,0.6861,0.7494,cell
ZNF582,-0.0031,0.1933,0.2708,cell
ZNF420,-0.0011,0.2468,0.3316,cell
DHRS13,-0.0441,0.4515,0.5423,cell
ENTHD2,0.009,0.003231,0.008192,cell
HSBP1,-0.4768,3.514e-12,7.727e-11,cell
POLR3D,0.0909,1.287e-06,8.455e-06,cell
ZDHHC22,0.0417,0.005795,0.01362,cell
TDRP,-0.0212,0.09841,0.1543,cell
MKKS,-0.1418,0.1446,0.2127,cell
CRSP8P,-0.0726,0.006836,0.01567,cell
C14orf39,0.0149,0.0003342,0.001142,cell
MASTL,0.0175,0.5332,0.6177,cell
NEU1##3,0.1455,0.1094,0.1686,cell
RDH10,-0.1171,0.1968,0.2745,cell
C7orf73,-0.541,1.849e-10,2.937e-09,cell
MTMR11,-0.1171,0.0008457,0.002542,cell
MT1E,-0.5438,1.159e-10,1.933e-09,cell
RNH1,0.0336,0.375,0.4669,cell
CLK3,0.0867,0.003495,0.008761,cell
ECHS1,-0.0309,0.6695,0.7351,cell
SKI,0.0206,0.05874,0.09956,cell
STAT5A,-0.0309,0.8815,0.9105,cell
FAM21EP,0.0013,0.7357,0.7921,cell
LOC100505736,0.0317,0.002199,0.005882,cell
XPR1,0.2737,1.509e-05,7.543e-05,cell
KDELC2,0.1169,0.0002142,0.0007774,cell
NIPAL4,0.092,6.467e-05,0.0002707,cell
ATRNL1,-0.4108,3.617e-06,2.113e-05,cell
RGMB-AS1,0.0007,0.9837,0.9878,cell
LOC100289230,0.0014,0.6053,0.6812,cell
ZNF891,0.0,0.02243,0.04378,cell
CMTR2,0.1099,0.003434,0.008629,cell
FAM98C,-0.0186,0.6387,0.7097,cell
LINC01023,0.0188,0.001778,0.004882,cell
ASAP1,0.3585,1.103e-06,7.376e-06,cell
PARP12,0.0898,0.05372,0.09219,cell
EPB41L4A-AS1,-0.4808,3.333e-10,4.916e-09,cell
UBAP2L,0.4076,5.382e-11,9.736e-10,cell
VAMP2,-0.099,0.02938,0.05506,cell
YLPM1,0.5047,5.996e-16,2.477e-14,cell
SLC29A4,0.0366,0.2566,0.3431,cell
CMYA5,0.0586,0.0003296,0.001128,cell
USP16,0.1245,0.005596,0.01321,cell
C18orf42,0.0369,0.02792,0.05278,cell
FAM200B,-0.0515,0.7988,0.8438,cell
SETD7,0.0787,0.004423,0.01078,cell
GUCY1A2,0.0211,0.007683,0.01732,cell
TIAM1,0.2841,1.294e-15,5.047e-14,cell
DHFRL1,0.0631,0.1804,0.2558,cell
EFCAB7,-0.0446,0.9924,0.9948,cell
ZDHHC13,-0.0516,0.5823,0.6608,cell
TMX3,-0.0423,0.2958,0.3853,cell
C11orf71,0.0908,0.009053,0.01994,cell
PCDHGA7,0.0197,0.008324,0.01856,cell
NDFIP1,-0.564,9.601e-23,1.179e-20,cell
LMBRD1,-0.5326,9.879e-11,1.671e-09,cell
MNS1,-0.0074,0.3033,0.3932,cell
MDH1,-0.1874,0.003077,0.007851,cell
DNAH6,0.0686,0.0003489,0.001185,cell
SCN1B,0.4522,5.538e-25,9.791e-23,cell
KCNJ2,0.2255,6.167e-13,1.564e-11,cell
KCNJ11,0.2057,1.87e-06,1.171e-05,cell
KHDRBS3,-0.2685,4.277e-10,6.164e-09,cell
YKT6,-0.0407,0.587,0.6649,cell
RALA,-0.121,0.4407,0.5324,cell
PDK3,0.9993,2.889e-20,2.44e-18,cell
JAZF1,-0.07,0.678,0.7429,cell
KLC3,0.011,0.1394,0.2064,cell
MIDN,-0.0202,0.9989,0.9991,cell
ZNF614,0.0197,0.01663,0.03377,cell
LOC389332,0.0556,0.000314,0.001081,cell
BAZ2B,0.3856,7.694e-08,6.752e-07,cell
RPL7A,-0.1687,1.351e-06,8.801e-06,cell
HSPA13,0.0366,0.4514,0.5423,cell
ITPKC,0.0183,0.2385,0.3224,cell
SNORD63,-0.0101,0.02933,0.05498,cell
FAM131A,0.2126,4.133e-11,7.623e-10,cell
HIRIP3,0.1459,5.554e-05,0.0002376,cell
MAP3K12,0.0296,0.04573,0.08043,cell
PPP1R36,0.0517,0.0008422,0.002535,cell
COPS5,-0.2772,0.0006976,0.002162,cell
VTRNA1-3,0.0004,0.5698,0.6495,cell
GALC,0.0228,0.1446,0.2127,cell
RINL,0.0446,1.804e-05,8.835e-05,cell
DKFZP586I1420,0.0791,0.0096,0.021,cell
TPI1P2,-0.0095,0.7779,0.8275,cell
NCR3LG1,0.1303,4.368e-06,2.495e-05,cell
PNRC1,-0.6629,4.474e-17,2.197e-15,cell
TRIM35,0.1032,0.0001402,0.0005367,cell
TCFL5,0.0164,0.0482,0.08408,cell
E2F4,0.0792,0.01145,0.02446,cell
EMC4,-0.0396,0.2845,0.3731,cell
SLC2A10,0.0351,0.004652,0.01126,cell
SENP6,0.1941,0.0003267,0.00112,cell
ZNF546,0.122,1.525e-06,9.771e-06,cell
C19orf60,0.1506,3.142e-10,4.655e-09,cell
KATNBL1,-0.0983,0.9989,0.9991,cell
ELMO3,0.0104,0.0765,0.125,cell
ZNF852,-0.0165,0.4589,0.5493,cell
TJP3,0.0327,0.0004526,0.001491,cell
ISCA1,-0.0548,0.6732,0.7385,cell
TMEM163,-0.1223,0.5084,0.5956,cell
RSG1,0.0065,0.1575,0.2282,cell
LYNX1,0.056,0.001073,0.003121,cell
WDR24,0.0552,0.001764,0.00485,cell
NPTX2,0.4149,0.0009871,0.002899,cell
NPM1,-0.3686,3.213e-15,1.164e-13,cell
CARD9,0.0088,0.005818,0.01367,cell
CTNNAL1,-0.1403,0.06737,0.1121,cell
PIGF,-0.0025,0.1864,0.2629,cell
LOC101927492,0.0007,0.609,0.6846,cell
LOC101927043,-0.0238,0.1835,0.2595,cell
NCK1-AS1,0.0304,0.01138,0.02432,cell
LOC101927204,-0.0297,0.8891,0.9164,cell
SNHG24,0.054,1.972e-06,1.228e-05,cell
DARS-AS1,-0.0462,2.886e-07,2.193e-06,cell
LOC101927811,0.0022,0.04884,0.08505,cell
SNHG21,-0.0246,0.2243,0.3066,cell
LINC01266,-0.008,0.7201,0.7787,cell
LOC101927746,0.0068,0.2613,0.3485,cell
DGUOK-AS1,0.0065,0.1802,0.2557,cell
TMEM8A,0.0581,0.002296,0.0061,cell
PELI2,-0.0231,0.1441,0.2121,cell
NFATC4,0.048,7.936e-05,0.0003237,cell
S100A11,-0.1063,0.4311,0.5228,cell
NDUFS3,0.1409,0.004977,0.01193,cell
C6orf62,-0.257,3.093e-05,0.0001429,cell
VMP1,-0.3345,0.0008598,0.002577,cell
TMEM194A,0.0736,0.000521,0.001683,cell
CCDC22,0.0669,0.001635,0.004529,cell
EFHD1,-0.014,0.2358,0.3198,cell
CLDN11,-0.0195,1.691e-10,2.718e-09,cell
TEX2,-0.0327,0.8446,0.8808,cell
HCG4B,0.0184,0.05473,0.09371,cell
CLEC11A,0.0018,0.1195,0.1818,cell
ZNF329,0.121,6.861e-05,0.0002851,cell
ANP32AP1,0.0046,0.1096,0.1688,cell
MIR616,0.0807,7.392e-13,1.846e-11,cell
POLR3A,0.1452,1.355e-05,6.883e-05,cell
SPTBN2,0.0543,1.464e-06,9.402e-06,cell
EDC4,0.1762,2.618e-07,2.016e-06,cell
WDR45,0.2021,2.228e-06,1.374e-05,cell
PHLDA3,-0.0374,0.5506,0.6332,cell
NIM1K,-0.0348,0.5447,0.6279,cell
MAGOH2P,0.001,0.968,0.9761,cell
PPM1E,0.1464,6.12e-06,3.39e-05,cell
EXOC2,0.239,8.217e-06,4.415e-05,cell
LINC00957,-0.0027,0.7464,0.8012,cell
SPRED3,0.0151,0.537,0.6211,cell
LMO1,-0.124,0.2561,0.3427,cell
ELFN2,0.0126,0.01759,0.03543,cell
DNA2,0.0339,0.002003,0.005424,cell
PIN4P1,-0.0123,0.1143,0.175,cell
DSCAM,0.0215,0.006372,0.01474,cell
UNG,-0.067,0.6051,0.6811,cell
INPP5J,0.0076,0.1881,0.265,cell
SMEK1,-0.0252,0.3873,0.4792,cell
NIPA2,-0.1105,0.5059,0.5932,cell
SPTB,0.4919,2.87e-23,3.923e-21,cell
PLCG2,-0.0393,0.3199,0.4107,cell
NAPG,-0.2919,0.002195,0.005873,cell
PSMB9##6,-0.0209,0.2095,0.2894,cell
NPR2,-0.0264,0.4974,0.5857,cell
ADAM20,0.0049,0.125,0.1889,cell
HEIH,0.0075,0.5775,0.6563,cell
CLIP3,0.1459,0.0001003,0.0004004,cell
BICD1,0.1206,1.27e-05,6.491e-05,cell
BOP1,0.0071,0.1538,0.2238,cell
HNRNPC,-0.5171,9.474e-18,5.213e-16,cell
GPS2,0.0826,0.02155,0.04233,cell
SUMO1,-0.1713,0.000228,0.000821,cell
UBE2I,0.0298,0.1876,0.2644,cell
GTF2A2,-0.2956,3.137e-05,0.0001445,cell
LOC644936,0.0079,0.09061,0.1441,cell
MIR6879,-0.0008,0.7684,0.8198,cell
MIR8072,-0.0004,0.9378,0.9537,cell
SIKE1,-0.0869,0.434,0.5258,cell
VPS9D1,0.044,4.553e-08,4.17e-07,cell
PDIA4,1.2018,4.566e-25,8.183e-23,cell
PITPNM1,0.1131,3.895e-09,4.563e-08,cell
CNNM4,-0.0329,0.3956,0.4874,cell
TXLNA,0.3582,7.832e-07,5.425e-06,cell
GPATCH4,0.0737,0.00272,0.007072,cell
MCM9,0.0219,0.2684,0.3561,cell
C1orf122,0.1148,0.001279,0.003644,cell
FOXRED2,0.0998,0.0008982,0.002674,cell
TRIM59,-0.0379,0.5938,0.671,cell
EGLN1,-0.5129,4.996e-08,4.528e-07,cell
TUBGCP6,0.3246,1.797e-23,2.618e-21,cell
CSNK1G1,0.1198,0.007533,0.01703,cell
NCAPD2,0.1789,1.823e-07,1.466e-06,cell
RPEL1,0.001,0.3627,0.4545,cell
SGIP1,0.1351,9.569e-09,1.029e-07,cell
FBXW9,0.0329,0.004012,0.009901,cell
ANKRD32,-0.0027,0.01256,0.02652,cell
FYTTD1,-0.051,0.7571,0.8096,cell
LDOC1L,0.1734,0.0004354,0.001441,cell
MED10,-0.2018,0.0001546,0.0005856,cell
BBS1,0.152,1.452e-05,7.298e-05,cell
ZCCHC9,-0.0751,0.9531,0.9647,cell
SLC39A11,0.0623,0.0004544,0.001496,cell
PET117,-0.0264,0.5066,0.5938,cell
BLVRA,0.0322,0.3375,0.4291,cell
DOCK3,0.175,1.477e-08,1.531e-07,cell
SND1,0.3007,7.43e-05,0.0003055,cell
LYPD3,-0.0115,0.6338,0.7058,cell
HPGD,0.0878,0.02908,0.05457,cell
DDX21,-0.0187,0.6021,0.6784,cell
MAML2,0.069,0.0007731,0.002359,cell
ARHGAP35,0.1975,5.537e-06,3.093e-05,cell
SST,-0.1952,1.026e-09,1.359e-08,cell
GLE1,0.059,0.1852,0.2615,cell
B4GALT1,0.0356,0.6006,0.677,cell
GDI1,-0.0225,0.4723,0.5627,cell
ZCCHC18,0.0536,0.01759,0.03543,cell
PPAPDC1B,0.3019,1.934e-05,9.399e-05,cell
C11orf95,-0.0174,0.7306,0.788,cell
ARL2,-0.0026,0.9981,0.9988,cell
C2orf81,0.0787,0.0007299,0.00225,cell
LINC00240,0.0065,0.5351,0.6193,cell
LOC100270746,-0.0374,0.5325,0.6172,cell
TMEM230,-0.0911,0.06748,0.1123,cell
ZSCAN12P1,0.0883,0.000586,0.001867,cell
ZSCAN16-AS1,0.0229,0.08983,0.143,cell
TRAPPC10,0.0046,0.3287,0.4198,cell
PIGQ,0.0662,1.192e-07,1.003e-06,cell
LGMN,0.14,0.02763,0.05235,cell
LOC100506730,0.014,0.1847,0.2609,cell
GNAL,0.1334,1.176e-06,7.811e-06,cell
CYP2U1,-0.0764,0.9032,0.9271,cell
HCG4,0.0526,0.003833,0.00951,cell
HLA-H,0.0492,3.97e-07,2.944e-06,cell
APBA1,-0.0861,0.3341,0.4254,cell
HLA-J,0.0244,2.081e-08,2.077e-07,cell
LRRC42,-0.3461,6.87e-05,0.0002854,cell
PIANP,0.0025,0.3986,0.4905,cell
ARSD,0.1199,0.0002521,0.0008958,cell
PPP1R10##3,0.4721,5.722e-20,4.52e-18,cell
SLC35A3,-0.0063,0.2385,0.3224,cell
NBPF9,0.0222,0.0004314,0.00143,cell
BBC3,-0.013,0.006189,0.01438,cell
LAMP3,-0.1711,7.998e-06,4.309e-05,cell
UQCRQ,0.089,0.1775,0.2524,cell
KDELR3,0.0894,0.000474,0.00155,cell
LAT,0.0156,0.0326,0.06026,cell
TACC3,0.0042,0.2876,0.3764,cell
TMEM183B,-0.0348,0.1096,0.1687,cell
C1orf198,-0.006,0.2433,0.3278,cell
SLC16A13,0.0173,0.01243,0.02626,cell
EFCAB12,0.0391,4.409e-05,0.000194,cell
G6PD,0.0202,0.121,0.1838,cell
YY1,-0.2005,0.03843,0.06935,cell
ZNF143,0.0528,0.02467,0.04754,cell
GLCE,0.1555,1.757e-05,8.637e-05,cell
NSRP1,0.0921,0.01734,0.03501,cell
AKR7A3,0.002,0.6884,0.7514,cell
TSG101,-0.2716,0.001091,0.003166,cell
TNFAIP3,-0.0186,0.3463,0.4381,cell
TLN1,0.2316,0.0001228,0.0004776,cell
CDR2,0.0015,0.03102,0.05767,cell
ENPP4,-0.053,0.4874,0.5771,cell
XPO7,0.3203,3.74e-07,2.793e-06,cell
ZNF292,-0.3563,0.000876,0.002616,cell
LPHN1,0.1063,5.142e-07,3.716e-06,cell
RAPH1,-0.1202,0.2954,0.3849,cell
MAP3K3,0.0801,4.117e-05,0.0001827,cell
ZRANB2,-0.0218,0.4168,0.5087,cell
CD59,0.4514,1.733e-07,1.402e-06,cell
SLC23A2,0.3845,1.128e-08,1.197e-07,cell
FAM174B,0.0718,0.1559,0.2263,cell
CHCHD1,-0.1478,0.009348,0.02051,cell
CPT2,0.0805,0.01182,0.02515,cell
CPOX,0.0208,0.005344,0.01269,cell
DDB2,-0.0838,0.3257,0.4169,cell
CFI,-0.0672,0.126,0.1901,cell
SUZ12,-0.0082,0.1743,0.2483,cell
TMEM164,0.2225,4.414e-09,5.108e-08,cell
COL7A1,0.0242,2.76e-05,0.0001294,cell
RORA-AS1,-0.0105,0.3304,0.4217,cell
DYRK3,-0.0078,0.5676,0.6473,cell
ASB7,0.0435,0.2669,0.3545,cell
CBFB,-0.1006,0.5339,0.6183,cell
KLF8,0.0522,0.01036,0.02243,cell
RNF213,0.4462,1.205e-14,3.88e-13,cell
LINC00336,0.0234,0.0008302,0.002508,cell
LOC653653,0.0109,0.03357,0.06171,cell
LINC01091,0.0526,3.809e-08,3.557e-07,cell
LOC90834,0.0175,0.0003841,0.001291,cell
VASP,-0.021,0.3684,0.46,cell
USP1,-0.1607,0.3684,0.46,cell
UQCRC2,-0.2476,0.002956,0.007591,cell
MC1R,0.1276,7.192e-12,1.526e-10,cell
MBP,-0.08,0.9358,0.9523,cell
FAM149B1,0.0043,0.006728,0.01546,cell
EIF4EBP1,-0.1232,0.102,0.159,cell
SART1,-0.0108,0.09433,0.1491,cell
CTHRC1,0.0436,0.0009677,0.00285,cell
ANKRD27,-0.0124,0.3994,0.4913,cell
ENKD1,0.0231,0.0125,0.02638,cell
KBTBD7,0.171,6.802e-06,3.725e-05,cell
L3MBTL1,0.0897,4.057e-07,2.996e-06,cell
SRD5A3,-0.097,0.3158,0.4067,cell
HECTD3,0.2086,1.02e-09,1.353e-08,cell
L3MBTL4,-0.0379,0.7906,0.8379,cell
LOC101559451,0.0038,0.4933,0.5825,cell
TMEM45A,0.1276,0.0007497,0.002302,cell
FRMD4A,0.0427,2.77e-07,2.116e-06,cell
CLN6,0.0597,0.0009686,0.002852,cell
ZNF287,0.1909,4.402e-07,3.228e-06,cell
PELI1,0.1373,0.0001239,0.0004815,cell
RCN3,0.0029,0.1562,0.2267,cell
CBX8,0.015,0.1923,0.2696,cell
PAPD7,0.0969,0.03232,0.05978,cell
NPIPA1##2,-0.0011,0.773,0.8234,cell
KLHDC2,-0.0088,0.9989,0.9991,cell
WBP4,-0.0091,0.2212,0.3031,cell
MDC1##4,0.2163,9.8e-09,1.051e-07,cell
CDC7,0.0846,5.474e-06,3.061e-05,cell
FXYD2,-0.2706,2.235e-18,1.353e-16,cell
SLC25A11,0.0461,0.1403,0.2076,cell
PRPF19,0.0981,0.001651,0.004565,cell
APEX2,0.01,0.2365,0.3204,cell
DHDH,-0.0181,0.9935,0.9955,cell
NEURL4,0.1264,2.026e-11,3.928e-10,cell
RANBP9,0.0507,0.1378,0.2045,cell
ABCA1,-0.3669,0.001943,0.005278,cell
CLASP1,0.1525,0.0001517,0.0005759,cell
AK6##1,-0.0197,0.3876,0.4793,cell
LMO7,-0.014,0.2418,0.326,cell
SLC41A2,0.0439,0.0002302,0.0008284,cell
PLEKHF2,-0.2966,0.00175,0.004816,cell
ZNF394,0.0148,0.2274,0.3103,cell
DSEL,0.0837,0.0001797,0.0006655,cell
ZBTB44,0.0334,0.0131,0.02749,cell
ELAVL1,0.0392,0.1654,0.2376,cell
MAFK,0.0141,0.03276,0.06049,cell
EDA,-0.0011,0.7748,0.8249,cell
LY75,-0.0441,0.04237,0.07532,cell
CELSR3,0.2918,1.075e-19,8.211e-18,cell
GALT,0.1165,3.534e-06,2.071e-05,cell
TEKT2,0.0599,9.338e-05,0.0003754,cell
ATP6V1H,-0.0685,0.4514,0.5423,cell
SEPT11,0.2668,3.415e-08,3.22e-07,cell
ACPP,0.196,0.0001602,0.0006032,cell
SMIM6,-0.0716,0.001282,0.003649,cell
NDUFB3,-0.0213,0.9798,0.9848,cell
ITCH,0.1345,0.0004623,0.001517,cell
ZW10,0.0117,0.4131,0.5047,cell
ZNF717,-0.0068,0.1427,0.2104,cell
RASA4B,0.0084,0.0001578,0.0005955,cell
UBE2B,-0.2909,4.192e-06,2.405e-05,cell
CLCN7,0.2152,3.108e-17,1.591e-15,cell
CREBL2,-0.1402,0.2515,0.3371,cell
CSNK2B##4,-0.0328,0.8002,0.8448,cell
GTPBP3,0.0699,4.159e-08,3.841e-07,cell
CCDC61,0.0046,0.05118,0.08853,cell
RAB2B,-0.0804,0.9998,0.9998,cell
SLAIN2,-0.0247,0.5115,0.5981,cell
LINC00526,0.0046,0.3337,0.4249,cell
SEC24A,0.0643,0.004393,0.01072,cell
USP22,0.0919,0.1885,0.2653,cell
DNAJC13,0.1051,0.0005468,0.001758,cell
ORMDL2,0.0849,0.03908,0.07038,cell
WDR37,0.0432,0.2075,0.287,cell
KIAA0930,0.006,0.6007,0.6771,cell
MRPS28,0.1105,0.0005465,0.001757,cell
SNRNP200,0.492,2.665e-11,5.071e-10,cell
NCAPD3,0.1542,1.082e-09,1.423e-08,cell
E4F1,0.1047,1.53e-05,7.628e-05,cell
LYSMD1,0.0056,0.5257,0.6114,cell
MOB3A,0.0129,0.3233,0.4143,cell
HIST3H2A,-0.0174,0.3683,0.46,cell
TMEM259,0.236,4.751e-17,2.316e-15,cell
SNORD50A,-0.0034,0.1961,0.2737,cell
MPP1,0.0775,0.07914,0.1287,cell
GNA11,0.0907,0.000117,0.0004574,cell
UPF1,0.0107,0.008616,0.0191,cell
GNAQ,0.1394,4.931e-05,0.0002143,cell
SEPW1,-0.389,2.789e-12,6.236e-11,cell
EIF5A,0.0642,0.08925,0.1423,cell
RBMS2,0.0127,0.04385,0.07764,cell
HNF1B##1,-0.0386,0.04812,0.084,cell
ASF1A,0.0028,0.638,0.7091,cell
NIPBL,0.1942,0.001651,0.004565,cell
MAPKAPK5-AS1,-0.1482,0.1469,0.2154,cell
PPIL4,-0.1172,0.5273,0.6124,cell
SAMD11,0.0647,0.009611,0.02102,cell
C1orf74,0.0302,0.1831,0.259,cell
ZNF569,0.1019,9.687e-06,5.119e-05,cell
C19orf25,0.0628,0.02965,0.05551,cell
TTC9B,0.008,0.0004134,0.001377,cell
ZNF583,0.0489,0.01411,0.0293,cell
ZNF565,0.0206,0.03573,0.06516,cell
DCP1B,0.0537,0.1117,0.1715,cell
TCP11L2,0.023,0.6107,0.6861,cell
EIF2B4,0.3378,2.627e-08,2.562e-07,cell
KIZ,0.1806,1.149e-05,5.931e-05,cell
GEMIN8,0.0277,0.0818,0.1324,cell
LGALS3BP,0.7229,3.069e-15,1.118e-13,cell
DUSP18,0.0503,0.001964,0.005331,cell
JUN,0.0137,0.9313,0.9493,cell
ITPR2,0.2365,1.271e-09,1.646e-08,cell
HNRNPA1,0.0369,0.04466,0.07887,cell
SMPD2,0.0437,0.003582,0.008954,cell
HMGB1,0.155,1.584e-10,2.561e-09,cell
HLA-G##4,0.0978,2.797e-10,4.22e-09,cell
EIF3A,0.0459,0.6539,0.7231,cell
ZNF362,0.0046,0.1383,0.2052,cell
CDHR3,0.0242,0.9381,0.9539,cell
TMEM18,-0.1716,0.005916,0.01385,cell
KCNH1,0.077,1.845e-05,9.01e-05,cell
MTURN,0.0125,0.1262,0.1904,cell
PHC1,0.0064,0.1355,0.2017,cell
BMPR1A,0.0022,0.4733,0.5637,cell
BNIP2,-0.056,0.477,0.5669,cell
DSP,-0.8911,6.318e-17,3.013e-15,cell
BAG1,-0.2057,0.0005553,0.00178,cell
KIF1A,0.5812,5.153e-17,2.503e-15,cell
ATG4C,0.0783,1.759e-06,1.11e-05,cell
GSTCD,0.0116,0.01061,0.0229,cell
LOC102723439,0.0053,0.0181,0.03632,cell
C9orf91,0.0112,0.6846,0.7481,cell
SHPRH,0.108,0.0007337,0.002259,cell
TCEANC2,0.0932,0.0002513,0.0008932,cell
RUNDC1,0.0957,3.631e-05,0.000164,cell
N4BP1,0.0071,0.3036,0.3934,cell
ZNF548,0.0512,0.06726,0.112,cell
ELF1,-0.0208,0.4217,0.5136,cell
MFSD5,-0.0172,0.9325,0.9499,cell
LCOR,0.0861,0.006466,0.01493,cell
C1orf127,0.7454,2.338e-30,1e-27,cell
LIN52,0.1097,0.0007619,0.002333,cell
BEX5,0.1351,2.04e-05,9.846e-05,cell
INHBA,0.1835,1.283e-06,8.432e-06,cell
STX2,0.035,0.2137,0.2943,cell
WSCD1,-0.0205,0.4241,0.5159,cell
ATMIN,-0.06,0.7421,0.7972,cell
ZRANB2-AS1,0.0016,0.1042,0.1619,cell
ZNF225,-0.0182,0.5041,0.5916,cell
NENF,0.1031,0.1568,0.2274,cell
TFPT,-0.0112,0.5382,0.622,cell
TIMM22,0.0851,0.0184,0.03685,cell
SEC61A1,0.7703,5.605e-19,3.68e-17,cell
SUB1,-0.1838,0.001058,0.003085,cell
MAN1A2,0.0472,0.1377,0.2044,cell
ATG4B,0.0958,0.003157,0.008029,cell
HCFC2,0.1418,5.947e-05,0.0002517,cell
YPEL1,0.0352,0.004476,0.01089,cell
SLC30A4,0.0306,0.176,0.2505,cell
ST8SIA5,0.0022,0.9614,0.9714,cell
ZDHHC1,-0.0287,0.8997,0.9243,cell
EFTUD1,0.1167,0.0007973,0.002422,cell
ANKDD1A,0.0236,7.97e-05,0.0003249,cell
OGFRL1,0.0434,0.006982,0.01594,cell
GALNT14,-0.0125,0.7696,0.8207,cell
NEFH,-0.0049,0.9964,0.9976,cell
NDUFV2,-0.1499,0.001685,0.004648,cell
ARFGEF3,0.0775,0.3076,0.3979,cell
SPTBN4,0.0888,3.293e-08,3.128e-07,cell
TANGO6,0.0542,0.004636,0.01123,cell
FBXL6,0.0311,2.126e-06,1.316e-05,cell
CERS4,0.0606,0.03743,0.06786,cell
SAP130,0.1521,0.0003368,0.00115,cell
TYW5,0.0016,0.0548,0.09375,cell
CARS2,0.0766,4.386e-05,0.0001931,cell
CORO7##1,0.1111,1.131e-10,1.896e-09,cell
NUBP2,0.0042,0.4889,0.5783,cell
EZH1,0.2155,2.42e-07,1.877e-06,cell
LTV1,-0.0855,0.7673,0.819,cell
ZNF799,-0.0279,0.9847,0.9886,cell
NR2F2,0.0028,0.07623,0.1246,cell
KHK,0.0283,0.07285,0.1198,cell
TNPO2,0.0708,0.0014,0.00395,cell
KATNBL1P6,-0.049,0.5318,0.6165,cell
PTPN18,0.1354,0.001801,0.004941,cell
FAM162A,-0.3883,1.646e-06,1.044e-05,cell
RPS18P9,0.0255,0.0345,0.06319,cell
NECAB3,0.0383,4.199e-05,0.0001857,cell
TMEM184A,0.0891,3.376e-08,3.19e-07,cell
KIF26B##1,0.0656,0.0002253,0.0008125,cell
SPIN2B,-0.033,0.004837,0.01164,cell
HMGXB4,-0.0092,0.2092,0.289,cell
PMS2P5,0.003,0.2815,0.3702,cell
JMY,0.0271,0.008483,0.01884,cell
NDUFAF6,-0.0185,0.2684,0.3561,cell
ZNF572,0.0377,0.0221,0.04324,cell
ARHGAP27##2,0.0101,0.07231,0.119,cell
NDUFA1,-0.2484,9.829e-06,5.18e-05,cell
PRKDC,0.3924,9.977e-08,8.529e-07,cell
POLE4,-0.0091,0.8965,0.922,cell
MCPH1,0.0038,0.006643,0.01529,cell
LOC90784,0.1047,2.418e-10,3.715e-09,cell
CTTNBP2NL,0.0548,0.0006558,0.002053,cell
ST7,0.1071,1.076e-05,5.61e-05,cell
AMY2B,-0.0011,0.3851,0.4769,cell
NDUFV3,0.0048,0.6288,0.7017,cell
DRAM1,-0.3089,1.087e-07,9.23e-07,cell
LAPTM4B,-0.294,0.0005181,0.001676,cell
CHDH,0.119,0.0001737,0.0006465,cell
METTL2B,0.0459,0.01177,0.02505,cell
BMP5,0.2466,0.0008695,0.0026,cell
POLI,0.0448,0.01441,0.02984,cell
SAMD4B,0.083,0.001563,0.004352,cell
HLA-L,0.0489,0.002184,0.005847,cell
ZNF767P,0.0218,0.2484,0.3335,cell
ACOX3,0.0032,0.02764,0.05236,cell
ESYT1,0.0701,0.3649,0.4567,cell
LINC00242,0.0349,0.001087,0.003154,cell
PGBD4,0.0482,0.002649,0.006905,cell
SH3BP4,0.0337,0.1674,0.2399,cell
PLEKHG3,-0.0383,0.08656,0.1387,cell
HACD1,-0.0226,0.5487,0.6316,cell
KLHL20,0.1024,0.008884,0.01962,cell
WIPF2,0.0759,0.04047,0.07248,cell
PARS2,0.0478,0.002157,0.005783,cell
SLC39A13,0.1279,4.618e-06,2.625e-05,cell
SMIM22,-0.0085,0.2744,0.3624,cell
TXNDC17,-0.1057,0.05874,0.09956,cell
RTN4IP1,0.0511,0.0286,0.05381,cell
MACF1,0.3802,1.149e-06,7.655e-06,cell
ABCB10,0.0905,6.603e-07,4.662e-06,cell
PGLS,0.0507,0.004612,0.01118,cell
FRAT2,-0.042,0.151,0.2205,cell
ELL2,0.0851,0.185,0.2612,cell
SHFM1,-0.1546,6.565e-05,0.0002744,cell
COMMD3,0.1008,0.008732,0.01933,cell
LMAN1,-0.023,0.7435,0.7985,cell
CHPF2,0.158,6.359e-07,4.509e-06,cell
TIMM10B,0.0294,0.1801,0.2556,cell
GNG3,0.0023,0.7842,0.8327,cell
ATP5H,-0.0416,0.3815,0.4734,cell
CCDC57,0.0695,2.44e-09,2.971e-08,cell
LRRC56,0.0165,0.268,0.3557,cell
INAFM2,-0.032,0.9367,0.9529,cell
GNPNAT1,0.052,0.001672,0.00462,cell
HYKK,0.0184,0.02173,0.04263,cell
SYT11,0.3686,1.753e-06,1.107e-05,cell
ZNF585B,0.1555,1.737e-05,8.543e-05,cell
ARVCF,0.1026,2.654e-09,3.203e-08,cell
INA,0.3993,1.261e-05,6.452e-05,cell
MFSD9,0.03,0.1491,0.2181,cell
HIST1H2BN,0.002,0.8281,0.8668,cell
ZNF850,0.0088,0.2278,0.3107,cell
INPP5E,0.047,3.027e-05,0.0001404,cell
AFF4,0.2461,0.0003444,0.001172,cell
C15orf39,0.0648,0.006108,0.01422,cell
CIRBP,0.4708,5.864e-11,1.052e-09,cell
LOC728554##1,-0.0041,0.3677,0.4593,cell
PIM2,0.0302,0.08737,0.1399,cell
STK36,0.103,0.00101,0.002959,cell
SLC16A3,-0.016,0.2524,0.3382,cell
ZNF467,0.0092,0.844,0.8804,cell
ZNF320,0.1033,0.0002017,0.0007377,cell
GPM6A,-0.3205,0.007277,0.01652,cell
CDPF1,0.0039,0.08746,0.14,cell
DPY19L3,0.0037,0.3386,0.4301,cell
CCDC74B,0.0227,0.007234,0.01644,cell
ZFP36,-0.0903,0.7042,0.765,cell
TMOD3,-0.081,0.5193,0.6053,cell
PABPC1L,-0.006,0.3027,0.3927,cell
CHAC1,-0.0323,0.3311,0.4223,cell
TSHR,0.0961,8.003e-12,1.687e-10,cell
CYFIP2,0.3158,1.394e-06,9.033e-06,cell
RYBP,-0.0894,0.8062,0.8498,cell
GTPBP4,0.0487,0.1167,0.1783,cell
ZNF510,0.0345,0.05675,0.09659,cell
LOXL1,-0.0055,0.6904,0.753,cell
LNPEP,0.1346,5.898e-06,3.271e-05,cell
SIX5,0.008,0.018,0.03617,cell
CYP46A1,0.0554,1.048e-06,7.05e-06,cell
ZNF214,0.0239,0.00145,0.004069,cell
SLC25A38,0.0189,0.1992,0.2775,cell
MTMR10##1,0.0044,0.07452,0.1222,cell
SAMM50,-0.0919,0.307,0.3971,cell
G2E3,-0.0894,0.3236,0.4147,cell
LRRC40,-0.0458,0.26,0.347,cell
PRDX4,0.4382,2.834e-10,4.266e-09,cell
ATP8A1,0.1289,8.649e-05,0.00035,cell
NXPH3,0.0029,0.3631,0.4549,cell
EMD,0.0979,3.926e-05,0.0001752,cell
CDC37L1,-0.2273,0.01527,0.03138,cell
RPS4Y1,0.6985,8.074e-19,5.188e-17,cell
INSR,-0.0011,0.8014,0.8459,cell
HPRT1,-0.2165,0.02391,0.04629,cell
CST3,0.3506,1.094e-11,2.235e-10,cell
RPLP0,0.4456,2.224e-17,1.165e-15,cell
TMEM160,0.033,0.002533,0.006648,cell
NELFCD,0.2183,0.0003286,0.001125,cell
NDUFAF3,0.1087,0.007573,0.01711,cell
DZIP1,0.0674,0.0001934,0.0007109,cell
POR,0.3925,1.044e-09,1.381e-08,cell
ORAI3,0.0399,0.08684,0.1391,cell
ARRDC1,0.1624,1.482e-13,4.109e-12,cell
CHMP4C,-0.0275,0.607,0.6827,cell
NGDN,-0.0758,0.6218,0.6954,cell
CRELD1,0.3042,1.608e-05,7.957e-05,cell
WHAMM,-0.0258,0.4438,0.5352,cell
CAP1,-0.0409,0.5744,0.6539,cell
USP19,0.2302,1.767e-10,2.826e-09,cell
DNAJC16,0.0475,0.01071,0.02308,cell
MAEA,0.1514,0.0001828,0.0006759,cell
CD83,-0.0645,0.5644,0.6448,cell
SNORA61,0.0145,0.003193,0.00811,cell
KIAA1211L,0.054,7.556e-05,0.0003098,cell
RASL11A,0.0076,0.2445,0.3291,cell
PRRT3,0.0859,3.569e-08,3.354e-07,cell
ASAH2B,-0.0055,0.1857,0.262,cell
SPRYD4,0.1096,0.003684,0.009183,cell
ZDHHC24,0.0264,0.001531,0.004273,cell
ZFX,0.0371,0.05295,0.09103,cell
ZNF174,0.0448,0.213,0.2935,cell
AHSA1,-0.133,0.3028,0.3928,cell
TMEM59L,0.3051,1.856e-17,9.845e-16,cell
ARL5A,-0.3362,5.439e-05,0.0002335,cell
VARS##4,0.173,1.08e-09,1.423e-08,cell
SNORA67,-0.0258,0.3086,0.3987,cell
ZNF609,0.0624,0.000174,0.0006471,cell
ACAP2,0.3214,1.702e-08,1.734e-07,cell
TRAPPC8,0.1016,0.0008309,0.002509,cell
KIAA0754,0.0476,0.002582,0.006751,cell
SNW1,0.0474,0.1908,0.2679,cell
ZHX3,0.2017,1.211e-06,8.024e-06,cell
PPP6R1,0.1342,1.4e-06,9.058e-06,cell
SEMA4C,0.0901,2.451e-08,2.407e-07,cell
PARM1,0.2,0.09435,0.1491,cell
NPDC1,0.1788,0.0001818,0.0006726,cell
KLF12,0.0887,1.141e-06,7.604e-06,cell
KLHL2,0.1088,0.002776,0.007193,cell
DAGLA,0.0335,0.0001043,0.0004137,cell
SNF8,0.0693,0.005478,0.01296,cell
XPOT,-0.3502,0.00084,0.00253,cell
UCKL1,0.0792,0.007209,0.01639,cell
WBP1L,0.0357,0.2768,0.3652,cell
SSH3,0.0242,0.1875,0.2643,cell
CYP4V2,0.1115,0.0007683,0.002349,cell
TSEN54,0.144,1.507e-07,1.236e-06,cell
GPAT2,0.0071,0.01388,0.02888,cell
C2CD4A,0.1832,9.992e-05,0.0003991,cell
FAM199X,-0.0246,0.07097,0.1173,cell
RALGPS1,0.2377,1.079e-05,5.626e-05,cell
ZMYM6NB,0.0466,0.08042,0.1305,cell
LOC103611081,0.0867,0.003074,0.007845,cell
LRRC8B,-0.1371,0.2109,0.2912,cell
TRMT61A,0.07,3.951e-05,0.0001763,cell
ADCK5,0.0487,1.526e-05,7.614e-05,cell
ATP1B1,0.004,0.752,0.8057,cell
MT1HL1,-0.0017,0.2689,0.3565,cell
CCSER1,0.0717,0.0002611,0.0009216,cell
HIP1,0.0513,0.002769,0.007183,cell
AP3B1,0.2979,1.011e-05,5.313e-05,cell
ZC3HC1,0.0526,0.005426,0.01286,cell
RHBDD3,0.1263,5.581e-10,7.864e-09,cell
TBC1D10B,0.0483,0.002914,0.007508,cell
RHOD,-0.015,0.8219,0.8624,cell
REXO2,-0.0091,0.973,0.9799,cell
ZNF805,0.0194,0.2015,0.2802,cell
UBE2Q2P1,0.0527,6.377e-10,8.874e-09,cell
WASH3P,0.0135,4.016e-07,2.97e-06,cell
LOC220729,0.0926,3.64e-05,0.0001644,cell
S100PBP,0.0411,0.01035,0.02242,cell
ZNF324B,0.0144,0.002879,0.007425,cell
RNF121,0.0851,0.01064,0.02294,cell
MIR100HG,-0.0485,0.6895,0.7521,cell
SPRY1,-0.0386,0.1367,0.2031,cell
DLL1##1,0.0261,0.0008279,0.002501,cell
SEC23A,-0.0883,0.3566,0.4485,cell
DDX25,0.127,0.000804,0.00244,cell
TAGLN3,-0.0319,0.526,0.6115,cell
SMC1B,0.0227,1.657e-05,8.173e-05,cell
EP400,0.1565,1.166e-07,9.829e-07,cell
MCM5,0.0942,0.0002793,0.000978,cell
LASP1,0.1281,0.0001852,0.0006836,cell
KCNJ6,0.3019,5.576e-09,6.314e-08,cell
RPS12,-0.3976,5.32e-15,1.823e-13,cell
ITGA6,-0.0059,0.9409,0.9559,cell
RPS9,-0.0668,0.2892,0.3781,cell
RPS8,-0.3315,6.832e-16,2.77e-14,cell
ISG20,-0.0232,0.1943,0.2719,cell
RPS5,0.1161,0.1688,0.2417,cell
RPS6,-0.0452,0.0265,0.05058,cell
GNAO1,0.2825,2.763e-16,1.186e-14,cell
CBLC,0.0357,0.0007458,0.002291,cell
TOMM6,-0.0714,0.2532,0.3392,cell
DNASE1L1,0.0884,7.212e-09,7.995e-08,cell
C5orf66,0.0434,2.86e-06,1.709e-05,cell
BCL10,-0.1535,0.003506,0.008784,cell
ADCYAP1,0.028,0.3473,0.4391,cell
EBNA1BP2,0.1402,0.001705,0.004697,cell
CHMP2A,0.0418,0.8544,0.8892,cell
TNFRSF21,0.159,0.07631,0.1247,cell
ZNF814,0.2115,7.08e-17,3.341e-15,cell
CLDN3,-0.113,0.07519,0.1232,cell
TBCB,-0.1618,0.002572,0.006729,cell
MLST8,0.1615,3.409e-05,0.0001552,cell
C12orf76,-0.2057,0.004702,0.01136,cell
FLJ44635,0.0014,0.919,0.939,cell
RNF207,0.0221,0.04784,0.08358,cell
ZNF264,0.1989,7.91e-09,8.682e-08,cell
CROCC,0.0315,1.371e-05,6.943e-05,cell
FAM50B,-0.0327,0.9983,0.9989,cell
CLDN12,-0.5347,2.154e-08,2.143e-07,cell
PRKCH,0.0033,0.1187,0.1807,cell
CDC42EP4,0.0027,0.6632,0.7303,cell
XRCC1,0.0078,0.2861,0.375,cell
SMC1A,0.1503,0.001909,0.005194,cell
RPS15,-0.0177,0.4116,0.5034,cell
P4HB,1.2171,1.574e-39,2.087e-36,cell
MAGI2,0.1986,1.664e-11,3.283e-10,cell
KEAP1,0.2204,0.0001246,0.000484,cell
ATP6V0C,-0.3915,6.308e-24,9.725e-22,cell
BCAM,0.0622,7.48e-05,0.000307,cell
MRE11A,-0.0125,0.02417,0.04672,cell
LRRC41,0.3087,1.82e-06,1.144e-05,cell
CREB3,0.1467,0.01309,0.02748,cell
GADD45G,-0.0282,0.9403,0.9555,cell
JTB,0.0696,0.2486,0.3337,cell
NUDT3,-0.0085,0.05229,0.0901,cell
SHPK,0.109,5.613e-06,3.134e-05,cell
PCSK1N,0.3995,7.227e-10,9.901e-09,cell
PRSS50,0.064,5.083e-11,9.245e-10,cell
MARCH5,-0.3721,1.559e-05,7.763e-05,cell
KANSL2,-0.0175,0.3379,0.4294,cell
MARC2,0.032,0.03437,0.06298,cell
UBE2R2,0.0083,0.05656,0.09629,cell
TMEM260,0.0053,0.1564,0.2269,cell
YTHDF1,-0.0017,0.4373,0.529,cell
TMEM186,0.1281,0.000135,0.0005185,cell
BTBD2,0.0594,6.191e-05,0.000261,cell
RPS21,-0.2105,5.432e-08,4.887e-07,cell
LCAT,-0.0065,0.3002,0.3899,cell
EXT1,0.0385,0.0009225,0.002734,cell
ERCC6,0.1495,2.481e-08,2.433e-07,cell
RPS16,-0.0902,0.03926,0.07067,cell
C4orf27,0.0403,0.1411,0.2085,cell
INTS8,0.1267,0.0001626,0.0006113,cell
AMIGO3,0.0619,2.577e-07,1.988e-06,cell
GPR148,-0.0051,0.7855,0.8336,cell
NCKAP5,-0.0082,0.9171,0.9375,cell
LRGUK,0.0267,9.088e-08,7.861e-07,cell
HIST1H4C,-0.087,0.3572,0.4491,cell
ZNF250,0.0201,0.03671,0.06674,cell
GOLIM4,0.1711,1.017e-10,1.716e-09,cell
RPS6KA6,0.0283,0.01224,0.0259,cell
SART3,0.2206,3.644e-07,2.727e-06,cell
DCPS,-0.052,0.02924,0.05481,cell
LRIG1,0.2141,3.755e-05,0.0001687,cell
RPAP1,0.1648,1.215e-07,1.019e-06,cell
THRAP3,-0.0161,0.9832,0.9875,cell
PIBF1,0.0731,5.484e-05,0.0002349,cell
GMCL1P1,0.0011,0.6155,0.6902,cell
FAM102A,0.4924,2.158e-10,3.367e-09,cell
TRAPPC4,-0.066,0.5068,0.5939,cell
DDX19A,0.1105,5.706e-05,0.0002432,cell
RAB10,-0.2042,0.00343,0.008624,cell
KCTD3,-0.094,0.7963,0.8419,cell
MYT1,0.0802,5.464e-06,3.058e-05,cell
ZNF45,0.0287,0.01473,0.03043,cell
CARD10,-0.019,0.2737,0.3616,cell
STX5,0.1101,2.843e-09,3.412e-08,cell
IGSF9B,0.0124,0.1334,0.1992,cell
PGRMC2,-0.0267,0.3521,0.4441,cell
PCGF3,0.5679,6.008e-22,6.273e-20,cell
NCOR2,0.3774,1.484e-13,4.109e-12,cell
SNORA19,-0.0092,0.0005016,0.001629,cell
RPS23,-0.4538,3.834e-18,2.25e-16,cell
PDE3A,0.3017,1.514e-12,3.605e-11,cell
DCK,-0.154,0.2197,0.3014,cell
PC,0.0572,5.687e-05,0.0002426,cell
WAPAL,0.0837,0.007922,0.01778,cell
SETX,0.3856,6.863e-08,6.071e-07,cell
ZADH2,-0.0688,0.1974,0.2754,cell
PRPS1L1,-0.0005,0.868,0.8999,cell
CCDC71L,-0.0106,0.6421,0.7126,cell
ENTPD2,0.0269,0.1258,0.1899,cell
TPCN1,0.3683,2.425e-22,2.772e-20,cell
NRBP1,0.0336,0.5436,0.627,cell
FADS1,0.4557,6.865e-11,1.21e-09,cell
FAM216A,0.0104,0.009927,0.0216,cell
GLO1,-0.0661,0.5298,0.6148,cell
TCERG1,-0.0063,0.4477,0.539,cell
FLRT3,-0.0783,0.0155,0.03177,cell
MAGEL2,0.1689,4.44e-07,3.252e-06,cell
COMMD8,-0.1306,0.2757,0.3639,cell
MRPL16,-0.0008,0.537,0.6211,cell
DNAJC28,0.0219,0.141,0.2084,cell
ADPRHL2,-0.0107,0.8242,0.8645,cell
FH,0.2381,6.606e-05,0.0002757,cell
FECH,-0.0426,0.8275,0.8663,cell
RPS29,-0.2574,2.777e-09,3.339e-08,cell
FAH,0.0437,0.0002744,0.0009628,cell
RPS28,0.0003,0.6806,0.7448,cell
RPS27,-0.0827,1.518e-09,1.931e-08,cell
SASS6,-0.0096,0.6108,0.6861,cell
ING3,-0.0512,0.75,0.8039,cell
MTRNR2L10,-0.0073,0.0117,0.02491,cell
SLC5A10,-0.0015,0.4009,0.4927,cell
FXYD2##1,-0.149,3.265e-19,2.232e-17,cell
WDR89,-0.1239,0.3367,0.4283,cell
DTD2,0.0671,0.0001675,0.0006273,cell
ERI2,0.0418,0.002922,0.007527,cell
PEX11G,0.0078,0.1945,0.2721,cell
ZC3HAV1L,0.0157,0.04243,0.07541,cell
CDKN2AIPNL,0.1017,0.000644,0.002022,cell
CCDC34,-0.0149,0.07534,0.1234,cell
ATP6V1E2,-0.0389,0.24,0.3241,cell
TMEM41A,-0.0381,0.3854,0.4771,cell
BUD13,0.0714,0.1855,0.2619,cell
SUGT1P3,0.0097,0.04658,0.08171,cell
ATXN7L3B,0.3138,0.0006618,0.002068,cell
FBXO33,-0.0275,0.4966,0.5849,cell
ZGLP1,0.033,9.895e-05,0.0003956,cell
C18orf32,-0.0465,0.008082,0.01809,cell
GALE,0.084,0.000441,0.001458,cell
NARS,-0.0946,0.1228,0.1861,cell
LRRC29,0.0126,0.01421,0.02947,cell
FBXL3,-0.1432,0.9823,0.987,cell
JMJD4,0.0762,1.256e-09,1.63e-08,cell
GNL2,0.09,0.05474,0.09372,cell
F8A1,-0.01,0.01316,0.02757,cell
CAMSAP2,0.0313,0.003115,0.007937,cell
EARS2,0.0674,0.03837,0.06927,cell
UHRF1BP1L,-0.0165,0.146,0.2144,cell
ZNF773,0.0156,0.2771,0.3654,cell
CMTR1,0.2442,7.821e-15,2.619e-13,cell
TRAK2,0.1677,1.778e-06,1.119e-05,cell
FAIM2,0.0878,2.673e-05,0.000126,cell
GPATCH2,0.0485,0.0008732,0.002609,cell
UBA3,-0.1281,0.5672,0.6471,cell
UBE2L6,-0.1691,0.03732,0.0677,cell
GRHL1,0.0954,4.789e-06,2.715e-05,cell
DHRS3,-0.1607,2.236e-06,1.379e-05,cell
ARSK,0.086,0.0001376,0.000528,cell
ABHD15,-0.0071,0.7657,0.8175,cell
MRFAP1L1,-0.3337,2.343e-05,0.0001114,cell
GCH1,-0.1665,0.5871,0.6649,cell
MUT,-0.0738,0.6883,0.7514,cell
MTR,0.1159,0.0006355,0.002,cell
FUT1,-0.019,0.8283,0.867,cell
ZNF416,0.0404,0.03678,0.06685,cell
C2orf42,0.1477,0.000863,0.002585,cell
SLC35F6,0.4035,1.037e-11,2.135e-10,cell
AHCTF1,0.0887,1.349e-05,6.857e-05,cell
THG1L,0.0109,0.0541,0.09276,cell
ANO8,0.0123,0.6857,0.7491,cell
HERC2P9##1,0.031,8.1e-05,0.0003298,cell
CCNT2,-0.0953,0.6543,0.7233,cell
PKD1P1##1,0.0014,0.1357,0.2019,cell
ACTG1P17,0.0141,0.0002067,0.0007532,cell
TFAMP1,0.0045,0.3555,0.4475,cell
CCDC159,0.0171,0.2073,0.2868,cell
HEXB,0.0433,0.7731,0.8235,cell
NEAT1,1.3265,3.569e-25,6.483e-23,cell
MIR27B,0.0154,3.415e-07,2.564e-06,cell
MIR23B,0.0036,0.002771,0.007184,cell
ABCD1,0.0068,0.2104,0.2905,cell
CCDC137,0.0894,6.597e-05,0.0002755,cell
FAM179A,0.0594,1.315e-10,2.168e-09,cell
CCNG1,-0.6638,4.202e-10,6.07e-09,cell
IRF2BP1,-0.0295,0.8948,0.9212,cell
GPR150,0.0082,0.01065,0.02296,cell
DNAH10##1,0.0169,0.06586,0.11,cell
LOC730102,-0.0075,0.217,0.2982,cell
SNORA25,-0.0126,0.585,0.6631,cell
XPO1,-0.0604,0.7278,0.7854,cell
HIST2H2BE,0.1464,0.009098,0.02002,cell
HIST1H2BC,-0.0024,0.1463,0.2147,cell
VRK1,-0.0763,0.8675,0.8998,cell
VLDLR,-0.2603,0.001061,0.00309,cell
ATXN1L,0.0984,0.01192,0.02532,cell
ZNF860,-0.0008,0.5101,0.597,cell
ATP5B,0.0414,0.1513,0.2209,cell
MAP2K6,0.0102,0.3824,0.4742,cell
SEPT5-GP1BB,0.013,3.209e-05,0.0001472,cell
LINC01061,0.0077,0.01468,0.03032,cell
LINC01578,-0.1476,0.07773,0.1268,cell
CCDC93,0.1259,0.01123,0.02404,cell
BRAF,-0.0551,0.7183,0.7771,cell
NEURL1,0.396,2.245e-12,5.15e-11,cell
CLK2P,0.0138,0.0004815,0.001571,cell
GREM2,-0.2964,8.117e-14,2.345e-12,cell
IKZF4,0.0595,0.02444,0.04715,cell
XPO4,0.0939,6.069e-05,0.0002563,cell
NOL9,0.1817,3.775e-09,4.433e-08,cell
ZNF81,0.0969,0.0005475,0.00176,cell
RNF10,0.2427,0.000157,0.000593,cell
KBTBD11,0.1306,1.545e-11,3.072e-10,cell
LOC646762,0.0058,0.4725,0.5629,cell
ZNF319,0.0299,0.2833,0.3719,cell
THAP1,-0.0577,0.6885,0.7514,cell
ZNF175,-0.0083,0.1325,0.198,cell
VEZF1,0.2119,0.0001734,0.0006456,cell
CYP20A1,0.1385,1.612e-05,7.967e-05,cell
LSM2,-0.0027,0.2446,0.3293,cell
ZNF460,0.1119,0.002418,0.006383,cell
VAMP5,-0.0123,0.8258,0.8651,cell
NOG,-0.0045,0.004325,0.01058,cell
SMC3,-0.0277,0.9911,0.9935,cell
MAGED1,0.8773,4.702e-20,3.801e-18,cell
UTRN,0.2279,1.453e-05,7.3e-05,cell
FSTL1,-0.0175,0.02762,0.05233,cell
RABL2A,0.0182,3.77e-05,0.0001693,cell
LSM6,-0.1237,0.004089,0.01007,cell
FICD,0.2278,3.275e-09,3.894e-08,cell
MKRN9P,-0.0034,0.3229,0.414,cell
FBXW4P1,0.0322,1.147e-07,9.686e-07,cell
PDHB,-0.1406,0.05965,0.1009,cell
KIF9-AS1,-0.0048,0.409,0.5008,cell
ZFP30,0.0923,0.004018,0.009909,cell
FKBP8,-0.02,0.6117,0.6869,cell
CEP170B,0.0657,1.856e-08,1.874e-07,cell
FBXO8,-0.0825,0.6367,0.7083,cell
FBXW8,0.0563,0.002609,0.006815,cell
C11orf24,0.0829,0.01599,0.03263,cell
TCTA,0.4276,9.88e-11,1.671e-09,cell
TMEM120A,-0.0491,0.7273,0.7849,cell
C10orf11,-0.0277,0.9753,0.9813,cell
RSPH3,0.0262,0.09626,0.1516,cell
FRMD8,0.1446,1.742e-08,1.771e-07,cell
TATDN1,-0.135,0.0812,0.1315,cell
EIF2A,-0.1979,0.06988,0.1158,cell
CDKL1,0.0189,0.006513,0.01502,cell
LRRTM2,0.0109,0.2115,0.2918,cell
UBXN7,0.1613,0.0005607,0.001797,cell
SSNA1,0.0113,0.1527,0.2225,cell
RFXAP,-0.0128,0.1723,0.2459,cell
LOC100996654,-0.0191,0.8583,0.8925,cell
PRKAG2-AS1,-0.003,0.1874,0.2642,cell
SLC6A6,0.0708,0.4388,0.5304,cell
GOLGA6L9##1,0.0059,0.06921,0.1149,cell
GCNT3,-0.0483,0.1131,0.1734,cell
BECN1,0.0554,0.1947,0.2724,cell
VAMP8,-0.0009,0.6045,0.6807,cell
LINC01278,0.0661,0.1281,0.1927,cell
STX12,-0.3831,1.824e-05,8.928e-05,cell
TNFAIP1,0.1059,0.002444,0.006433,cell
RPS6KA2,-0.0301,0.2774,0.3657,cell
PPA1,-0.342,1.195e-06,7.931e-06,cell
MRPL46,0.0271,0.4298,0.5215,cell
THAP10,-0.069,0.1336,0.1994,cell
NUPR1L,-0.0128,0.74,0.7957,cell
TFG,0.0832,0.5506,0.6332,cell
ANGPTL1,0.029,0.6141,0.6892,cell
ENO2,-1.143,1.439e-26,3.407e-24,cell
THOP1,0.1509,2.194e-13,5.912e-12,cell
PRR36,-0.0088,0.6051,0.6811,cell
GLYR1,0.1901,4.251e-08,3.912e-07,cell
HIATL1,-0.0605,0.5304,0.6152,cell
CFL1,0.0462,0.574,0.6536,cell
CPA2,0.016,9.032e-06,4.81e-05,cell
UBE2Q2P2##1,-0.0113,0.3368,0.4284,cell
CRP,-0.0037,0.00117,0.003366,cell
SBDSP1,-0.2165,0.002961,0.007601,cell
ARHGAP1,0.2859,9.226e-08,7.955e-07,cell
ALDH3A2,0.0585,0.004923,0.01182,cell
SLC22A15,-0.119,0.09979,0.1561,cell
STARD10,0.1826,5.631e-05,0.0002405,cell
SDCCAG3,0.0565,0.0007034,0.002178,cell
MAPK8IP1,0.04,0.003188,0.008098,cell
ABHD12,0.4729,9e-11,1.54e-09,cell
ARHGAP17,0.0416,0.0585,0.09919,cell
ERC2,0.0253,0.1026,0.1598,cell
FKBP3,-0.0187,0.6389,0.7098,cell
RPS19,-0.1197,0.01398,0.02906,cell
PDE3B,-0.0351,0.1885,0.2653,cell
RPS17##1,-0.1587,0.0003244,0.001113,cell
CTRB1,0.0062,0.05846,0.09913,cell
CSNK2A2,0.0329,0.09539,0.1505,cell
RPS15A,-0.4059,2.72e-17,1.398e-15,cell
RPS13,-0.2111,1.961e-06,1.222e-05,cell
RPS11,-0.0987,0.002361,0.006249,cell
RPL21,-0.1291,1.389e-05,7.023e-05,cell
RPS7,-0.0774,0.001192,0.003421,cell
OPRD1,-0.0749,2.901e-10,4.342e-09,cell
SNRPG,-0.0722,0.003406,0.008572,cell
SNRPF,-0.0964,0.01804,0.03624,cell
SCN9A,-0.0035,0.3164,0.4072,cell
IGHMBP2,0.0934,7.447e-05,0.0003059,cell
EIF3B,0.0596,0.05198,0.08968,cell
SNRPB2,-0.2176,0.001326,0.003756,cell
ID2,-0.5731,0.000117,0.0004574,cell
SNRPB,-0.0412,0.4562,0.5466,cell
ID3,-0.0006,0.9589,0.9694,cell
ICAM3,0.0377,1.566e-08,1.614e-07,cell
HSPE1,-0.4132,1.594e-20,1.41e-18,cell
CD82,-0.1019,0.001772,0.004868,cell
JUNB,0.3508,2.371e-05,0.0001126,cell
ANKLE2,0.0402,0.1235,0.1869,cell
NPAT,0.0275,0.1332,0.1989,cell
APEH,0.1415,0.0008732,0.002609,cell
PGAM2,0.0583,7.443e-10,1.014e-08,cell
ENTPD6,0.1646,0.0001352,0.000519,cell
LRPPRC,0.0224,0.3627,0.4545,cell
SMCR8,0.0626,0.0748,0.1226,cell
RBM11,-0.059,0.7059,0.7666,cell
FBRSL1,0.0006,0.7252,0.783,cell
DRG2,0.1381,0.0002382,0.0008528,cell
CHGB,1.4005,4.4e-26,9.409e-24,cell
ZNF282,0.0022,0.3083,0.3984,cell
FGF9,-0.0063,0.2596,0.3466,cell
CTSC,-0.0632,0.02682,0.05112,cell
ZNF639,-0.2014,0.01286,0.02704,cell
DDX52##1,0.094,0.001758,0.004835,cell
RAC1,-0.1966,0.001449,0.004067,cell
LOC100499489,-0.006,0.7587,0.8109,cell
UBAC2-AS1,0.0445,0.0007194,0.002221,cell
CCNT2-AS1,-0.002,0.9198,0.9394,cell
GGPS1,-0.1855,0.1306,0.1958,cell
NEUROD1,0.1003,0.3618,0.4536,cell
NDUFA6,-0.209,0.0001657,0.0006217,cell
NDN,-0.0425,0.7793,0.8288,cell
RAE1,-0.1114,0.3258,0.4169,cell
EIF3F,-0.1086,0.02684,0.05114,cell
EIF3D,0.0538,0.6292,0.702,cell
TPST1,-0.2114,0.01312,0.02751,cell
TPST2,-0.0155,0.7235,0.7815,cell
TTF2,0.0617,0.00359,0.008969,cell
SOX15,-0.004,0.2425,0.3268,cell
GRB14,-0.0536,0.07879,0.1282,cell
GCSH,0.003,0.2606,0.3477,cell
GALNT3,0.002,0.07418,0.1217,cell
FRG1##1,-0.0489,0.1848,0.2609,cell
CA11,0.0354,0.05921,0.1003,cell
RPGR,-0.012,0.08443,0.1358,cell
ROM1,-0.0055,0.4884,0.5779,cell
LRRC34,0.0415,0.001882,0.00513,cell
IFT80,0.0687,0.006014,0.01404,cell
CES4A,0.073,0.01961,0.03892,cell
WRB,-0.2663,0.002549,0.006683,cell
DNAJA1,-0.473,2.209e-07,1.739e-06,cell
SDC4,0.0474,0.1885,0.2653,cell
TMEM62,-0.0084,0.2837,0.3722,cell
MIR3685,-0.0058,0.0131,0.02749,cell
MIR3661,-0.0011,0.2707,0.3585,cell
MIR3671,0.0,0.5301,0.615,cell
MIR3654##1,0.0368,0.006951,0.01589,cell
MIR3620,-0.0024,0.9299,0.9482,cell
TCEB3-AS1,0.0163,0.0002815,0.0009838,cell
LOC100506844##1,0.0826,0.002962,0.007603,cell
ZBTB48,0.0832,2.617e-06,1.582e-05,cell
ELF3,-0.5227,3.744e-16,1.586e-14,cell
ASNA1,0.1763,9.492e-06,5.031e-05,cell
SCAF11,-0.0016,0.386,0.4777,cell
DCHS1,-0.0209,0.4501,0.5411,cell
RNASET2,0.0739,0.002313,0.006138,cell
EHD3,0.0994,1.039e-05,5.444e-05,cell
SLC40A1,-0.039,0.4688,0.5593,cell
GPR89B,-0.0229,0.04972,0.08633,cell
LTN1,0.1222,0.0006643,0.002075,cell
KCNG3,-0.0098,0.1759,0.2503,cell
GALNT18,-0.0145,0.1998,0.2782,cell
NHLRC2,0.1931,0.0004433,0.001465,cell
RPL7L1,-0.0345,0.5088,0.5958,cell
C19orf54,0.0263,0.3251,0.4163,cell
KANK3,-0.0033,0.9429,0.957,cell
MMS22L,0.0557,0.000742,0.002282,cell
CCDC23,-0.1671,2.94e-06,1.753e-05,cell
UBE2NL,0.0002,0.4622,0.5529,cell
TMEM179B,-0.1019,0.0897,0.1429,cell
FAHD2B,0.0131,0.05226,0.09009,cell
C9orf142,0.0462,0.03508,0.06407,cell
LOC101927560,0.0286,0.001514,0.00423,cell
LOC101927587,0.0259,0.00598,0.01397,cell
DUSP4,0.0173,0.1394,0.2064,cell
NIPA1,-0.0465,0.9773,0.9829,cell
UNC119,-0.0343,0.3591,0.4509,cell
SNAP47,0.0528,0.1074,0.1662,cell
MIA2,-0.126,0.02095,0.04129,cell
DACH2,-0.0774,0.9443,0.9581,cell
CLIC6,-0.0554,0.002855,0.007374,cell
TAS2R20,-0.011,0.01684,0.03412,cell
FBXO42,-0.0213,0.6235,0.6967,cell
INADL,0.1363,0.005905,0.01384,cell
KMT2E-AS1,-0.0472,0.4685,0.5591,cell
TNFRSF1A,-0.1364,0.0454,0.07998,cell
TCP1,-0.5552,2.019e-10,3.164e-09,cell
SGPP1,-0.069,0.1205,0.1832,cell
ITFG1,0.2779,0.003937,0.009729,cell
PTDSS2,0.0104,0.09835,0.1542,cell
MAP2K2,0.027,0.1259,0.1901,cell
ZNF436,0.0256,0.3189,0.4098,cell
EIF3IP1,-0.0056,0.2879,0.3766,cell
R3HDM4,-0.0492,0.3517,0.4437,cell
CCDC126,-0.0502,0.4011,0.4929,cell
CCDC74A,0.0113,0.02,0.03962,cell
PRKRIR,-0.0205,0.2689,0.3565,cell
ZPR1,-0.1261,0.1612,0.2326,cell
TSHZ1,0.1227,0.001168,0.003363,cell
ALYREF,-0.0487,0.233,0.3165,cell
TNK2,0.1239,8.419e-19,5.341e-17,cell
EIF2D,0.125,0.0002017,0.0007377,cell
RBM6,0.2497,7.492e-07,5.212e-06,cell
SORBS3,0.0174,0.2197,0.3014,cell
NUDT9P1,0.0129,0.04565,0.08034,cell
APRT,-0.0021,0.4683,0.5589,cell
SERPINE1,-0.0001,0.9155,0.9362,cell
BTBD10,-0.1853,0.06138,0.1033,cell
LSM8,-0.012,0.4485,0.5399,cell
FAM229A,-0.0077,0.01525,0.03134,cell
STK24,-0.1066,0.3561,0.4479,cell
RFWD2,-0.0038,0.1349,0.201,cell
ZNF497,0.0106,0.06636,0.1107,cell
P2RX6,0.0367,0.0002462,0.0008763,cell
POLR2J,-0.0536,0.3314,0.4226,cell
POLR2I,-0.0895,0.01748,0.03524,cell
TMEM198,0.0942,2.625e-07,2.02e-06,cell
LNX2,-0.002,0.2237,0.3061,cell
TMTC2,-0.0062,0.1606,0.232,cell
C11orf65,-0.0122,0.5083,0.5955,cell
USP54,0.2045,1.657e-10,2.666e-09,cell
GEMIN8P4,0.0072,0.3902,0.4819,cell
AGAP5,0.0056,0.07682,0.1255,cell
ZBTB20-AS1,0.0363,7.908e-06,4.266e-05,cell
PAXBP1-AS1,0.075,0.004265,0.01046,cell
LOC100507346,0.0171,0.004631,0.01122,cell
RNF157-AS1,0.0215,0.1393,0.2063,cell
C12orf75,-0.3092,0.0001047,0.0004152,cell
SND1-IT1,-0.0018,0.3192,0.41,cell
MEX3C,-0.0184,0.2235,0.3058,cell
PUS7,0.0499,0.02138,0.04205,cell
PCDHB7,0.0548,0.0007923,0.00241,cell
KDM3B,0.2171,3.332e-08,3.156e-07,cell
PCDHB4,0.1118,0.0001041,0.000413,cell
EXOSC4,0.0272,0.02876,0.05404,cell
PCDHB14,0.0333,0.3067,0.3968,cell
PCDHB13,-0.0112,0.8773,0.9074,cell
LINC01000,0.0836,1.956e-09,2.433e-08,cell
KIAA1919,0.0953,0.002043,0.005515,cell
PPM1B,0.0089,0.113,0.1732,cell
KIAA0430,0.0593,0.006839,0.01567,cell
LOC407835,0.0021,0.5341,0.6183,cell
SMKR1,-0.0033,0.2135,0.294,cell
ZNF843,0.013,0.004444,0.01083,cell
ZNF608,0.1238,6.392e-06,3.524e-05,cell
MESTIT1,0.0851,0.002055,0.005544,cell
PNN,-0.017,0.6282,0.7012,cell
LINC-PINT,0.0287,0.02225,0.04349,cell
ASB16-AS1,0.0167,0.01061,0.0229,cell
GLUD1P3,0.0312,0.0003028,0.001048,cell
LOC101926908,0.0446,1.407e-07,1.161e-06,cell
CYP2J2,-0.0199,0.4359,0.5276,cell
GUSBP4,0.0778,1.522e-05,7.601e-05,cell
LOC101927415,-0.0109,0.1723,0.2459,cell
MVB12B,0.013,0.2105,0.2906,cell
DPY19L1,0.0097,0.02242,0.04378,cell
FLVCR1,0.2688,5.742e-10,8.074e-09,cell
ACAD9,0.1514,7.874e-05,0.0003215,cell
MAP3K4,0.1083,2.042e-05,9.853e-05,cell
DERL1,-0.1297,0.1032,0.1606,cell
ZMIZ2,0.1279,1.867e-13,5.094e-12,cell
SELO,0.0895,4.745e-11,8.667e-10,cell
ZNF426,0.11,0.0005461,0.001757,cell
RILP,0.0264,0.001646,0.004555,cell
UBL5,-0.2759,3.643e-12,7.971e-11,cell
FKRP,0.0455,0.01691,0.03424,cell
THAP2,-0.0247,0.3038,0.3937,cell
TMEM185B,-0.144,0.1022,0.1593,cell
COG3,0.07,0.00407,0.01003,cell
JHDM1D-AS1,-0.0786,0.07099,0.1174,cell
AGT,0.7099,4.086e-15,1.445e-13,cell
ACAT1,0.0071,0.6504,0.72,cell
NDUFB2-AS1,0.0148,0.7324,0.7896,cell
PMCHL2,0.014,8.156e-07,5.609e-06,cell
SF3B3,0.1861,0.004717,0.01139,cell
EXOC3-AS1,0.0648,2.211e-07,1.739e-06,cell
SETD6,0.1618,9.749e-07,6.599e-06,cell
IWS1,0.187,0.0001527,0.0005792,cell
STARD9,0.0047,0.1817,0.2573,cell
SERINC1,-0.4972,8.033e-14,2.331e-12,cell
MCTS2P,0.0193,0.05994,0.1013,cell
LOC728024,0.0208,0.2324,0.316,cell
KGFLP2,0.0039,0.1001,0.1565,cell
LOC154761,0.0053,0.4333,0.5251,cell
PSMB1,0.2228,0.004397,0.01073,cell
PSMA7,-0.2134,8.724e-05,0.0003526,cell
PSMA2,-0.0324,0.5298,0.6148,cell
PCK2,0.0106,0.4328,0.5247,cell
HIST1H1E,0.1393,4.306e-16,1.801e-14,cell
HIST1H1C,0.1851,6.741e-05,0.0002807,cell
H1F0,-0.3438,0.0003946,0.001322,cell
TAF6L,0.0761,0.0004249,0.00141,cell
PDIA3,0.9631,2.366e-35,2.092e-32,cell
IVNS1ABP,-0.0088,0.3269,0.4178,cell
TRIM16,0.0076,0.03431,0.0629,cell
SEPHS2,-0.2822,0.0006838,0.002129,cell
POLR3G,0.0456,0.0008217,0.002486,cell
ARID3B,-0.0073,0.4518,0.5426,cell
GPR37,0.0951,1.102e-08,1.172e-07,cell
GPR3,-0.0102,0.7659,0.8177,cell
MXD4,0.0672,0.0002662,0.000937,cell
TBL3,0.0201,0.1155,0.1766,cell
GLUD1,0.0927,0.0155,0.03178,cell
GFER,0.0393,0.004899,0.01177,cell
GHDC,0.0238,0.004389,0.01072,cell
MRPL36,-0.0199,0.5151,0.6013,cell
MRPL38,0.1473,5.86e-08,5.254e-07,cell
MRPL41,-0.0523,0.465,0.5557,cell
MRPS6,-0.1711,0.004304,0.01054,cell
BRMS1L,-0.0102,0.1274,0.1918,cell
ACTR5,0.0314,0.05298,0.09105,cell
ATAD5,-0.0037,0.0004505,0.001486,cell
TCEAL4,0.0484,0.2479,0.3329,cell
MRM1##1,0.0584,9.982e-05,0.0003988,cell
RIN3,0.0056,0.002287,0.006082,cell
ADCK4,0.1919,5.62e-10,7.912e-09,cell
KIAA0319L,0.3111,2.774e-10,4.19e-09,cell
SEC22B,0.0715,0.02968,0.05553,cell
LOC100996342,-0.0178,0.5666,0.6466,cell
LINC01003,-0.033,0.8466,0.8822,cell
TUT1,0.0813,0.00274,0.007121,cell
DCLRE1B,0.0094,0.7902,0.8376,cell
VWA1,-0.034,0.3343,0.4255,cell
PAXIP1,0.026,0.5403,0.624,cell
TMEM125,0.1846,4.931e-06,2.786e-05,cell
C7orf13,-0.0709,0.1258,0.1899,cell
MNX1-AS1,0.0657,2.856e-05,0.0001333,cell
ENTPD1-AS1,-0.0027,0.6572,0.7255,cell
PPP1R2P3,-0.0341,3.369e-07,2.533e-06,cell
DCLK2,0.0279,0.0187,0.03733,cell
PROSER1,-0.0442,0.6339,0.7058,cell
GOLPH3,-0.2101,0.01673,0.03394,cell
CCDC151,0.0269,0.01824,0.03655,cell
TRIM11,0.0582,0.1306,0.1957,cell
SPATA5,0.0922,9.845e-09,1.054e-07,cell
SLC35F2,-0.0792,0.002844,0.007351,cell
PLXNA3,0.277,1.603e-16,7.256e-15,cell
PSRC1,0.0136,0.5064,0.5937,cell
HUWE1,0.5245,5.912e-12,1.271e-10,cell
MIR17HG,-0.0388,2.788e-12,6.236e-11,cell
MUC20##4,0.0839,9.568e-11,1.627e-09,cell
LRRC58,0.0826,0.005302,0.0126,cell
TMEM182,-0.032,0.5502,0.6329,cell
SPIN3,0.0833,0.00523,0.01246,cell
ZNF738,-0.034,0.1259,0.19,cell
LINC01547,0.0203,0.04588,0.08063,cell
KTN1-AS1,0.0336,0.04684,0.0821,cell
CPLX2,0.5707,5.251e-18,3.007e-16,cell
CETN4P,0.0174,0.002404,0.006349,cell
KIAA2013,-0.0658,0.9397,0.9551,cell
CCDC9,0.0003,0.1345,0.2004,cell
NTN1,-0.016,0.09308,0.1474,cell
CDKL2,0.0265,0.09856,0.1545,cell
IL1R1,-0.0507,0.4676,0.5583,cell
IGF2R,0.07,0.1816,0.2573,cell
PRPF40B,0.0235,0.01394,0.02899,cell
LDHB,0.1085,0.1334,0.1992,cell
PIK3C3,-0.051,0.9949,0.9966,cell
PIK3C2B,0.0032,0.7708,0.8216,cell
NDUFB1,0.0048,0.6028,0.6791,cell
NDUFA10,0.0625,0.2767,0.3651,cell
RBL2,0.1955,0.0002361,0.000846,cell
ACTR2,0.1032,0.007156,0.01629,cell
AXIN2,-0.0227,0.5907,0.6681,cell
COIL,-0.131,0.163,0.2347,cell
RAB7A,-0.1723,0.0003216,0.001104,cell
FANCG,0.066,0.001775,0.004876,cell
SNPH,0.196,2.133e-15,8.012e-14,cell
ACAP1,0.027,0.0001987,0.0007277,cell
LAPTM4A,-0.2768,5.408e-07,3.895e-06,cell
INTS3##1,0.2742,4.575e-13,1.178e-11,cell
EPRS,-0.0152,0.7771,0.8269,cell
TSTA3,0.0458,0.02163,0.04245,cell
PHLDA2,-0.0065,0.5123,0.5987,cell
HSP90B1,1.7668,1.467e-40,2.432e-37,cell
EML1,0.1578,4.959e-09,5.664e-08,cell
ATP8B1,0.0583,1.903e-07,1.522e-06,cell
DMWD,0.0608,0.0002179,0.0007886,cell
ACTR10,-0.5847,1.014e-09,1.347e-08,cell
ZC3H15,-0.1877,0.0299,0.05587,cell
TRPC4AP,0.517,2.117e-14,6.606e-13,cell
DND1,0.0183,0.007744,0.01743,cell
HNRNPA3,0.0738,0.004576,0.01111,cell
RAB32,-0.0974,0.04275,0.07591,cell
COPS6,0.074,0.4081,0.4999,cell
TAF1B,-0.0371,0.2612,0.3485,cell
SF3A3,0.1306,0.00344,0.008641,cell
TMED10,0.5461,5.459e-14,1.609e-12,cell
RAB40B,-0.0509,0.2774,0.3657,cell
LMAN2,0.0903,0.1049,0.1628,cell
TMED2,0.336,0.004843,0.01166,cell
CNIH1,-0.0968,0.3953,0.4872,cell
DGCR6##1,0.0274,0.02025,0.04004,cell
AFF1,0.0927,0.002717,0.007068,cell
NDUFS6,-0.0003,0.9725,0.9796,cell
FAM105A,-0.1143,0.2762,0.3646,cell
CEP128,0.0294,0.001079,0.003135,cell
IL23A,-0.032,0.0428,0.07599,cell
TOLLIP,0.0547,0.2326,0.3162,cell
KLF3,-0.1598,0.07915,0.1287,cell
DNAH7,0.086,5.857e-05,0.0002487,cell
SNORD13,-0.0052,0.005061,0.0121,cell
CDS1,-0.0361,0.4683,0.5589,cell
AUTS2,0.0209,0.1337,0.1995,cell
SYT7,0.0392,0.2178,0.2991,cell
RNF5P1,-0.0313,0.0008702,0.002602,cell
ATP6V1E1,-0.1193,0.02323,0.04514,cell
CHD9,-0.0104,0.898,0.9231,cell
ZBTB45,0.0565,3.95e-08,3.671e-07,cell
PARP10,0.039,0.007526,0.01702,cell
ZNF514,0.0916,4.907e-05,0.0002134,cell
CBR4,0.1166,0.0001764,0.0006553,cell
CCDC142,0.1224,2.686e-09,3.238e-08,cell
MUS81,0.0389,0.05149,0.08897,cell
FAM193B,0.201,2.106e-19,1.518e-17,cell
SMG1P1,0.0067,0.1167,0.1783,cell
RPL21P44,0.0036,0.51,0.597,cell
PRR26,0.0425,0.01243,0.02626,cell
MIR7-3HG,0.4874,8.211e-06,4.414e-05,cell
VHL,0.0325,0.006501,0.015,cell
FKBP15,0.0703,0.004376,0.01069,cell
GATB,0.14,2.756e-05,0.0001294,cell
TNKS,0.069,0.0322,0.05961,cell
NUPL2,0.1076,6.312e-05,0.0002649,cell
IGBP1,-0.1895,0.03267,0.06034,cell
HAUS5,0.0605,0.000717,0.002215,cell
AQP11,0.0338,0.08277,0.1336,cell
FBXL16,0.1197,7.431e-07,5.173e-06,cell
PSTK,-0.005,0.6319,0.7043,cell
TCEAL8,0.1172,0.02316,0.04503,cell
SMIM14,0.3492,4.987e-07,3.614e-06,cell
FNDC5,0.0082,0.8696,0.9013,cell
DAZAP1,-0.0281,0.8797,0.909,cell
ZNF57,0.0359,0.8188,0.86,cell
WDR88,0.0094,9.401e-05,0.0003777,cell
NBPF25P,0.004,0.2746,0.3627,cell
NAA50,-0.082,0.9669,0.9754,cell
HIST4H4,-0.0006,0.941,0.956,cell
C11orf31,-0.0194,0.4765,0.5665,cell
IFNLR1,0.0403,0.03972,0.07137,cell
ZNF575,0.0002,0.7518,0.8056,cell
ST6GALNAC4,0.0834,3.474e-05,0.000158,cell
TCERG1L,-0.0273,0.7211,0.7795,cell
BPIFC,-0.0327,0.7786,0.8282,cell
N6AMT2,0.0287,0.08028,0.1303,cell
YTHDF3-AS1,0.0303,0.0002083,0.0007583,cell
RNF2,-0.0125,0.3114,0.4018,cell
KDM4A,0.1088,2.767e-05,0.0001297,cell
DDX20,-0.0286,0.7886,0.8363,cell
SUPT16H,0.1907,0.001623,0.004501,cell
MORN2,0.1284,7.882e-05,0.0003217,cell
SNORD87,-0.0199,0.1946,0.2723,cell
TMEM192,0.1806,7.443e-05,0.0003058,cell
F3,-0.0754,0.9213,0.9405,cell
USP45,0.0293,0.003787,0.009402,cell
GAPDHS,0.0193,0.000309,0.001066,cell
DNAJB4,-0.1781,0.3212,0.412,cell
RER1,0.1649,0.0005546,0.001779,cell
SLC2A3,-0.2389,1.27e-05,6.491e-05,cell
RAB26,0.1012,0.002579,0.006748,cell
ZNRF1,0.0939,3.353e-06,1.976e-05,cell
BBS10,-0.0875,0.5105,0.5974,cell
DDRGK1,0.0849,0.03096,0.05756,cell
SRR,0.0859,1.355e-06,8.818e-06,cell
WWC2,0.0177,0.0002306,0.0008296,cell
BCORL1,0.0257,0.1665,0.239,cell
FALEC,-0.005,0.1592,0.2303,cell
PRR18,0.0076,0.2057,0.285,cell
C5orf51,0.0977,0.004732,0.01142,cell
CRIPAK,0.2054,2.77e-11,5.24e-10,cell
USP2,0.2587,8.385e-12,1.754e-10,cell
C12orf60,-0.0015,0.3902,0.4819,cell
ZNF792,0.0244,0.1478,0.2164,cell
SWSAP1,0.0278,0.0175,0.03528,cell
JADE2,0.2141,3.246e-09,3.863e-08,cell
EGFEM1P,0.2723,1.32e-21,1.347e-19,cell
LYG2,0.0129,7.021e-06,3.834e-05,cell
SYT9,-0.0046,0.9769,0.9827,cell
SMIM5,-0.0159,0.2283,0.3112,cell
RASAL2-AS1,0.0104,0.02209,0.04322,cell
PMS2P3,0.001,0.2374,0.3213,cell
NGRN,-0.0,0.7407,0.7962,cell
ANKRD20A9P,0.0013,0.6009,0.6772,cell
KLRAP1,0.0095,0.0008368,0.002524,cell
TMEM189,0.0325,0.01816,0.03642,cell
UFSP2,-0.1506,0.5301,0.615,cell
UBA6,0.0439,0.004211,0.01034,cell
RNPEPL1,0.1315,7.235e-09,8.015e-08,cell
ABHD17B,-0.0308,0.3632,0.4549,cell
AKR7A2P1,0.0064,0.2755,0.3638,cell
ZNF350,0.0215,0.4452,0.5367,cell
FAM134B,0.2714,9.285e-07,6.321e-06,cell
SCPEP1,0.2738,2.404e-06,1.469e-05,cell
KLHL9,-0.178,0.1579,0.2287,cell
BAIAP2L1,-0.0401,0.2312,0.3145,cell
GNG12,-0.0359,0.2242,0.3066,cell
CCDC25,0.0494,0.02807,0.05304,cell
TMEM256,-0.0144,0.8397,0.8766,cell
C7orf60,-0.0916,0.4084,0.5002,cell
SRFBP1,0.0144,0.1436,0.2115,cell
VPS8,0.1773,3.126e-05,0.0001441,cell
RAD1,-0.1353,0.6476,0.7175,cell
ZNF681,-0.0564,0.6062,0.6821,cell
MINA,0.2858,6.091e-10,8.511e-09,cell
DYNLL2,0.0154,0.09963,0.1559,cell
SFT2D3,-0.0154,0.8723,0.9031,cell
MEF2BNB,0.0011,0.5438,0.6272,cell
MEF2BNB##1,0.0594,0.0009972,0.002927,cell
SIM1,0.088,0.003207,0.00814,cell
ICA1,0.1722,0.001778,0.004882,cell
SIAH2,-0.132,0.8868,0.9148,cell
SFPQ,0.4454,5.978e-15,2.032e-13,cell
SEL1L,0.0699,0.2879,0.3766,cell
PCP4,-0.3522,0.04382,0.07759,cell
NUP214,0.2185,3.759e-08,3.515e-07,cell
NUCB1,0.4928,7.13e-19,4.612e-17,cell
SLC29A1,0.1229,0.05718,0.09721,cell
TDP2,-0.0077,0.2284,0.3113,cell
PCDHB11,0.0113,0.08203,0.1327,cell
PCDHB10,0.0304,0.0001869,0.0006891,cell
ARMCX1,-0.0006,0.1217,0.1846,cell
DHX29,0.091,0.02784,0.0527,cell
CAHM,-0.0148,0.4388,0.5304,cell
EIF4A2,-1.0148,5.133e-30,2.002e-27,cell
RPL37A,-0.4209,9.481e-15,3.127e-13,cell
MDN1,0.2896,8.277e-12,1.737e-10,cell
GPRIN3,0.2452,1.774e-11,3.485e-10,cell
B3GALTL,-0.0203,0.4038,0.4955,cell
ZBTB41,0.0255,0.01538,0.03157,cell
TMEM17,-0.0027,0.2942,0.3837,cell
SLC16A9,-0.2359,8.325e-05,0.0003382,cell
SGPL1,-0.053,0.911,0.9335,cell
RIC1,0.0962,0.0004842,0.001578,cell
G6PC2##1,1.0943,4.486e-09,5.186e-08,cell
GEMIN7,0.0832,0.009195,0.02022,cell
ASAP1-IT2,0.06,3.226e-08,3.071e-07,cell
ASAP1-IT1,0.0177,0.1403,0.2076,cell
C5orf30,0.0514,0.008873,0.01961,cell
PIGS,-0.017,0.8068,0.8501,cell
HSPB9,0.0106,0.1023,0.1594,cell
C16orf45,0.1793,0.0001769,0.0006567,cell
LMF2,0.0809,3.025e-08,2.908e-07,cell
NCOA2,0.151,5.2e-08,4.694e-07,cell
PLXNB2,0.7682,1.707e-27,4.438e-25,cell
OSTF1,-0.1123,0.1145,0.1754,cell
TTC33,-0.0766,0.6469,0.717,cell
C16orf52,0.0106,0.6368,0.7083,cell
EIF2S2,-0.1276,0.01517,0.03119,cell
VIM,0.0114,0.5491,0.632,cell
PRPS2,-0.2723,7.033e-06,3.839e-05,cell
SNAP25-AS1,0.0499,8.068e-07,5.566e-06,cell
MAD2L1BP,-0.0783,0.144,0.2121,cell
CCNK,-0.0016,0.6776,0.7426,cell
KCTD8,-0.0161,0.1855,0.2619,cell
PHLPP1,0.1269,1.243e-07,1.036e-06,cell
UBA5,0.0578,0.04962,0.08621,cell
GALNT10,0.2395,1.16e-05,5.972e-05,cell
NOB1,-0.0285,0.7665,0.8182,cell
CHAMP1,0.0224,0.4585,0.549,cell
EMB,-0.0064,0.01953,0.03879,cell
AGPAT4,0.0129,0.006216,0.01443,cell
CALY,0.1864,3.754e-18,2.212e-16,cell
PCDHB9,0.0124,0.03732,0.0677,cell
CHMP1B2P,0.0341,0.006353,0.01471,cell
RSBN1L,0.016,0.2135,0.294,cell
C3orf67,0.0359,0.0008868,0.002646,cell
LONRF2,0.4546,1.242e-12,3.011e-11,cell
AQP4-AS1,0.0147,0.01727,0.03489,cell
EEF1G,0.0623,0.3919,0.4838,cell
TOP2B,0.2025,0.0001472,0.0005612,cell
EPAS1,-0.7442,1.378e-12,3.322e-11,cell
LOC100289495,-0.0419,0.7149,0.7743,cell
LOC729506,-0.0008,0.1791,0.2545,cell
SH3PXD2A,0.2714,1.952e-10,3.074e-09,cell
ZNF592,0.1622,2.915e-06,1.739e-05,cell
HTRA1,0.0133,0.1171,0.1787,cell
PRSS1##1,0.0815,1.418e-06,9.154e-06,cell
CFAP53,0.0291,0.003885,0.009622,cell
DYX1C1,0.005,0.007389,0.01675,cell
EIF1,-0.5538,9.723e-21,8.83e-19,cell
NAP1L4##1,0.0801,0.07564,0.1238,cell
CBR1,0.0762,0.02349,0.04557,cell
ACTR1B,0.1181,0.008306,0.01854,cell
HS1BP3,0.0201,0.3085,0.3987,cell
BTBD1,-0.1694,0.05087,0.08804,cell
TPK1,-0.0243,0.8204,0.8613,cell
LMBR1,0.0379,0.0391,0.07042,cell
RNF25,0.0861,0.002943,0.00757,cell
NSD1,0.3106,2.416e-10,3.715e-09,cell
ZSCAN16,0.0282,0.04023,0.07215,cell
PUS1,0.0491,0.0006933,0.00215,cell
DNAJC1,-0.1265,0.07977,0.1296,cell
LMNB2,0.0727,2.099e-08,2.093e-07,cell
PDF,-0.0007,0.789,0.8366,cell
EDEM3,0.2442,2.192e-06,1.353e-05,cell
POLR3GL,0.1797,1.047e-05,5.475e-05,cell
C16orf70,0.0169,0.2468,0.3316,cell
CFAP43,0.0744,4.302e-07,3.162e-06,cell
UROS,0.1518,0.0003095,0.001068,cell
ZNF131,0.0151,0.006263,0.01452,cell
CHD4,0.7325,2.702e-24,4.316e-22,cell
ELOVL7,-0.0083,0.8582,0.8925,cell
CELF1,0.1863,0.0006889,0.002142,cell
MAK16,-0.0167,0.4344,0.5262,cell
FAR1,0.1996,1.136e-06,7.574e-06,cell
PGBD1,0.0605,0.004654,0.01127,cell
KBTBD8,-0.012,0.316,0.407,cell
ZC3H8,-0.026,0.3173,0.4082,cell
CISD1,-0.2433,1.776e-05,8.725e-05,cell
TMEM165,0.0252,0.1626,0.2343,cell
BEX1,0.4097,4.173e-07,3.071e-06,cell
RECK,0.0005,0.03508,0.06407,cell
PAUPAR,0.0185,0.0157,0.03211,cell
RNF44,-0.0357,0.633,0.7051,cell
SUFU,0.0211,0.6148,0.6898,cell
ZHX1-C8orf76,-0.0078,0.8139,0.8561,cell
XRCC3,0.0351,1.68e-07,1.366e-06,cell
HSPA1A,-0.6499,2.457e-07,1.902e-06,cell
TMEM144,-0.0261,0.403,0.4948,cell
ANXA2P2,0.1052,0.007536,0.01703,cell
PTENP1,-0.077,0.0009111,0.002706,cell
ELOVL4,0.0363,0.008177,0.01828,cell
DIRC2,0.0449,0.01751,0.0353,cell
SNTA1,0.006,0.3638,0.4554,cell
SOX4,-0.4747,8.3e-12,1.739e-10,cell
S1PR2,-0.0407,0.03469,0.06349,cell
SORL1,0.0555,0.7948,0.8407,cell
SOD3,0.0701,1.581e-06,1.008e-05,cell
SLC28A2,0.0055,0.06979,0.1157,cell
SNRPA1,-0.0525,0.6657,0.7319,cell
CDAN1,0.0566,0.0002005,0.0007341,cell
NPIPA5,0.0058,0.1551,0.2254,cell
NSA2,-0.2336,6.147e-06,3.401e-05,cell
SIL1,0.3033,0.0004318,0.001431,cell
AKTIP,0.0168,0.2544,0.3405,cell
RSL1D1,0.1119,0.09916,0.1552,cell
OXNAD1,-0.0384,0.6671,0.7332,cell
C10orf12,0.0883,0.002053,0.005539,cell
TTC37,0.2505,0.0002528,0.0008978,cell
KIF26A,0.0064,0.3975,0.4894,cell
NAT9,0.2147,3.296e-12,7.271e-11,cell
NAT16,0.0166,0.3819,0.4738,cell
SIMC1,-0.002,0.2786,0.367,cell
C3orf62,0.0325,0.008574,0.01901,cell
RBM43,0.0099,0.1039,0.1615,cell
ELMOD2,0.0161,0.02876,0.05404,cell
C17orf67,-0.0185,0.0004498,0.001484,cell
ZFP14,0.0391,0.01893,0.03773,cell
MPLKIP,-0.1021,0.1003,0.1568,cell
B4GALNT3,0.0325,0.001128,0.003258,cell
ITM2B,-0.1459,0.003096,0.007896,cell
PGM5P2,0.0179,0.03067,0.0571,cell
DUOX2,-0.0175,7.003e-11,1.233e-09,cell
GSTP1,0.4072,2.142e-09,2.643e-08,cell
HERC3,0.2581,4.499e-05,0.0001975,cell
FEM1B,-0.1544,0.1487,0.2177,cell
LARP1,0.5132,1.07e-13,3.032e-12,cell
ARHGEF12,0.1894,0.00363,0.009058,cell
KIAA1109,0.193,0.001153,0.003324,cell
FNBP4,0.2035,7.406e-05,0.0003046,cell
KLHL28,-0.0778,0.9548,0.9661,cell
USP24,0.1045,0.0002179,0.0007886,cell
ZNF586,0.0789,0.6134,0.6885,cell
TRIT1,-0.0539,0.5619,0.6427,cell
KLHL24,-0.0291,0.1906,0.2678,cell
MBTD1,0.0203,0.01168,0.02487,cell
SMCHD1,0.0024,0.07665,0.1252,cell
ANGEL1,0.2974,4.185e-09,4.85e-08,cell
SZT2,0.2701,2.935e-13,7.784e-12,cell
KCTD9,-0.0153,0.8087,0.8517,cell
DDX60,0.0112,0.2197,0.3014,cell
DNAJB12,0.1536,0.001127,0.003257,cell
C17orf59,0.0215,0.05716,0.0972,cell
ALKBH4,0.0408,0.000536,0.001727,cell
RNPC3,-0.0778,0.3326,0.4239,cell
TBC1D30,0.1223,1.4e-05,7.073e-05,cell
SASH1,0.0897,1.249e-09,1.622e-08,cell
DONSON,0.0191,0.1923,0.2696,cell
ZCCHC8,-0.0837,0.8387,0.8757,cell
FTSJ3,0.2887,1.946e-10,3.068e-09,cell
ANKHD1-EIF4EBP3,0.0076,0.00042,0.001396,cell
PPM1H,0.2311,9.712e-06,5.127e-05,cell
KIAA1143,0.0402,0.0005548,0.001779,cell
REXO1,0.0003,0.06066,0.1024,cell
TMEM86A,0.0722,4.163e-05,0.0001845,cell
SIK2,0.1561,3.449e-06,2.025e-05,cell
URAHP,0.0037,0.04283,0.07604,cell
STXBP3,-0.0216,0.1334,0.1992,cell
HDAC6,0.0962,0.007968,0.01787,cell
NEDD8,-0.0866,0.036,0.06561,cell
GPR137B,-0.1541,0.1274,0.1918,cell
TSPAN4,0.0379,1.369e-05,6.934e-05,cell
HSPA1L##1,-0.0409,0.4003,0.4923,cell
CA3,0.0073,0.0515,0.08897,cell
CHAF1A,0.0205,0.1765,0.2511,cell
NEU3,0.0232,0.008977,0.01979,cell
HDAC5,0.2971,1.834e-07,1.474e-06,cell
GALNS,-0.0591,0.2543,0.3404,cell
TAF13,-0.0202,0.4614,0.5519,cell
TAF7,-0.2187,0.03046,0.05676,cell
NOTCH4##6,-0.0167,0.9055,0.9291,cell
BAZ2B##1,0.0181,0.001678,0.00463,cell
PGS1,0.0965,0.002902,0.007483,cell
ATP6V0E2,0.467,3.394e-10,4.996e-09,cell
CTBP1,0.1733,5.778e-10,8.115e-09,cell
PLXNA2,0.7942,8.086e-31,3.829e-28,cell
TIGD5,-0.0106,0.5978,0.6746,cell
ELL3,0.0185,0.04656,0.08168,cell
TRPM7,0.2484,2.191e-06,1.353e-05,cell
FAM184B,0.0301,0.0001743,0.000648,cell
ANKRD19P,0.025,0.002981,0.007648,cell
CCDC64,0.1984,1.042e-19,8.081e-18,cell
BCL7A,0.0233,0.09567,0.1508,cell
ZNF613,0.027,0.1614,0.2328,cell
THNSL1,-0.0841,0.8677,0.8999,cell
LRRC8C,-0.0244,0.7401,0.7958,cell
GGNBP2,-0.1881,0.08959,0.1427,cell
YBX1,-0.0251,0.2821,0.3706,cell
ROR2,0.119,1.054e-07,8.974e-07,cell
LINC00476,0.0929,5.376e-05,0.0002311,cell
LINC00476##1,0.0719,0.0001699,0.0006352,cell
AP1S1,0.0638,0.002459,0.006469,cell
NOMO2##2,0.0304,0.0001251,0.0004856,cell
LOC441455,0.0083,0.7162,0.7752,cell
CEP250,0.1237,2.306e-05,0.0001099,cell
MYO1E,-0.038,0.6537,0.7231,cell
GOLGA5,0.0775,0.1132,0.1734,cell
CDC42BPB,0.0568,0.09248,0.1466,cell
H1FX,-0.1484,0.0001037,0.000412,cell
CLPP,0.0575,0.008224,0.01838,cell
ACAT2,0.134,0.0005495,0.001765,cell
CCS,0.1805,3.003e-06,1.788e-05,cell
MED12,0.0447,0.01198,0.02541,cell
ANP32A,0.0994,0.0006923,0.00215,cell
ZC3H6,0.0519,0.001018,0.002982,cell
PERP,-0.802,4.518e-18,2.605e-16,cell
IL11RA,0.0063,0.2573,0.344,cell
MINOS1P1,0.0017,0.9197,0.9394,cell
ZFP1,-0.0079,0.1507,0.2201,cell
HSD17B7P2,-0.0283,0.2351,0.3189,cell
LRRC37A4P,0.0313,0.0007184,0.002219,cell
SNHG5,0.0536,0.03076,0.05725,cell
GSTM2P1,0.004,0.9552,0.9664,cell
SCARNA12,0.0105,0.07056,0.1167,cell
HIATL2,-0.0077,0.956,0.9669,cell
SCARNA17,0.0014,0.2122,0.2926,cell
HERC2P2,0.0712,0.0001715,0.0006403,cell
SCAMP1,-0.1963,0.101,0.1577,cell
PDIA5,0.1082,4.67e-09,5.366e-08,cell
WAC-AS1,0.0481,0.01199,0.02544,cell
LINC00938,-0.0538,0.7886,0.8363,cell
ACVR2B-AS1,-0.0025,0.6044,0.6806,cell
FTX,0.0648,3.844e-08,3.587e-07,cell
TMEM220-AS1,0.0045,0.108,0.1668,cell
TMEM9B-AS1,0.0152,0.01857,0.03711,cell
HSP90AB4P,0.0111,0.8675,0.8998,cell
LOC101928324,-0.0077,0.8561,0.8907,cell
ZNF818P,-0.0146,0.0981,0.154,cell
PRKXP1,0.0375,0.0009057,0.002693,cell
HSP90B2P,0.0322,0.142,0.2095,cell
KCNK6,0.0586,0.003334,0.00841,cell
MYO9B,0.0341,0.00496,0.0119,cell
LOC101927100,0.0141,0.01896,0.03779,cell
MTIF2,-0.0904,0.6373,0.7085,cell
MSN,0.5646,4.861e-21,4.604e-19,cell
ATG16L2,0.056,1.196e-07,1.005e-06,cell
MICALL1,-0.015,0.8816,0.9106,cell
PUS3,-0.1223,0.1221,0.1852,cell
FHDC1,0.0757,2.998e-05,0.000139,cell
LRRCC1,0.0713,1.706e-05,8.402e-05,cell
LOC100288842,0.0156,0.05164,0.08915,cell
PHF19,-0.0072,0.05478,0.09374,cell
UNC5A,-0.0523,9.068e-06,4.827e-05,cell
RSPRY1,0.0032,0.1664,0.2388,cell
PAQR8,-0.0098,0.6853,0.7487,cell
MARVELD3,-0.0474,0.3082,0.3984,cell
CREB3L1,0.0347,0.004164,0.01023,cell
ZNF486,0.0048,0.03937,0.07082,cell
ARHGAP18,0.265,4.999e-12,1.083e-10,cell
SEPT1,0.0055,0.1667,0.2392,cell
TMEM261,-0.0743,0.6629,0.7301,cell
INHA,0.0171,0.0664,0.1108,cell
SP2,-0.0083,0.465,0.5557,cell
DGAT1,-0.016,0.2436,0.3282,cell
TSPYL1,-0.3431,3.306e-07,2.489e-06,cell
WHAMMP2,0.0077,0.0145,0.03,cell
PCOLCE,0.0037,0.5025,0.5903,cell
F12,0.0271,0.07049,0.1166,cell
ENO4,0.0313,0.001689,0.004657,cell
EID2,-0.0276,0.429,0.5207,cell
CAMK1D,-0.0575,0.03351,0.06165,cell
UBN2,0.1669,1.879e-06,1.174e-05,cell
ZDHHC23,0.0397,0.06449,0.108,cell
KIAA1147##1,0.1943,1.509e-07,1.238e-06,cell
RORB,0.0186,0.9733,0.9802,cell
STAM2,0.031,0.006188,0.01438,cell
SPRY2,-0.0181,0.7947,0.8407,cell
DPYSL2,0.0841,0.662,0.7294,cell
LOC100507156,0.0275,0.02024,0.04004,cell
LOC100507634,0.0084,0.3797,0.4716,cell
LINC00649,0.0055,0.4047,0.4964,cell
MIR497HG,0.0006,0.6217,0.6953,cell
BSN-AS2,0.065,0.01192,0.02532,cell
PSMD6-AS2,-0.0072,0.245,0.3296,cell
PITRM1-AS1,0.0175,0.005987,0.01398,cell
LINC00665,0.0498,0.001854,0.005065,cell
PHF12,0.1613,1.224e-06,8.09e-06,cell
DOCK6,0.0231,0.6347,0.7066,cell
SCYL1,0.2288,8.543e-11,1.469e-09,cell
GPHN,0.0761,0.01458,0.03014,cell
ARRDC3,-1.1697,4.012e-18,2.334e-16,cell
PDP2,0.0385,0.006243,0.01448,cell
LOC100506100,0.0085,0.1612,0.2327,cell
LAMTOR5-AS1,-0.0204,0.04171,0.07432,cell
LOC100507283,0.0011,0.4042,0.496,cell
LOC729930,0.006,0.1032,0.1605,cell
LOC440311,-0.0168,0.008603,0.01907,cell
AHCTF1P1,0.0288,3.594e-05,0.0001626,cell
LRRC9,0.0307,0.000102,0.0004059,cell
METTL23,-0.0662,0.6422,0.7126,cell
MTHFD2L,-0.0131,0.5536,0.6358,cell
LRRC10B,0.1861,2.329e-15,8.626e-14,cell
ERCC5,0.0036,0.3047,0.3947,cell
ESRP2,0.0967,0.000118,0.0004609,cell
ZCCHC4,0.0129,0.3557,0.4475,cell
MZT2B,-0.066,1.843e-05,9.003e-05,cell
RIMKLB,-0.0896,0.7405,0.7961,cell
DOCK11,0.0104,0.7342,0.7911,cell
SNORD36A,-0.0071,0.389,0.481,cell
SNORD36C,-0.001,0.4186,0.5106,cell
FAM160A1,-0.0031,0.9374,0.9533,cell
ZNRF2,-0.0534,0.8349,0.8722,cell
SDSL,-0.047,0.4122,0.5039,cell
KIF12,0.0107,0.0275,0.05216,cell
CDH3,-0.0066,0.2695,0.3571,cell
CDH2,-0.0164,0.6713,0.7368,cell
ABCA2,0.4238,2.227e-35,2.092e-32,cell
CCDC30,0.046,1.57e-05,7.799e-05,cell
IPO13,0.2898,6e-09,6.742e-08,cell
ARRDC2,0.0836,0.001709,0.004708,cell
CNPPD1,0.2575,4.65e-10,6.63e-09,cell
ZNF432,0.04,0.02857,0.05378,cell
LPIN2,0.0341,0.1177,0.1795,cell
OLFM1,0.0067,0.4699,0.5603,cell
SCD5,0.0402,0.5263,0.6116,cell
PYROXD1,-0.083,0.1164,0.1779,cell
ZFP2,0.0506,0.002761,0.007164,cell
TNS3,-0.0072,0.7998,0.8445,cell
ANXA4,0.0075,0.2664,0.354,cell
CTTNBP2,0.0395,5.814e-05,0.0002471,cell
CIPC,0.1444,0.00141,0.003972,cell
MCEE,0.1513,1.429e-06,9.215e-06,cell
HAUS8,-0.0199,0.6162,0.6908,cell
IMP4,0.0937,0.01528,0.03138,cell
RWDD2A,0.1113,0.0004145,0.00138,cell
TNKS1BP1,0.0766,3.337e-05,0.0001523,cell
HELZ2,0.0085,0.9939,0.9958,cell
MRPL13,-0.2206,0.00386,0.009564,cell
BLVRB,-0.0241,0.8824,0.9113,cell
ZBTB2,-0.0238,0.7991,0.8441,cell
MRGBP,-0.0069,0.6177,0.6918,cell
WDR41,-0.0302,0.2869,0.3756,cell
ASXL2,0.2276,5.941e-09,6.681e-08,cell
MRPS16,0.3313,8.027e-10,1.089e-08,cell
NDUFA13,0.1424,0.009865,0.02148,cell
FAM96B,-0.1342,0.002698,0.007026,cell
YPEL5,-0.1849,0.004865,0.0117,cell
CUTC,-0.0416,0.6435,0.714,cell
PPIL1,0.1203,0.0004744,0.001551,cell
SETD8,0.0124,0.007866,0.01767,cell
PDSS2,0.0206,0.04127,0.07368,cell
CPNE8,-0.0123,0.2999,0.3897,cell
CCDC183-AS1,0.0449,3.909e-11,7.229e-10,cell
SPAG4,-0.0686,0.009935,0.02161,cell
CFAP20,0.0637,0.1846,0.2608,cell
ISL1,-0.1269,0.3344,0.4256,cell
ZNF880,-0.0165,0.8106,0.8534,cell
BRD3,0.1287,5.703e-06,3.176e-05,cell
PON2,0.1343,0.002732,0.007102,cell
PMM2,0.1866,9.309e-08,8.015e-07,cell
PHKA2,0.0731,0.002653,0.006912,cell
PLOD1,-0.0916,0.006489,0.01497,cell
GHITM,-0.2429,1.565e-05,7.78e-05,cell
TAF5,-0.0006,0.3223,0.4133,cell
FAF1,-0.0543,0.7202,0.7787,cell
MRPL51,-0.2271,4.766e-05,0.0002081,cell
MARCH2,0.0552,4.158e-06,2.39e-05,cell
MCF2L2,0.1683,2.91e-07,2.209e-06,cell
MRPL27,0.0666,0.03953,0.07108,cell
RNF181,-0.1154,0.003062,0.007818,cell
MRPL37,-0.0616,0.971,0.9782,cell
CRIM1,-0.0141,0.5122,0.5987,cell
CCDC174,-0.0338,0.4059,0.4976,cell
OSER1,-0.3796,6.735e-05,0.0002806,cell
PDCD11,0.2537,4.784e-09,5.482e-08,cell
ANKRD39,-0.047,0.6737,0.7389,cell
CXXC5,-0.0473,0.6395,0.7102,cell
NPFF,0.0123,0.1301,0.1952,cell
LINC00998,-0.0925,0.1623,0.234,cell
GMCL1,-0.0457,0.7641,0.816,cell
PAQR7,0.0223,0.3547,0.4467,cell
RILPL1,0.0024,0.4511,0.5421,cell
LOC284454,0.0939,4.121e-05,0.0001828,cell
ANGPTL5,0.0291,0.002144,0.005753,cell
SESTD1,-0.2813,0.002771,0.007184,cell
DUSP15,-0.0408,0.09587,0.1511,cell
TBC1D25,-0.0245,0.5063,0.5936,cell
CLDN9,0.0227,0.2632,0.3505,cell
PITPNM2,0.0529,6.205e-05,0.0002614,cell
OSGEPL1,0.0325,5.646e-05,0.0002411,cell
IGFBP5,0.2063,2.585e-06,1.565e-05,cell
IRF1,-0.0207,0.4068,0.4986,cell
LOC101928794,-0.032,0.9345,0.9512,cell
AKAP8,0.0095,0.02867,0.05393,cell
TMEM145,0.0219,0.001829,0.005006,cell
ZNF776,-0.0524,0.7487,0.803,cell
CENPP,0.0129,0.03714,0.06741,cell
CLIC4,-0.0733,0.03811,0.0689,cell
SPCS1,-0.2296,1.913e-05,9.306e-05,cell
MTMR9,0.0328,0.06616,0.1104,cell
ZDHHC5,0.0797,0.00375,0.00932,cell
MLH3,0.2115,2.705e-07,2.073e-06,cell
LOC100132831,0.0035,0.02943,0.05513,cell
IPW,0.0876,2.048e-06,1.27e-05,cell
RNU4ATAC,-0.001,0.3196,0.4104,cell
PWAR1,0.0453,0.01211,0.02567,cell
MGARP,-0.0182,0.9696,0.9772,cell
SSBP4,0.0066,0.3071,0.3972,cell
HINT2,0.1052,0.002958,0.007594,cell
FAM126A,0.0194,0.302,0.3919,cell
GLIS2,-0.1368,0.0007738,0.00236,cell
DIP2C,0.1458,0.02379,0.04611,cell
ZNF337,0.0575,0.2091,0.2888,cell
KIAA1279,0.0345,0.3188,0.4097,cell
BRF2,0.0692,0.009093,0.02002,cell
JAGN1,-0.2469,0.0005879,0.001872,cell
CCDC176,0.0659,0.0003496,0.001187,cell
VCPIP1,0.032,0.0378,0.06844,cell
UBTD1,-0.0572,0.1506,0.22,cell
NAA25,0.0748,0.0008591,0.002576,cell
ZC3H12A,-0.0119,0.7626,0.8146,cell
FAM188A,-0.1653,0.4846,0.5747,cell
RMI1,-0.0105,0.2696,0.3573,cell
USP32,0.1342,2.222e-05,0.0001063,cell
POF1B,0.0132,0.01334,0.02789,cell
CCDC158,0.0296,0.004345,0.01062,cell
EDEM1,0.037,0.1908,0.2679,cell
INTS1,0.0706,0.0002943,0.001023,cell
CKS2,-0.0836,0.07455,0.1222,cell
RBM8A,-0.0054,0.8377,0.8748,cell
FDX1L,0.0954,1.338e-05,6.812e-05,cell
PDE8B,-0.016,0.2748,0.3628,cell
ST3GAL5,-0.0468,0.7528,0.8061,cell
SYNGR2,0.2977,5.373e-09,6.094e-08,cell
DCDC2B,0.0049,0.1193,0.1815,cell
AATK,0.0244,0.0003273,0.001121,cell
SOCS6,-0.1172,0.1841,0.2603,cell
CISD3##1,0.0,0.3467,0.4384,cell
SRSF7,-0.0296,0.6964,0.7581,cell
FZD5,-0.0205,0.529,0.6141,cell
MSH3,0.0231,0.009623,0.02104,cell
ZYX,-0.2559,6.567e-07,4.642e-06,cell
TMEM159,0.3838,4.553e-19,3.049e-17,cell
TMEM101,0.0342,0.08485,0.1363,cell
CAMKMT,0.1009,2.176e-09,2.679e-08,cell
CXXC4,0.2692,1.826e-12,4.278e-11,cell
LINC01420,-0.2274,0.0004767,0.001556,cell
PPP2CA,-0.2184,0.0033,0.008342,cell
FBXO45,0.0005,0.3897,0.4815,cell
WFDC2,-0.0492,0.06026,0.1018,cell
MAP3K5,0.0178,0.08223,0.1329,cell
MT1X,-0.7028,8.062e-10,1.093e-08,cell
MEF2D,0.1475,2.654e-07,2.04e-06,cell
CCL2,-0.0089,0.04537,0.07994,cell
TOP1,-0.0014,0.092,0.146,cell
SOCS3,-0.0168,0.6037,0.68,cell
SCTR,-0.0108,0.9882,0.9912,cell
AP2S1,0.0256,0.1347,0.2008,cell
SMARCD3,-0.1627,0.003005,0.007695,cell
PLEKHH2,-0.0054,0.04488,0.0792,cell
LOC145783,0.0295,0.01672,0.03392,cell
DICER1-AS1,0.0762,0.0001656,0.0006216,cell
FGFBP3,0.0121,0.6606,0.7283,cell
ZNF785,0.0288,0.0961,0.1514,cell
ZSCAN29,0.051,0.004702,0.01136,cell
C19orf18,0.0236,1.087e-05,5.66e-05,cell
BBS5,0.0309,0.001296,0.003681,cell
TRMT44,0.0264,0.0003557,0.001205,cell
PPM1K,0.5415,1.875e-15,7.122e-14,cell
WBSCR27,-0.0189,0.5486,0.6316,cell
ZNF579,-0.0102,0.1206,0.1832,cell
SPRED1,0.0144,0.01633,0.03327,cell
RPLP0P2,-0.0258,0.004565,0.01109,cell
NINJ1,-0.0375,0.7769,0.8267,cell
DRG1,-0.0052,0.5421,0.6257,cell
VWA7##1,0.4366,2.274e-28,7.013e-26,cell
AGAP6,0.0295,0.005914,0.01385,cell
JPX,-0.0387,0.23,0.3133,cell
MIPEP,0.0924,0.0003479,0.001183,cell
ZNF24,0.014,0.5419,0.6256,cell
PWP1,-0.044,0.2394,0.3235,cell
ZNF19,0.0733,0.2637,0.351,cell
ZNF17,0.119,0.006248,0.01449,cell
PLP2,-0.3445,4.89e-08,4.444e-07,cell
MTF1,0.0977,0.00767,0.0173,cell
EIF2AK3,0.0432,0.006959,0.0159,cell
LOC101929550,0.0615,2.16e-05,0.0001036,cell
MT1B,-0.0678,3.563e-12,7.821e-11,cell
MT1A,-0.0266,0.3707,0.4624,cell
RALB,0.0777,0.001081,0.00314,cell
XRCC6P5,0.0035,0.2595,0.3465,cell
ZNF618,0.0719,4.841e-07,3.515e-06,cell
METTL3,0.1898,0.0001184,0.0004622,cell
UBAC1,0.086,0.002094,0.005642,cell
LIN7C,-0.1213,0.3526,0.4446,cell
COL6A1,0.0402,0.004783,0.01153,cell
LINC00630,-0.0008,0.01314,0.02755,cell
POM121C,0.0051,0.1394,0.2064,cell
FBXO10,0.0809,0.000726,0.002239,cell
ITGA4,0.0196,0.0331,0.06103,cell
MAFA,0.0136,0.05012,0.08689,cell
LCN12,0.0156,0.001013,0.002968,cell
ZNF616,0.0278,0.008451,0.0188,cell
TMEM102,0.0166,0.007453,0.01687,cell
PIGW##1,-0.0095,0.4634,0.5542,cell
NR2F6,-0.0736,0.2959,0.3854,cell
SYNGR3,-0.0882,0.005446,0.0129,cell
CD81,0.3322,1.12e-08,1.189e-07,cell
DNPH1,0.0049,0.4305,0.5222,cell
C1orf112,0.0092,0.4864,0.5762,cell
MLLT1,0.1715,3.43e-12,7.556e-11,cell
SMARCE1,0.0687,0.2225,0.3046,cell
SLC25A5-AS1,0.0254,0.0003317,0.001134,cell
NKAPP1,-0.0002,0.7705,0.8214,cell
CFAP69,0.0127,8.407e-05,0.0003409,cell
AIMP2,0.0397,0.0222,0.04341,cell
SPAG5,-0.0064,0.7247,0.7825,cell
HEXIM1,0.0774,0.0005607,0.001797,cell
PRPF8##1,0.5167,1.782e-13,4.883e-12,cell
LINC01512,-0.1051,3.052e-05,0.0001413,cell
KCTD12,0.1152,2.064e-05,9.937e-05,cell
RAB3C,-0.0838,0.8648,0.8976,cell
ZMYND19,-0.043,0.9132,0.9349,cell
FIRRE,0.0086,0.8217,0.8624,cell
ERICH2,-0.1478,0.001208,0.003461,cell
TTC25,0.0422,0.07605,0.1244,cell
GSK3A,-0.0167,0.9319,0.9494,cell
ZSWIM5,0.0974,0.001236,0.003533,cell
POLB,0.0252,0.1756,0.2499,cell
FBXL18,0.097,3.017e-07,2.286e-06,cell
PHC3,0.3087,1.305e-09,1.68e-08,cell
SLC11A1,0.0076,0.3466,0.4384,cell
NBPF12,0.0221,0.0003139,0.001081,cell
ZNF232,0.0578,0.03464,0.06342,cell
CNOT3##7,0.0533,0.002555,0.006697,cell
RNF139,-0.3079,0.001184,0.003401,cell
SULT4A1,-0.1002,0.0005208,0.001683,cell
SRD5A1P1,0.001,0.6641,0.7309,cell
RPL12,-0.3183,2.69e-12,6.078e-11,cell
SNTB2,0.068,0.001679,0.004634,cell
SDHB,-0.0798,0.1977,0.2758,cell
MPHOSPH6,-0.1025,0.7918,0.8385,cell
PIR,-0.018,0.4847,0.5748,cell
AGPS,-0.0234,0.02312,0.04498,cell
CAMK1,0.0156,0.4542,0.5447,cell
BHLHE40,0.0135,0.7568,0.8093,cell
TMEM141,-0.07,0.1631,0.2349,cell
MLLT6,0.217,1.057e-13,3.001e-12,cell
AQP3,0.7112,7.46e-16,3.007e-14,cell
ACTN4,0.1974,2.303e-06,1.416e-05,cell
FAM103A1,-0.0361,0.8681,0.9,cell
LOC101929057,0.0129,0.03053,0.05687,cell
MYH14,0.2144,3.69e-08,3.458e-07,cell
RABEP2,0.0246,0.0006944,0.002153,cell
MEGF11,0.0062,0.0824,0.1332,cell
C11orf63,0.0679,0.01187,0.02524,cell
TMEM180,0.0431,0.0001961,0.0007198,cell
KIAA1033,-0.1445,0.169,0.2418,cell
GNAI3,-0.2163,0.01784,0.03588,cell
REG1B,-0.0398,0.0001482,0.000564,cell
RELB,-0.0303,0.167,0.2394,cell
ZNF443,0.0119,0.2562,0.3427,cell
GDF11,0.0011,0.2044,0.2835,cell
CTDSPL,0.1005,0.008238,0.0184,cell
GPX7,0.0555,0.001081,0.00314,cell
NUTF2,0.0014,0.2623,0.3496,cell
DIRAS3,-0.0466,0.79,0.8375,cell
PSMD14,0.3266,0.0001579,0.0005958,cell
NME6,-0.0422,0.5125,0.5989,cell
SNORA70,-0.0104,0.5915,0.6687,cell
LOC158960,-0.0097,0.7161,0.7752,cell
QSER1,0.1105,0.01394,0.02899,cell
BAHCC1,0.0142,0.003251,0.008237,cell
EEF1A1,0.1364,0.001837,0.005025,cell
GYLTL1B,-0.0,0.438,0.5297,cell
GNPDA1,0.1992,0.006331,0.01466,cell
SFXN4,-0.0277,0.4825,0.5727,cell
PMM1,0.0701,0.005635,0.01329,cell
CHRNB1,-0.0471,0.8304,0.8686,cell
LRP3,0.0541,1.833e-05,8.962e-05,cell
HSPB1,-0.5506,3.203e-17,1.625e-15,cell
SLC29A2,0.0912,1.419e-06,9.154e-06,cell
B4GALNT4,-0.001,0.8257,0.8651,cell
PKD1,0.4038,1.662e-20,1.46e-18,cell
SNORA10,0.0004,0.8029,0.8471,cell
ZNF154,0.1498,2.568e-08,2.511e-07,cell
SNORA27,0.0066,0.02797,0.05287,cell
SNORA64,-0.0014,0.7349,0.7914,cell
CUL1,0.2048,0.0002725,0.0009574,cell
SMARCA5,0.2872,0.0002358,0.0008454,cell
CTSF,0.2047,2.514e-06,1.529e-05,cell
TRADD,0.019,0.05338,0.09166,cell
GEMIN2,-0.0686,0.5006,0.5886,cell
BRPF1,0.0258,0.05699,0.09695,cell
AURKA,-0.0004,0.1225,0.1856,cell
DUSP11,0.0121,0.1281,0.1927,cell
NCK2,-0.0462,0.6156,0.6903,cell
ULK1,0.1135,6.186e-07,4.398e-06,cell
IRS2,-0.0431,0.0336,0.06176,cell
PIP4K2B,0.1299,0.0005268,0.0017,cell
TOMM7,-0.2307,2.956e-08,2.846e-07,cell
ZNF70,0.0018,0.02688,0.0512,cell
ZNF69,0.0235,0.04681,0.08205,cell
DDIT4,-0.1722,0.1889,0.2658,cell
RNF186,-0.1612,8.016e-08,7.011e-07,cell
SPCS3,0.2293,1.114e-05,5.774e-05,cell
RINT1,0.0571,0.06623,0.1105,cell
AVL9,0.0,0.2467,0.3316,cell
SLC37A1,0.2102,3.286e-14,9.97e-13,cell
FMN2,0.2029,9.15e-13,2.243e-11,cell
ZFAND3,0.0105,0.1006,0.1571,cell
SDF2L1,0.7894,3.83e-40,5.642e-37,cell
GPR173,0.0354,0.01835,0.03676,cell
SNTG2,-0.038,6.455e-05,0.0002705,cell
ANKRD16,-0.028,0.4858,0.5757,cell
CLN8##1,0.1863,4.871e-10,6.93e-09,cell
TERF2IP,-0.2983,6.579e-06,3.615e-05,cell
GDAP1,-0.0328,0.8887,0.9162,cell
VSIG10,0.0312,0.06978,0.1157,cell
ABHD4,0.2427,7.859e-07,5.436e-06,cell
DMAP1,0.0417,0.08568,0.1375,cell
CXCL16,0.119,7.162e-06,3.903e-05,cell
PPP1R11##2,-0.0675,0.5344,0.6187,cell
MRPL17,0.0102,0.3317,0.4229,cell
ZNF148,-0.0546,0.3961,0.4879,cell
HEATR6,0.0733,0.004116,0.01013,cell
LOC100132356,0.0502,2.818e-05,0.000132,cell
PPP3R1,-0.0152,0.8528,0.8879,cell
QDPR,0.2098,0.006081,0.01417,cell
KHSRP,0.0351,0.000119,0.0004643,cell
TMEM63B,0.0254,0.0136,0.02834,cell
CCDC186,0.1818,1.454e-05,7.305e-05,cell
PIH1D1,-0.0709,0.1917,0.269,cell
POLR2M,0.001,0.5638,0.6444,cell
RNF167,0.0045,0.4781,0.568,cell
C19orf24,-0.0543,0.2383,0.3222,cell
GSS,0.1157,0.005796,0.01362,cell
PPIC,0.009,0.9274,0.9462,cell
KIAA0368,0.4662,1.527e-11,3.05e-10,cell
FBXO41,0.2688,3.836e-13,9.992e-12,cell
PRRG2,-0.0043,0.6465,0.7166,cell
GIPR,0.1142,1.476e-13,4.103e-12,cell
PTTG3P,0.0001,0.75,0.8039,cell
TCTN2,0.1946,1.108e-08,1.177e-07,cell
ULK2,0.0264,0.006715,0.01543,cell
SAP30,-0.077,0.2862,0.375,cell
PDX1-AS1,0.0455,0.001899,0.005169,cell
LINC00398,0.0273,0.0006789,0.002117,cell
ECH1,0.015,0.7769,0.8267,cell
TMEM44-AS1,0.0679,0.0006405,0.002013,cell
PAX8-AS1##1,-0.0367,0.137,0.2035,cell
ZNF32-AS2,0.0058,0.005591,0.01321,cell
GMDS-AS1,0.0019,0.08268,0.1335,cell
LINC01128,0.2003,4.573e-07,3.339e-06,cell
LOC100129361,0.0021,0.3929,0.4846,cell
BMPR2,-0.0417,0.2661,0.3537,cell
TYMS,0.0092,0.01885,0.0376,cell
RPL6,0.1169,2.973e-05,0.0001381,cell
TUBG1,0.0746,0.0005827,0.001858,cell
MMP25-AS1,0.0144,0.01804,0.03624,cell
TUSC1,-0.0877,0.2202,0.3018,cell
EIF3E,-0.444,1.248e-09,1.622e-08,cell
TMEM194B,0.0448,0.1149,0.1759,cell
ZMYM5,-0.0879,0.9792,0.9844,cell
B4GALT5,-0.0487,0.5857,0.6637,cell
HGD,0.0055,0.6576,0.7256,cell
TBX2,0.0383,2.435e-09,2.97e-08,cell
PARD6B,-0.1146,0.4528,0.5434,cell
LRRC37A6P,0.0744,5.482e-06,3.064e-05,cell
PTCHD4,0.0452,0.0001332,0.0005131,cell
PNPLA2,0.1069,0.0006314,0.00199,cell
C16orf62,-0.0261,0.5532,0.6354,cell
STARD4-AS1,0.0129,0.04291,0.07613,cell
PTGER4,0.0398,0.001435,0.004031,cell
DUSP7,-0.0226,0.5442,0.6276,cell
CSTF2,0.0956,1.48e-05,7.417e-05,cell
SCOC-AS1,0.0228,0.0002838,0.0009906,cell
PIGL,0.0388,0.001245,0.003556,cell
GTF3C2,0.0063,0.4357,0.5275,cell
SMPD1,0.2263,8.287e-07,5.688e-06,cell
RARRES3,-0.0256,0.6039,0.6801,cell
SOX9,-0.0824,0.806,0.8497,cell
CENPB,0.0185,0.04432,0.07832,cell
RAB5A,-0.15,0.1817,0.2573,cell
GPR124,-0.0006,0.2239,0.3062,cell
OXGR1,0.0405,0.1411,0.2085,cell
TMEM39B,-0.0143,0.4004,0.4924,cell
KIAA1257,0.012,0.00151,0.004218,cell
KIDINS220,0.0192,0.5736,0.6532,cell
FITM2,0.014,0.1095,0.1686,cell
TMA7,-0.0465,0.01055,0.02279,cell
LIX1L,0.0558,0.007478,0.01692,cell
ALOX12B,0.027,0.0004839,0.001577,cell
ADCY9,0.013,0.4752,0.5652,cell
ADAM10,-0.1217,0.9,0.9244,cell
ACO2,0.1414,0.0004077,0.001361,cell
RPL35A,-0.5335,2.997e-22,3.368e-20,cell
ACVR2B,0.0101,0.5013,0.5892,cell
GTF3A,0.2605,9.951e-05,0.0003977,cell
FAU,-0.1419,0.0008677,0.002597,cell
GTF2F1,0.1951,3.972e-07,2.944e-06,cell
PVRL1,0.0087,0.9788,0.9842,cell
ACTB,-0.8255,2.002e-18,1.223e-16,cell
ABCA3,0.2607,9.641e-09,1.035e-07,cell
ABCF1##6,0.3039,1.078e-09,1.422e-08,cell
SBF1P1,0.0049,0.006816,0.01563,cell
TMED10P1,-0.002,0.2167,0.298,cell
GABPB1-AS1,0.1907,2.001e-10,3.139e-09,cell
GATSL2,0.5677,1.418e-21,1.424e-19,cell
SMIM24,-0.0599,0.02547,0.04889,cell
CXCL8,-0.0266,0.2382,0.3221,cell
STAM-AS1,-0.036,0.6695,0.7351,cell
LOC101927178,0.008,0.06849,0.1138,cell
LOC101928438,-0.0032,0.9119,0.9342,cell
ZNF808,0.0318,0.05064,0.08771,cell
FAM110C,-0.0633,0.01318,0.0276,cell
IZUMO4,0.0133,0.009003,0.01984,cell
OXLD1,0.0576,5.798e-06,3.224e-05,cell
ALG9,0.0028,0.3928,0.4845,cell
TMEM232,0.0543,2.847e-05,0.0001331,cell
EML6,0.2826,3.768e-13,9.836e-12,cell
C4orf29,0.0804,0.0002511,0.0008929,cell
KIAA0895L,-0.0358,0.8118,0.8542,cell
IQSEC1,0.0204,0.3354,0.4267,cell
YIF1B,0.1337,2.323e-05,0.0001107,cell
MAP9,0.1451,0.0006773,0.002112,cell
KLHL35,0.016,0.161,0.2326,cell
PRSS53,0.0279,0.0004827,0.001573,cell
CCDC88C,0.136,1.241e-07,1.035e-06,cell
SIDT2,0.1059,3.748e-07,2.797e-06,cell
FAM63B,0.0607,0.0007393,0.002275,cell
ASB1,-0.0651,0.3185,0.4095,cell
PCDH17,0.1876,8.199e-05,0.0003337,cell
PIM3,-0.111,0.9641,0.9733,cell
PAPD5,-0.0561,0.2863,0.375,cell
HELQ,-0.0748,0.2793,0.3676,cell
ZNF780B,0.123,2.256e-06,1.391e-05,cell
PAQR3,0.0471,0.0004623,0.001517,cell
ZNF765,0.015,0.0989,0.155,cell
MSMP,0.004,0.6967,0.7582,cell
METTL12,-0.0151,0.03053,0.05687,cell
SPTSSB,0.0188,0.8351,0.8724,cell
SWI5,0.0136,0.2052,0.2845,cell
ZNF284,0.0258,0.135,0.2011,cell
NCKAP5L,0.0357,0.000603,0.001914,cell
COL28A1,0.0239,6.027e-09,6.756e-08,cell
SDHAF1,0.0662,0.02729,0.05187,cell
KDM5A,0.0314,0.2425,0.3268,cell
TRIM16L,0.0152,0.01005,0.02184,cell
FAM220A,-0.0987,0.5247,0.6107,cell
ACOT1,0.0152,0.08933,0.1424,cell
CYS1,-0.0291,0.0531,0.09125,cell
H3F3B,-1.14,1.063e-33,7.832e-31,cell
PDS5A,0.1241,0.001072,0.00312,cell
SMAGP,-0.0141,0.5434,0.6268,cell
ZNF404,-0.0366,0.3815,0.4734,cell
ZBTB38,0.1032,0.0251,0.04823,cell
DUSP28,0.0162,0.02165,0.04249,cell
CUL4B,-0.0464,0.5614,0.6425,cell
SNAPC3,-0.0859,0.2455,0.3303,cell
TSTD1,-0.1157,0.02488,0.04788,cell
RMDN2,-0.0097,0.4967,0.585,cell
TRMT11,-0.1391,0.1819,0.2576,cell
LINS,-0.0096,0.4655,0.5562,cell
ELP6,0.1829,3.575e-06,2.092e-05,cell
NT5DC3,0.2867,9.6e-09,1.032e-07,cell
FTO,0.3305,5.706e-08,5.126e-07,cell
CYB5RL,0.0851,6.417e-07,4.548e-06,cell
VPS37D,-0.0002,0.6397,0.7104,cell
COX19,-0.0237,0.6188,0.6929,cell
DCAF4L1,0.0879,8.936e-07,6.114e-06,cell
CDNF,0.0114,0.1028,0.16,cell
C6orf120,-0.0905,0.7577,0.8101,cell
KCTD21,0.1343,5.789e-05,0.0002463,cell
SPATA6L,0.0103,0.04804,0.08387,cell
CCDC183,0.0289,3.445e-05,0.0001568,cell
SAMD5,0.4644,3.825e-28,1.153e-25,cell
PPAPDC1A,0.0255,0.04779,0.08349,cell
PROSER3,0.0587,7.554e-11,1.318e-09,cell
AARD,0.001,0.08783,0.1404,cell
RAB12,-0.0145,0.4027,0.4945,cell
MRGPRE,-0.0046,0.08979,0.143,cell
UQCC3,-0.043,0.07343,0.1206,cell
CTRB2,0.0141,6.127e-05,0.0002587,cell
NRF1,-0.0152,0.7358,0.7921,cell
UBXN2B,0.0003,0.4543,0.5449,cell
ARL16,0.0523,0.01963,0.03895,cell
GATSL3,0.0291,0.002266,0.006038,cell
ACTL10,0.0036,0.9385,0.9541,cell
C1orf53,-0.0054,0.6105,0.686,cell
ACOT9,-0.0394,0.8231,0.8635,cell
LRRIQ3,0.0006,0.2231,0.3054,cell
BOLA3,-0.0369,0.143,0.2108,cell
ZNF749,-0.0117,0.5309,0.6157,cell
NME2##2,-0.0035,0.6975,0.7587,cell
NME2##3,-0.0031,0.3973,0.4892,cell
UBE2QL1,-0.3443,6.612e-07,4.666e-06,cell
RNF215,0.0158,0.03251,0.0601,cell
BCLAF1,-0.1163,0.5019,0.5897,cell
ZNF304,0.0434,0.1204,0.183,cell
YDJC,0.026,0.008461,0.01882,cell
AP1S3,0.0656,0.0006581,0.002059,cell
CCDC58,-0.0205,0.7911,0.8381,cell
C2orf76,0.0053,0.1288,0.1935,cell
CMC4,-0.0481,0.9371,0.9531,cell
C14orf28,-0.0118,0.07167,0.1182,cell
VMAC,0.0585,8.361e-05,0.0003394,cell
DAPL1,-0.0252,0.0267,0.05091,cell
CCDC157,-0.0041,0.08281,0.1337,cell
DFNB59,0.0518,7.619e-05,0.0003119,cell
UFSP1,0.0374,2.73e-08,2.652e-07,cell
CKMT1A,-0.0115,0.5941,0.6712,cell
CCDC78,0.0201,0.0001096,0.0004329,cell
ABCC4,0.014,0.1378,0.2046,cell
DDX59,-0.0186,0.4254,0.5171,cell
MCUR1,0.0808,0.008073,0.01808,cell
ERGIC1,0.0138,0.1803,0.2558,cell
DCUN1D2,-0.0161,0.4433,0.5348,cell
CXorf40B,0.0999,4.972e-07,3.607e-06,cell
RLTPR,-0.0258,0.5112,0.598,cell
SRRD,0.0184,0.2586,0.3454,cell
C17orf97,0.0029,0.8738,0.9043,cell
PTRHD1,-0.02,0.5588,0.6403,cell
ZNF793,0.0743,1.828e-08,1.849e-07,cell
GDPGP1,-0.0094,0.3239,0.415,cell
FAM227A,0.1034,5.528e-10,7.807e-09,cell
TRNP1,-0.0601,0.5027,0.5904,cell
PPP1R42,0.0309,1.153e-06,7.675e-06,cell
ALG10B,-0.0358,0.7123,0.7719,cell
PGAM4,-0.0032,0.00477,0.0115,cell
CPTP,0.0225,0.02231,0.04358,cell
SFMBT2,0.1081,2.456e-08,2.411e-07,cell
SNX30,0.0038,0.4114,0.5032,cell
KNOP1,0.1213,1.513e-07,1.24e-06,cell
C16orf86,0.0275,2.569e-05,0.0001215,cell
ZKSCAN2,-0.004,0.2967,0.3861,cell
SPIN4,0.0409,0.007863,0.01767,cell
CCDC125##1,0.0106,0.04558,0.08024,cell
COX20,-0.0377,2.768e-06,1.663e-05,cell
SLC25A53,0.0889,0.007937,0.01781,cell
SPRN,0.0237,0.009259,0.02034,cell
ZSCAN23,0.0071,0.2463,0.3312,cell
TRIM61,0.0064,0.05477,0.09374,cell
FAM83G,0.0103,0.4089,0.5007,cell
MSL1,0.1227,0.0001792,0.0006643,cell
HNRNPA1L2,-0.0088,0.2036,0.2826,cell
NAA30,-0.0811,0.6526,0.7221,cell
FAM168B,-0.1258,0.193,0.2704,cell
NCMAP,0.0481,0.1292,0.1941,cell
C9orf135,-0.2253,0.0001165,0.0004559,cell
FAM171A1,0.1771,7.907e-08,6.921e-07,cell
GOLGA7B,0.4077,8.002e-17,3.763e-15,cell
B3GNTL1,0.0057,0.003897,0.009643,cell
C12orf29,-0.1629,0.0977,0.1535,cell
ACER2,0.0163,0.477,0.5669,cell
FAM102B,0.0191,0.06993,0.1158,cell
ZIK1,0.0088,0.4271,0.5188,cell
C6orf163,0.0103,0.0007784,0.002373,cell
IBA57,0.0567,0.001543,0.004301,cell
C22orf42,0.167,1.11e-05,5.755e-05,cell
SAMD15,0.0303,0.0005348,0.001723,cell
TTC7B,-0.0938,0.05276,0.09076,cell
ZNF766,-0.1166,0.7182,0.777,cell
MSS51,0.0286,0.001987,0.005388,cell
RGAG4,0.0958,0.005053,0.01208,cell
SLX4IP,0.0567,0.0009047,0.002691,cell
GOLGA8B,0.2964,4.844e-15,1.686e-13,cell
USP9X,0.1319,0.08486,0.1363,cell
C6orf226,0.0402,2.092e-05,0.0001006,cell
IAH1,0.1301,0.003142,0.007994,cell
SH3PXD2B,-0.0122,0.7573,0.8097,cell
FOXK1,0.0771,0.0008408,0.002532,cell
CCDC73,-0.0028,0.07805,0.1272,cell
TTC32,-0.1118,0.1332,0.199,cell
AREL1,0.1095,0.001661,0.004589,cell
HFM1,0.0107,0.007744,0.01743,cell
FAM154B,0.0298,0.09971,0.156,cell
IGFBPL1,-0.0204,0.1852,0.2615,cell
IRGQ,0.1733,0.0003234,0.00111,cell
MTCP1,0.0322,0.004871,0.01171,cell
IRF5,0.0075,0.06456,0.108,cell
PGP,0.0121,0.07174,0.1183,cell
NKAPL,0.0005,0.0305,0.05682,cell
LMBRD2,-0.0538,0.7879,0.8357,cell
NWD1,-0.0293,0.5659,0.6461,cell
ZNF599,0.0565,2.336e-05,0.0001112,cell
IGIP,0.0638,0.0008588,0.002576,cell
TCEAL6,0.0416,0.0003003,0.001042,cell
LRRC37A2,0.0159,6.499e-07,4.599e-06,cell
ZNF835,0.0418,0.01411,0.0293,cell
RHBDD2,0.0481,0.6459,0.7162,cell
PHF11,-0.139,0.07501,0.1229,cell
YARS2,0.0457,0.1187,0.1807,cell
COA3,0.1992,0.001737,0.004784,cell
PLCXD3,-0.1213,0.5265,0.6118,cell
YPEL2,0.0674,0.06109,0.1029,cell
EIF2AK4,0.124,4.14e-07,3.052e-06,cell
TCEAL5,0.0756,3.348e-07,2.518e-06,cell
RGMB,-0.0239,0.3622,0.454,cell
CBWD6,0.025,0.004986,0.01195,cell
C9orf117,0.012,0.0007011,0.002172,cell
SLC7A1,0.0919,0.009057,0.01994,cell
CHIC1,-0.0223,0.1027,0.1599,cell
ZNF774,0.0419,0.0008248,0.002494,cell
ZNF740,-0.001,0.4384,0.5301,cell
ZNF813,0.0398,0.00145,0.004069,cell
SOGA3,-0.0074,0.1053,0.1634,cell
SP5,-0.0113,0.02023,0.04004,cell
GTF2IRD2B,-0.0009,0.4846,0.5747,cell
KLHL31,0.0375,0.0001975,0.0007239,cell
C20orf194,0.0307,0.03386,0.06219,cell
TWISTNB,0.0321,0.5105,0.5974,cell
KCTD11,-0.0072,0.5428,0.6264,cell
PTRH1,0.0636,7.466e-11,1.304e-09,cell
OCEL1,-0.0879,0.0004725,0.001545,cell
COX7A1,0.0844,5.722e-06,3.185e-05,cell
FBXO27,0.0105,0.2676,0.3553,cell
ZC3H12B,0.0497,0.0005907,0.001881,cell
EXOSC10,0.2448,1.054e-05,5.511e-05,cell
RNF187,-0.4214,0.0007601,0.002329,cell
EID3,0.0076,0.343,0.4347,cell
FAM109B,0.0438,0.06947,0.1152,cell
AHDC1,0.0368,0.0002043,0.0007458,cell
ZNF121,-0.0632,0.223,0.3052,cell
PPP2CB,-0.3867,2.432e-06,1.483e-05,cell
IRAK1BP1,0.0241,0.00757,0.0171,cell
C14orf37,-0.0084,0.3833,0.4751,cell
C8orf82,-0.0453,0.07776,0.1268,cell
DENND6B,0.0491,4.756e-05,0.0002079,cell
RGP1,-0.0254,0.278,0.3663,cell
KIAA2022,0.1646,6.876e-05,0.0002855,cell
LCN10,0.0333,0.0004593,0.00151,cell
MED11,0.0103,0.2801,0.3685,cell
ARHGEF37,0.1523,4.824e-06,2.733e-05,cell
ZNF470,-0.0188,0.9888,0.9918,cell
SPOPL,-0.1063,0.7027,0.7636,cell
ZNF782,0.0029,0.02473,0.04763,cell
ZNF425,0.0188,0.2625,0.3498,cell
LYRM5,-0.2477,0.001409,0.003972,cell
TIMM50,0.0604,0.02951,0.05525,cell
LAMTOR4,0.0436,0.4407,0.5324,cell
CISD2,-0.1541,0.002113,0.005681,cell
SLC35E4,0.0059,0.1635,0.2353,cell
C16orf87,-0.0679,0.4572,0.5476,cell
ZNF429,0.0487,0.01864,0.03724,cell
COA5,0.0167,0.4158,0.5076,cell
C2CD4B,-0.0713,0.5537,0.6358,cell
POLR1C,0.0045,0.03474,0.06356,cell
RP9,0.0133,0.2945,0.384,cell
LOC101928303,0.0787,7.033e-11,1.237e-09,cell
BCL9,0.1216,0.001115,0.003225,cell
B3GNT8,-0.067,0.0332,0.06118,cell
APOOL,0.1152,0.002841,0.007346,cell
GOLT1A,-0.1044,0.01267,0.02672,cell
LOC102724814,0.071,1.266e-11,2.575e-10,cell
RUNDC3A-AS1,0.0049,0.2055,0.2848,cell
LOC102723927,0.0037,0.5028,0.5905,cell
ZNF571,-0.092,0.2841,0.3726,cell
PPP3CB,0.0384,0.2016,0.2804,cell
PRICKLE2,0.3048,6.062e-17,2.902e-15,cell
LHFPL4,0.1665,3.621e-11,6.735e-10,cell
LOC101927911,0.0061,0.004616,0.01119,cell
HACD2,-0.0136,0.9642,0.9734,cell
HP09053,-0.0009,0.02385,0.04619,cell
KCTD2,-0.0023,0.1265,0.1907,cell
ZNF84,0.1022,0.009207,0.02024,cell
C19orf68,0.0107,0.1647,0.2369,cell
NDUFV2-AS1,0.0454,0.01763,0.03549,cell
HAGHL,0.0405,1.36e-06,8.841e-06,cell
LOC100996255,0.018,1.878e-05,9.15e-05,cell
MPV17,0.2566,0.005679,0.01338,cell
PIDD1,0.0662,1.263e-10,2.089e-09,cell
AGRN,0.002,0.1007,0.1572,cell
TSPAN33,-0.1555,0.001475,0.00413,cell
MAP3K14,0.1924,2.388e-10,3.682e-09,cell
LOC100507002,-0.0118,0.749,0.8031,cell
NECAP1,0.0477,0.3162,0.4071,cell
PDXDC2P,0.0576,0.0001032,0.0004102,cell
SCARNA22,0.0034,0.003197,0.008118,cell
DNAH12,0.1542,7.946e-13,1.973e-11,cell
LINC01497,0.0391,4.617e-08,4.219e-07,cell
RFT1,-0.0332,0.2472,0.3321,cell
CTC-338M12.4,0.0103,0.1837,0.2597,cell
LOC101927651,0.0056,0.1053,0.1634,cell
LOC143666,-0.006,0.002986,0.007657,cell
LINC00115,-0.0072,0.9872,0.9905,cell
LOC101927151,0.0848,0.0001919,0.0007058,cell
LOC101927572,0.0014,0.7697,0.8207,cell
TAF1A-AS1,0.0366,0.02297,0.04472,cell
LINC01355,0.0063,0.2647,0.3522,cell
RPL34-AS1,0.0074,0.01114,0.02389,cell
NUCB1-AS1,0.0054,0.03754,0.06805,cell
C19orf48,0.0036,0.2872,0.3759,cell
MYADM,-0.0832,0.1909,0.2681,cell
ANXA2P1,0.0076,0.109,0.1679,cell
RNF138P1,-0.0071,0.2725,0.3604,cell
FAM201A,0.0287,0.01163,0.0248,cell
BMS1P20,0.0115,0.1997,0.2781,cell
UCKL1-AS1,0.0154,0.0001497,0.0005689,cell
LOC344967,0.0003,0.6472,0.7172,cell
HEXA-AS1,0.0214,0.09747,0.1532,cell
JMJD1C-AS1,0.0091,0.06365,0.1067,cell
SMG1P3,0.0132,0.01188,0.02524,cell
INHBA-AS1,0.0524,7.023e-05,0.0002908,cell
LINC00265,0.0047,0.007618,0.0172,cell
LOC283856,0.0313,0.001282,0.003649,cell
ZNF252P-AS1,0.0162,0.1868,0.2634,cell
LOC654841,0.0091,0.4984,0.5866,cell
LOC100129973,0.0102,0.001057,0.003082,cell
LOC643072,0.0213,4.649e-06,2.64e-05,cell
THRIL,0.0211,0.09921,0.1553,cell
KIF5B,-0.2169,0.001647,0.004557,cell
FRK,-0.0189,0.5011,0.589,cell
CAT,0.0994,0.04698,0.08229,cell
CARM1,0.0658,1.215e-09,1.584e-08,cell
LOC101928891,0.0052,0.3767,0.4686,cell
TUG1,0.2258,0.0001606,0.0006045,cell
EP300-AS1,-0.0015,0.565,0.6454,cell
COL15A1,-0.0086,3.859e-07,2.873e-06,cell
CHKB-AS1,0.0174,0.01293,0.02718,cell
LOC100996251,-0.0008,0.8791,0.9085,cell
LOC101927755,-0.0242,0.0125,0.02639,cell
ITGA9-AS1,0.0005,0.7875,0.8356,cell
TMEM110,0.0733,0.001881,0.005129,cell
ACLY,-0.1611,0.03969,0.07133,cell
CHAC2,0.0544,5.927e-05,0.0002511,cell
ARF4,-0.0117,0.5866,0.6645,cell
RAF1,0.0993,0.002319,0.00615,cell
METAP1D,0.0234,0.001041,0.003041,cell
LOC644762,0.0129,0.1418,0.2093,cell
LOC101929767,0.0229,0.005197,0.01239,cell
IFIT5,-0.0338,0.9627,0.9725,cell
LYPLA2,0.0578,7.551e-05,0.0003098,cell
PNKP,0.0416,0.001584,0.004409,cell
FAM83H,0.0004,0.5617,0.6427,cell
CA13,-0.0109,0.02338,0.0454,cell
NHLRC1,0.1189,1.046e-07,8.926e-07,cell
LRCH4,0.0666,5.002e-08,4.53e-07,cell
AP1AR,-0.1152,0.9611,0.9712,cell
FUNDC2P2,0.0067,0.167,0.2395,cell
LINC-PINT##1,0.0721,0.006545,0.01508,cell
OTUD6B-AS1,-0.4059,1.029e-05,5.401e-05,cell
ST3GAL5-AS1,0.0084,0.1024,0.1596,cell
KANTR,0.0296,0.2401,0.3242,cell
MIR762HG,0.067,3.211e-08,3.063e-07,cell
RRAGD,-0.7667,1.878e-16,8.383e-15,cell
RPRD1B,0.0011,0.03241,0.05994,cell
UBE2O,0.226,7.968e-11,1.383e-09,cell
C2CD2L,0.1005,4e-07,2.963e-06,cell
KCTD13,-0.0154,0.3806,0.4725,cell
LOC101928530,0.0042,0.04139,0.07385,cell
SLC14A2-AS1,-0.0037,0.0606,0.1023,cell
SYNRG,0.17,0.0003614,0.001223,cell
SOCS7,0.028,0.05952,0.1007,cell
DENND1C,0.0116,0.08214,0.1329,cell
TEKT4P2,0.0569,0.001095,0.003177,cell
SLC25A20,0.1479,0.0001587,0.0005984,cell
NACA2,0.0196,0.001881,0.005129,cell
SCAMP1-AS1,0.1036,0.0005087,0.001649,cell
MYRF,0.0125,0.9933,0.9954,cell
LINC01503,-0.0057,0.8255,0.8651,cell
LCMT1-AS1,0.0082,0.02695,0.0513,cell
ILDR2,0.0173,0.08607,0.138,cell
BLOC1S3,0.0849,0.01671,0.03391,cell
LOC553103,0.0536,9.115e-08,7.874e-07,cell
MRPL3,-0.022,0.7235,0.7815,cell
ZNF543,-0.0616,0.7142,0.7737,cell
SLC16A12,0.0257,0.3954,0.4873,cell
PPP1R3E,0.1018,0.003262,0.008264,cell
SIPA1L3,0.0535,0.01305,0.02742,cell
FAM120C,0.1236,4.333e-05,0.000191,cell
KIAA1161,-0.0158,0.9669,0.9754,cell
CHP1,0.421,2.083e-09,2.577e-08,cell
NOP16,-0.0662,0.5018,0.5896,cell
PCDHB16,0.2043,3.142e-07,2.374e-06,cell
LINC00663,0.041,7.847e-06,4.237e-05,cell
IGF2-AS,0.0487,8.498e-05,0.0003443,cell
LRRC75A,0.0136,0.5253,0.6111,cell
CCDC184,0.0476,0.002388,0.006315,cell
CCBL2,-0.2222,0.006958,0.0159,cell
C1orf168,0.0616,0.0005175,0.001674,cell
LOC283038,0.004,0.3067,0.3968,cell
C17orf100,-0.0005,0.1614,0.2328,cell
BRWD1-IT2,0.0257,0.02245,0.04381,cell
AGAP4,-0.0028,0.4179,0.5098,cell
C5orf34,0.0038,0.0004344,0.001438,cell
FAM21A,0.0882,3.835e-06,2.228e-05,cell
LOC103091866,-0.0012,0.9434,0.9574,cell
DNAL4,0.0246,0.2957,0.3852,cell
HSPA5,1.5776,1.473e-25,3.004e-23,cell
MYOM2,0.0442,0.0004132,0.001377,cell
FAM206A,-0.0171,0.6954,0.7573,cell
ANXA2P3,0.0003,0.5562,0.6379,cell
SNORD55,-0.0069,0.1622,0.2339,cell
PRH1-PRR4##2,-0.0094,0.3086,0.3987,cell
RGL3,0.1839,1.792e-15,6.849e-14,cell
KIRREL2,0.0517,0.03326,0.06129,cell
LENG8,0.1185,2.847e-08,2.747e-07,cell
PTPRH,0.0335,0.0808,0.1311,cell
RDH14,-0.029,0.0044,0.01074,cell
MGC50722,0.0641,1.302e-12,3.151e-11,cell
KIAA2018,-0.0579,0.6439,0.7144,cell
PPP1R15B,-0.197,0.05238,0.09021,cell
CCDC53,-0.0345,0.6358,0.7076,cell
PPP1R2,-0.4198,9.336e-10,1.253e-08,cell
HSD17B11,-0.0197,0.4423,0.5338,cell
DDX60L,-0.0015,0.5593,0.6407,cell
SOWAHA,-0.0627,0.704,0.7648,cell
HIVEP1,0.2095,2.063e-12,4.757e-11,cell
SLC5A3,-0.1187,0.08427,0.1356,cell
FOCAD,0.3077,7.009e-07,4.912e-06,cell
PNPLA7,0.0894,2.102e-11,4.04e-10,cell
PPCDC,0.0087,0.566,0.6461,cell
KIAA2026,0.0602,0.05552,0.09478,cell
C3,-0.0104,7.667e-08,6.733e-07,cell
GCGR,0.0015,0.3431,0.4348,cell
ZNF180,-0.0564,0.8541,0.8889,cell
TMEM242,-0.0061,0.4741,0.5644,cell
SPNS2,0.0033,0.08339,0.1344,cell
RPS6KB2,0.0447,0.01098,0.02359,cell
HCG8##7,0.0152,0.1312,0.1964,cell
RAB36,0.2882,2.275e-08,2.25e-07,cell
SRRM3,0.0381,2.203e-08,2.186e-07,cell
DGCR9,-0.0222,0.8258,0.8651,cell
LOC101928414,0.0129,0.01495,0.03081,cell
CRTC3-AS1,-0.0048,0.3307,0.4219,cell
LINC01521,0.0602,4.074e-05,0.000181,cell
ZNF793-AS1,-0.005,0.3269,0.4178,cell
TADA2A,-0.0371,0.8472,0.8827,cell
SNRPD1,-0.0539,0.7977,0.843,cell
SH3GL2,-0.203,0.0524,0.09022,cell
UBE2E4P,-0.0003,0.5968,0.6737,cell
RXRA,0.0944,0.003744,0.00931,cell
LMO7-AS1,0.003,0.2029,0.2819,cell
C3orf14,-0.4058,9.828e-09,1.054e-07,cell
ZNF213-AS1,0.041,7.063e-05,0.000292,cell
C1orf194,0.0153,0.2913,0.3805,cell
LNP1,0.1719,9.68e-07,6.568e-06,cell
WIPF3,-0.0209,1.096e-11,2.236e-10,cell
PLEKHM3,0.1334,5.793e-05,0.0002464,cell
MZT1,-0.3545,0.0001704,0.0006369,cell
ATAD3C,0.043,2.342e-05,0.0001114,cell
PLAA,0.1659,0.0006469,0.002029,cell
C2orf68,0.1149,0.02216,0.04333,cell
SLC6A17,0.2155,4.517e-09,5.208e-08,cell
C1QL3,0.0211,0.00665,0.0153,cell
ERCC6L2,0.0892,0.01302,0.02736,cell
LOC101929140,-0.0022,0.2042,0.2833,cell
ZNF710,0.0358,0.0213,0.0419,cell
LINC00683,-0.0147,0.792,0.8387,cell
ADPRH,0.0072,0.2778,0.3661,cell
GUCY1B3,0.1231,0.004929,0.01183,cell
ING2,0.0276,0.1644,0.2365,cell
LINC01569,0.026,0.09572,0.1509,cell
TBC1D19,-0.0011,0.1389,0.2058,cell
ZNF76,0.2181,7.322e-09,8.084e-08,cell
MRPS18C,-0.1524,3.387e-06,1.993e-05,cell
KLHL8,0.047,0.007672,0.0173,cell
CETN3,-0.0208,0.5229,0.609,cell
MSRA,-0.0077,0.9333,0.9503,cell
LOC101927267,0.0181,0.01495,0.03081,cell
SSR1,0.0199,0.7349,0.7914,cell
ZNF330,-0.1182,0.554,0.636,cell
SRF,-0.0818,0.6421,0.7126,cell
GRIN2A,0.1943,9.116e-09,9.851e-08,cell
TMEM173,0.1105,0.0003905,0.00131,cell
MAN2B2,0.0568,0.02863,0.05386,cell
MORN1,0.0346,0.0107,0.02305,cell
BRD1,0.0985,4.146e-06,2.385e-05,cell
TMEM220,0.078,7.071e-06,3.858e-05,cell
ARHGEF35,-0.0339,0.02437,0.04704,cell
SUMO4,0.0129,0.8518,0.8871,cell
ANO7,-0.0155,0.6927,0.7552,cell
MAP3K15,0.0273,0.09278,0.147,cell
ZNF763,-0.0781,0.09067,0.1442,cell
SERP2,-0.032,0.8233,0.8636,cell
LYRM1,-0.2244,0.01644,0.03346,cell
REEP3,-0.1481,0.2443,0.329,cell
ID2-AS1,0.0104,0.03488,0.06375,cell
LOC102723885,0.0017,0.7786,0.8282,cell
LOC100506675,-0.0069,0.03976,0.07143,cell
LOC101928812,0.007,0.1416,0.2091,cell
METTL5,-0.0403,0.4962,0.5847,cell
CEMIP,0.0151,0.000237,0.0008488,cell
LINC01315,-0.0112,0.3045,0.3945,cell
LOC101928150,-0.0029,0.0001448,0.0005527,cell
NUTM2B-AS1,-0.0079,0.1598,0.231,cell
LINC01515,0.0001,0.2195,0.3012,cell
LOC101929431,-0.0071,0.6372,0.7085,cell
DYRK1B,0.0354,0.1287,0.1935,cell
MED15,0.0797,0.001122,0.003242,cell
SS18L1,-0.0421,0.1626,0.2344,cell
MCCC1,0.1366,0.002941,0.007566,cell
C8orf59,-0.1547,6.301e-05,0.0002646,cell
LOC100507316,-0.0142,0.5592,0.6406,cell
C9orf41-AS1,0.0062,0.2034,0.2824,cell
ARL14EP,0.0499,0.02253,0.04396,cell
CDC37L1-AS1,-0.0128,0.5658,0.6461,cell
LOC101928525,0.0004,0.6276,0.7005,cell
LOC100507291,0.0828,1.055e-06,7.095e-06,cell
ATP6AP1L,0.0433,0.0007712,0.002356,cell
SF3A1,-0.1004,0.1452,0.2134,cell
LINC01465,0.0029,0.01304,0.02741,cell
MYLK-AS1,0.0368,9.637e-05,0.0003866,cell
LINC01410,0.0141,0.001832,0.005012,cell
STT3B,0.2388,0.0002606,0.0009207,cell
NIPBL-AS1,0.0457,0.005331,0.01266,cell
ZBTB20-AS4,0.0087,0.02558,0.04908,cell
ZNF385D-AS2,-0.0035,0.7506,0.8045,cell
ERICH6-AS1,0.0107,0.1906,0.2678,cell
SPINK1,-0.0132,0.5753,0.6546,cell
ZNF561-AS1,0.0155,0.3245,0.4157,cell
ARRDC1-AS1,0.1532,5.837e-13,1.488e-11,cell
LINC01567,0.0522,0.0004713,0.001542,cell
LOC403323,0.037,1.979e-12,4.587e-11,cell
LINC00969,0.1018,8.259e-16,3.314e-14,cell
CYP51A1-AS1,0.0231,0.003846,0.009535,cell
LOC100049716,0.0539,0.0008685,0.002598,cell
LOC730202,-0.003,0.9035,0.9274,cell
LOC728485,-0.0034,0.8959,0.9218,cell
MTMR12,0.003,0.04992,0.08662,cell
SDHA,0.1166,0.004586,0.01113,cell
DAPK3,0.1536,2.384e-12,5.431e-11,cell
DCDC5,-0.0301,0.5187,0.6048,cell
LOC399491,-0.0069,0.09811,0.154,cell
TCEANC,0.0063,0.3318,0.4229,cell
TMEM128,-0.2068,0.01101,0.02363,cell
TRERF1,0.0337,0.009924,0.0216,cell
LOC115110,0.0618,3.647e-08,3.425e-07,cell
TNFRSF14,0.2164,1.875e-09,2.338e-08,cell
HNRNPR,0.3134,1.461e-05,7.336e-05,cell
ZNF480,0.1137,0.01753,0.03533,cell
ZNF461,0.0032,0.7944,0.8405,cell
DLSTP1,0.027,0.003372,0.008499,cell
MAP3K6,-0.0061,0.3581,0.45,cell
CDCA3,0.0275,0.02176,0.04266,cell
SPATA18,0.0023,0.3689,0.4605,cell
ZNF823,-0.1035,0.03928,0.0707,cell
MIER3,0.0542,0.02263,0.04414,cell
SEL1L3,0.2111,0.0005339,0.001721,cell
PGM2L1,-0.0578,0.7382,0.7943,cell
SNX14,-0.1721,0.2341,0.3178,cell
CWC27,-0.0362,0.3925,0.4843,cell
ZNF570,0.08,0.002159,0.005787,cell
TMEM53,0.0938,1.366e-05,6.932e-05,cell
MRPL9,0.0643,0.0927,0.1469,cell
TSEN15,0.2112,5.75e-08,5.162e-07,cell
ANGEL2,0.0197,0.009056,0.01994,cell
RASGEF1B,0.5034,4.079e-08,3.774e-07,cell
LOH12CR1,0.0033,0.08464,0.136,cell
LMBR1L,0.1648,4.148e-07,3.056e-06,cell
NUDT12,-0.1292,0.8722,0.903,cell
SLC9B2,0.0818,0.0402,0.07211,cell
PRIMPOL,-0.0003,0.04056,0.07262,cell
NAA40,0.1917,6.105e-10,8.521e-09,cell
KIF3A,0.095,0.09827,0.1541,cell
RAN,-0.2708,2.002e-06,1.243e-05,cell
ZNF140,-0.1389,0.3483,0.4401,cell
SEMA6A,0.0942,0.0004901,0.001595,cell
RNF19B,0.1385,0.001878,0.005124,cell
EIF4B,-0.1112,0.01743,0.03517,cell
PIFO,0.0739,0.05501,0.09402,cell
C1orf162,-0.0327,0.3313,0.4225,cell
CIART,-0.2071,0.2338,0.3175,cell
RC3H1,0.0308,0.03485,0.06373,cell
MIA3,0.4725,7.376e-12,1.56e-10,cell
ZCCHC10,-0.0696,0.6555,0.7242,cell
C1orf131,-0.0172,0.781,0.8303,cell
SLC25A45,0.1331,5.759e-11,1.035e-09,cell
DDX46,0.2007,7e-07,4.911e-06,cell
MPND,0.0333,0.0005924,0.001883,cell
ZNF528-AS1,-0.0093,0.01288,0.02708,cell
ZNF737,-0.1,0.324,0.415,cell
MRPL2,0.0545,0.0298,0.05571,cell
DNAJB1,-0.7626,1.898e-07,1.52e-06,cell
CD55,-0.4535,3.649e-05,0.0001646,cell
SCLT1,0.0883,9.888e-08,8.47e-07,cell
IBTK,0.0277,0.2684,0.3561,cell
SRSF10,0.056,0.08024,0.1303,cell
BSDC1,0.1672,0.0042,0.01032,cell
TMCO6,0.04,0.06936,0.1151,cell
ZNF567,-0.0375,0.6125,0.6877,cell
CCDC181,-0.0133,0.2933,0.3827,cell
TMCC3,0.0043,0.4381,0.5299,cell
C11orf30,0.1185,0.0007722,0.002357,cell
ACER3,-0.0082,0.1956,0.2733,cell
NR2C2AP,-0.0045,0.7313,0.7886,cell
ANKRD42,0.1317,0.0008214,0.002486,cell
ARL1,0.037,0.8245,0.8646,cell
YEATS4,-0.0278,0.08666,0.1388,cell
SNRNP70,0.0885,1.969e-09,2.444e-08,cell
ZNF101,0.0108,0.1651,0.2372,cell
ZNF91,0.1766,0.000367,0.00124,cell
C19orf40,-0.0162,0.6782,0.743,cell
RRN3##1,-0.1535,0.1157,0.1769,cell
ETV2,0.0009,0.6978,0.759,cell
PPIA,-0.1305,0.004155,0.01022,cell
MAST1,0.0631,9.859e-05,0.0003944,cell
FAM221A,-0.0103,0.2596,0.3466,cell
CDK19,-0.0055,0.7378,0.794,cell
USP28,0.0939,6.741e-05,0.0002807,cell
ZSWIM6,0.018,0.06416,0.1075,cell
TJP1##1,0.118,0.0002545,0.0009031,cell
ERF,0.045,5.885e-08,5.273e-07,cell
CNOT8,-0.2122,0.02943,0.05513,cell
MKLN1-AS,0.0463,0.04003,0.07184,cell
LOC401585,0.0141,0.001427,0.004015,cell
HNRNPUL1,0.0295,0.2818,0.3704,cell
VPS39,0.3611,4.942e-11,9.001e-10,cell
LOC100419583,-0.0074,0.6527,0.7221,cell
LOC100288152,0.049,9.967e-10,1.328e-08,cell
USP30,0.0773,0.02422,0.04678,cell
LOC100507437,0.0467,0.0003156,0.001086,cell
LOC100507530,0.0598,0.0006592,0.002062,cell
MYEF2,-0.1108,0.7734,0.8237,cell
CDKN2AIP,-0.0878,0.6311,0.7036,cell
LOC102723582,0.0074,0.4464,0.5379,cell
TUSC2,-0.0459,0.7455,0.8003,cell
LOC101929066,0.0354,0.01543,0.03166,cell
LOC101927067,0.0095,0.2018,0.2805,cell
LOC101927221,0.0187,0.004649,0.01126,cell
LOC101927588,0.0165,6.302e-05,0.0002646,cell
NPHP3-ACAD11,0.0071,0.003016,0.007718,cell
POT1-AS1,-0.0278,0.2962,0.3857,cell
MT1G,-0.1022,0.002151,0.00577,cell
TTTY14,0.0139,0.0326,0.06026,cell
LOC100505938,0.0087,0.05879,0.09962,cell
C14orf169,0.0832,0.002707,0.007046,cell
NUDT18,0.0665,0.0008436,0.002538,cell
METTL8,0.1147,0.00428,0.01049,cell
ANKRD34A,0.0561,4.201e-05,0.0001857,cell
NUDT17,0.013,0.3466,0.4384,cell
LURAP1L-AS1,-0.0105,0.1079,0.1668,cell
SATB1-AS1,0.0218,0.009752,0.02126,cell
LOC101929709,0.0077,0.1391,0.2061,cell
SNX29,0.4241,4.169e-17,2.07e-15,cell
SNX8,0.0451,0.07172,0.1183,cell
GALNT13,-0.0723,1.178e-05,6.058e-05,cell
MED12L,0.018,0.003585,0.008958,cell
LOC101927365,0.0691,5.75e-07,4.108e-06,cell
LOC101929705,-0.04,0.3482,0.4401,cell
LOC101930010,-0.0297,0.6364,0.7081,cell
LOC100507487,0.0464,3.833e-06,2.227e-05,cell
MFAP3L,0.0444,0.1252,0.1892,cell
LOC101928223,-0.0638,0.0817,0.1323,cell
R3HCC1,0.0411,0.1628,0.2346,cell
LOC101928978,0.0153,3.133e-05,0.0001444,cell
CFAP70,0.1453,2.22e-11,4.254e-10,cell
ERI3,0.1191,0.00469,0.01133,cell
BHLHE40-AS1,0.0408,0.01081,0.02325,cell
LOC101929595,0.0216,0.0246,0.04742,cell
LOC101929626,0.0096,0.02996,0.05597,cell
LOC101929147,0.0318,0.000258,0.0009127,cell
LOC283140,-0.0074,0.1811,0.2567,cell
LOC100129461,0.014,0.01322,0.02767,cell
MTERF2,-0.0946,0.9568,0.9676,cell
SOCS1,0.0423,3.269e-05,0.0001495,cell
METTL6,0.0347,0.02619,0.05005,cell
LOC101930071,-0.0051,0.03266,0.06033,cell
SIRT4,0.02,0.03027,0.05646,cell
GLIDR,0.004,0.1921,0.2695,cell
LOC728673,0.0002,0.9575,0.9682,cell
MEMO1,-0.0072,0.4727,0.5631,cell
LPIN3,0.1784,1.522e-08,1.57e-07,cell
CCL28,-0.0464,0.6202,0.6943,cell
LOC103908605,-0.004,0.209,0.2888,cell
MTRF1L,-0.0026,0.4007,0.4926,cell
LINC01560,0.0054,0.006936,0.01586,cell
BEND5,-0.0736,0.04604,0.08088,cell
B4GAT1,0.1442,0.0007168,0.002215,cell
UMAD1,-0.1227,0.7221,0.7804,cell
TRNT1,0.0423,0.0477,0.08336,cell
VMA21,0.0149,0.3874,0.4792,cell
ERV3-1,0.2622,1.828e-09,2.287e-08,cell
CTU2,0.0715,9.373e-06,4.976e-05,cell
RPSA,-0.1571,6.003e-08,5.367e-07,cell
KLF13,-0.0355,0.7273,0.7849,cell
TMEM5-AS1,0.0051,0.009574,0.02095,cell
EDN3,0.4524,9.041e-07,6.174e-06,cell
MESDC2,0.0278,0.2368,0.3206,cell
LOC101927932,0.0021,0.4449,0.5364,cell
LOC171391,0.0356,0.0002759,0.0009674,cell
LOC100506302,-0.0187,0.5326,0.6173,cell
LOC100506753,0.0158,0.0004169,0.001387,cell
AAMP,0.274,4.231e-06,2.426e-05,cell
LINC01336,-0.0247,0.1544,0.2247,cell
DDX3Y,0.3093,2.936e-10,4.384e-09,cell
SGMS1-AS1,0.1018,0.001008,0.002955,cell
ACYP1,-0.0275,0.6556,0.7242,cell
DHX8,0.0528,0.07375,0.1211,cell
BACH1,0.1291,8.276e-05,0.0003364,cell
TSR3,-0.0484,0.1061,0.1644,cell
CAPNS1,0.0413,0.372,0.4638,cell
LENG8-AS1,0.0218,0.00451,0.01097,cell
SAPCD1-AS1,0.0444,1.871e-11,3.654e-10,cell
ZCCHC2,0.0427,0.1355,0.2017,cell
AUP1,0.0791,0.05635,0.09598,cell
PARP3,0.1307,1.859e-08,1.875e-07,cell
DDAH2,-0.0068,0.5495,0.6322,cell
TMX4,0.0318,0.8781,0.9079,cell
TBC1D22B,-0.0033,0.1714,0.2448,cell
SLC35D3,0.0217,0.08116,0.1315,cell
SFT2D1,-0.0682,0.6091,0.6846,cell
GHET1,0.0501,2.533e-05,0.0001199,cell
DUSP12,-0.1403,0.2068,0.2862,cell
PDZRN3,-0.1042,0.4122,0.5039,cell
POLN,0.0337,5.106e-06,2.875e-05,cell
HAUS3,-0.1405,0.5035,0.5912,cell
SCUBE3,0.0652,2.416e-10,3.715e-09,cell
PRG4,-0.0175,0.9128,0.9349,cell
C15orf59,0.0059,0.6446,0.715,cell
WDR61,0.1632,0.000235,0.0008428,cell
LRRC37A3,0.0508,0.0005143,0.001666,cell
DOPEY2,0.0441,0.005941,0.0139,cell
MORC2,0.035,0.03601,0.06562,cell
MAPK12,0.015,0.919,0.939,cell
ITGB5,0.0686,0.000807,0.002447,cell
SLC25A46,0.0949,0.001813,0.00497,cell
LSM11,0.0196,0.2583,0.345,cell
ZBED8,0.1309,0.002814,0.00728,cell
CNOT6,-0.0099,0.03705,0.06729,cell
PRUNE,0.3222,4.082e-06,2.354e-05,cell
MVD,0.1172,2.028e-13,5.511e-12,cell
RTN4RL1,0.0104,0.09158,0.1454,cell
ATP1B2,-0.0526,0.09541,0.1505,cell
KLHL11,0.2336,0.0004211,0.001399,cell
ICT1,-0.0907,0.02892,0.05429,cell
NPLOC4,0.3624,1.979e-10,3.113e-09,cell
TSC22D2,-0.0331,0.229,0.312,cell
ZNF18,0.0717,0.0002312,0.000831,cell
MYO1D,0.3787,3.153e-08,3.014e-07,cell
NMT1,0.1166,0.002151,0.00577,cell
NOL11,0.0163,0.05217,0.08996,cell
NUP85,0.0778,0.01204,0.02552,cell
MYL12A,0.1289,0.01649,0.03353,cell
LOC104968399,0.0065,0.5609,0.6423,cell
LRCH3,0.0985,0.000216,0.0007832,cell
POLR2B,-0.0838,0.3309,0.4221,cell
WDR48,0.0705,0.09721,0.153,cell
EBLN2,0.0179,0.202,0.2808,cell
CEP97,0.1514,1.236e-07,1.032e-06,cell
EEFSEC,0.0808,0.0004777,0.001559,cell
TCEA3,0.0219,0.02523,0.04845,cell
GLUL,-0.1876,0.09243,0.1466,cell
COLGALT2,0.1062,5.24e-06,2.942e-05,cell
ZNF500,0.0651,4.554e-06,2.591e-05,cell
TXNDC11,0.126,0.07137,0.1179,cell
KLHL36,0.0146,0.2233,0.3055,cell
HEXIM2,0.0176,0.1102,0.1696,cell
TMEM42,0.1104,0.02642,0.05045,cell
MARCKS,-0.2871,5.298e-05,0.000228,cell
ZNF800,0.062,0.008762,0.01939,cell
TAZ,0.092,8.864e-06,4.73e-05,cell
PDZD4,0.0195,0.001297,0.003684,cell
MYPOP,0.005,0.263,0.3503,cell
TMEM143,-0.0103,0.6548,0.7238,cell
ZNF280B,-0.025,0.1051,0.1631,cell
ZCWPW2,0.0356,0.02876,0.05404,cell
COPG2IT1,0.1093,1.406e-08,1.466e-07,cell
CPNE3,0.064,0.547,0.63,cell
QRICH2,0.0582,9.925e-08,8.496e-07,cell
RASA2,0.0544,0.001061,0.003091,cell
C1QL1,0.1034,0.0004766,0.001556,cell
LOC441242,0.0114,0.09631,0.1517,cell
CPA1,0.0763,1.519e-05,7.587e-05,cell
ERMN,0.0351,0.0003732,0.001259,cell
LOC100132352,-0.0439,0.5086,0.5957,cell
DIRAS2,-0.0462,0.6697,0.7351,cell
ERP44,-0.2099,0.001103,0.003197,cell
DPH7,0.0582,0.02759,0.0523,cell
ZNF558,0.0793,0.01907,0.03799,cell
FAM32A,-0.0222,0.5906,0.668,cell
SLC27A1,0.0147,0.004951,0.01187,cell
ZNF547,-0.0057,0.6882,0.7514,cell
RHOB,-0.1129,0.04093,0.07317,cell
CHCHD5,-0.0196,0.5247,0.6107,cell
METTL14,-0.0757,0.9022,0.9264,cell
PCDH10,0.0418,0.004809,0.01158,cell
ZBTB26,-0.0174,0.2625,0.3498,cell
SLMAP,0.1183,2.339e-05,0.0001113,cell
ACTL6A,0.0696,0.08502,0.1365,cell
POLR2J4,0.0479,0.003161,0.008037,cell
LOC642776,0.0421,1.315e-06,8.625e-06,cell
LRFN2,0.0237,0.2154,0.2965,cell
UBE3D,0.0468,0.02391,0.0463,cell
FAM229B,0.116,0.0001438,0.0005493,cell
DENND4C,-0.0871,0.8263,0.8655,cell
LCLAT1,0.1267,0.000379,0.001275,cell
NOP14-AS1,0.0002,0.1821,0.2578,cell
PRMT9,0.1204,0.0003886,0.001304,cell
VLDLR-AS1,-0.0433,0.1902,0.2673,cell
PTPN23,0.0933,7.735e-06,4.19e-05,cell
ZNF23,0.021,0.2211,0.3029,cell
ZKSCAN4,0.0709,0.002362,0.006252,cell
GALNT11,-0.0431,0.9135,0.9351,cell
HDHD3,0.0814,0.002929,0.007542,cell
CCDC24,0.0598,2.503e-05,0.0001186,cell
EXOC8,-0.0476,0.4923,0.5816,cell
TRIM68,0.0077,0.3926,0.4843,cell
ACBD6,0.0484,0.0004696,0.001537,cell
NIPSNAP3B,-0.0618,0.457,0.5474,cell
KRCC1,0.1699,8.378e-05,0.00034,cell
WDFY1,-0.1126,0.9049,0.9286,cell
LOC101928402,-0.0012,0.7849,0.8333,cell
XKR8,-0.0702,0.3255,0.4167,cell
SLC35A4,0.2177,0.00181,0.004963,cell
SMPDL3B,0.1094,0.0001331,0.0005128,cell
MIEF1,0.0613,0.04285,0.07606,cell
PLEKHO1,-0.0645,0.007657,0.01728,cell
MEIS1-AS2,0.0072,0.004572,0.0111,cell
NUDT15,-0.177,0.1038,0.1614,cell
TMEM74B,0.0309,0.03839,0.06928,cell
