gene,log2fc,pvalue,padj,stat_unit
LEF1,0.0121,0.9736,0.9888,donor
FOXJ2,0.6767,0.1331,0.6167,donor
MIR3123,0.02,0.3739,0.6378,donor
ZNF654,-0.8498,0.3564,0.6378,donor
TAL1,0.6936,0.366,0.6378,donor
ZMYM2,0.1868,0.5562,0.7611,donor
CACNA1I,0.0284,0.8982,0.9543,donor
DCAF6,-0.1055,0.8926,0.9512,donor
PDP1,-1.3455,0.05642,0.4774,donor
ZNF302,0.1263,0.6429,0.8155,donor
HPR,-0.0343,0.8867,0.9485,donor
TMED4,-0.0005,0.9982,0.9993,donor
SLC5A6,0.9465,0.05719,0.4785,donor
PLSCR1,-0.6624,0.05872,0.4817,donor
RPL41,-0.3834,0.02178,0.3669,donor
MARK1,-0.9717,0.03554,0.4276,donor
TMSB10,-0.4964,0.1638,0.6378,donor
HES6,0.659,0.2407,0.6378,donor
CACNA2D3,0.4337,0.6734,0.8343,donor
PDLIM1,-0.0591,0.8725,0.9425,donor
KLB,-0.0421,0.8551,0.9346,donor
MTMR3,0.7413,0.09219,0.5549,donor
LOC100506804,-0.8391,0.1254,0.6032,donor
INPP4B,1.4932,0.026,0.3914,donor
PSMD4,0.021,0.9069,0.9584,donor
DPM2,-0.1366,0.6856,0.8413,donor
DCAF5,0.3574,0.533,0.7459,donor
PTPN1,-0.712,0.08926,0.5486,donor
POLE2,0.6851,0.2598,0.6378,donor
POU6F1,0.1563,0.7899,0.9026,donor
IL18R1,0.0199,0.6161,0.799,donor
POU5F1,0.543,0.1699,0.6378,donor
PITPNA,0.6608,0.005822,0.2658,donor
PIN4,-0.5119,0.3758,0.639,donor
PIK3CB,-0.5348,0.5539,0.7598,donor
P2RY2,0.02,0.3739,0.6378,donor
DUOX1,0.9144,0.08587,0.5426,donor
PSMD13,-0.0834,0.5598,0.7632,donor
FAM131C,-0.3833,0.4248,0.6752,donor
CBFA2T3,-0.0611,0.9277,0.9672,donor
PSG8,0.1502,0.3739,0.6378,donor
CHRNA1,0.6328,0.2349,0.6378,donor
CTAGE5,0.0532,0.845,0.9294,donor
KAT5,0.3372,0.2204,0.6378,donor
CREM,-0.6997,0.1916,0.6378,donor
CLEC4A,0.2521,0.6411,0.8146,donor
BTN3A1,0.448,0.6964,0.8481,donor
RNF212,1.2911,0.05036,0.4623,donor
FILIP1L,-0.0996,0.8959,0.953,donor
VAPA,-0.5956,0.006815,0.2744,donor
FGFR1OP,-0.416,0.401,0.6586,donor
RNF41,0.1475,0.5629,0.7651,donor
ARL13B,-0.0986,0.8478,0.931,donor
RNF38,-0.7049,0.1799,0.6378,donor
PIK3R3,0.9804,0.01771,0.3513,donor
ZNF30,0.0461,0.9329,0.9697,donor
WASH1,0.3648,0.2251,0.6378,donor
SCARF2,-0.0809,0.7083,0.8547,donor
VSX2,0.6686,0.3833,0.6448,donor
EIF5,-0.7012,0.02024,0.3616,donor
SHC1,0.4246,0.2827,0.6378,donor
LYPD6,-0.4318,0.3632,0.6378,donor
UBE2J2,-0.0839,0.7607,0.8861,donor
CCNB1IP1,-0.49,0.23,0.6378,donor
KIF24,0.1718,0.7758,0.8931,donor
ESPNL,0.1482,0.4707,0.7052,donor
SPATA24,-0.6148,0.1566,0.6378,donor
CCDC108,1.1459,0.02213,0.3682,donor
SCARA3,0.0124,0.5551,0.7603,donor
RASSF5,-0.4606,0.1283,0.6089,donor
TMEM65,-0.3893,0.3759,0.6391,donor
RALGAPA1,0.4211,0.2868,0.6378,donor
CCDC129,0.0275,0.3739,0.6378,donor
PIK3R1,1.6865,0.09788,0.5649,donor
SRRM4,0.1218,0.3739,0.6378,donor
CLDN23,-0.0133,0.9855,0.9938,donor
PLTP,-0.1589,0.4961,0.723,donor
ATF4,-0.3456,0.2741,0.6378,donor
INO80C,-0.5107,0.2315,0.6378,donor
PLCB4,0.0894,0.7672,0.8885,donor
TMEM219,0.0617,0.6836,0.8403,donor
RBPMS2,0.0563,0.3739,0.6378,donor
RNF34,0.2277,0.3268,0.6378,donor
MCM8,0.559,0.3532,0.6378,donor
PAIP1,-0.1872,0.5087,0.7321,donor
CDCA2,-0.1949,0.3656,0.6378,donor
SLC6A15,-0.4219,0.3272,0.6378,donor
MCL1,0.1294,0.6606,0.8278,donor
MACC1,0.3261,0.59,0.7816,donor
SLC25A25-AS1,0.9281,0.09531,0.5593,donor
SRI,0.0906,0.6426,0.8155,donor
FAM26D,0.0148,0.3739,0.6378,donor
VWA2,0.1375,0.3739,0.6378,donor
TFEB,0.9912,0.09193,0.5548,donor
RYR2,0.8609,0.2402,0.6378,donor
DDX42,-0.0085,0.981,0.9919,donor
P2RX7,0.6288,0.3125,0.6378,donor
LINC00511,-0.4261,0.6004,0.7895,donor
MROH6,0.2612,0.5177,0.7371,donor
KNG1,0.59,0.09464,0.5584,donor
ITIH4,1.7366,0.06328,0.4927,donor
TNIP1,-1.0088,0.1133,0.5862,donor
EXTL2,1.6574,0.04569,0.4474,donor
SFTPB,-0.0359,0.3632,0.6378,donor
SAG,0.1358,0.1879,0.6378,donor
MYB,0.0673,0.3739,0.6378,donor
IRAK4,-0.4254,0.03194,0.4167,donor
GYPA,0.02,0.3739,0.6378,donor
GUCA1B,-0.3413,0.4679,0.7035,donor
HAL,0.8327,0.1341,0.6185,donor
ITGA7,0.1658,0.7431,0.8764,donor
H2AFZ,-0.3533,0.04109,0.434,donor
ABCE1,-0.0984,0.718,0.8611,donor
GPN1,-0.0696,0.7926,0.9038,donor
MORF4L2,-0.41,0.0368,0.4276,donor
CCDC88A,0.2945,0.6101,0.7951,donor
EIF3J,-0.52,0.1659,0.6378,donor
YARS,-0.081,0.8271,0.921,donor
IQGAP1,0.2474,0.2191,0.6378,donor
FAM189A2,-1.7429,0.03682,0.4276,donor
TSNAXIP1,1.4597,0.03697,0.4276,donor
MOV10,1.4642,0.002008,0.2294,donor
PRPF18,-0.2387,0.5176,0.7371,donor
PAPSS2,-0.2542,0.6499,0.8202,donor
SBSPON,-0.5114,0.2375,0.6378,donor
MAX,0.5445,0.02942,0.4063,donor
SRP9,-0.6197,0.2045,0.6378,donor
TXNDC12,-0.327,0.1059,0.5734,donor
PTDSS1,0.2789,0.1768,0.6378,donor
COPZ2,0.7024,0.1762,0.6378,donor
CWC15,-0.9745,0.004527,0.2594,donor
MTSS1,0.5393,0.1978,0.6378,donor
KIAA0586,0.5166,0.07345,0.5165,donor
SNX17,-0.0297,0.8941,0.952,donor
RIMS3,-0.0959,0.6698,0.832,donor
RNF144A,-2.2877,0.008318,0.285,donor
KIAA0232,0.3968,0.2402,0.6378,donor
SRRT,0.951,0.154,0.6378,donor
RASSF2,0.3138,0.3024,0.6378,donor
DYNC2LI1,0.1557,0.6787,0.8374,donor
SLC17A4,-0.0582,0.8384,0.9259,donor
VEGFA,-0.6603,0.1004,0.5679,donor
MAPKAPK2,0.1248,0.7176,0.8611,donor
BZRAP1,1.3465,0.006505,0.2717,donor
ST8SIA2,0.0682,0.4489,0.6912,donor
RPS6KA5,-0.0718,0.9453,0.9765,donor
AIMP1,-0.6115,0.03764,0.4276,donor
NUMBL,1.1375,0.03176,0.4161,donor
MPHOSPH10,-0.0928,0.6131,0.7968,donor
RABEP1,-0.1202,0.5661,0.7672,donor
EHF,2.0438,0.07848,0.5246,donor
CAPRIN1,-0.0156,0.9256,0.966,donor
CRLF1,0.0443,0.208,0.6378,donor
CCPG1,0.1395,0.6012,0.79,donor
DLG5,1.0431,0.009299,0.2955,donor
ZFAND5,-0.8867,0.002834,0.2306,donor
SMAD9,-2.0265,0.002023,0.2294,donor
GDF15,-3.8305,0.04078,0.434,donor
ZNF124,-0.1352,0.8991,0.9548,donor
ROCK2,-0.2737,0.7348,0.8724,donor
UQCRFS1,-0.3144,0.09287,0.5555,donor
UCHL3,-0.7405,0.05177,0.4659,donor
CAMTA1,-0.4252,0.3294,0.6378,donor
BDNF,0.5031,0.4184,0.6707,donor
SEZ6L,1.1055,0.03946,0.4296,donor
RGS6,0.2823,0.1966,0.6378,donor
ARMCX6,0.2183,0.5506,0.7582,donor
UGT3A1,-0.0205,0.3632,0.6378,donor
CHMP4B,-0.1821,0.7145,0.8593,donor
SPDYA,-0.2875,0.5996,0.7891,donor
MRPL43,-0.5212,0.1085,0.5782,donor
ADD1,0.4239,0.09004,0.5497,donor
PIGN,-0.0426,0.9298,0.9683,donor
PSME1,-0.4961,0.1262,0.605,donor
CDK5RAP3,1.004,0.01188,0.3142,donor
SLC7A8,0.3521,0.3744,0.6379,donor
EXD2,0.2648,0.5219,0.7395,donor
GPR107,0.8414,0.01431,0.3296,donor
C11orf57,-0.954,0.01713,0.3475,donor
SLC14A1,-0.0544,0.5952,0.7859,donor
TKTL1,0.1698,0.3739,0.6378,donor
PCCB,1.0675,0.03169,0.4161,donor
PRSS3,0.1795,0.7566,0.8844,donor
DBF4B,0.8192,0.2406,0.6378,donor
LRRTM4,-0.2379,0.777,0.8938,donor
CCNL2,0.6927,0.002387,0.2294,donor
IFT74,0.4606,0.1329,0.6161,donor
XYLT1,-0.4186,0.6914,0.8452,donor
EDC3,0.2172,0.567,0.7676,donor
MIR1273D,0.1363,0.4137,0.6675,donor
ZNF485,0.6578,0.3511,0.6378,donor
DSC2,-1.6075,0.1479,0.6371,donor
NFYB,0.0892,0.8384,0.9259,donor
RBM10,0.8465,0.0913,0.5527,donor
AGA,0.5164,0.3077,0.6378,donor
ADSL,-0.5524,0.06101,0.4865,donor
SGCA,-0.0005,0.9866,0.9941,donor
CEP57,-0.4703,0.1107,0.5826,donor
ZNF691,0.993,0.06009,0.485,donor
ARHGEF38,-0.3457,0.2825,0.6378,donor
PRPF4,0.1767,0.5547,0.7603,donor
SLC14A2,-0.604,0.4484,0.6908,donor
DTNB,0.4244,0.1587,0.6378,donor
HVCN1,0.1583,0.4575,0.697,donor
RAB2A,-0.2147,0.2891,0.6378,donor
SCAPER,0.0728,0.8637,0.9389,donor
CD4,0.2844,0.4313,0.6799,donor
FHOD3,0.0849,0.7989,0.9075,donor
CDSN,0.0491,0.6156,0.7989,donor
FIGNL1,-0.1657,0.7303,0.869,donor
RRM2B,-0.5767,0.0864,0.5436,donor
AMPD3,-0.1137,0.8801,0.9464,donor
IKBKE,0.6006,0.315,0.6378,donor
SSX2IP,-0.3854,0.2569,0.6378,donor
ZNF490,1.419,0.0782,0.5246,donor
ZNF512B,1.4049,0.03898,0.4295,donor
RNU5E-1,-0.0308,0.7944,0.9051,donor
RPL17,-0.8811,0.01025,0.3039,donor
PEX26,0.8264,0.1881,0.6378,donor
TUBB6,-1.75,0.01732,0.3484,donor
RXRG,1.5675,0.02293,0.3739,donor
KRT23,-0.0875,0.4189,0.6709,donor
MOCS2,-0.7022,0.06429,0.4961,donor
PAN3,-0.0134,0.9785,0.991,donor
ADAM15,1.6612,0.09413,0.5577,donor
STK26,-0.1811,0.7135,0.8585,donor
BRDT,-0.202,0.3092,0.6378,donor
OR10A4,0.0102,0.3739,0.6378,donor
NDRG2,0.0545,0.9357,0.9714,donor
SYF2,-0.9269,0.006948,0.2751,donor
VAV3,1.1707,0.008711,0.2918,donor
PLD3,0.4974,0.1281,0.6089,donor
SNUPN,-0.1156,0.7056,0.853,donor
CLCNKA,0.0437,0.7457,0.8779,donor
PSMD9,0.0631,0.8092,0.9122,donor
ATP7B,1.8156,0.09481,0.5584,donor
AGTPBP1,0.4083,0.3164,0.6378,donor
TRAPPC6B,-0.2148,0.4898,0.7184,donor
CNTNAP3B,0.1852,0.3804,0.6429,donor
PLEKHN1,0.4048,0.09532,0.5593,donor
PRR5L,0.5426,0.226,0.6378,donor
TMEM68,-1.6761,0.05552,0.4741,donor
DLK2,-1.4091,0.05331,0.4683,donor
HMGCS1,-0.2028,0.7696,0.8899,donor
ANKRD33B,0.9017,0.1411,0.6264,donor
NXF5,0.158,0.4966,0.7231,donor
SLC25A17,0.0483,0.8842,0.9481,donor
SH3YL1,-0.2257,0.114,0.5863,donor
RFPL3S,0.2851,0.6948,0.8472,donor
PQLC3,-0.0757,0.8289,0.9219,donor
LINC00632,0.3337,0.4305,0.6794,donor
UQCRHL,0.0418,0.7825,0.8976,donor
DMKN,-0.0299,0.9363,0.9719,donor
NOS1AP,-0.8591,0.1052,0.5734,donor
NEDD1,-0.8081,0.4795,0.7119,donor
ZNF550,0.7585,0.4192,0.6711,donor
LILRB4,0.1139,0.2405,0.6378,donor
HOMER1,0.9155,0.1965,0.6378,donor
MFF,0.1365,0.375,0.6384,donor
NBPF20,0.1719,0.7463,0.8783,donor
TP53,-1.3412,0.05703,0.4782,donor
NKD2,0.0022,0.9124,0.9601,donor
RAB18,-0.4873,0.0784,0.5246,donor
CROCCP3,1.0822,0.09454,0.5584,donor
EYA1,0.0693,0.814,0.9146,donor
CSE1L,-0.2144,0.4641,0.7018,donor
USPL1,0.1398,0.6943,0.8471,donor
ALG3,0.2398,0.4573,0.6968,donor
CROCCP2,1.0733,0.0457,0.4474,donor
GPLD1,0.5195,0.5828,0.7773,donor
INAFM1,-0.0907,0.8768,0.9447,donor
LOC100130264,0.3076,0.3739,0.6378,donor
PEX1,0.432,0.2021,0.6378,donor
CRIP2,0.1107,0.731,0.8696,donor
CST6,-0.0126,0.3632,0.6378,donor
CST2,-0.6958,0.3736,0.6378,donor
RNU1-1+RNU1-2+RNU1-27P+RNU1-28P+RNU1-3+RNU1-4+RNVU1-18##3,0.085,0.3739,0.6378,donor
CNN1,0.0283,0.7009,0.8508,donor
AGRP,0.0145,0.9172,0.9626,donor
PPP3CA,-0.1412,0.7439,0.8769,donor
SLC6A2,0.8919,0.3557,0.6378,donor
SLC2A4,-0.4319,0.2218,0.6378,donor
CTSW,-0.052,0.239,0.6378,donor
CTSO,0.0483,0.9393,0.9734,donor
CTSK,0.1867,0.7147,0.8593,donor
F2,0.0477,0.3739,0.6378,donor
COL5A2,0.6918,0.3958,0.6546,donor
CTBP2,0.1947,0.5835,0.7777,donor
KRT13,-0.21,0.3632,0.6378,donor
INPP4A,0.0782,0.8955,0.9527,donor
NSL1,-0.4069,0.1689,0.6378,donor
BCO2,-0.7331,0.2709,0.6378,donor
GEMIN5,-0.4363,0.6348,0.8109,donor
CNRIP1,-0.5776,0.03465,0.4253,donor
NIPSNAP3A,-0.2022,0.6467,0.8176,donor
TUBA1C,-0.0734,0.8861,0.9483,donor
ZNF521,-0.0106,0.8334,0.9244,donor
KLHDC7A,-0.465,0.2738,0.6378,donor
NEDD4L,0.6299,0.2738,0.6378,donor
POU2F2,-0.2339,0.3949,0.6539,donor
CUL3,-0.3475,0.2807,0.6378,donor
ZBTB24,0.2126,0.5073,0.7307,donor
EPM2AIP1,-0.0446,0.8687,0.9411,donor
ZEB2,0.3603,0.3896,0.65,donor
RGL1,0.6344,0.09394,0.5571,donor
MELK,0.02,0.3739,0.6378,donor
DPH5,0.1237,0.536,0.7484,donor
ELMO1,0.6764,0.1281,0.6089,donor
TPPP3,0.6171,0.4655,0.7022,donor
THAP4,0.4205,0.149,0.6378,donor
HDDC2,-0.4392,0.5251,0.7416,donor
FCF1,-0.6548,0.2132,0.6378,donor
MED31,0.0856,0.7396,0.8745,donor
TRIM14,-0.104,0.8584,0.9362,donor
DNAJC6,0.5838,0.2656,0.6378,donor
CDH18,1.7936,0.07699,0.5225,donor
TPRKB,-0.4526,0.215,0.6378,donor
ARHGAP11A,-0.4129,0.5607,0.7639,donor
MRPL4,0.1822,0.5284,0.7436,donor
MRPL48,-0.1761,0.5122,0.7342,donor
LOC100129223,0.2483,0.3739,0.6378,donor
C14orf166,0.1139,0.5254,0.7416,donor
NOSIP,0.0397,0.8579,0.936,donor
NUP54,-0.4563,0.2105,0.6378,donor
LINC00491,0.4547,0.4272,0.677,donor
ELMO1-AS1,0.0938,0.1863,0.6378,donor
LINC01007,0.0041,0.9713,0.9881,donor
PTENP1-AS,-0.2107,0.5304,0.7448,donor
SLC16A1-AS1,0.0102,0.3739,0.6378,donor
RPS14P3,0.0051,0.9893,0.9953,donor
C9orf43,1.1849,0.1783,0.6378,donor
CXCL13,0.3277,0.1961,0.6378,donor
TPMT,0.5767,0.04571,0.4474,donor
SLC43A2,0.2741,0.692,0.8455,donor
PIF1,-0.1551,0.3632,0.6378,donor
UTP15,0.1631,0.6277,0.8063,donor
MYRIP,-0.3768,0.458,0.6973,donor
ZNF582-AS1,-1.4937,0.1207,0.5962,donor
IL21R-AS1,1.9266,0.003858,0.2574,donor
AK2,0.2416,0.1769,0.6378,donor
DNAJC25,-0.8461,0.154,0.6378,donor
PLEKHA8P1,0.1233,0.7998,0.908,donor
LOC100289473,0.5259,0.3937,0.6532,donor
ATP6V0CP3,-0.0417,0.4823,0.7136,donor
AP3S2,0.118,0.5797,0.7753,donor
DCTN5,0.3678,0.2837,0.6378,donor
SRGN,0.1488,0.2291,0.6378,donor
SUV39H2,-0.7594,0.2671,0.6378,donor
BCL7B,-0.0064,0.9833,0.9928,donor
DPY19L1P1,0.924,0.1914,0.6378,donor
LOC100507557,-0.132,0.6886,0.843,donor
MT1JP,-0.3464,0.4691,0.7043,donor
SLC3A2,-1.22,0.03903,0.4295,donor
ZFAS1,-1.2648,0.003121,0.2385,donor
EFTUD1P1,-0.2643,0.4629,0.7007,donor
WHAMMP1,-0.6202,0.01414,0.3288,donor
CCDC144B,0.6604,0.2331,0.6378,donor
EPHA1-AS1,-0.088,0.3632,0.6378,donor
NME1-NME2,-0.0585,0.3703,0.6378,donor
TNFSF12,-0.3028,0.6126,0.7966,donor
ADAM1A,0.9198,0.2005,0.6378,donor
MROH7-TTC4,0.0939,0.195,0.6378,donor
GOLGA2P5,2.3027,0.004887,0.2594,donor
PDGFC,-0.0909,0.4544,0.6946,donor
YIPF1,-0.315,0.4451,0.6883,donor
SKP1P2,-0.1415,0.5301,0.7446,donor
SORD,-0.6152,0.2807,0.6378,donor
ROCK1P1,-0.1361,0.7959,0.9057,donor
EBLN3,-0.1243,0.6841,0.8406,donor
LINC00675,-0.0763,0.869,0.9413,donor
RHOU,-1.7683,0.08005,0.5308,donor
DPP10-AS1,-0.2275,0.4349,0.6823,donor
CASP12,-0.2384,0.3818,0.6435,donor
RNF7,-0.8242,0.0002538,0.209,donor
LOC155060,0.8215,0.1319,0.6138,donor
RBM5,0.4437,0.1065,0.5747,donor
VDAC1,-0.8981,0.003618,0.2516,donor
DLST,-0.2197,0.7764,0.8935,donor
CASP5,0.3014,0.2458,0.6378,donor
LOC100506747,-0.1777,0.453,0.6939,donor
UTY,0.4808,0.7882,0.9016,donor
PMF1,0.1967,0.3898,0.6501,donor
DMXL1,-0.7373,0.151,0.6378,donor
ZFR2,-0.4078,0.3681,0.6378,donor
ANKRD11,0.3006,0.4981,0.7244,donor
POLL,0.1985,0.5942,0.785,donor
PRRC2C,0.1407,0.593,0.7843,donor
IGSF10,0.2713,0.412,0.6669,donor
VWDE,0.041,0.9104,0.9598,donor
ARHGAP32,-0.3508,0.7261,0.8665,donor
IFT140,1.0155,0.04187,0.4367,donor
FLRT1,0.4056,0.2001,0.6378,donor
TGFBR3,-0.2254,0.5012,0.7266,donor
AP3B2,0.2993,0.4422,0.6872,donor
PPM1D,0.1157,0.7597,0.8857,donor
PRSS12,-0.7007,0.1964,0.6378,donor
MAP4K3,0.1304,0.7356,0.8729,donor
BAG6,0.177,0.5448,0.7541,donor
MARK2,0.8823,0.1727,0.6378,donor
DKFZp434J0226,1.093,0.06862,0.5055,donor
PLD1,-0.1467,0.8844,0.9483,donor
MIR4448,-0.0126,0.3632,0.6378,donor
ZNF668,0.8084,0.1503,0.6378,donor
FAM178B,0.0129,0.7903,0.9027,donor
RAB40C,1.0871,0.1599,0.6378,donor
ZFYVE28,-0.329,0.5308,0.745,donor
IL17C,0.2143,0.3739,0.6378,donor
TMEM150B,0.0295,0.3739,0.6378,donor
RAC3,0.2765,0.6264,0.8054,donor
DMD,0.1422,0.5624,0.7649,donor
PWP2,-0.0015,0.994,0.9974,donor
PWP2##1,0.1547,0.6993,0.8498,donor
SF3B4,-0.0835,0.7262,0.8665,donor
COCH,-0.3035,0.609,0.7944,donor
GYG2,-0.3004,0.8091,0.9122,donor
PTH2R,0.0903,0.3739,0.6378,donor
AP1G2,0.7773,0.03504,0.4276,donor
PSMD5,-0.2659,0.3765,0.6396,donor
GPRC5A,-0.0515,0.1573,0.6378,donor
CDH17,-0.1008,0.8778,0.9454,donor
RCAN3AS,0.0576,0.898,0.9543,donor
HPSE,0.6864,0.462,0.7005,donor
PRR4##1,0.0998,0.2934,0.6378,donor
NKIRAS2,-0.1935,0.6289,0.8073,donor
SLC25A25,1.0458,0.1066,0.5747,donor
ZNF837,0.152,0.744,0.8769,donor
GPC5-AS1,-0.2756,0.3993,0.6572,donor
FBXO28,-0.2934,0.3812,0.6434,donor
OSBPL10-AS1,0.0604,0.4578,0.6973,donor
CNOT1,0.6287,0.07031,0.5091,donor
MAPKBP1,2.0425,0.03054,0.4103,donor
AKNAD1,0.6265,0.1021,0.5697,donor
IFITM3,0.3372,0.6675,0.831,donor
RPP14,-0.0519,0.9004,0.9552,donor
GGCT,0.1338,0.7408,0.8752,donor
INTS7,0.0391,0.9499,0.9781,donor
KREMEN2,0.1577,0.343,0.6378,donor
NAT2,0.1218,0.3739,0.6378,donor
VPS33B,-0.0349,0.8978,0.9543,donor
PDHA1,-0.7519,0.2658,0.6378,donor
LINC00598,-0.3829,0.489,0.7182,donor
NKRF,-0.25,0.7753,0.8929,donor
PRKG2,0.3472,0.6527,0.8222,donor
BTBD3,0.1093,0.7297,0.8688,donor
TUBA1A,-0.3274,0.4179,0.6703,donor
ADAMTS8,0.1114,0.638,0.8129,donor
MANBA,-0.0791,0.8888,0.9494,donor
IPP,0.2356,0.5282,0.7435,donor
SLC6A9,0.4247,0.4481,0.6906,donor
MAN1A1,0.1956,0.6123,0.7965,donor
DCAF8,0.426,0.04176,0.4367,donor
KIAA0226,0.552,0.1436,0.631,donor
ZBTB16,0.0451,0.9479,0.9775,donor
IDH1,-0.1805,0.6001,0.7894,donor
MAK,1.4875,0.06082,0.486,donor
STMN2,-0.959,0.1066,0.5747,donor
PDE4B,1.2509,0.2036,0.6378,donor
BCKDK,-0.3461,0.5494,0.7575,donor
SMAD1,-1.6736,0.09368,0.557,donor
PAK4,0.488,0.2822,0.6378,donor
TUBA4A,-0.5842,0.2311,0.6378,donor
SMAD3,1.1524,0.1826,0.6378,donor
PLAGL1,-0.49,0.2733,0.6378,donor
SMAD2,-0.0894,0.7757,0.8931,donor
SMAD7,-0.8145,0.1806,0.6378,donor
TRIB3,-3.2586,0.03579,0.4276,donor
HDAC4,0.5882,0.3048,0.6378,donor
GOLGA3,0.8768,0.01872,0.3569,donor
SPIN1,-0.0541,0.8203,0.918,donor
DNAJA2,-0.1721,0.1345,0.6186,donor
ST3GAL2,1.8006,0.01873,0.3569,donor
LOC101929450,0.1351,0.5738,0.7718,donor
LOC101929470,0.1236,0.18,0.6378,donor
MVP,1.2392,0.02218,0.3682,donor
SRSF5,-0.0574,0.8037,0.9101,donor
TMEM115,0.0212,0.9482,0.9776,donor
LILRB2##1,0.0022,0.9124,0.9601,donor
HLA-DRA,-0.1976,0.4106,0.6658,donor
IFT122,0.4579,0.1271,0.6064,donor
ANKRD54,0.6769,0.2214,0.6378,donor
VPS13D,1.4886,0.00166,0.2293,donor
M1AP,-0.0482,0.9562,0.9808,donor
CANT1,-0.1882,0.7035,0.852,donor
CCDC148,0.3293,0.5932,0.7845,donor
LEO1,0.0991,0.8382,0.9259,donor
PIH1D2,1.9071,0.04066,0.434,donor
PLD4,-0.0125,0.3632,0.6378,donor
TRIM43,0.2529,0.2834,0.6378,donor
TMEM45B,-0.5533,0.5664,0.7673,donor
C11orf74,0.5669,0.28,0.6378,donor
TM4SF18,-0.0286,0.3632,0.6378,donor
GINM1,0.3002,0.3425,0.6378,donor
ZNF653,-0.1295,0.6428,0.8155,donor
FCHO2,-1.4336,0.02073,0.3635,donor
COL11A2##1,0.2235,0.3303,0.6378,donor
TEX30,-0.4127,0.08342,0.5379,donor
AFG3L1P,1.011,0.1046,0.5734,donor
CLTA,-0.4142,0.03317,0.4199,donor
OAZ3,0.4746,0.2911,0.6378,donor
TACC1,0.0159,0.9532,0.9796,donor
ELMOD3,1.0257,0.05944,0.4832,donor
DAZAP2,-0.8745,0.003655,0.2522,donor
DNAJB5,0.323,0.4579,0.6973,donor
TCF21,-0.2076,0.2636,0.6378,donor
C2CD4C,0.1114,0.5491,0.7574,donor
INCA1,0.0843,0.862,0.9378,donor
TRMT2B,1.1089,0.1286,0.6093,donor
IL23R,0.0533,0.555,0.7603,donor
CPNE1,-0.0151,0.9689,0.9867,donor
SPATA33,1.0131,0.1083,0.5782,donor
FBXL13,0.2342,0.6608,0.8279,donor
ABHD2,0.6488,0.02784,0.3995,donor
CEP164,1.3521,0.02797,0.3995,donor
SLC1A6,-0.0331,0.1897,0.6378,donor
SERPINI2,0.0174,0.8802,0.9465,donor
MYO6,0.0022,0.9927,0.9968,donor
SERPINA4,0.092,0.3476,0.6378,donor
SNORA73A,0.0214,0.7676,0.8888,donor
SNORA73B,0.373,0.4121,0.6669,donor
SMIM21,0.0387,0.3739,0.6378,donor
PAK6,1.8038,0.02889,0.4046,donor
COL4A5,0.0952,0.3156,0.6378,donor
SNORD99,0.3896,0.3794,0.642,donor
SNORD117,0.0102,0.3739,0.6378,donor
FASTK,0.0661,0.8983,0.9543,donor
PHKG1,0.4386,0.2754,0.6378,donor
RNASEH2B,-0.2861,0.1106,0.5826,donor
C10orf113,0.0172,0.9834,0.9928,donor
HDX,-0.1652,0.7981,0.9068,donor
MOSPD2,-0.0495,0.9222,0.9653,donor
FXYD6,0.6632,0.2349,0.6378,donor
HRAS,-0.9339,0.0118,0.3142,donor
TRIM46,-0.0232,0.9671,0.9858,donor
TSEN34,-0.3818,0.1623,0.6378,donor
KIAA0226L,0.4713,0.3622,0.6378,donor
CERCAM,1.6892,0.02319,0.3757,donor
MRPS27,-0.0895,0.7526,0.8823,donor
SMG6,1.1738,0.03112,0.4122,donor
PTTG1,-1.3249,0.1732,0.6378,donor
ARPIN,0.6091,0.5185,0.7376,donor
BORA,0.4538,0.6448,0.8166,donor
OTUD6B,-0.8911,0.2905,0.6378,donor
ACOT8,0.1252,0.7295,0.8687,donor
EEF2K,0.072,0.9363,0.9719,donor
CCDC106,0.3721,0.3465,0.6378,donor
RBM15B,0.5025,0.1817,0.6378,donor
RHOBTB2,0.9193,0.2264,0.6378,donor
MORC1,0.1198,0.2034,0.6378,donor
SPARC,-1.0597,0.003611,0.2516,donor
SNORD85,0.0288,0.3739,0.6378,donor
DAG1,1.1392,0.01362,0.325,donor
SUCLG2,-0.9012,0.3648,0.6378,donor
THPO,0.0437,0.487,0.7174,donor
CD33,0.1126,0.2445,0.6378,donor
PPP2R2A,-0.3045,0.3097,0.6378,donor
ALPL,0.5858,0.3392,0.6378,donor
ZNF816,-0.9716,0.3769,0.6397,donor
SLC26A8,-0.0126,0.3632,0.6378,donor
ENY2,-0.8368,0.006813,0.2744,donor
EDRF1,-0.259,0.5454,0.7547,donor
BEST3,-0.0945,0.9226,0.9653,donor
ACTR3,-0.9142,0.02039,0.3616,donor
CD151,0.426,0.186,0.6378,donor
PDHA2,-0.0886,0.1155,0.5886,donor
CD74,0.4817,0.6414,0.8147,donor
CCNG2,-0.9253,0.4459,0.6888,donor
CBLN1,-0.0349,0.9145,0.961,donor
ENDOG,0.2449,0.5321,0.7456,donor
RUNX1T1,0.1264,0.6684,0.8314,donor
NKTR,0.8707,0.03075,0.4112,donor
CASP3,-0.4457,0.274,0.6378,donor
EFNB1,0.4899,0.442,0.6869,donor
CETN2,0.4595,0.09819,0.5659,donor
CALR,0.8024,0.06737,0.5018,donor
NBL1,-0.1333,0.2574,0.6378,donor
CALD1,-1.3865,0.1197,0.5962,donor
CAD,1.4017,0.01847,0.3567,donor
NOLC1,-0.0094,0.9741,0.9891,donor
FMNL1,-0.6023,0.3585,0.6378,donor
MTA2,0.9658,0.09689,0.5631,donor
VAPB,-0.2604,0.234,0.6378,donor
ZFYVE9,1.6895,0.0752,0.5199,donor
SLC25A3,-0.1126,0.5711,0.7702,donor
FGD3,0.1719,0.7239,0.8652,donor
FCGR2A,0.4683,0.2005,0.6378,donor
C12orf10,0.5364,0.01755,0.3503,donor
GPBP1L1,-0.1239,0.3519,0.6378,donor
LGR6,0.1793,0.2949,0.6378,donor
PBOV1,-0.4141,0.5374,0.7491,donor
PLBD1,0.529,0.5566,0.7614,donor
RXFP1,0.0148,0.3739,0.6378,donor
HDAC11,-0.1921,0.6956,0.8477,donor
MTMR9LP,0.7414,0.4403,0.6864,donor
NOS1,0.0077,0.9327,0.9697,donor
ABCC10,1.8069,0.002426,0.23,donor
RAI1,0.1142,0.7946,0.9052,donor
YTHDC2,0.544,0.2623,0.6378,donor
HOXA3,0.0992,0.4261,0.6761,donor
FNDC4,0.8313,0.2827,0.6378,donor
UCP3,0.5493,0.3551,0.6378,donor
ELOVL1,-0.0802,0.8342,0.9247,donor
MAP1LC3B,-0.7908,0.001725,0.2293,donor
PER2,-0.4046,0.5063,0.7297,donor
CDC25C,0.0488,0.6102,0.7951,donor
SNRPN,0.188,0.6022,0.7906,donor
PRRT1,1.1842,0.06043,0.4854,donor
ACAP3,1.4534,0.01876,0.3569,donor
HNRNPDL,-0.626,0.006728,0.2732,donor
THBS3,0.9862,0.1385,0.6229,donor
CRISP3,-0.0535,0.3632,0.6378,donor
MTNR1B,0.0706,0.5158,0.7362,donor
EFS,0.9556,0.1965,0.6378,donor
A3GALT2,0.0148,0.3739,0.6378,donor
KCTD15,-0.3025,0.5512,0.7583,donor
MARCH10,1.3757,0.04639,0.4505,donor
RHOT1,-0.4838,0.1156,0.5888,donor
APOBEC2,0.7385,0.3108,0.6378,donor
TMPRSS2,0.133,0.4245,0.6749,donor
KLF10,-0.6744,0.2043,0.6378,donor
WDR3,-0.2872,0.5001,0.7259,donor
TFCP2,-0.14,0.9096,0.9593,donor
ZFPL1,0.1851,0.4778,0.7106,donor
CAPN15,1.5187,0.01102,0.3107,donor
SOS1,0.2244,0.5706,0.7698,donor
XIRP2,-0.244,0.2779,0.6378,donor
FBLN1,0.3261,0.4655,0.7022,donor
PEX11B,-0.283,0.6111,0.7956,donor
JRK,2.6107,0.003999,0.2594,donor
USO1,0.1676,0.4957,0.7228,donor
GTF2E2,-0.6167,0.04252,0.4383,donor
GMNN,-0.8117,0.09585,0.5606,donor
LOC653160,0.2708,0.6448,0.8166,donor
SNX20,0.0903,0.3739,0.6378,donor
KIAA0040,1.5101,0.07642,0.5216,donor
LRRC61,0.4865,0.4384,0.6852,donor
MAGI3,0.3045,0.7351,0.8726,donor
NPNT,1.8051,0.1163,0.5902,donor
TTC27,-0.0803,0.8604,0.9372,donor
ENO3,-0.5417,0.5467,0.7556,donor
TRIB1,-0.2665,0.4806,0.7126,donor
NUDT13,-0.2218,0.7932,0.9041,donor
TLE4,1.0593,0.07279,0.5151,donor
ZCCHC17,0.0023,0.992,0.9965,donor
SLC22A12,0.02,0.3739,0.6378,donor
TRAPPC3,0.5791,0.08412,0.5399,donor
ARIH2OS,0.1914,0.5827,0.7772,donor
SLC6A12,0.1846,0.6984,0.8493,donor
NAPEPLD##1,0.7141,0.1112,0.5826,donor
ALS2CR11,1.0882,0.2673,0.6378,donor
DLG1,-0.0791,0.8535,0.9336,donor
DBI,-0.9162,0.07561,0.5212,donor
SEMA4G,-0.2095,0.7838,0.8986,donor
ZC4H2,0.846,0.05763,0.4793,donor
PCSK2,1.5304,0.005676,0.2656,donor
ARL17A##2,0.8143,0.01325,0.3232,donor
USP25,-1.9153,0.1289,0.6097,donor
ELP3,-0.1719,0.6349,0.811,donor
PGAP2,0.0757,0.7906,0.9027,donor
ZNF90,-0.0356,0.9342,0.9702,donor
CNTN1,0.3362,0.08522,0.5404,donor
PPAP2A,-0.2188,0.7125,0.8579,donor
CCDC50,-0.6513,0.02128,0.3644,donor
KATNAL1,0.4988,0.0861,0.5432,donor
NAA16,-0.1531,0.6049,0.7926,donor
MRPL14,-0.4902,0.1319,0.6138,donor
OTP,0.3986,0.3739,0.6378,donor
MAL2,-0.9451,3.211e-05,0.2059,donor
SEMA6B,0.3867,0.1906,0.6378,donor
PPP1R12B,1.5267,0.02246,0.3699,donor
CDH23,0.3067,0.1945,0.6378,donor
VCPKMT,-0.8723,0.3766,0.6396,donor
PCDHGA1,0.2711,0.317,0.6378,donor
RIC3,0.2494,0.5334,0.7463,donor
WT1,0.0711,0.2623,0.6378,donor
PCDHGA11,0.893,0.1619,0.6378,donor
EIF4H,0.2747,0.3094,0.6378,donor
NKAIN1,-0.2322,0.7714,0.8908,donor
ADIPOR2,-0.09,0.9085,0.9591,donor
C10orf76,1.2792,0.001232,0.2179,donor
PCDHGA8,1.2434,0.006835,0.2744,donor
CDK11B,0.493,0.2508,0.6378,donor
DSC1,0.4224,0.4553,0.6953,donor
CHST5,0.4293,0.1831,0.6378,donor
GSG2,0.2853,0.3739,0.6378,donor
KRTAP9-3,-0.0671,0.3632,0.6378,donor
KRTAP4-8,-0.0125,0.3632,0.6378,donor
KRTAP3-2,-0.0044,0.996,0.9985,donor
PRSS27,-0.2114,0.6538,0.8228,donor
IRX1,-0.0767,0.3632,0.6378,donor
KCTD10,-0.2592,0.304,0.6378,donor
SNX25,-1.4901,0.1265,0.6056,donor
PATZ1,1.0161,0.03478,0.4255,donor
SLC52A2,0.9142,0.08364,0.5388,donor
SLC4A11,0.1047,0.8544,0.9343,donor
B3GNT5,-0.8557,0.2383,0.6378,donor
AGAP3,0.9651,0.1758,0.6378,donor
CDC73,-0.5314,0.02294,0.3739,donor
SLC25A27,0.814,0.2578,0.6378,donor
FRAT1,0.0985,0.8898,0.9496,donor
NRG1,0.5698,0.442,0.6869,donor
EVI5L,1.0209,0.03763,0.4276,donor
SMIM12,-0.3335,0.09465,0.5584,donor
ASCL2,-1.5466,0.005755,0.2658,donor
PPM1J,-0.0628,0.8153,0.9154,donor
ZNHIT1,0.1823,0.2459,0.6378,donor
PPIH,-0.2933,0.3403,0.6378,donor
ROR1,0.0639,0.8669,0.9402,donor
SLC30A9,0.0107,0.974,0.9891,donor
ATP5G2,-0.3033,0.064,0.4958,donor
ATP5C1,0.0483,0.7687,0.8895,donor
ATP2A3,1.0286,0.01944,0.3603,donor
ATF1,-0.5976,0.1598,0.6378,donor
EYA3,0.6697,0.04897,0.458,donor
EVA1C,0.7718,0.3146,0.6378,donor
CCDC115,-0.2357,0.3238,0.6378,donor
SYCP1,0.3224,0.3739,0.6378,donor
POLR3F,-0.1561,0.6719,0.8335,donor
TSPAN16,0.055,0.3739,0.6378,donor
BARD1,-0.9755,0.1427,0.6294,donor
KCNK9,-0.755,0.442,0.6869,donor
SEPT4,-0.0787,0.9316,0.9693,donor
BCL2L12,0.2807,0.4625,0.7007,donor
PSMB3,0.3184,0.1002,0.5678,donor
MACROD2-IT1,-0.0024,0.8859,0.9483,donor
NFYC-AS1,-1.1424,0.2539,0.6378,donor
RBFOX2,0.3082,0.1508,0.6378,donor
MPZL1,-0.0667,0.8494,0.9321,donor
NOS3,0.4014,0.6057,0.793,donor
NOL4,0.8014,0.02773,0.3987,donor
AP3D1,0.7997,0.07819,0.5246,donor
PFKFB1,0.1852,0.4012,0.6586,donor
DEGS1,-0.4281,0.2795,0.6378,donor
IGF2BP2,0.6164,0.4066,0.6622,donor
ELL,0.333,0.4962,0.723,donor
PROCR,0.8409,0.109,0.5793,donor
MSRB2,-0.5806,0.08523,0.5404,donor
CECR2,-1.5085,0.04675,0.4524,donor
OLA1,-0.5339,0.01866,0.3569,donor
DCTN2,-0.1462,0.3168,0.6378,donor
HYOU1,1.6565,0.01161,0.3139,donor
MYO1B,0.6257,0.09314,0.5562,donor
MSMO1,0.0572,0.8953,0.9526,donor
ATP11B,0.6019,0.1093,0.5799,donor
GUCA2A,0.055,0.3739,0.6378,donor
TAS2R30,0.0922,0.4534,0.694,donor
DTX2,1.2206,0.006422,0.2708,donor
CFAP44,1.678,0.004757,0.2594,donor
SLCO1C1,0.6317,0.1428,0.6295,donor
ALDH6A1,0.3964,0.3762,0.6393,donor
LARP1B,0.5557,0.06938,0.5078,donor
SETD4,0.465,0.3366,0.6378,donor
UBL7,0.2412,0.4123,0.6669,donor
ECI1,0.0795,0.79,0.9026,donor
SF1,-0.1691,0.5054,0.7292,donor
TMPRSS13,-0.3555,0.3813,0.6434,donor
PPP1R12A,-0.1603,0.5409,0.7512,donor
AKAP13,1.0492,0.007546,0.2823,donor
LMX1B,0.025,0.1873,0.6378,donor
LEPREL2,1.3691,0.06879,0.5058,donor
LOC100129924,-0.0539,0.7403,0.875,donor
CCDC63,0.025,0.1873,0.6378,donor
ZNF709,-2.2513,0.006272,0.2687,donor
C12orf50,0.1288,0.2593,0.6378,donor
EGFLAM,0.685,0.3291,0.6378,donor
FAM101B,1.2273,0.02724,0.3963,donor
ALS2CL,0.8949,0.2082,0.6378,donor
GRIK1,-0.0835,0.8019,0.9091,donor
PPARD,0.3652,0.3349,0.6378,donor
MAGED2,-0.3887,0.1333,0.6173,donor
LMX1A,0.0673,0.3739,0.6378,donor
HECTD2,-0.3785,0.2414,0.6378,donor
ELMO2,0.7577,0.07898,0.5259,donor
PPP2R4,1.4783,0.03048,0.4103,donor
GATC,0.7325,0.1057,0.5734,donor
P2RY12,0.3286,0.2889,0.6378,donor
TSGA10,0.0597,0.895,0.9524,donor
FGF14,0.9213,0.06407,0.4961,donor
GAS2,-0.1667,0.8205,0.918,donor
CREB5,-0.0518,0.9597,0.9819,donor
KIAA1429,0.4038,0.0407,0.434,donor
CYB5A,-0.359,0.1624,0.6378,donor
DKKL1,0.1032,0.296,0.6378,donor
BTN3A2,0.1053,0.8836,0.9479,donor
PACS2,1.2027,0.02052,0.3616,donor
KDM4A-AS1,0.5395,0.272,0.6378,donor
MAGIX,1.7975,0.01756,0.3503,donor
VEPH1,-0.2461,0.5814,0.7764,donor
TMEM236,0.8009,0.1171,0.5924,donor
LINC00623,-0.1647,0.6718,0.8335,donor
KLF3-AS1,0.2279,0.7042,0.8524,donor
FAM204A,-0.3471,0.3176,0.6378,donor
JDP2,0.1371,0.8365,0.9255,donor
SIRPB2,-0.0126,0.3632,0.6378,donor
CENPM,-0.4705,0.0745,0.5192,donor
TST,0.7155,0.4346,0.6821,donor
TMEM249,-1.2798,0.007031,0.2757,donor
SPOCD1,0.1379,0.2745,0.6378,donor
YAP1,0.6082,0.2104,0.6378,donor
SURF4,0.4023,0.1646,0.6378,donor
DAAM1,0.4856,0.05695,0.478,donor
NAIP,0.273,0.4067,0.6624,donor
APOLD1,1.6617,0.03991,0.4325,donor
GFOD2,0.571,0.1661,0.6378,donor
CCDC130,0.3591,0.2639,0.6378,donor
TM6SF1,-0.3943,0.5338,0.7466,donor
SLC30A5,0.0432,0.8373,0.9259,donor
PGAP1,0.8065,0.1984,0.6378,donor
PPP1R9B,0.4202,0.4486,0.691,donor
MIF4GD,0.6923,0.06121,0.4872,donor
FAM156A,0.1348,0.6087,0.7942,donor
ZSWIM8,0.9149,0.01501,0.3349,donor
TAF1C,1.153,0.03062,0.4106,donor
TAX1BP1,0.2169,0.3951,0.6541,donor
SUDS3,-0.0902,0.8341,0.9247,donor
ACTR6,0.1832,0.695,0.8474,donor
PCNXL4,0.3304,0.2523,0.6378,donor
C7orf26,-0.0038,0.9924,0.9967,donor
NARFL,1.474,0.002845,0.2306,donor
TTC31,-0.2438,0.7444,0.877,donor
C17orf62,-0.6244,0.1784,0.6378,donor
CIDEA,-0.0205,0.3632,0.6378,donor
KANSL1-AS1,-0.5989,0.4644,0.7021,donor
EIF3J-AS1,-0.6837,0.007865,0.2824,donor
SPATA42,-0.099,0.4762,0.7099,donor
GTF2IRD1,0.4845,0.2424,0.6378,donor
NACAP1,-0.2198,0.5024,0.7273,donor
RNU6-1+RNU6-2+RNU6-7+RNU6-8+RNU6-9##1,0.0275,0.3739,0.6378,donor
RNU6-1+RNU6-2+RNU6-7+RNU6-8+RNU6-9##2,-0.0147,0.3632,0.6378,donor
CADM2,0.1221,0.8259,0.9203,donor
SLC9A7,-0.0993,0.9212,0.9647,donor
GOLGB1,0.5878,0.005924,0.2658,donor
RPA1,-0.0629,0.8821,0.9473,donor
PSG5,0.0148,0.3739,0.6378,donor
GDAP2,-0.4938,0.2438,0.6378,donor
SHMT2,-0.5743,0.4876,0.7177,donor
CELF5,0.0607,0.8316,0.9237,donor
DDR1,-0.0616,0.8524,0.933,donor
CHIC2,-0.2938,0.2587,0.6378,donor
LINC01144,0.0644,0.9392,0.9734,donor
SMTN,-0.4067,0.1099,0.5812,donor
PPP5C,0.3959,0.2258,0.6378,donor
LEMD1,0.0423,0.2028,0.6378,donor
RNF103,0.064,0.8452,0.9294,donor
RBM39,-0.2625,0.1939,0.6378,donor
MUC1,0.3413,0.2379,0.6378,donor
NR3C1,0.3361,0.3351,0.6378,donor
SPAM1,0.0647,0.3739,0.6378,donor
ACVR1B,-0.388,0.4629,0.7007,donor
RNU11,-0.0785,0.5117,0.7341,donor
FGF17,0.8877,0.1417,0.6276,donor
SSBP1,-0.3815,0.07746,0.5229,donor
SSB,-0.459,0.03697,0.4276,donor
CYTIP,-0.06,0.8653,0.9394,donor
TRIM21,-0.4233,0.4886,0.7182,donor
GTPBP1,1.562,0.03237,0.4185,donor
SRY,0.244,0.722,0.8637,donor
SPTBN1,0.0487,0.8726,0.9425,donor
PMPCB,-0.2551,0.2326,0.6378,donor
EEF1E1,-0.8055,0.06969,0.5086,donor
CABP1,1.3298,0.01472,0.3332,donor
SPTAN1,0.7626,0.01005,0.3008,donor
AKAP6,1.4686,0.08225,0.5351,donor
MED7,-0.836,0.0167,0.3436,donor
MED27,-1.1196,0.04578,0.4477,donor
MED21,-0.3542,0.2451,0.6378,donor
TMPRSS11D,-0.0218,0.7732,0.8916,donor
SPTA1,0.1012,0.3739,0.6378,donor
TYK2,2.1359,0.01997,0.3603,donor
ERICH3-AS1,0.0148,0.3739,0.6378,donor
SPIB,0.1094,0.3763,0.6394,donor
SPG7,1.2719,0.007782,0.2823,donor
PPP6R3,0.171,0.5372,0.749,donor
ADIPOR1,-0.4051,0.05668,0.4777,donor
AIG1,-0.2998,0.2235,0.6378,donor
MPC1,-0.5476,0.1124,0.5851,donor
GNAS,-0.2203,0.4038,0.6604,donor
GINS2,0.515,0.3297,0.6378,donor
TNFAIP8,0.2206,0.6875,0.8425,donor
ZNF324,0.8336,0.2875,0.6378,donor
TBC1D22A,0.552,0.1641,0.6378,donor
ABHD6,-0.0397,0.9395,0.9734,donor
FJX1,-0.7791,0.121,0.5966,donor
AGO3,0.5794,0.3709,0.6378,donor
MTCH2,0.2607,0.1729,0.6378,donor
TPPP,1.418,0.05341,0.4683,donor
SUMO2,-0.5343,0.0385,0.429,donor
PPIL2,1.2959,0.0003798,0.209,donor
FRRS1L,0.0303,0.9632,0.9836,donor
TCF19##1,-0.1748,0.8436,0.9285,donor
CYP4Z2P,-0.0671,0.3632,0.6378,donor
IPO11,-0.1524,0.8094,0.9123,donor
AAGAB,0.0818,0.7507,0.8814,donor
ESR2,1.017,0.113,0.586,donor
EPG5,0.0304,0.9661,0.9854,donor
HIST1H2BD,-1.0227,0.08848,0.5483,donor
HIST1H2BB,-0.4399,0.1914,0.6378,donor
TSC22D4,0.4704,0.1641,0.6378,donor
FANCM,0.0939,0.9097,0.9594,donor
IFNA7,0.055,0.3739,0.6378,donor
TRPM3,0.929,0.1145,0.5867,donor
ABHD10,-0.2787,0.037,0.4276,donor
DCP1A,-0.025,0.9334,0.97,donor
TLDC1,0.1372,0.7653,0.8876,donor
ZNF253,-0.5405,0.2612,0.6378,donor
ABCF3,0.6359,0.009929,0.2993,donor
SLC35C1,-0.1886,0.7565,0.8844,donor
WDFY4,0.1178,0.286,0.6378,donor
MRPL55,-0.1351,0.4503,0.6923,donor
GABRG1,0.0102,0.3739,0.6378,donor
TDRD5,0.6782,0.2109,0.6378,donor
ZNF610,-0.297,0.7148,0.8594,donor
C18orf54,-0.7649,0.3711,0.6378,donor
FAM71D,0.0711,0.2623,0.6378,donor
GCC2,-0.3657,0.1308,0.6129,donor
VKORC1L1,0.1442,0.6739,0.8345,donor
CNKSR3,0.0065,0.9926,0.9968,donor
GABPB1,-0.6805,0.4277,0.6774,donor
PIH1D3,0.6185,0.3739,0.6378,donor
PIP5KL1,0.4021,0.419,0.6709,donor
KCNH5,-0.0392,0.1909,0.6378,donor
MMAA,-0.5316,0.3175,0.6378,donor
DCAF11,0.488,0.3051,0.6378,donor
SLCO6A1,0.1533,0.3739,0.6378,donor
MISP,-0.8482,0.2923,0.6378,donor
USH1G,0.0151,0.7958,0.9057,donor
ANAPC16,-0.5781,0.06709,0.5014,donor
MIR761,0.0102,0.3739,0.6378,donor
MARCH1,-0.4919,0.6205,0.802,donor
TAS2R19,-0.3748,0.45,0.6921,donor
APPL2,0.769,0.07749,0.5229,donor
C20orf27,0.2901,0.4192,0.6711,donor
SLC4A9,0.0692,0.5137,0.7354,donor
COL25A1,-0.2154,0.4118,0.6668,donor
ASPSCR1,1.0417,0.007859,0.2824,donor
ARHGAP20,0.2901,0.3739,0.6378,donor
VIPR1,-1.5381,0.02738,0.3967,donor
PHB2,-0.3598,0.1135,0.5863,donor
ITPA,-0.2666,0.4659,0.7024,donor
CEACAM3,0.0903,0.3739,0.6378,donor
USP4,-0.3168,0.6353,0.811,donor
SLC5A11,0.1539,0.7866,0.9005,donor
TRPC1,0.2793,0.2653,0.6378,donor
IRG1,0.1506,0.3739,0.6378,donor
CLPB,1.0096,0.03712,0.4276,donor
MYH4,0.0422,0.3739,0.6378,donor
NOBOX,-0.0468,0.3632,0.6378,donor
DST,0.3714,0.2978,0.6378,donor
GSKIP,-0.2025,0.5252,0.7416,donor
PDLIM7,-0.9197,0.009362,0.2961,donor
TMED5,-0.771,0.04494,0.4445,donor
CPEB1-AS1,-0.3035,0.4267,0.6767,donor
LOC642426,0.0102,0.3739,0.6378,donor
SCAF4,0.5767,0.223,0.6378,donor
ARHGEF28,0.2735,0.488,0.7177,donor
TTC39C,0.7712,0.1093,0.5799,donor
TRPC4,0.7038,0.1848,0.6378,donor
CHST4,0.4599,0.2719,0.6378,donor
TSTD3,0.1107,0.7731,0.8916,donor
ZNF501,0.4477,0.582,0.7766,donor
TMEM200A,0.7256,0.1414,0.6268,donor
LIN9,-1.1284,0.192,0.6378,donor
TRAF4,-0.873,0.1671,0.6378,donor
KIF1C,0.6434,0.1487,0.6378,donor
TP73,0.8054,0.1646,0.6378,donor
LZTR1,1.632,0.006034,0.2658,donor
SLC12A7##1,-0.7916,0.4111,0.6662,donor
TSSC1,0.0098,0.9833,0.9928,donor
C19orf80,-0.0125,0.3632,0.6378,donor
COPS4,0.212,0.3789,0.6415,donor
ACKR4,0.0401,0.9001,0.9551,donor
FAM13B,0.014,0.9553,0.9804,donor
CCR10,-0.2096,0.7,0.8501,donor
DRD3,0.146,0.3489,0.6378,donor
EPS8L1##1,0.1457,0.3084,0.6378,donor
DUSP10,-0.5043,0.3016,0.6378,donor
KIF5C##1,-0.2689,0.5038,0.728,donor
ZFPM2,-0.0205,0.3632,0.6378,donor
NUMA1,1.0142,0.01806,0.3537,donor
NTS,-0.4605,0.3632,0.6378,donor
DDR2,-0.5915,0.4891,0.7182,donor
NRL,1.3656,0.04812,0.455,donor
NRGN,0.0148,0.3739,0.6378,donor
SCRG1,0.11,0.7192,0.8617,donor
BRAP,0.5761,0.1984,0.6378,donor
RRAGA,-0.1371,0.4764,0.7099,donor
GABARAP,-0.3077,0.09481,0.5584,donor
EXOC3,0.3125,0.3682,0.6378,donor
CBX3,-0.8326,0.028,0.3995,donor
METAP2,-0.4255,0.0519,0.466,donor
NKX3-1,-0.8815,0.2494,0.6378,donor
DNMT3B,-0.2472,0.6357,0.8112,donor
TMEM107,-0.1737,0.6554,0.8239,donor
ZNF703,-0.9284,0.1384,0.6227,donor
KCNK17,1.5633,0.03034,0.4102,donor
POLM,1.0285,0.1481,0.6372,donor
TIMM10,-0.5576,0.05783,0.4795,donor
SYCE1,-0.1416,0.3632,0.6378,donor
SIGLEC6,0.0102,0.3739,0.6378,donor
ATF2,-0.2263,0.2151,0.6378,donor
PPP3CC,-0.2862,0.5951,0.7859,donor
LINC01135,-0.0092,0.9864,0.9941,donor
ANGPT2,1.6541,0.00627,0.2687,donor
ANGPT1,0.0102,0.3739,0.6378,donor
AMFR,-0.3852,0.1509,0.6378,donor
PARG,-0.4417,0.3206,0.6378,donor
MRGPRX2,-0.1063,0.4044,0.6606,donor
WFDC10A,0.068,0.4919,0.7201,donor
MIR4711,-0.0126,0.3632,0.6378,donor
ATP1A1,0.313,0.2242,0.6378,donor
ZNF135,0.5864,0.4756,0.7093,donor
GULP1,0.6893,0.4352,0.6826,donor
EPB41L2,0.2595,0.6106,0.7955,donor
SLC1A2,0.3124,0.6002,0.7894,donor
THRB,1.125,0.0796,0.5289,donor
TBCEL,0.4552,0.5831,0.7775,donor
RPIA,0.6107,0.2646,0.6378,donor
GNAT1,-0.1713,0.2547,0.6378,donor
STOX1,-0.6942,0.1885,0.6378,donor
TBATA,0.1902,0.4189,0.6709,donor
SENP5,-0.0213,0.9539,0.9797,donor
SLC44A5,0.5302,0.4621,0.7005,donor
AP2A1,0.5109,0.05302,0.4672,donor
CST11,0.0102,0.3739,0.6378,donor
CASC5,0.534,0.2273,0.6378,donor
AKAP12,-0.9673,0.2744,0.6378,donor
CLDN14,0.1099,0.5478,0.7566,donor
RGS3,-0.5635,0.5597,0.7632,donor
BIN1,0.3799,0.618,0.8002,donor
RWDD4,-0.2482,0.2791,0.6378,donor
SLC10A4,0.1876,0.1782,0.6378,donor
TMEM154,-0.3593,0.5176,0.7371,donor
DENND6A,0.2663,0.4691,0.7043,donor
LGI3,-0.0461,0.9184,0.963,donor
FBXO15,0.3348,0.5802,0.7757,donor
SLC51A,0.4094,0.1281,0.6089,donor
ANGPTL4,-1.7253,0.117,0.5923,donor
NANP,0.3306,0.3485,0.6378,donor
APOPT1,-0.4743,0.1557,0.6378,donor
SNORA13,-0.0168,0.9013,0.9555,donor
ZNF222,-1.0938,0.2393,0.6378,donor
ADAM29,0.1888,0.6785,0.8373,donor
KIAA1841,0.1989,0.1592,0.6378,donor
PLEKHB2,-0.2778,0.1514,0.6378,donor
MAST4,0.3943,0.08049,0.5314,donor
GALNT7,-0.4227,0.3632,0.6378,donor
COQ3,0.4274,0.3522,0.6378,donor
SCN3B,-0.629,0.1445,0.632,donor
KCNJ16,1.3522,0.2161,0.6378,donor
GALNT8,0.0784,0.8084,0.9122,donor
SYNE2,1.5385,0.002158,0.2294,donor
SLC5A8,0.0808,0.3739,0.6378,donor
DCN,0.1257,0.4528,0.6939,donor
CTSE,0.079,0.3739,0.6378,donor
RAD51,0.5519,0.2055,0.6378,donor
MBNL3,0.4059,0.6454,0.817,donor
BMPER,0.4111,0.6353,0.811,donor
HOXC10,0.0885,0.3739,0.6378,donor
RRP12,0.979,0.01923,0.3593,donor
TBX22##1,0.0102,0.3739,0.6378,donor
NBEAL2,-0.4334,0.5576,0.7617,donor
PARD6A,0.1403,0.5981,0.7881,donor
TBC1D1,-0.1909,0.7087,0.8549,donor
RWDD2B,-0.798,0.04045,0.434,donor
ERVW-1,-0.0042,0.991,0.996,donor
RSPH14,0.83,0.1485,0.6378,donor
ZC3H4,0.7526,0.1623,0.6378,donor
MLC1,-0.0384,0.7363,0.873,donor
PLEKHM2,0.7304,0.1217,0.5977,donor
FILIP1,1.1027,0.05471,0.4721,donor
STX18,-0.1298,0.8828,0.9475,donor
TRIM9,0.2873,0.1889,0.6378,donor
ARL6IP1,-0.884,0.01859,0.3569,donor
PMPCA,0.2644,0.5026,0.7274,donor
RBMS1,-0.6202,0.4343,0.682,donor
FAM168A,0.5484,0.1459,0.6337,donor
SLC25A33,-0.7877,0.009378,0.2962,donor
COQ5,-0.1992,0.4552,0.6953,donor
LRG1,0.2152,0.7672,0.8885,donor
LEAP2,1.1721,0.03589,0.4276,donor
DCUN1D5,0.1308,0.4626,0.7007,donor
RPL39L,1.2617,0.2156,0.6378,donor
C9orf64,0.0618,0.8692,0.9413,donor
GARNL3,1.0255,0.1314,0.6132,donor
CLNK,0.0288,0.3739,0.6378,donor
MRI1,1.0776,0.01474,0.3332,donor
ZDHHC18,0.4335,0.4655,0.7022,donor
RHBDD1,-0.5249,0.2407,0.6378,donor
PANX3,0.1492,0.4413,0.6867,donor
RBP7,0.0308,0.9633,0.9836,donor
TMEM126A,-0.6682,0.06628,0.5003,donor
C2orf16,-0.6359,0.3633,0.6378,donor
ACRC,0.1202,0.8635,0.9388,donor
NBPF3,-0.4551,0.4156,0.669,donor
ACSM1,-0.0653,0.9014,0.9555,donor
TGM7,-0.1029,0.3632,0.6378,donor
PIN1P1,0.2718,0.2903,0.6378,donor
ENTPD1,1.8306,0.0001234,0.2059,donor
LEMD3,0.1946,0.5084,0.7319,donor
CAST,-0.488,0.08933,0.5486,donor
EMP2,1.3922,0.08937,0.5486,donor
ELF5,-0.0394,0.3632,0.6378,donor
MAP1A,1.7243,0.01106,0.3107,donor
EIF2S3,-0.4675,0.1801,0.6378,donor
IL18,0.081,0.7382,0.8741,donor
CYC1,0.1379,0.4437,0.688,donor
FAM222B,0.342,0.3618,0.6378,donor
STXBP2,0.1383,0.7393,0.8744,donor
DIEXF,-1.0357,0.223,0.6378,donor
ZRANB2-AS2,0.0412,0.9497,0.9781,donor
NEGR1-IT1,0.0148,0.3739,0.6378,donor
MUTYH,-0.0783,0.9178,0.9629,donor
LACC1,-0.4206,0.6317,0.8092,donor
UGT8,0.0093,0.9884,0.9948,donor
PSMG4,0.085,0.8578,0.936,donor
CABIN1,0.5638,0.1614,0.6378,donor
NUP210L,0.6558,0.2029,0.6378,donor
FAM163B,0.3029,0.149,0.6378,donor
UBN1,0.9529,0.07167,0.5127,donor
KCNMA1,0.0517,0.86,0.9371,donor
HOXD8,0.02,0.3739,0.6378,donor
PPAT,-0.4066,0.1001,0.5678,donor
CNN3,-0.6141,0.4908,0.7191,donor
CCR7,0.017,0.9763,0.9903,donor
CYB561,1.1963,0.007478,0.282,donor
CLU,-0.6569,0.1073,0.5758,donor
CLCN3,0.2113,0.436,0.6831,donor
CLCN4,0.465,0.04836,0.456,donor
CKS1B,-0.8155,0.119,0.5944,donor
CKM,-0.0471,0.5268,0.7425,donor
CKB,0.1915,0.6465,0.8176,donor
CTSD,0.2702,0.5222,0.7396,donor
FBXO31,0.1375,0.6033,0.7916,donor
DCLK3,0.0884,0.3739,0.6378,donor
SNORD45C,-0.0839,0.5532,0.7596,donor
SNORA8,-0.2486,0.5627,0.765,donor
SNORA5A,0.0583,0.1778,0.6378,donor
RFESD,0.5271,0.5735,0.7717,donor
ATP6V1B2,-0.2065,0.3169,0.6378,donor
BAI1,-0.0465,0.3632,0.6378,donor
LOC152225,0.0295,0.3739,0.6378,donor
HLA-F-AS1,0.1639,0.8242,0.9196,donor
LINC00326,-0.1273,0.3632,0.6378,donor
LY86-AS1,0.0172,0.7188,0.8616,donor
LINC01347,0.0393,0.7001,0.8503,donor
EFCAB10,0.3206,0.06002,0.485,donor
LINC00628,-0.1273,0.3632,0.6378,donor
N4BP2L2-IT2,1.0142,0.3056,0.6378,donor
METTL21EP,-0.0925,0.8002,0.9081,donor
GRIK1-AS1,0.3802,0.1328,0.6158,donor
H3F3C,-0.4894,0.1609,0.6378,donor
TTC28-AS1,-0.3382,0.2609,0.6378,donor
LINC00116,-0.1943,0.4132,0.6674,donor
MGC57346,0.0962,0.66,0.8273,donor
FLJ34503,-0.1804,0.6673,0.8308,donor
ANKRD30BL,-0.1305,0.2455,0.6378,donor
AADACP1,0.0102,0.3739,0.6378,donor
LINC00284,-0.3628,0.6358,0.8113,donor
LOC646214,0.359,0.52,0.7385,donor
THAP7-AS1,0.9608,0.05132,0.4645,donor
LINC00324,-0.2446,0.7588,0.8853,donor
ZNF788,0.7999,0.2538,0.6378,donor
LOC283922,0.0704,0.9027,0.9562,donor
LINC00282,0.0835,0.9143,0.9609,donor
XPNPEP1,-0.2646,0.5568,0.7614,donor
DTX4,0.4572,0.3427,0.6378,donor
C1RL,-0.6085,0.2418,0.6378,donor
SPRY4,1.2042,0.1688,0.6378,donor
PON1,1.7011,0.2133,0.6378,donor
C19orf83,-0.0028,0.9733,0.9888,donor
CXADR,0.0227,0.9444,0.9762,donor
CTSZ,-1.1404,0.06638,0.5003,donor
CTSV,-0.6078,0.4387,0.6854,donor
MTFR1,-0.0825,0.7553,0.8839,donor
MAN2C1,1.2848,0.01362,0.325,donor
LANCL3,-0.0471,0.5268,0.7425,donor
C4orf3,-1.068,0.002614,0.2306,donor
RHNO1,-0.1299,0.6569,0.8248,donor
GMPPB,1.2315,0.0203,0.3616,donor
PARVB,0.1957,0.5801,0.7757,donor
GIGYF2,0.8253,0.02587,0.3909,donor
MANSC1,0.0904,0.8496,0.9322,donor
PABPC5,-1.0024,0.06506,0.4977,donor
GCNT7,0.533,0.2525,0.6378,donor
ATP5A1,0.1543,0.3209,0.6378,donor
HR,0.1051,0.8205,0.918,donor
RBM22,-0.2441,0.1309,0.6129,donor
GPR156,-0.0376,0.6244,0.8046,donor
SLC35A5,-1.1642,0.1048,0.5734,donor
TRIM42,0.0563,0.3739,0.6378,donor
USP47,-0.1498,0.5447,0.754,donor
GBP6,0.0429,0.5745,0.7723,donor
ZNF600,-1.8946,0.1045,0.5734,donor
SSPO,0.0932,0.8213,0.9182,donor
CLCA3P,0.2549,0.4539,0.6944,donor
FAM161A,-0.5606,0.04919,0.4584,donor
NWD2,0.0148,0.3739,0.6378,donor
PYCR1,-0.0628,0.9211,0.9647,donor
RPL11,-0.218,0.1339,0.6183,donor
KLF9,0.4994,0.5572,0.7617,donor
EGR4,-0.0186,0.9867,0.9941,donor
SLC7A9,0.993,0.2132,0.6378,donor
ITPK1,0.7235,0.1312,0.6129,donor
TNXB,0.5557,0.1112,0.5826,donor
FLJ27354,-0.5175,0.1864,0.6378,donor
PLEKHA8,0.3766,0.68,0.8381,donor
SNORA2B,-0.0928,0.1588,0.6378,donor
PAX5,0.6819,0.1572,0.6378,donor
ADAMTSL4,0.4055,0.3141,0.6378,donor
GAS8,0.885,0.0161,0.342,donor
ZMYND8,-0.0809,0.8161,0.9158,donor
ZNF630,1.6794,0.05334,0.4683,donor
SIK3,1.08,0.02377,0.38,donor
C14orf159,0.6618,0.2371,0.6378,donor
PSKH1,0.7552,0.04608,0.4494,donor
FAM189B,0.4432,0.3839,0.6451,donor
SULT1C4,-0.086,0.1765,0.6378,donor
SRC,-0.8085,0.1952,0.6378,donor
SIX3,2.3851,0.01699,0.3464,donor
CNPY3,0.2266,0.6204,0.802,donor
SFTPA1,0.2888,0.84,0.9268,donor
CCT6B,-0.0186,0.9727,0.9887,donor
RRH,-0.0511,0.8623,0.9381,donor
GMEB1,-0.6155,0.5098,0.7331,donor
FUT9,0.0008,0.9991,0.9995,donor
GNB5,-0.0258,0.9133,0.9604,donor
SCN1A,0.1466,0.1928,0.6378,donor
AVIL,0.6446,0.2274,0.6378,donor
MAP4K5,-0.3998,0.31,0.6378,donor
CSPG5,0.1722,0.6727,0.8338,donor
NAALAD2,-0.3323,0.667,0.8307,donor
CGREF1,0.1184,0.7903,0.9027,donor
BRD8,0.398,0.0436,0.4414,donor
TOM1,0.4792,0.3168,0.6378,donor
PLXNB3,0.135,0.2912,0.6378,donor
SNORD21,-0.0937,0.2581,0.6378,donor
OAT,-0.2158,0.09934,0.5673,donor
RPL4,-0.1011,0.1153,0.588,donor
RPL3,-0.2527,0.2095,0.6378,donor
PDX1,0.7855,0.0422,0.4373,donor
HSD3B2,0.1388,0.5506,0.7582,donor
PAK1,0.3353,0.7218,0.8637,donor
SERPINB2,0.0473,0.3901,0.6503,donor
ATF6B,1.0128,0.00451,0.2594,donor
CARTPT,-0.6604,0.3098,0.6378,donor
RNF14,-0.1248,0.6705,0.8324,donor
LDLRAD3,0.8042,0.002349,0.2294,donor
ACP1,-0.0483,0.8655,0.9396,donor
NFE2L3,0.6429,0.4998,0.7257,donor
GOSR2,0.3146,0.2345,0.6378,donor
H6PD,1.4886,0.02908,0.4054,donor
CHD1L,-1.2138,0.004377,0.2594,donor
LOC102724050,-0.0252,0.7009,0.8508,donor
CSNK1G3,-0.3025,0.5219,0.7395,donor
ARL3,-0.2783,0.07738,0.5229,donor
RHOH,0.4743,0.179,0.6378,donor
ABCB7,-0.3506,0.08031,0.5314,donor
CSK,-0.0743,0.9237,0.9657,donor
APBB2,0.049,0.9153,0.9614,donor
HAGH,0.0896,0.6962,0.848,donor
HIST1H1A,0.3034,0.2982,0.6378,donor
MPV17L2,1.785,0.01248,0.3181,donor
EPS8,0.5718,0.1897,0.6378,donor
NEFM,3.1125,0.001455,0.2246,donor
MYO1A,0.2265,0.5212,0.7393,donor
ADAMTS13,1.746,0.00825,0.285,donor
C15orf27,-0.0645,0.1781,0.6378,donor
TARSL2,-0.3447,0.3941,0.6534,donor
ACOT4,-0.0109,0.9902,0.9957,donor
FRMD6,-0.367,0.3419,0.6378,donor
LRR1,-0.2512,0.7324,0.8707,donor
AK7,1.4141,0.02885,0.4046,donor
ANKRD9,0.4665,0.5234,0.7405,donor
TEX26,-0.0245,0.3632,0.6378,donor
ATP2B3,0.0043,0.9868,0.9941,donor
ZNF641,-0.1558,0.6971,0.8486,donor
C12orf54,0.1466,0.4905,0.7189,donor
C12orf45,-0.5963,0.2016,0.6378,donor
DEPDC4,-0.837,0.1608,0.6378,donor
NXPE1,0.1756,0.1048,0.5734,donor
TAF1,0.2576,0.6479,0.8185,donor
HFE,0.8736,0.2765,0.6378,donor
GAMT,-0.0892,0.7695,0.8899,donor
ELOVL3,-1.1113,0.06744,0.5019,donor
NASP,0.1447,0.7045,0.8526,donor
CD300LF,0.0148,0.3739,0.6378,donor
TARS,-0.7006,0.04108,0.434,donor
MAPK14,-0.4267,0.1508,0.6378,donor
ZNF561,0.4094,0.5428,0.7524,donor
ZNF276,1.6141,0.008098,0.2835,donor
ZFP62,0.3115,0.1103,0.5822,donor
LOC644172,0.1343,0.3554,0.6378,donor
ALKBH8,1.0924,0.1425,0.6293,donor
TCEAL7,-0.4524,0.6792,0.8378,donor
UBTD2,-1.3583,0.1711,0.6378,donor
TTC30A,0.2554,0.4871,0.7174,donor
BAX,0.8368,0.1043,0.5734,donor
CHMP7,0.6097,0.05265,0.4662,donor
LONRF1,-0.3516,0.1123,0.5849,donor
RNF185,-0.419,0.4071,0.6627,donor
PAM,0.545,0.1874,0.6378,donor
BTF3L4,-0.4762,0.05358,0.4684,donor
ZNF439,0.6565,0.3331,0.6378,donor
RPUSD2,0.8739,0.08117,0.5328,donor
TICRR,0.0102,0.3739,0.6378,donor
LRRC74B,0.0401,0.4961,0.723,donor
SH2B3,-0.0094,0.9855,0.9938,donor
UBE2D2,-0.37,0.06518,0.4977,donor
NR2F1-AS1,0.039,0.2369,0.6378,donor
KDF1,-0.8948,0.2809,0.6378,donor
FAM58A,0.6216,0.122,0.5984,donor
TAGAP,-0.4277,0.3591,0.6378,donor
SNX11,-0.6093,0.2311,0.6378,donor
CDC42EP1,-0.1564,0.2564,0.6378,donor
GALM,1.0589,0.08446,0.5401,donor
SNX7,-0.9702,0.01473,0.3332,donor
CD200R1,-0.569,0.5512,0.7583,donor
ATRN,1.2119,0.02006,0.3604,donor
HNRNPH2,0.0746,0.8101,0.9126,donor
C8orf44,0.7886,0.2055,0.6378,donor
MEPCE,-0.0363,0.9288,0.9677,donor
ITSN2,0.7162,0.07502,0.5199,donor
CYP4F62P,0.0776,0.419,0.6709,donor
LOC100506834,0.017,0.944,0.976,donor
MIR4535,0.0884,0.3739,0.6378,donor
LOC100130476,-0.7139,0.4512,0.6926,donor
MIR548AN,-0.0522,0.4814,0.7132,donor
MIR1269B,0.0524,0.2692,0.6378,donor
MIR4521,-0.0466,0.3632,0.6378,donor
MIR4520-1,0.0102,0.3739,0.6378,donor
MIR4526,-0.0126,0.3632,0.6378,donor
MIR4519,0.0821,0.5416,0.7516,donor
MIR4517,0.0948,0.3335,0.6378,donor
MIR4723,-0.0165,0.8589,0.9364,donor
MIR4721,0.1087,0.6322,0.8092,donor
MIR4720,0.1499,0.3559,0.6378,donor
MIR4718,0.2491,0.3739,0.6378,donor
MIR4513,0.0022,0.9124,0.9601,donor
MIR4512,0.0527,0.6257,0.805,donor
C1orf50,-0.5193,0.04074,0.434,donor
MIR4505,-0.0147,0.3632,0.6378,donor
MIR4506##1,0.0673,0.3739,0.6378,donor
PIK3IP1-AS1,0.1148,0.7769,0.8938,donor
LINC01534,-0.0869,0.9064,0.9583,donor
CRB1,1.2147,0.1127,0.586,donor
N6AMT1,0.5858,0.077,0.5225,donor
MIR4496,0.0102,0.3739,0.6378,donor
LMO3,1.5253,0.09755,0.5645,donor
LOC401557,-0.0394,0.3632,0.6378,donor
CD14,-0.5396,0.2843,0.6378,donor
ZEB1,0.1344,0.7756,0.8931,donor
SLCO5A1,0.6761,0.3171,0.6378,donor
VAV3-AS1,0.1654,0.3217,0.6378,donor
HK2,0.1528,0.6863,0.8418,donor
CFH,0.0288,0.3739,0.6378,donor
GRIA4,1.8969,0.05173,0.4659,donor
CYBB,0.2993,0.4816,0.7133,donor
TACR1,0.0903,0.3739,0.6378,donor
PRL,-0.4118,0.4992,0.7253,donor
SLC6A3,0.0563,0.3739,0.6378,donor
TCEA1,-1.4735,0.001054,0.209,donor
PARP2,-0.0692,0.7176,0.8611,donor
NFIC,0.7522,0.08302,0.5366,donor
SSFA2,0.128,0.6824,0.8395,donor
MKL1,-0.0602,0.915,0.9612,donor
DDA1,0.1129,0.6852,0.8412,donor
DDX5,0.0451,0.8562,0.9351,donor
DBN1,-0.1916,0.7123,0.8578,donor
DLX2,0.0288,0.3739,0.6378,donor
CER1,0.0275,0.3739,0.6378,donor
ZBTB22,-0.389,0.5739,0.7719,donor
WDR46,-0.2189,0.7496,0.8809,donor
LILRB1,0.1903,0.3739,0.6378,donor
C9orf129,0.0148,0.3739,0.6378,donor
TOX2,0.0295,0.3739,0.6378,donor
MMP2,0.2996,0.3139,0.6378,donor
MFN2,0.526,0.2255,0.6378,donor
SBNO1,-0.1514,0.5398,0.7505,donor
KDM5C,0.0196,0.9547,0.9801,donor
CSN3,0.0148,0.3739,0.6378,donor
UXT,-0.3053,0.09463,0.5584,donor
UCHL1,0.1936,0.3226,0.6378,donor
TPH1,-0.4664,0.1388,0.6236,donor
SREBF1,0.2098,0.5217,0.7395,donor
SNRPD3,0.2436,0.1978,0.6378,donor
FOXN3,0.5801,0.357,0.6378,donor
SLC9A3,0.243,0.15,0.6378,donor
SHMT1,-0.2269,0.7339,0.8718,donor
CCL20,-0.1723,0.139,0.6237,donor
SLC1A1,0.494,0.4452,0.6883,donor
CLK2,0.8161,0.06867,0.5055,donor
CCNC,-0.3252,0.2285,0.6378,donor
RBP2,0.4621,0.1015,0.5693,donor
RAB27B,0.1391,0.3161,0.6378,donor
RAB1A,-0.3719,0.1655,0.6378,donor
PSMB8,-0.4077,0.06314,0.4924,donor
PYY,-0.1018,0.2395,0.6378,donor
PRKAR2A,0.0249,0.9217,0.965,donor
ORC1,-0.0642,0.8738,0.9431,donor
BCL3,-1.0783,0.2566,0.6378,donor
ATP6V0A1,0.6428,0.09099,0.5519,donor
ATP5G1,0.3476,0.3308,0.6378,donor
NDUFB7,0.0259,0.8783,0.9456,donor
CITED1,-0.3658,0.1907,0.6378,donor
ATOH1,0.0288,0.3739,0.6378,donor
KRT33A,0.1439,0.3739,0.6378,donor
EWSR1,0.7797,0.03427,0.4253,donor
KRT75,0.02,0.3739,0.6378,donor
APLP1,0.3211,0.4255,0.6757,donor
ABCD2,1.1113,0.1068,0.5749,donor
IREB2,-0.9037,0.09094,0.5519,donor
IDH3G,0.6063,0.02929,0.4054,donor
HSPA9,-0.5096,0.0156,0.3396,donor
FGR,0.0422,0.3739,0.6378,donor
HNF4G,0.6475,0.1155,0.5886,donor
GZMB,-0.0572,0.3632,0.6378,donor
GYG1,-0.2454,0.4636,0.7015,donor
GNG11,0.1733,0.3039,0.6378,donor
GIP,-0.4771,0.3726,0.6378,donor
GHSR,-0.9021,0.2628,0.6378,donor
GBP2,0.0032,0.9954,0.9982,donor
SCN2B,0.055,0.3739,0.6378,donor
KCNQ3,-1.6465,0.02181,0.3669,donor
FKBP5,0.7157,0.1196,0.596,donor
OSMR,0.1606,0.3334,0.6378,donor
NFKB1,0.4222,0.5326,0.7456,donor
NOL10,0.0285,0.9326,0.9696,donor
SLC4A3,0.9598,0.1148,0.587,donor
ZCCHC7,0.0495,0.9019,0.9557,donor
IQCC,0.8715,0.26,0.6378,donor
MSL2,0.3105,0.5874,0.7799,donor
GGA3,1.14,0.03331,0.4202,donor
PFDN6,0.0893,0.8912,0.9505,donor
CES3,-0.0374,0.8502,0.9324,donor
RTKN,0.8607,0.001504,0.2272,donor
IPO5P1,0.6854,0.5321,0.7456,donor
MDGA2,0.0422,0.3739,0.6378,donor
FMOD,-0.411,0.5118,0.7341,donor
MPHOSPH9,0.1295,0.6433,0.8159,donor
SCRN3,-0.0892,0.7866,0.9005,donor
SLC22A8,0.2201,0.4129,0.6674,donor
PIGT,0.6703,0.04872,0.4568,donor
CORT,0.1897,0.4431,0.6875,donor
AIRE,0.0961,0.3739,0.6378,donor
LDB2,0.6946,0.04036,0.434,donor
XDH,2.4658,0.0192,0.3593,donor
STK11,0.3685,0.5119,0.7341,donor
MID1,1.4545,0.1696,0.6378,donor
XPA,0.1411,0.7245,0.8657,donor
LRP6,0.821,0.005471,0.2594,donor
FGFR4,0.5718,0.4543,0.6945,donor
C2orf27A,0.4588,0.4681,0.7036,donor
CPT1B,0.2973,0.1731,0.6378,donor
COX15,0.024,0.8755,0.944,donor
FAM212B-AS1,0.6227,0.143,0.6295,donor
LEPR,-1.2548,0.1731,0.6378,donor
ZNF619,-0.0889,0.9235,0.9657,donor
LOC643355,-0.3904,0.5511,0.7583,donor
SLC24A1,-0.3482,0.5299,0.7445,donor
PPFIA2,0.4026,0.6327,0.8095,donor
KAT6B,0.4572,0.2059,0.6378,donor
CD6,0.7563,0.3229,0.6378,donor
IFIT1,0.5913,0.2217,0.6378,donor
UBB,-0.2376,0.3551,0.6378,donor
KCNE3,0.0725,0.4443,0.6882,donor
SCO2,-0.0292,0.9132,0.9604,donor
SHKBP1,0.5966,0.1674,0.6378,donor
OCA2,-0.5114,0.2782,0.6378,donor
TMEM183A,-1.0318,0.002722,0.2306,donor
TMEM169,0.4315,0.6648,0.8298,donor
TUBA3D,0.1111,0.3898,0.6501,donor
MSL3,-0.6211,0.3042,0.6378,donor
NOM1,0.0123,0.9813,0.9919,donor
CDKN2B,1.3536,0.1652,0.6378,donor
COL9A1,0.2572,0.335,0.6378,donor
MTSS1L,1.2862,0.03057,0.4103,donor
CD97,-0.0343,0.8761,0.9443,donor
TTC5,0.3187,0.1666,0.6378,donor
PUF60,0.3796,0.2187,0.6378,donor
ZNF845,-1.6189,0.08246,0.5356,donor
BOD1,-0.4206,0.2791,0.6378,donor
CCDC28B,0.4283,0.1649,0.6378,donor
POLR2F,0.3086,0.2005,0.6378,donor
CLEC12A,0.1077,0.1779,0.6378,donor
CEP95,-0.2335,0.457,0.6966,donor
FAM104B,-0.5621,0.3447,0.6378,donor
DNAJB6,-0.38,0.1248,0.6023,donor
BRD4,-0.1306,0.7613,0.8861,donor
LRRC16B,0.871,0.1863,0.6378,donor
C19orf52,0.6752,0.1813,0.6378,donor
SCRN2,0.9121,0.05621,0.4768,donor
DCAF15,0.0135,0.9647,0.9843,donor
SAMD1,0.1045,0.8171,0.9164,donor
THAP3,-0.4325,0.1393,0.6239,donor
TP53I13,0.4305,0.3588,0.6378,donor
OTULIN,0.5303,0.227,0.6378,donor
CDKN1A,-0.12,0.8188,0.9171,donor
KLC4,-0.5218,0.6537,0.8228,donor
GLB1L2,0.9537,0.1493,0.6378,donor
ABHD3,-0.4527,0.1987,0.6378,donor
POLR3H,0.775,0.01341,0.3243,donor
PPP4R4,0.5455,0.4935,0.7212,donor
MYEOV2,0.2403,0.3008,0.6378,donor
JOSD2,-0.0259,0.9487,0.9778,donor
FAM122A,-0.3605,0.2753,0.6378,donor
ZNF675,-1.0459,0.2658,0.6378,donor
RHBDL3,-0.3482,0.3319,0.6378,donor
ACMSD,-0.1625,0.6161,0.799,donor
NBPF8,1.2308,0.01035,0.3055,donor
PPP2R2D,0.0219,0.925,0.9657,donor
ALG8,-0.2858,0.625,0.8049,donor
ZFP3,-0.7136,0.2398,0.6378,donor
TMEM74,-0.1425,0.5535,0.7597,donor
TMEM130,2.3378,0.02327,0.3759,donor
MTIF3,-0.2344,0.2763,0.6378,donor
PAOX,0.7917,0.1092,0.5799,donor
ENKUR,0.2956,0.7242,0.8655,donor
C9orf72,-0.7206,0.2716,0.6378,donor
RANBP3L,-0.4362,0.1051,0.5734,donor
PDCD2,-1.0279,0.07445,0.5192,donor
MBNL2,-0.1926,0.4477,0.6901,donor
SCEL,0.6534,0.3428,0.6378,donor
ODF4,0.0677,0.3649,0.6378,donor
PROKR2,0.0873,0.2518,0.6378,donor
TANGO2,1.2365,0.006034,0.2658,donor
FOXI1,0.0563,0.3739,0.6378,donor
RIOK1,-0.546,0.1446,0.6321,donor
DYNLT1,-0.238,0.2905,0.6378,donor
BLK,0.2394,0.3739,0.6378,donor
CACNG1,-0.2039,0.4427,0.6874,donor
C18orf8,0.3947,0.2179,0.6378,donor
CISH,-2.2969,0.05047,0.4623,donor
YTHDF2,-0.1875,0.4185,0.6707,donor
MKRN2OS,-0.4836,0.4451,0.6883,donor
LOXHD1,-0.0004,0.9935,0.9971,donor
CFHR3,0.156,0.3739,0.6378,donor
APOA5,0.5399,0.3555,0.6378,donor
FOXP2,0.487,0.2571,0.6378,donor
AANAT,0.1045,0.5175,0.7371,donor
IDS,0.2794,0.3119,0.6378,donor
RFWD3,-0.0119,0.9855,0.9938,donor
ADAR,0.8562,0.000688,0.209,donor
TSR1,0.5715,0.1589,0.6378,donor
ADARB1,1.4318,0.09325,0.5564,donor
ACHE,1.4625,0.04841,0.4561,donor
RDH8,-0.0205,0.3632,0.6378,donor
RASSF6,0.3491,0.2918,0.6378,donor
NLRP3,-0.1053,0.3469,0.6378,donor
LY9,0.0162,0.6254,0.805,donor
MLIP,-0.318,0.7983,0.907,donor
TYW1,0.2721,0.4119,0.6668,donor
LINC00622,-0.2496,0.6125,0.7966,donor
ACVR1C,-1.3855,0.1714,0.6378,donor
DET1,0.7316,0.203,0.6378,donor
RPS24,-0.2309,0.1828,0.6378,donor
CHORDC1,-0.8867,0.00827,0.285,donor
ADK,-0.2917,0.4933,0.7211,donor
ARID4B,0.019,0.9315,0.9692,donor
RFC5,-0.9203,0.05618,0.4768,donor
GTF2H2C_2##1,-0.2707,0.0375,0.4276,donor
FAM87A,-0.2442,0.3093,0.6378,donor
FAM87B,0.2236,0.6154,0.7988,donor
LINC00337,-0.1785,0.3989,0.657,donor
CD99L2,0.1673,0.7281,0.8677,donor
TMPRSS4,0.0172,0.6245,0.8046,donor
ATP12A,0.0271,0.6213,0.8025,donor
ZNF296,-0.174,0.7747,0.8927,donor
SLC35G2,0.0046,0.9865,0.9941,donor
PRPF39,-0.0219,0.9234,0.9656,donor
SRGAP2C,-0.0124,0.971,0.988,donor
FLCN,0.3518,0.4505,0.6923,donor
EMBP1,-0.4272,0.3767,0.6396,donor
TCN1,0.2308,0.2515,0.6378,donor
EXT2,0.4401,0.2403,0.6378,donor
KDM2B,1.4116,0.05421,0.4705,donor
CTNND1,0.401,0.2287,0.6378,donor
RUFY4,0.055,0.3739,0.6378,donor
VNN2,-0.0441,0.3408,0.6378,donor
CTNND2,-0.0944,0.8747,0.9435,donor
TULP4,0.1109,0.6691,0.8319,donor
CASP7,-0.7945,0.09884,0.5672,donor
RAP2C,-1.0893,0.03761,0.4276,donor
LOC100134391,0.4262,0.3763,0.6394,donor
GABPB2,-0.5446,0.3783,0.641,donor
SRGAP2B,0.4014,0.3411,0.6378,donor
GTF3C1,1.0556,0.006833,0.2744,donor
RAD51D,-0.2639,0.6652,0.8298,donor
GAS2L1,-0.8937,0.1962,0.6378,donor
RAD51B,-1.5915,0.06518,0.4977,donor
C10orf35,-0.4094,0.1931,0.6378,donor
CADM4,1.1303,0.003286,0.2424,donor
ZNF627,-0.0543,0.8628,0.9383,donor
FARSB,-0.2354,0.4201,0.6718,donor
WDR90,2.1405,0.01207,0.3143,donor
GALNTL5,0.0422,0.3739,0.6378,donor
TVP23C,-0.1649,0.7507,0.8814,donor
ZBTB49,0.6049,0.3554,0.6378,donor
ZUFSP,-0.2653,0.2255,0.6378,donor
RBM45,1.1638,0.07687,0.5225,donor
PEBP4,1.6771,0.158,0.6378,donor
KDM1B,-0.931,0.1435,0.6308,donor
UPRT,-0.5745,0.1503,0.6378,donor
RNF183,0.1692,0.7271,0.867,donor
SOCS5,0.215,0.6073,0.7934,donor
CALR3,-0.0329,0.8987,0.9545,donor
ZNF75A,0.2794,0.5677,0.7679,donor
STARD13,0.3649,0.4776,0.7106,donor
TRMT2A,1.1246,0.002746,0.2306,donor
HPN,-0.4623,0.5395,0.7504,donor
TUSC3,-0.1944,0.597,0.7872,donor
ATPIF1,-0.4145,0.001751,0.2293,donor
NNT,-0.1355,0.7761,0.8933,donor
GNRHR2,-0.0819,0.8498,0.9323,donor
DNAH14,-0.2838,0.2441,0.6378,donor
TNFAIP8L1,1.1061,0.1049,0.5734,donor
CDH24,0.451,0.4134,0.6675,donor
VSTM4,1.9055,0.1559,0.6378,donor
ZFC3H1,0.5563,0.2985,0.6378,donor
NUF2,0.4001,0.2948,0.6378,donor
BNIPL,0.9781,0.1077,0.5766,donor
FCAR##6,0.0383,0.5247,0.7414,donor
PRKAB2,-1.1703,0.03363,0.4217,donor
MDFIC,1.5428,0.01154,0.3139,donor
SMARCA4,0.9852,0.01335,0.3236,donor
CSGALNACT1,-0.297,0.3022,0.6378,donor
BHLHB9,-0.4262,0.7406,0.8752,donor
POMT1,0.6881,0.2279,0.6378,donor
RANGRF,0.3131,0.2404,0.6378,donor
ADIPOQ,0.1715,0.4048,0.6609,donor
FREM1,-0.6308,0.1285,0.6093,donor
MSRB1,-0.3951,0.7198,0.8619,donor
PLGRKT,-0.1273,0.8239,0.9196,donor
SFMBT1,0.2564,0.4785,0.7112,donor
ITFG2,-0.212,0.514,0.7354,donor
BRK1,-0.2912,0.08111,0.5328,donor
ARHGAP15,0.0288,0.3739,0.6378,donor
PRR13,-0.5658,0.04696,0.4526,donor
NUSAP1,0.296,0.6804,0.8385,donor
IQCB1,0.4138,0.2167,0.6378,donor
ATRX,0.0894,0.7397,0.8745,donor
ZNF483,-0.1843,0.5551,0.7603,donor
LOC642361,-0.2343,0.4428,0.6874,donor
KDM5D,1.0369,0.5779,0.7742,donor
ZNF44,0.2484,0.6115,0.796,donor
PQLC1,0.4156,0.4044,0.6606,donor
OPA1,-0.0133,0.9557,0.9807,donor
TMED6,-0.1846,0.8849,0.9483,donor
GSG1L,0.0884,0.3739,0.6378,donor
CMTM2,0.4706,0.3864,0.647,donor
GLT1D1,0.1584,0.2033,0.6378,donor
DNHD1,2.7597,0.01052,0.3063,donor
FAM76B,-0.5725,0.07263,0.515,donor
LOC653513,-0.0024,0.9646,0.9843,donor
TMEM80,0.6628,0.008343,0.285,donor
TRAPPC5,-0.0117,0.9512,0.9786,donor
FAM72A,0.02,0.3739,0.6378,donor
RSPH10B+RSPH10B2,-0.0125,0.3632,0.6378,donor
RSPH10B+RSPH10B2##1,0.0281,0.5701,0.7694,donor
LOC653513##1,0.4857,0.1969,0.6378,donor
SPOP,-0.1148,0.7619,0.8861,donor
ARHGAP25,0.4461,0.3312,0.6378,donor
IFRD1,-1.0777,0.03904,0.4295,donor
DYSF,0.2159,0.3739,0.6378,donor
CHST8,-0.1201,0.8077,0.9118,donor
C1orf226,0.0689,0.8411,0.9271,donor
LINC01304,0.0884,0.3739,0.6378,donor
AKR1C2,-2.5763,0.0002071,0.209,donor
RQCD1,0.2666,0.3769,0.6397,donor
SEPT2,0.0631,0.7957,0.9057,donor
GMPR2,-0.4029,0.2243,0.6378,donor
C2orf54,-1.3557,0.0665,0.5003,donor
NAPB,0.3518,0.1443,0.6317,donor
SPIDR,-0.3125,0.5096,0.733,donor
RALGAPB,0.8873,0.1001,0.5678,donor
VPS45,0.6333,0.08524,0.5404,donor
FBLN2,0.0102,0.3739,0.6378,donor
RNF182,-0.1872,0.819,0.9172,donor
DTYMK,0.4613,0.2325,0.6378,donor
TCF7L2,0.2438,0.5812,0.7763,donor
SP110,0.3568,0.4548,0.6949,donor
LIM2,0.0673,0.3739,0.6378,donor
DDX11,1.0797,0.3434,0.6378,donor
ARHGAP39,0.8935,0.2981,0.6378,donor
GPS1,0.6742,0.07146,0.512,donor
CDK18,0.1105,0.8489,0.9317,donor
ZNF559-ZNF177,0.1767,0.2416,0.6378,donor
DGCR8,0.8259,0.08512,0.5404,donor
ECM1,1.1264,0.1454,0.6334,donor
DUSP6,1.0783,0.2216,0.6378,donor
RASA1,-0.2906,0.4203,0.6718,donor
PNKD,-0.0209,0.9242,0.9657,donor
ZMAT3,0.257,0.3693,0.6378,donor
RNF165,0.3331,0.3235,0.6378,donor
NETO1,-0.1109,0.5123,0.7343,donor
MYO3B,0.604,0.2459,0.6378,donor
KLHL10,0.0588,0.8161,0.9158,donor
PROCA1,-0.1173,0.7172,0.8609,donor
SLC35G3,0.0148,0.3739,0.6378,donor
C9orf62,-0.0125,0.3632,0.6378,donor
MAPK10,0.4367,0.3121,0.6378,donor
LYSMD4,0.4722,0.6539,0.8228,donor
LRFN5,1.277,0.1499,0.6378,donor
FAM161B,0.5944,0.2624,0.6378,donor
PTGR2,-0.5044,0.3125,0.6378,donor
RAD9B,0.0518,0.9133,0.9604,donor
FBXL14,-0.7164,0.5079,0.7313,donor
EFCAB13,-0.2442,0.5754,0.7728,donor
GLIPR1L2,-0.2299,0.6569,0.8248,donor
AMDHD1,0.4661,0.4082,0.6637,donor
CWF19L2,-0.4372,0.2606,0.6378,donor
KBTBD3,-0.2884,0.2564,0.6378,donor
TPCN2,0.6773,0.4325,0.6807,donor
APOBEC3D,0.2174,0.5163,0.7364,donor
SNORA1,-0.1058,0.3133,0.6378,donor
BACE1,0.429,0.09692,0.5631,donor
FAM69B,0.2945,0.4601,0.6992,donor
C9orf41,0.5514,0.1623,0.6378,donor
DCAF4L2,0.0143,0.9479,0.9775,donor
NRXN3,1.7031,0.06866,0.5055,donor
MAPK9,-0.2446,0.489,0.7182,donor
ZNF786,1.2184,0.09772,0.5649,donor
SDR16C5,0.2868,0.6206,0.802,donor
CDYL2,0.2645,0.6149,0.7984,donor
OCIAD2,-0.1728,0.4224,0.6732,donor
GRPEL2,-0.8998,0.07552,0.5212,donor
IQCF1,0.027,0.678,0.8373,donor
AGBL1,-0.0359,0.3632,0.6378,donor
SMARCC2,0.9191,0.004467,0.2594,donor
NUDT16,0.2368,0.5256,0.7416,donor
COL18A1,-0.0378,0.8266,0.9209,donor
TMEM263,-0.5618,0.1576,0.6378,donor
AHSA2,0.651,0.1019,0.5697,donor
TRAM1L1,0.0713,0.9149,0.9612,donor
PDCL2,0.0148,0.3739,0.6378,donor
C4orf32,-1.3175,0.09226,0.5549,donor
TMEM178A,0.7729,0.367,0.6378,donor
SCAMP5,0.6368,0.0801,0.5308,donor
KCTD18,-0.7277,0.2372,0.6378,donor
ESAM,0.2496,0.3282,0.6378,donor
VANGL1,0.2313,0.4771,0.7102,donor
MAPK7,-0.4327,0.511,0.7336,donor
ADAMTS17,0.7715,0.2443,0.6378,donor
C1orf87,0.2303,0.3739,0.6378,donor
UBXN10,1.6853,0.01122,0.3119,donor
C1orf216,0.5086,0.466,0.7024,donor
ZNF684,0.4952,0.6199,0.8016,donor
ADAMTS15,0.1841,0.3739,0.6378,donor
MAPK8,-0.3437,0.2545,0.6378,donor
SMARCA2,0.2016,0.4486,0.691,donor
KLHDC9,0.7474,0.06559,0.4983,donor
PQLC2L,-0.1015,0.7147,0.8593,donor
ZNF573,1.1255,0.4497,0.6918,donor
IZUMO2,-0.0536,0.7373,0.8738,donor
ZNF440,1.2261,0.03318,0.4199,donor
ZNF491,0.6871,0.4777,0.7106,donor
ZNF441,-0.3433,0.6678,0.8311,donor
CLDND2,0.2434,0.4892,0.7182,donor
FAM210A,-0.9387,0.3568,0.6378,donor
REG3A,-1.9885,0.0324,0.4185,donor
A1CF,-3.2984,0.007478,0.282,donor
ANKRD13B,0.6094,0.1694,0.6378,donor
LSM12,0.0334,0.9085,0.9591,donor
SPATA32,0.0497,0.3106,0.6378,donor
TNFRSF25,0.277,0.5158,0.7362,donor
SPATA2L,0.7026,0.2999,0.6378,donor
DIABLO,-0.3855,0.01373,0.3259,donor
C16orf46,0.4657,0.4659,0.7024,donor
LOC100132111,1.3834,0.07116,0.5109,donor
FNIP1,-0.1166,0.7609,0.8861,donor
YTHDC1,-0.3787,0.225,0.6378,donor
TCEAL2,0.2326,0.4052,0.6611,donor
LRSAM1,0.7222,0.08213,0.5346,donor
SELM,0.2673,0.5412,0.7514,donor
ACYP2,-0.4097,0.1155,0.5887,donor
ZNF689,0.9142,0.03872,0.4295,donor
MALSU1,-0.7049,0.03325,0.4199,donor
HAUS1,-0.1726,0.7654,0.8877,donor
MB21D1,0.2099,0.5029,0.7275,donor
FLYWCH2,-0.1365,0.5757,0.7728,donor
VASN,-0.0376,0.9577,0.9814,donor
SMIM19,0.3237,0.4,0.6578,donor
FAM83F,-0.0233,0.9691,0.9868,donor
ZBED6CL,1.2195,0.008072,0.2835,donor
CDKN2A,0.9361,0.1995,0.6378,donor
ADPRHL1,-0.2972,0.5955,0.7859,donor
BOLA2+BOLA2B+LOC388242+LOC613038+SLX1A+SLX1A-SULT1A3+SLX1B+SLX1B-SULT1A4+SULT1A3+SULT1A4,0.0182,0.8089,0.9122,donor
MYL1,-0.0126,0.3632,0.6378,donor
CASC4,-0.036,0.913,0.9603,donor
ADAT3,0.3824,0.518,0.7375,donor
SAAL1,-0.0274,0.9341,0.9702,donor
AHNAK2,0.2438,0.7889,0.902,donor
MTFR2,-0.1599,0.7884,0.9017,donor
FAM195A,-0.3388,0.472,0.7061,donor
PTPN2,-0.0487,0.8989,0.9546,donor
RDH13##1,0.0581,0.9199,0.9641,donor
FAM71E1,0.2985,0.6065,0.7932,donor
CMTM7,-0.7553,0.2354,0.6378,donor
GTF3C6,-0.4415,0.2603,0.6378,donor
HNRNPLL,-0.2517,0.4674,0.7033,donor
PTP4A2,-0.6457,0.02121,0.3644,donor
ATP8B5P,0.087,0.8324,0.924,donor
FRG1B,0.491,0.1586,0.6378,donor
RPL23AP53,0.1016,0.8824,0.9473,donor
PI4KAP1,0.8101,0.1027,0.5705,donor
ATP1A1-AS1,0.0309,0.9652,0.9848,donor
DPY19L2P2,0.2552,0.44,0.6861,donor
DPY19L2P4,0.1564,0.7719,0.8911,donor
CTNNA3,0.3335,0.747,0.8788,donor
HSH2D,0.1188,0.7804,0.8959,donor
ESR1,-0.589,0.2358,0.6378,donor
WHAMMP3,0.2803,0.4764,0.7099,donor
MIR99AHG,0.5969,0.3555,0.6378,donor
APLP2,0.2947,0.1994,0.6378,donor
PLGLA,-0.0568,0.3632,0.6378,donor
PPP4R1L,-0.8688,0.1686,0.6378,donor
COLCA1,-0.9015,0.07809,0.5244,donor
GGT8P,0.4104,0.178,0.6378,donor
ZNRF2P1,0.0036,0.9894,0.9953,donor
SAT1,-1.4568,0.0002084,0.209,donor
RP9P,-0.9967,0.1365,0.6198,donor
ZNF182,1.0857,0.1852,0.6378,donor
RRN3P1,-0.2368,0.6177,0.8,donor
MEPE,0.081,0.1783,0.6378,donor
ANKRD18DP,0.0422,0.3739,0.6378,donor
EP400NL,1.119,0.003157,0.2385,donor
LOC729603,1.4065,0.1272,0.6067,donor
PSPC1,-0.0881,0.7914,0.9031,donor
SDHAP2,0.3359,0.5794,0.7751,donor
SDHAP3,1.1318,0.0362,0.4276,donor
DNM1P46,0.0786,0.4297,0.6787,donor
EPHX1,0.9409,0.1261,0.605,donor
EIF4G1,1.2597,0.01156,0.3139,donor
PWARSN,1.3164,0.08993,0.5494,donor
HAR1A,-0.0692,0.89,0.9496,donor
SNHG11,-0.4202,0.2669,0.6378,donor
SCARNA9L,-0.1345,0.7129,0.8581,donor
CELF3,0.5856,0.0682,0.5048,donor
GGTA1P,0.1117,0.3739,0.6378,donor
USP32P1,0.1303,0.8827,0.9474,donor
NCF1C,0.1135,0.2962,0.6378,donor
NCF1B,-0.0125,0.3632,0.6378,donor
PWAR4,-0.0024,0.8859,0.9483,donor
PWAR5,1.6144,0.05197,0.466,donor
LOC653786,0.6699,0.04257,0.4383,donor
MKNK1,1.0924,0.02231,0.3692,donor
LAMTOR3,-0.8888,0.01469,0.3332,donor
TPM3P9,1.1148,0.2495,0.6378,donor
SNHG4,0.1157,0.4557,0.6953,donor
ZNF542P,0.5918,0.2115,0.6378,donor
RPL32P3,0.4002,0.4762,0.7099,donor
CCT6P1,-0.2147,0.553,0.7594,donor
FGF11,-1.1067,0.1132,0.586,donor
ZNF273,-0.0699,0.933,0.9697,donor
NBR2,-0.2976,0.4417,0.6867,donor
SNHG1,-1.4932,0.05064,0.4628,donor
MIR4258,0.039,0.2369,0.6378,donor
TMEM255A,-0.2791,0.7846,0.8989,donor
PACSIN3,-0.0248,0.9662,0.9854,donor
TBC1D16,0.8334,0.2461,0.6378,donor
RIMKLA,-1.0404,0.03922,0.4295,donor
ACP6,0.34,0.2933,0.6378,donor
DNAH1,1.706,0.01281,0.3203,donor
TRMT5,-0.263,0.7976,0.9067,donor
AARS2,1.5145,0.01614,0.3423,donor
DDX4,-0.0927,0.5805,0.7759,donor
WNK3,-1.1104,0.2778,0.6378,donor
NIN,0.3165,0.6124,0.7965,donor
SNTB1,-1.7629,0.02098,0.3644,donor
TNIP2,0.2926,0.5868,0.7795,donor
CHD8,1.1062,0.007674,0.2823,donor
ZNF557,1.1451,0.1483,0.6374,donor
THOC6,0.8554,0.09334,0.5564,donor
MYL6,-0.375,0.07232,0.5139,donor
FSD1,0.079,0.3739,0.6378,donor
ALS2,0.3927,0.3334,0.6378,donor
LZTS1,-0.6853,0.09609,0.561,donor
ZNF576,-0.3561,0.1226,0.6006,donor
FBXL15,0.34,0.2885,0.6378,donor
ZNF343,-0.1902,0.7777,0.8942,donor
CRELD2,2.0698,0.008864,0.2929,donor
C19orf57,-0.4016,0.2768,0.6378,donor
PLXNA4,-0.3545,0.3632,0.6378,donor
RBM42,0.2582,0.41,0.6652,donor
PRR15L,0.3915,0.5379,0.7493,donor
C1orf35,0.6452,0.1573,0.6378,donor
C6orf195,0.5379,0.3838,0.645,donor
NLRP7,0.1511,0.09603,0.5609,donor
SNRNP48,-0.1187,0.8017,0.909,donor
CCDC112,-0.6463,0.1567,0.6378,donor
SH3RF2,0.7859,0.3669,0.6378,donor
FAM81B,-0.3436,0.4459,0.6888,donor
BTNL9,0.085,0.3739,0.6378,donor
GLIS1,0.1956,0.3457,0.6378,donor
SLC6A1-AS1,0.02,0.3739,0.6378,donor
RPS6KA2-AS1,0.0422,0.3739,0.6378,donor
MYO5B,0.7442,0.1684,0.6378,donor
C21orf91,-0.2665,0.5793,0.7751,donor
KIAA0895,-0.8274,0.01166,0.3139,donor
RAP1GDS1,-0.2159,0.6034,0.7916,donor
FBN2,0.9126,0.3014,0.6378,donor
SLC6A1,0.1149,0.186,0.6378,donor
MRPL20,0.147,0.4687,0.7041,donor
NRDE2,0.7915,0.08991,0.5494,donor
PUM2,0.4366,0.272,0.6378,donor
AKIRIN2,-0.8249,0.09869,0.567,donor
WIPI2,0.2059,0.3567,0.6378,donor
PGM3,0.0418,0.8473,0.9306,donor
CHTOP,0.2177,0.3097,0.6378,donor
GPSM1,-1.3892,0.3112,0.6378,donor
CECR6,0.5116,0.5131,0.7349,donor
EFHD2,-0.11,0.8583,0.9362,donor
SLC27A3,-0.0216,0.9439,0.976,donor
THTPA,-0.0715,0.9528,0.9794,donor
PCDHAC2,-0.3558,0.6135,0.7973,donor
PCDHAC1,1.6194,0.04683,0.4525,donor
PCDHA13,0.4598,0.16,0.6378,donor
MMP28,-0.1565,0.3314,0.6378,donor
NPHP4,1.3595,0.0032,0.2385,donor
PCDHA10,-1.0555,0.1214,0.5972,donor
APOBEC3F,-0.0451,0.9466,0.977,donor
PCDHA9,0.4112,0.4804,0.7125,donor
PCDHA8,0.3028,0.3318,0.6378,donor
KRTAP4-12,-0.037,0.2018,0.6378,donor
PCDHA7,0.0436,0.9125,0.9601,donor
LENG1,0.5859,0.08615,0.5432,donor
RUSC1,0.2314,0.3549,0.6378,donor
DPP10,-0.996,0.2106,0.6378,donor
LARP4,0.3834,0.1526,0.6378,donor
PDPK1,0.696,0.1274,0.6067,donor
NAALADL1,0.9836,0.1183,0.594,donor
MED6,-0.5925,0.006598,0.2721,donor
HYDIN,0.9873,0.1927,0.6378,donor
FAT4,0.4171,0.6659,0.8301,donor
FSTL5,1.5346,0.2358,0.6378,donor
MAP3K7CL,-0.3415,0.5322,0.7456,donor
STARD7,-0.1522,0.4213,0.6726,donor
PMEPA1,-0.4447,0.6519,0.8218,donor
SH3GLB2,0.4636,0.3557,0.6378,donor
PAPOLB,0.4393,0.1694,0.6378,donor
PNO1,-0.6411,0.008112,0.2835,donor
NDUFA4L2,-0.3518,0.5947,0.7855,donor
TMEM167B,-0.2406,0.4542,0.6945,donor
BDH2,-0.168,0.8548,0.9345,donor
ZC3H7B,0.494,0.301,0.6378,donor
WDR5,0.5079,0.1259,0.6046,donor
CACFD1,0.6244,0.208,0.6378,donor
ZRANB1,-0.1558,0.626,0.8052,donor
AGPAT3,0.7975,0.04217,0.4373,donor
C8orf4,-1.2634,0.09937,0.5673,donor
LGALS14,-0.0205,0.3632,0.6378,donor
MDM1,0.2708,0.6002,0.7894,donor
SLAMF8,0.1783,0.5785,0.7747,donor
C9orf66,-0.0023,0.8894,0.9494,donor
C4orf45,-0.0341,0.8697,0.9414,donor
KCMF1,-0.535,0.2559,0.6378,donor
SUPT20H,-0.3942,0.01783,0.3521,donor
NAGK,-0.0019,0.9965,0.9988,donor
PPP1R12C,0.4109,0.6063,0.7932,donor
PCSK4,0.0912,0.7165,0.8606,donor
PARP14,0.0319,0.9765,0.9904,donor
TMEM234,-0.5414,0.5672,0.7678,donor
IL17RD,0.0475,0.8896,0.9496,donor
RAB3IP,-0.7142,0.00986,0.299,donor
WDYHV1,0.2181,0.6158,0.799,donor
PPP2R5C,0.0688,0.8039,0.9101,donor
SHROOM1,0.5353,0.01566,0.3396,donor
SMOC2,-0.1369,0.2325,0.6378,donor
MAZ,0.7528,0.1933,0.6378,donor
FGF1,0.1408,0.5801,0.7757,donor
KLHL3,1.6514,0.0003612,0.209,donor
DUOXA1,-0.2777,0.2836,0.6378,donor
DDX6,-0.1442,0.5404,0.7508,donor
SLC25A16,0.3016,0.3825,0.6441,donor
HIPK1,0.761,0.2054,0.6378,donor
POLR1D,-0.6423,0.04813,0.455,donor
ZNF449,-0.3109,0.4898,0.7184,donor
AMER2,-0.2405,0.6142,0.7978,donor
ISX,0.1518,0.6957,0.8477,donor
C1GALT1C1,0.0276,0.9569,0.981,donor
EPHA10,0.1064,0.8595,0.9368,donor
NPW,0.1463,0.792,0.9034,donor
C1orf177,1.339,0.1584,0.6378,donor
SET,-0.2187,0.3816,0.6434,donor
PCBP2,0.046,0.8444,0.929,donor
TMEM79,0.4836,0.5249,0.7415,donor
MORN4,0.5159,0.1768,0.6378,donor
TENM4,1.7409,0.002778,0.2306,donor
ZNF419,-0.6117,0.5557,0.7607,donor
BEX4,-0.1478,0.5674,0.7678,donor
KDM6B,0.7532,0.07584,0.5216,donor
TXNRD2,0.5508,0.1934,0.6378,donor
GAK,1.2594,0.04287,0.4384,donor
DRAP1,-0.0029,0.9819,0.9921,donor
MAB21L2,0.4723,0.06293,0.4917,donor
RSF1,-0.0174,0.9719,0.9883,donor
DRD2,-0.5872,0.2161,0.6378,donor
PCDHA11,1.2123,0.09152,0.5535,donor
GMIP,0.4122,0.3286,0.6378,donor
XRN1,0.4157,0.3281,0.6378,donor
ERGIC2,-0.2709,0.4057,0.6616,donor
PCDHA1,0.917,0.1676,0.6378,donor
TADA2B,0.8578,0.06638,0.5003,donor
STAT1,-0.0695,0.7045,0.8526,donor
SDR42E1,-0.8067,0.3966,0.655,donor
THAP6,-0.5028,0.3541,0.6378,donor
PUS10,0.2095,0.7151,0.8595,donor
TBX3,0.1413,0.1894,0.6378,donor
RXFP3,-0.5339,0.1118,0.5836,donor
BCCIP,0.013,0.9643,0.9842,donor
OARD1,-0.4354,0.09967,0.5675,donor
SLC25A40,-0.1245,0.8962,0.9531,donor
TLR7,0.0102,0.3739,0.6378,donor
PEX5L,1.0363,0.2746,0.6378,donor
C20orf24,-0.8472,0.02612,0.3914,donor
NSFL1C,0.109,0.6481,0.8185,donor
NUP62,0.0495,0.8502,0.9324,donor
GOLM1,-0.2455,0.6461,0.8174,donor
RC3H2,0.2509,0.5251,0.7416,donor
NPC1L1,-1.5575,0.1366,0.6198,donor
CLEC1B,-0.0205,0.3632,0.6378,donor
ICK,-0.6757,0.3923,0.6521,donor
AMBN,0.0387,0.3739,0.6378,donor
NTM,-0.0205,0.3632,0.6378,donor
TFDP3,0.2323,0.2455,0.6378,donor
TIPIN,0.0803,0.8929,0.9514,donor
ALKBH5,0.0201,0.9632,0.9836,donor
SDF4,1.275,0.03691,0.4276,donor
DNAJC27,-1.7478,0.1015,0.5693,donor
OSBPL2,0.0798,0.7166,0.8606,donor
SIRT7,0.2397,0.7785,0.8946,donor
INPP5K,0.2229,0.3923,0.6521,donor
CYCSP52,-0.0568,0.7837,0.8985,donor
MGRN1,0.9228,0.004706,0.2594,donor
CCNYL1,2.198,0.0004331,0.209,donor
MAP3K13,-0.5873,0.04446,0.444,donor
CNOT4,-0.3396,0.2613,0.6378,donor
IRF6,0.1521,0.5649,0.7665,donor
ODF2,0.9252,0.003966,0.2594,donor
RFX4,-0.0205,0.3632,0.6378,donor
BRD2,0.5466,0.2469,0.6378,donor
ATG9A,0.7811,0.06349,0.4938,donor
TLE3,0.363,0.5282,0.7435,donor
AMER3,0.6433,0.2261,0.6378,donor
CTH,0.4342,0.5871,0.7798,donor
DOCK8,0.0102,0.952,0.979,donor
SUGCT,-0.544,0.4398,0.686,donor
MNAT1,-0.5214,0.1677,0.6378,donor
CHRNA7##1,-0.0562,0.4186,0.6707,donor
FPGS,0.7446,0.09325,0.5564,donor
TOM1L2,1.3072,0.001951,0.2294,donor
KLK5,0.085,0.3739,0.6378,donor
PIP5K1C,1.575,0.03127,0.4135,donor
FCAMR,0.1497,0.4089,0.6642,donor
RAB3GAP1,-0.6238,0.04491,0.4445,donor
MIR3118-1,0.02,0.3739,0.6378,donor
C1orf204,-0.1662,0.8121,0.9135,donor
PTPN3,-0.7377,0.1345,0.6186,donor
CDON,-0.2217,0.5601,0.7635,donor
LOC730183,0.0075,0.9885,0.9948,donor
FBXO18,-0.2754,0.297,0.6378,donor
IDNK,-0.61,0.04742,0.4527,donor
FAM13A,-0.7612,0.248,0.6378,donor
COX4I1,0.0261,0.8493,0.9321,donor
SLC31A1,0.2018,0.8416,0.9272,donor
GP2,0.4691,0.3348,0.6378,donor
COX7C,-0.6876,0.005041,0.2594,donor
COX7B,-0.4762,0.02367,0.3793,donor
COX6B1,-0.2366,0.08726,0.5449,donor
GCG,0.166,0.8837,0.9479,donor
GAS1,-0.3166,0.4182,0.6705,donor
GARS,-0.5388,0.1453,0.6334,donor
CPM,-0.3583,0.5557,0.7607,donor
DNAJA3,0.0172,0.9624,0.9834,donor
LDHA,-3.9615,0.01937,0.36,donor
CELF2,-0.905,0.4204,0.6718,donor
AKT1,0.8167,0.03035,0.4102,donor
KIF5A,0.8527,0.4019,0.6591,donor
SUMO1P3,-0.466,0.03751,0.4276,donor
LTBP3,1.5384,0.01965,0.3603,donor
KCNA2,0.5135,0.3397,0.6378,donor
RGMA,0.02,0.3739,0.6378,donor
ABCA13,1.8176,0.01389,0.3276,donor
DNAJC18,-1.7046,0.1653,0.6378,donor
SLC23A1,0.0706,0.7432,0.8764,donor
CD44,0.6248,0.5026,0.7274,donor
BLNK,0.2331,0.1946,0.6378,donor
DMTN,0.2964,0.3846,0.6456,donor
TRPV6,-0.0211,0.8087,0.9122,donor
APP,0.017,0.9621,0.9833,donor
C17orf85,0.2253,0.4244,0.6749,donor
HHAT,-1.3413,0.0591,0.4822,donor
RABL2B,0.7425,0.09073,0.5516,donor
ZSCAN30,0.0806,0.93,0.9684,donor
DLGAP1,0.079,0.3739,0.6378,donor
TUBB3,-0.2795,0.699,0.8498,donor
GFAP,-0.2967,0.1753,0.6378,donor
EPDR1,0.0994,0.8799,0.9464,donor
KLHL32,-0.4767,0.6415,0.8148,donor
STMN4,0.0632,0.4545,0.6946,donor
ATG5,-0.4472,0.244,0.6378,donor
C19orf44,0.5045,0.4941,0.7215,donor
CDK15,0.0102,0.3739,0.6378,donor
AARSD1,-0.1553,0.4556,0.6953,donor
PTGES3L,-1.174,0.06275,0.4913,donor
GRIA3,0.7297,0.3001,0.6378,donor
GDAP1L1,-0.3426,0.4239,0.6745,donor
NT5C,0.2845,0.4602,0.6992,donor
OS9,1.0057,0.04196,0.4367,donor
UBE2L3,-0.2096,0.3377,0.6378,donor
TMPRSS3,-0.0125,0.3632,0.6378,donor
ZNF768,0.785,0.4037,0.6604,donor
ANKRD55,-0.1811,0.2366,0.6378,donor
ANKHD1,0.206,0.5862,0.7791,donor
TBL1XR1,-0.2217,0.5874,0.7799,donor
NPEPL1,-0.2174,0.1964,0.6378,donor
NAT10,0.9771,0.0126,0.3191,donor
CCDC51,-0.0271,0.945,0.9765,donor
NLRX1,0.2109,0.7749,0.8927,donor
IGFLR1,0.1715,0.5297,0.7444,donor
LPHN2,-0.5238,0.3507,0.6378,donor
DLG3,0.7364,0.0513,0.4645,donor
SYBU,-0.2495,0.474,0.7082,donor
C9orf84,0.9895,0.1219,0.5981,donor
BCAR1,0.6847,0.1326,0.6156,donor
MBOAT1,-0.8641,0.1066,0.5747,donor
HSPA7,-0.3394,0.6646,0.8298,donor
KIAA1644,1.0995,0.1694,0.6378,donor
C2orf80,-0.6279,0.3236,0.6378,donor
FCGR3B,0.4068,0.1968,0.6378,donor
SLC35G1,-1.7875,0.02757,0.3976,donor
SPG21,-0.3119,0.04226,0.4375,donor
MAP1LC3B2,-0.3217,0.01803,0.3537,donor
ATL2,-0.65,0.1582,0.6378,donor
CCDC173,0.0263,0.9644,0.9842,donor
TBC1D31,0.2204,0.7952,0.9054,donor
DEPDC1B,-0.0359,0.3632,0.6378,donor
CHL1,-3.2055,0.003408,0.2456,donor
ZNF611,-0.0095,0.9872,0.9944,donor
EPC2,0.8054,0.04261,0.4383,donor
DNM3,0.1673,0.4676,0.7034,donor
WSB1,-1.4291,0.001683,0.2293,donor
CCZ1,-0.1682,0.5648,0.7665,donor
CCDC69,-0.3309,0.3295,0.6378,donor
PYGO1,-0.2831,0.7303,0.869,donor
GHRL,-0.1697,0.5646,0.7664,donor
PTPN20B,-1.1475,0.2819,0.6378,donor
POLDIP2,0.4778,0.0989,0.5672,donor
KLK13,0.0673,0.3739,0.6378,donor
STMN3,0.5055,0.2384,0.6378,donor
SCCPDH,-0.4116,0.2441,0.6378,donor
GSG1,-0.2517,0.5226,0.7399,donor
ANXA11,0.3218,0.3027,0.6378,donor
CTSL,-0.0202,0.918,0.963,donor
LRTOMT,0.4561,0.2532,0.6378,donor
NEK11,-0.0431,0.9421,0.975,donor
RASGRF1,-0.1924,0.7663,0.888,donor
HMGA1,0.1272,0.7576,0.8847,donor
PHF13,-0.6153,0.2712,0.6378,donor
FAM86B1,0.31,0.535,0.7475,donor
TAF1L,0.4593,0.2905,0.6378,donor
CACUL1,-0.0287,0.9142,0.9608,donor
CABYR,-0.7078,0.3896,0.65,donor
EIF1AD,0.0498,0.8874,0.949,donor
DYNC1LI1,-0.4495,0.07466,0.5192,donor
COQ7,-0.078,0.7475,0.8791,donor
DLG2,1.0777,0.3015,0.6378,donor
PECAM1,0.218,0.1653,0.6378,donor
SRD5A2,0.1997,0.3739,0.6378,donor
SCNN1G,-0.1016,0.6228,0.8037,donor
VPS52##2,0.2194,0.231,0.6378,donor
SLC11A2,0.1322,0.5062,0.7296,donor
INPP5D,-0.0735,0.9142,0.9608,donor
ABLIM1,0.5958,0.1486,0.6378,donor
ING1,-0.4166,0.4822,0.7136,donor
DBF4,0.1858,0.8342,0.9247,donor
IL12RB1,0.1733,0.1641,0.6378,donor
SMPDL3A,-2.0831,0.000135,0.2059,donor
RNPS1,0.17,0.5159,0.7363,donor
IFI27,-0.0101,0.9546,0.9801,donor
SMAD6,-0.5302,0.1216,0.5974,donor
HSF1,-0.2997,0.4286,0.6778,donor
DNAJC4,0.6252,0.09037,0.5507,donor
LIMK2,1.1576,0.01669,0.3436,donor
GPR12,-0.0057,0.8256,0.9203,donor
IDH3A,-0.5467,0.451,0.6925,donor
TRIM28,0.2702,0.6243,0.8046,donor
LMNA,1.7411,0.01063,0.3063,donor
ANKRD36BP1,-0.5048,0.5187,0.7377,donor
ARAP1,0.6054,0.1646,0.6378,donor
ZER1,0.4897,0.1983,0.6378,donor
FBXW2,0.578,0.09961,0.5675,donor
LINC00626,0.0148,0.3739,0.6378,donor
TIMD4,0.3485,0.09509,0.559,donor
FDXACB1,0.0274,0.9803,0.9916,donor
ICE2,-0.284,0.4514,0.6927,donor
CCDC127,-0.2325,0.4145,0.6683,donor
GLYCTK,-0.5315,0.5106,0.7334,donor
SLC22A7,0.0583,0.1778,0.6378,donor
NPHP3,-0.508,0.4312,0.6799,donor
DNAJC19,-0.6645,0.05058,0.4627,donor
MAP2K3,0.7495,0.252,0.6378,donor
RNASE11,-0.0205,0.3632,0.6378,donor
SFR1,-0.041,0.9387,0.9731,donor
FRA10AC1,-1.0886,0.005877,0.2658,donor
BEST4,1.1267,0.0613,0.4877,donor
IP6K1,0.1903,0.6036,0.7918,donor
SNX33,1.0095,0.2315,0.6378,donor
LINC01535,-0.0194,0.9563,0.9808,donor
C20orf96,0.1499,0.7348,0.8724,donor
MAMDC2##1,1.0905,0.1447,0.6321,donor
TMEM151A,0.4932,0.1049,0.5734,donor
SLC22A1,0.7131,0.349,0.6378,donor
EZH2,-0.4824,0.4999,0.7258,donor
WDR31,0.8587,0.446,0.6888,donor
B3GNT7,0.6946,0.4137,0.6676,donor
ZNF549,0.0535,0.9639,0.984,donor
SYT14,-0.666,0.07761,0.5232,donor
LRRC57,0.0481,0.8859,0.9483,donor
PKP3,1.5523,0.04776,0.4536,donor
ZNF625,0.02,0.9823,0.9923,donor
EFCAB11,-0.6765,0.04203,0.4372,donor
MRPL30,-0.0743,0.7302,0.869,donor
VTI1A,0.1538,0.7412,0.8754,donor
SENP8,-0.0859,0.8876,0.9491,donor
CSNK1A1L,-0.1974,0.4243,0.6748,donor
BLOC1S5,-0.095,0.3806,0.643,donor
ATP2C1,-0.6592,0.06654,0.5003,donor
SRSF2,-0.4972,0.04828,0.4557,donor
KCNAB2,2.4424,0.00081,0.209,donor
HCG26##3,0.0789,0.4952,0.7222,donor
ARHGEF26,-2.2983,0.01079,0.3084,donor
LIN7A,-0.6274,0.2063,0.6378,donor
FADD,0.7195,0.1042,0.5734,donor
PABPC4,0.1633,0.7039,0.8523,donor
DNAH9,0.7532,0.1798,0.6378,donor
CDC23,-0.9909,0.1424,0.6292,donor
HESX1,0.4539,0.5674,0.7678,donor
TNFRSF10C,0.0136,0.9895,0.9954,donor
RASAL1,0.2529,0.3739,0.6378,donor
PTPRS,0.3126,0.5814,0.7764,donor
SOCS4,0.1955,0.6034,0.7916,donor
GPR62,0.1206,0.8516,0.9327,donor
RLN3,0.0148,0.3739,0.6378,donor
ASB16,2.3572,0.008248,0.285,donor
CBX6,0.4101,0.04685,0.4525,donor
SPSB3,0.3585,0.29,0.6378,donor
PRO1804,0.9094,0.239,0.6378,donor
PLCD3,-0.1975,0.6658,0.8301,donor
OR1K1,-0.0542,0.3632,0.6378,donor
PFN4,0.8045,0.3352,0.6378,donor
FAM228A,0.0422,0.3739,0.6378,donor
SGSM1,0.605,0.1615,0.6378,donor
PURB,0.32,0.4681,0.7036,donor
GABRG3,0.0387,0.3739,0.6378,donor
PSIP1,-0.8133,0.05048,0.4623,donor
SCAMP4,0.2076,0.5877,0.78,donor
PPP1R3F,1.2051,0.06058,0.4854,donor
CCDC102A,-0.2684,0.3206,0.6378,donor
WFDC6,0.079,0.3739,0.6378,donor
C20orf144,0.0234,0.7051,0.8529,donor
OVCA2,0.1525,0.5654,0.7667,donor
FAM210B,0.0168,0.914,0.9608,donor
DTD1,-0.2718,0.5469,0.7557,donor
B3GALNT1,-1.1827,0.0602,0.4852,donor
GAS5-AS1,0.2709,0.5184,0.7376,donor
RPL7,-0.4115,0.06611,0.5003,donor
SNORD81,-0.2644,0.5088,0.7323,donor
SNORA48,-0.1837,0.3516,0.6378,donor
SNORD80,-0.6859,0.2392,0.6378,donor
SNORD79,-0.5952,0.1329,0.6161,donor
SNORD78,0.3799,0.2954,0.6378,donor
SNORD77,0.0039,0.9842,0.9931,donor
SNORD76,-0.6986,0.1904,0.6378,donor
SNORD75,-0.0569,0.5642,0.7661,donor
SNORD74,-0.1088,0.2072,0.6378,donor
ENOX1,0.3872,0.6269,0.8059,donor
ZNF541,-0.0031,0.9522,0.9792,donor
CCDC12,-0.4741,0.1003,0.5678,donor
IKZF3,0.2883,0.4038,0.6604,donor
DNAJC5G,-0.0205,0.3632,0.6378,donor
SORBS2,0.1933,0.5683,0.7685,donor
CTXN2,-1.0014,0.02754,0.3976,donor
PRTG,-0.4814,0.4837,0.7148,donor
LEFTY2,-0.0694,0.3014,0.6378,donor
P2RX5,1.2076,0.1827,0.6378,donor
SCARNA3,0.1449,0.2828,0.6378,donor
CPEB3,0.7203,0.3587,0.6378,donor
TAX1BP3,-0.3512,0.3424,0.6378,donor
CX3CR1,1.3211,0.2427,0.6378,donor
SLC25A21,0.3737,0.7425,0.876,donor
PET100,0.0937,0.7906,0.9027,donor
STRBP,-0.5175,0.2291,0.6378,donor
NEDD4,0.984,0.233,0.6378,donor
RGS13,-0.0125,0.3632,0.6378,donor
RGS12,0.8169,0.189,0.6378,donor
STMN1,-0.8788,0.2959,0.6378,donor
MEF2A,-0.5916,0.1299,0.6115,donor
MDFI,0.079,0.3739,0.6378,donor
LPA,0.088,0.6322,0.8092,donor
LAMP1,0.1117,0.2338,0.6378,donor
KRT16,-0.0126,0.3632,0.6378,donor
KRT7,0.1962,0.3645,0.6378,donor
KLC1,-0.2364,0.3772,0.6399,donor
LOC101929315,0.0148,0.3739,0.6378,donor
UBIAD1,0.3975,0.1591,0.6378,donor
PRRC2B,0.8971,0.01578,0.3404,donor
EMID1,0.2725,0.129,0.6101,donor
HSD11B1L,0.569,0.273,0.6378,donor
WDR4,-0.9391,0.1762,0.6378,donor
C7orf57,0.0824,0.8197,0.9176,donor
ZNF839,0.8763,0.1677,0.6378,donor
PPP2R2B,0.0679,0.9267,0.9666,donor
OSTC,-0.489,0.05495,0.4728,donor
RADIL,0.126,0.2521,0.6378,donor
CASP8,0.9075,0.1689,0.6378,donor
TEX13B,-0.047,0.4531,0.6939,donor
TEX14,0.5183,0.4818,0.7133,donor
FAM101A,0.02,0.3739,0.6378,donor
SLC35F3,-0.4348,0.3625,0.6378,donor
WDR66,-0.8392,0.2528,0.6378,donor
CDHR5,0.1117,0.3739,0.6378,donor
HNRNPK,0.2155,0.5048,0.7287,donor
TRIM7,-0.6542,0.1505,0.6378,donor
CFAP36,-0.2874,0.2425,0.6378,donor
DCD,0.0823,0.2835,0.6378,donor
TBXAS1,-0.5167,0.3621,0.6378,donor
PITPNM3,1.1284,0.1638,0.6378,donor
ZNF93,-0.1281,0.7583,0.885,donor
LAS1L,0.7044,0.1443,0.6317,donor
FLJ23867,-0.1912,0.6618,0.8282,donor
DLG1-AS1,0.7068,0.1036,0.573,donor
PLA2G4E-AS1,0.3452,0.3587,0.6378,donor
OTUD5,0.9717,0.007577,0.2823,donor
SPOCK3,0.0503,0.7095,0.8553,donor
BEX2,-0.3241,0.2294,0.6378,donor
MAMLD1,-0.2044,0.8158,0.9157,donor
UGT1A10,0.1502,0.3739,0.6378,donor
SH3TC1,0.4667,0.4646,0.7021,donor
USP18,0.3796,0.5566,0.7614,donor
CCNJ,-0.658,0.4864,0.7173,donor
TRMT13,0.1944,0.3634,0.6378,donor
DLL4,-1.1506,0.08811,0.5483,donor
DDX56,0.6925,0.0104,0.3058,donor
DNAJC10,0.1923,0.566,0.7672,donor
RNASE9,0.02,0.3739,0.6378,donor
TMEM237,-0.4883,0.4523,0.6935,donor
TAL2,0.1676,0.1787,0.6378,donor
CREB1,-0.3761,0.4518,0.6931,donor
LOC284648,1.2687,0.02274,0.3731,donor
PRAMEF20,0.0885,0.3739,0.6378,donor
ZFP57,-0.3172,0.4378,0.6848,donor
APTX,-0.0028,0.994,0.9974,donor
TRPM4,0.2338,0.8122,0.9135,donor
CCDC107,-0.1526,0.6789,0.8375,donor
COX5A,-0.1774,0.3689,0.6378,donor
SPAG1,0.9514,0.06982,0.5089,donor
RAB9A,-0.6686,0.009908,0.299,donor
RAB28,-0.6303,0.5371,0.749,donor
PRLHR,-0.1264,0.7699,0.8899,donor
SP100,0.1472,0.5403,0.7508,donor
TIGD1,-0.7835,0.2632,0.6378,donor
TNNI2,0.0102,0.3739,0.6378,donor
SP1,0.0801,0.8939,0.9519,donor
SNX1,-0.1942,0.6166,0.7994,donor
AGO1,-0.116,0.7516,0.8817,donor
CIZ1,0.4302,0.4474,0.69,donor
CHRM5,0.1956,0.3739,0.6378,donor
ARHGAP44,0.7322,0.1295,0.6108,donor
SUPT7L,-0.7342,0.05091,0.4639,donor
CD2AP,-0.223,0.5538,0.7597,donor
CDK20,0.3708,0.4157,0.669,donor
TRIL,0.5171,0.5729,0.7712,donor
SGSM2,1.7943,0.006978,0.2751,donor
COL4A1,0.2808,0.6787,0.8374,donor
CASP14,0.0425,0.4901,0.7184,donor
TPX2,0.1282,0.6622,0.8284,donor
SRGAP3,1.8613,0.04455,0.4441,donor
RABGAP1,0.0626,0.8914,0.9507,donor
ARL2BP,-0.1605,0.3718,0.6378,donor
SEC61B,-0.1141,0.5375,0.7491,donor
DNAJB2,-0.2425,0.6417,0.8148,donor
PRDX5,-0.2447,0.3545,0.6378,donor
RERE,0.8068,0.03053,0.4103,donor
TECPR2,1.7023,0.06498,0.4977,donor
TRIM29,-0.069,0.8382,0.9259,donor
GS1-279B7.1,-0.0389,0.8118,0.9134,donor
PRKAG1,-0.2,0.627,0.806,donor
ASB3,0.0749,0.883,0.9475,donor
ASB11,0.7716,0.06687,0.5014,donor
ATF7,-0.0074,0.9912,0.9961,donor
ABHD12B,0.0717,0.1866,0.6378,donor
PLRG1,-0.4745,0.1096,0.5804,donor
PLA2G4E,0.0475,0.5835,0.7777,donor
ZNF821,0.5896,0.1416,0.6275,donor
CFHR4,0.0148,0.3739,0.6378,donor
SLC16A4,0.5494,0.4021,0.6591,donor
HTR1A,0.0477,0.3739,0.6378,donor
MCM3AP,0.9769,0.04218,0.4373,donor
HDAC1,0.0616,0.7999,0.908,donor
C22orf31,-0.088,0.3632,0.6378,donor
SAC3D1,-0.8686,0.384,0.6452,donor
TRA2A,-0.3108,0.2835,0.6378,donor
PDE4DIP,1.2358,0.002783,0.2306,donor
ERLIN2,-0.6705,0.1982,0.6378,donor
ABCA8,0.2161,0.4211,0.6724,donor
PHC2,0.5565,0.08185,0.5342,donor
NR2C1,0.0256,0.9073,0.9585,donor
TPT1,-0.6453,0.001747,0.2293,donor
TRIP6,1.5124,0.111,0.5826,donor
DUSP8,-0.5537,0.3756,0.6389,donor
DUSP5,0.9667,0.03135,0.4137,donor
DUSP2,0.5738,0.3422,0.6378,donor
TPR,0.2259,0.1493,0.6378,donor
DPEP1,0.1483,0.5537,0.7597,donor
PRRX2,-0.382,0.0535,0.4684,donor
SS18L2,-0.7639,0.009793,0.299,donor
RSL24D1,-0.8036,0.05944,0.4832,donor
WBP5,-0.8294,0.02836,0.4015,donor
PDS5B,-0.242,0.4468,0.6895,donor
POP1,0.4256,0.6848,0.8409,donor
FRYL,0.758,0.01599,0.3412,donor
GPN3,-0.9333,0.001127,0.209,donor
IP6K2,-0.5381,0.1229,0.6008,donor
PCLO,0.9114,0.0764,0.5216,donor
NUDCD1,-0.8037,0.2986,0.6378,donor
UIMC1,0.0858,0.8053,0.9106,donor
TAOK3,0.383,0.2379,0.6378,donor
CDH9,0.025,0.1873,0.6378,donor
CNKSR2,2.3057,0.00027,0.209,donor
SGK2,-1.1839,0.09067,0.5516,donor
HES4,-0.2363,0.2301,0.6378,donor
DDX43,0.8756,0.3358,0.6378,donor
LGR4,1.3993,0.1167,0.5919,donor
MYNN,-0.2244,0.6019,0.7905,donor
H2AFY2,-0.2077,0.5299,0.7445,donor
NOP10,-0.4623,0.02704,0.395,donor
TNFRSF19,0.3273,0.5216,0.7395,donor
XRCC4,-1.1483,0.06298,0.4917,donor
FEZ1,-0.0238,0.9778,0.9907,donor
MRPS25,-0.2421,0.6766,0.8364,donor
INF2,1.1628,0.08728,0.5449,donor
POLR1E,0.4851,0.06189,0.489,donor
ATG3,-0.1497,0.2716,0.6378,donor
MIR181A1HG,-0.0244,0.3632,0.6378,donor
MYD88,-1.0204,0.2019,0.6378,donor
DDAH1,-0.9445,0.002571,0.2306,donor
KIRREL3,0.5864,0.3698,0.6378,donor
PHPT1,-0.1937,0.4013,0.6586,donor
ADNP,0.0856,0.8292,0.9221,donor
GIT1,-0.087,0.9028,0.9562,donor
ZBTB43,-0.3486,0.3387,0.6378,donor
SLC35A2,-0.1245,0.7924,0.9038,donor
GNB1,-0.0932,0.7894,0.9023,donor
XKR9,-0.6219,0.479,0.7114,donor
ZNF596,-0.2674,0.8385,0.9259,donor
CCNI2,0.0023,0.9967,0.9988,donor
NPIPB9,0.0148,0.3739,0.6378,donor
PNMA3,-0.538,0.1749,0.6378,donor
KCNT2,-0.7618,0.3075,0.6378,donor
IQGAP2,0.005,0.9635,0.9837,donor
PTGES3,-1.2443,0.001082,0.209,donor
ASCL5,-0.0733,0.3632,0.6378,donor
NPL,0.3572,0.6446,0.8166,donor
BROX,-0.8736,0.03889,0.4295,donor
LOC102467225,0.1982,0.2597,0.6378,donor
TRMT10B,-0.1704,0.7337,0.8716,donor
EXD3,0.6296,0.3931,0.6527,donor
PTTG1IP,0.0114,0.9585,0.9814,donor
NTMT1,-0.3288,0.5192,0.7381,donor
SPATA13,0.9333,0.03793,0.4277,donor
CRB2,0.1106,0.3739,0.6378,donor
CENPU,1.4383,0.02467,0.3864,donor
CLYBL,-0.0461,0.9504,0.9781,donor
LINC00866,0.013,0.9623,0.9833,donor
CBWD5,-0.4214,0.2982,0.6378,donor
ANKRD10,-0.1033,0.4459,0.6888,donor
UFM1,-0.305,0.3264,0.6378,donor
CALML4,-0.1526,0.6876,0.8425,donor
RGS20,-0.6689,0.2829,0.6378,donor
ZDHHC20,-0.3026,0.2595,0.6378,donor
KCTD20,0.5744,0.1984,0.6378,donor
TBC1D32,0.8332,0.2244,0.6378,donor
SEPT7-AS1,0.4776,0.4155,0.669,donor
SLC35F5,-0.2404,0.4454,0.6884,donor
CLPSL2,0.0422,0.3739,0.6378,donor
C6orf201,0.0555,0.8967,0.9534,donor
CENPW,-0.8018,0.2067,0.6378,donor
PARP11,-0.6155,0.3007,0.6378,donor
FAM214A,0.9835,0.03037,0.4102,donor
NUP43,0.622,0.1859,0.6378,donor
FRMD5,-0.3387,0.6915,0.8453,donor
TMEM14B,-0.0872,0.7682,0.8892,donor
HTR4,0.0563,0.3739,0.6378,donor
CIITA,0.107,0.4179,0.6703,donor
TMEM217,-0.6488,0.1994,0.6378,donor
RNF217,-0.4433,0.5985,0.7884,donor
ZNF213,0.2137,0.6947,0.8472,donor
PPIL6,-0.8544,0.08797,0.548,donor
LOC100506725,-0.1326,0.2367,0.6378,donor
MRS2,-0.1995,0.493,0.7209,donor
LOC100506371,0.1702,0.1487,0.6378,donor
STAC3,0.1467,0.4965,0.7231,donor
C11orf98,-0.2531,0.423,0.6736,donor
LYRM4,0.1897,0.6913,0.8452,donor
RERGL,-0.024,0.8945,0.9522,donor
SLC25A44,0.109,0.6807,0.8386,donor
C12orf43,0.6114,0.2383,0.6378,donor
LINC01524,0.0102,0.3739,0.6378,donor
ULK3,0.8667,0.01131,0.3131,donor
OPALIN,0.156,0.3739,0.6378,donor
MPZL3,-0.0004,0.9991,0.9995,donor
SLAMF1,0.1106,0.3739,0.6378,donor
GCOM1##3,0.0422,0.3739,0.6378,donor
SNORA77,0.1414,0.2808,0.6378,donor
ADCY10,0.313,0.4769,0.71,donor
TRIM62,1.1104,0.0471,0.4527,donor
VPS35,-0.0953,0.5301,0.7446,donor
CRYZ,-1.6396,0.00453,0.2594,donor
P2RY11,0.025,0.8639,0.939,donor
SOX13,1.792,0.008046,0.2835,donor
MRPS35,-0.5711,0.03513,0.4276,donor
MICA##1,0.3713,0.2759,0.6378,donor
ANAPC4,-0.0386,0.9169,0.9626,donor
SLC43A1,-0.416,0.6885,0.843,donor
CA12,0.3769,0.1317,0.6136,donor
ACTN2,1.0347,0.2312,0.6378,donor
PLOD2,-1.9512,0.00109,0.209,donor
SERPINF2##1,-0.0027,0.9942,0.9974,donor
RRM2,-0.0309,0.7697,0.8899,donor
MLF1,-0.685,0.372,0.6378,donor
LOC100505478,-0.0011,0.9792,0.9911,donor
ADRA1A,0.0526,0.604,0.7921,donor
GAPDH,-0.6162,0.1815,0.6378,donor
DOCK1,0.6323,0.08088,0.5325,donor
ADH6,-0.445,0.5218,0.7395,donor
ANAPC11,-0.0072,0.9502,0.9781,donor
PTPRT,0.2374,0.05201,0.466,donor
RBM12,0.0175,0.963,0.9836,donor
HIST1H2AH,0.0808,0.3739,0.6378,donor
B3GALT6,-0.279,0.5337,0.7465,donor
PGAM5,-0.1951,0.7309,0.8695,donor
HDGFL1,-0.0251,0.1747,0.6378,donor
NRG4,0.4292,0.3812,0.6434,donor
TAF8,0.4542,0.4645,0.7021,donor
SLC38A10,1.286,0.01459,0.3324,donor
LOC284578,0.1012,0.3739,0.6378,donor
POLR1B,0.6061,0.1226,0.6006,donor
SNTN,0.0387,0.3739,0.6378,donor
LOC284581,1.0437,0.3091,0.6378,donor
DTNA,0.1567,0.7743,0.8925,donor
EXOC7,0.3934,0.2144,0.6378,donor
C2CD3,0.0956,0.8814,0.947,donor
ZNF512,0.3823,0.1644,0.6378,donor
USP44,-0.1378,0.8747,0.9435,donor
DICER1,0.3256,0.1682,0.6378,donor
MEI4,0.9113,0.09216,0.5549,donor
OBSCN,1.3159,0.04628,0.4499,donor
TPM3,-0.0944,0.6698,0.832,donor
SVIL-AS1,-0.3942,0.204,0.6378,donor
SDHD,-0.779,0.0618,0.4887,donor
DNAAF5,-0.0205,0.9381,0.9728,donor
LZTFL1,-0.0433,0.9175,0.9628,donor
SPHK1,0.2972,0.7433,0.8765,donor
NCAM1,0.4787,0.2765,0.6378,donor
TRIM77,0.0422,0.3739,0.6378,donor
EIF6,-0.415,0.05247,0.466,donor
RPS3A,0.2549,0.4829,0.7142,donor
NFKB2,-0.5764,0.1826,0.6378,donor
IDH3B,0.4489,0.1762,0.6378,donor
FAM217B,0.4325,0.2532,0.6378,donor
TROVE2,-0.4698,0.0869,0.5442,donor
AGAP9,0.2739,0.3311,0.6378,donor
DHX35,0.0669,0.8733,0.9427,donor
IGF2,0.5254,0.3188,0.6378,donor
IGFBP3,-6.019,8.296e-05,0.2059,donor
CLP1,-1.7495,0.1438,0.6311,donor
TYROBP,0.0275,0.5657,0.767,donor
ZNF317,0.2636,0.3901,0.6503,donor
MAN2B1,1.78,0.01464,0.333,donor
STMND1,0.0102,0.3739,0.6378,donor
TMEM238,-0.204,0.2371,0.6378,donor
SYT6,0.5882,0.3464,0.6378,donor
GZMH,0.055,0.3739,0.6378,donor
SERPINB6,-0.3982,0.1392,0.6239,donor
CHST15,0.2406,0.2486,0.6378,donor
BCL2L13,0.1895,0.1454,0.6334,donor
SLC2A8,1.3193,0.05609,0.4764,donor
CYSLTR1,0.015,0.6396,0.8136,donor
ETF1,-0.2535,0.267,0.6378,donor
ARHGAP12,0.4583,0.1869,0.6378,donor
LOC148696,2.3679,0.001088,0.209,donor
PACSIN2,-0.2445,0.6025,0.7909,donor
WDR44,-0.0954,0.8398,0.9267,donor
MIR205HG,0.046,0.6012,0.79,donor
PIP5K1A,0.3713,0.3471,0.6378,donor
NME5,-0.7637,0.2669,0.6378,donor
PML,0.1654,0.6619,0.8282,donor
PLCG1,0.5095,0.5695,0.769,donor
HYAL3,1.8396,0.004226,0.2594,donor
HIST1H4E,-0.4376,0.3077,0.6378,donor
HTATIP2,0.0732,0.6735,0.8343,donor
CHERP,-0.1708,0.7063,0.8533,donor
SLC1A7,0.1997,0.3337,0.6378,donor
ABCG5,0.0638,0.8172,0.9164,donor
MEST,0.1742,0.6941,0.847,donor
PDLIM5,-0.076,0.7388,0.8742,donor
MAP7D3,1.5022,0.02377,0.38,donor
SERTAD4-AS1,0.5063,0.3163,0.6378,donor
SERTAD4,1.527,0.09252,0.5551,donor
ADAM2,0.1046,0.2306,0.6378,donor
TSHB,1.1247,0.1196,0.5961,donor
IL12RB2,0.0845,0.5073,0.7307,donor
PCID2,-0.2748,0.3964,0.6549,donor
GSTA2,-0.0433,0.4602,0.6992,donor
RBM4B,0.2022,0.309,0.6378,donor
RPP40,-0.2766,0.7132,0.8582,donor
IFT22,0.6885,0.07159,0.5123,donor
DPF3,0.9232,0.06531,0.4983,donor
SLC17A2,-0.036,0.7773,0.8939,donor
PIK3CA,0.3325,0.5414,0.7515,donor
SERPINE2,-0.833,0.125,0.6026,donor
PHYH,-0.1085,0.6935,0.8466,donor
PFKFB2,0.817,0.003633,0.2518,donor
IL16,-0.4777,0.4765,0.71,donor
SNORA16B,-0.0306,0.4793,0.7118,donor
SLC1A3,-0.0517,0.7665,0.8882,donor
COL11A1,-0.0482,0.2308,0.6378,donor
NDOR1,1.0123,0.05654,0.4774,donor
KCTD19,0.4065,0.4129,0.6673,donor
ROBO2,0.319,0.6946,0.8472,donor
IKZF5,-0.242,0.5041,0.7282,donor
CCDC120,1.3371,0.004381,0.2594,donor
PAF1,-0.0923,0.7605,0.886,donor
ZNF195,-0.7494,0.1384,0.6227,donor
MMP3,0.0148,0.3739,0.6378,donor
CHD1,0.3839,0.1583,0.6378,donor
KCNK3,-0.3312,0.2802,0.6378,donor
RCC1,0.9342,0.3338,0.6378,donor
CES1,-0.1608,0.8016,0.909,donor
JAG2,0.6475,0.1341,0.6185,donor
CDX2,0.4509,0.1984,0.6378,donor
DNMT1,0.516,0.2313,0.6378,donor
S1PR1,-0.0011,0.9792,0.9911,donor
CNTN4-AS2,0.0646,0.6097,0.7948,donor
PPP1R9A,0.8922,0.002163,0.2294,donor
ZMYND11,0.0449,0.8213,0.9182,donor
PDHX,-0.2788,0.3386,0.6378,donor
LCORL,-0.0862,0.7844,0.8989,donor
ABL2,0.5479,0.2987,0.6378,donor
LIG1,0.8529,0.1097,0.5806,donor
LOC400863,1.0992,0.1711,0.6378,donor
SCAF8,0.2696,0.3255,0.6378,donor
NUTM1,-0.152,0.4444,0.6882,donor
RCAN1,-0.4125,0.7012,0.8508,donor
THOC7,-0.7971,0.01549,0.3381,donor
HELLS,0.0279,0.9735,0.9888,donor
TRIP10,-0.1342,0.8154,0.9155,donor
CBLL1,0.4731,0.1094,0.58,donor
PIGG,0.0319,0.9152,0.9613,donor
CCSER2,-0.4642,0.2564,0.6378,donor
STK33,0.3148,0.6624,0.8284,donor
ZFYVE16,0.4865,0.1074,0.576,donor
ADAP1,0.0524,0.5222,0.7396,donor
AMZ2,-0.3914,0.3026,0.6378,donor
SUMF1,0.2632,0.6384,0.8133,donor
SOX6,0.1071,0.8229,0.9192,donor
WDR1,-0.5796,0.1647,0.6378,donor
UBXN4,-0.2336,0.2173,0.6378,donor
DNTTIP2,-0.8458,0.1444,0.6317,donor
HEG1,-1.8606,0.002336,0.2294,donor
CADPS2,0.5475,0.5533,0.7596,donor
WDR60,1.1302,0.008051,0.2835,donor
ESYT2,-0.1194,0.7511,0.8814,donor
OSBP,0.5802,0.03068,0.4109,donor
SLC22A18,-0.6518,0.4198,0.6717,donor
AURKAPS1,-0.1091,0.8703,0.9416,donor
DHRS4L2,0.4745,0.09131,0.5527,donor
LCA5,0.547,0.1388,0.6236,donor
MINOS1,-0.1731,0.3428,0.6378,donor
TTC13,0.3765,0.3077,0.6378,donor
ZNF268,0.0899,0.8457,0.9297,donor
MTF2,-0.473,0.09458,0.5584,donor
MBD5,-0.2003,0.6065,0.7932,donor
GDI2,-0.2686,0.3079,0.6378,donor
IFNAR1,-0.6619,0.09395,0.5571,donor
GNRH2,0.0148,0.3739,0.6378,donor
GCNT2,0.0073,0.9903,0.9957,donor
IFNG,0.3459,0.3508,0.6378,donor
GCNT1,-0.0419,0.9088,0.9591,donor
IGF1,0.248,0.4557,0.6953,donor
AFAP1,-1.6868,0.04733,0.4527,donor
ACACA,0.5135,0.3349,0.6378,donor
GINS3,0.353,0.5745,0.7723,donor
SNCAIP,0.2159,0.3739,0.6378,donor
TOMM40L,0.3437,0.6771,0.8368,donor
VTA1,-0.8314,0.01987,0.3603,donor
MAP7D1,0.5505,0.2046,0.6378,donor
MAPK3,0.2974,0.411,0.666,donor
ANKRD12,-0.2755,0.2602,0.6378,donor
DLC1,0.8585,0.3641,0.6378,donor
SYNPO2,-0.478,0.2829,0.6378,donor
NAF1,-0.7245,0.2076,0.6378,donor
PRR29,0.2519,0.3671,0.6378,donor
ESM1,-0.0342,0.5748,0.7725,donor
RPS27A,-0.1811,0.4494,0.6917,donor
TMEM243,0.0005,0.9994,0.9995,donor
NOL12,0.2455,0.443,0.6875,donor
ADD3,-0.1682,0.6624,0.8284,donor
MFSD11,0.8623,0.0266,0.393,donor
PLEKHF1,0.4077,0.1366,0.6198,donor
PPDPF,-1.1053,0.0005565,0.209,donor
DHRS11##1,0.7178,0.05121,0.4645,donor
MIR320B2,0.1681,0.4601,0.6992,donor
FAM222A,-0.3733,0.4313,0.6799,donor
ZNF587,0.3674,0.2727,0.6378,donor
LIMA1,0.6165,0.1581,0.6378,donor
DDX47,-0.2903,0.2247,0.6378,donor
HNF1A,-0.5396,0.4661,0.7024,donor
VWF,0.1953,0.2015,0.6378,donor
NCF2,-1.6631,0.08908,0.5486,donor
COL4A6,0.0275,0.3739,0.6378,donor
KLC2,1.5373,0.01364,0.325,donor
PLEKHD1,0.3278,0.251,0.6378,donor
ALDH4A1,0.2515,0.6933,0.8465,donor
RBMS3,-0.3045,0.6837,0.8403,donor
RAP1GAP,0.3833,0.4254,0.6756,donor
AXIN1,0.6826,0.2879,0.6378,donor
SERINC2,-0.6363,0.3961,0.6546,donor
SLC51B,-0.3353,0.3632,0.6378,donor
GPR161,0.0443,0.208,0.6378,donor
ZNF607,0.2588,0.462,0.7005,donor
CFAP57,1.254,0.0938,0.5571,donor
SLC43A3,-0.0689,0.2744,0.6378,donor
SAMD3,1.1433,0.01062,0.3063,donor
MLH1,-0.1996,0.7085,0.8548,donor
HERC4,0.0612,0.8663,0.9401,donor
DDX31,0.7203,0.07505,0.5199,donor
MRPL49,0.1046,0.7132,0.8582,donor
DBIL5P2,0.2579,0.1207,0.5962,donor
DHX30,0.5512,0.1269,0.6064,donor
OSBPL1A,1.0841,0.2669,0.6378,donor
IRAK2,0.9868,0.1747,0.6378,donor
CR1,0.0377,0.4253,0.6755,donor
C3orf52,1.0711,0.1082,0.5782,donor
CKMT1B,0.2707,0.4414,0.6867,donor
NFS1,0.8975,0.0541,0.4699,donor
PSCA,-0.0728,0.8286,0.9218,donor
SERINC3,-0.7306,0.01895,0.3592,donor
SECISBP2,-0.0532,0.8947,0.9522,donor
FMO1,-0.0205,0.3632,0.6378,donor
FAM107B,-1.0937,0.05206,0.466,donor
RAD17,-0.0547,0.8542,0.9342,donor
BRSK1,0.0698,0.7198,0.8619,donor
MITF,-0.4767,0.5185,0.7376,donor
HHIPL1,0.0052,0.9819,0.9921,donor
MSANTD4,-0.1943,0.5247,0.7414,donor
CLIP2,0.6917,0.3717,0.6378,donor
PCDH1,1.3539,0.028,0.3995,donor
RNF122,0.5204,0.5186,0.7376,donor
C15orf48,0.2789,0.5716,0.7705,donor
CYSTM1,-0.7303,5.627e-05,0.2059,donor
HOOK3,0.3771,0.1038,0.5734,donor
AGBL2,2.1252,0.01318,0.3232,donor
NHEJ1,-0.1663,0.8717,0.9422,donor
CCDC102B,-0.4187,0.4223,0.6732,donor
CRYBA2,0.7176,0.1855,0.6378,donor
EFCAB2,0.4019,0.4292,0.6784,donor
C2orf88,-0.061,0.9482,0.9776,donor
ZMYND15,0.1951,0.2338,0.6378,donor
TUBGCP5,0.0467,0.9225,0.9653,donor
NIFK,-0.7067,0.02048,0.3616,donor
ARFGAP2,0.2808,0.4033,0.6603,donor
PEAK1,0.7512,0.192,0.6378,donor
RNF144B,-0.5808,0.4846,0.7156,donor
CCKBR,-2.0672,0.0006661,0.209,donor
MT1M,-0.9904,0.2555,0.6378,donor
PPA2,-0.2518,0.2999,0.6378,donor
UBAC2,-0.2134,0.3468,0.6378,donor
LOC100129055,-0.0244,0.3632,0.6378,donor
SERBP1,-0.4679,0.07912,0.5267,donor
TBC1D15,-0.8464,0.02717,0.3959,donor
SNORA12,0.6534,0.04949,0.46,donor
SNORA9,0.4499,0.1742,0.6378,donor
LOC100129931,0.1531,0.7082,0.8546,donor
PSMG3-AS1,1.5966,0.01929,0.36,donor
CSNK1A1P1,0.3998,0.07331,0.5161,donor
ETNPPL,0.1501,0.3739,0.6378,donor
KDM2A,0.8876,0.1536,0.6378,donor
PLCH2,2.3222,0.01366,0.3253,donor
NMNAT1,0.5306,0.3592,0.6378,donor
LINC00662,-0.4062,0.4868,0.7174,donor
C3P1,0.1916,0.3481,0.6378,donor
LINC00303,0.0148,0.3739,0.6378,donor
FLVCR1-AS1,0.3891,0.5893,0.7813,donor
LINC00602,0.6697,0.2862,0.6378,donor
LOC440461,0.3903,0.3739,0.6378,donor
SAE1,0.4476,0.3649,0.6378,donor
LINC00518,0.4525,0.3409,0.6378,donor
SRRM2-AS1,0.0515,0.8385,0.9259,donor
CIRBP-AS1,0.3197,0.4882,0.718,donor
SEPT7P9,-0.0299,0.898,0.9543,donor
ANKRD20A11P,0.079,0.3739,0.6378,donor
ZNF484,-0.6544,0.5281,0.7435,donor
SRP19,-0.3421,0.263,0.6378,donor
SNRPD2P2,0.0683,0.4486,0.691,donor
HSD3B7,-0.0524,0.8951,0.9525,donor
TSNAX-DISC1,-0.5268,0.1221,0.5987,donor
KLHL38,0.9387,0.1389,0.6237,donor
ARSA,1.3635,0.01175,0.3142,donor
BCAT1,0.7879,0.2917,0.6378,donor
APBA2,0.5095,0.1615,0.6378,donor
IFI16,-0.305,0.5696,0.769,donor
DOCK4-AS1,0.3993,0.1948,0.6378,donor
INHBC,1.2801,0.07969,0.529,donor
IFI35,0.1741,0.5969,0.7872,donor
PLCL2,0.3104,0.2655,0.6378,donor
PHF14,0.3543,0.1644,0.6378,donor
DENND2A,0.1249,0.7731,0.8916,donor
PPIP5K1,1.0538,0.03315,0.4199,donor
FLJ33534,0.5634,0.1061,0.5741,donor
MAFF,-0.9963,0.1789,0.6378,donor
SNORA14B,-0.0381,0.8658,0.9397,donor
APOF,-0.1406,0.7275,0.8673,donor
NPAS1,0.0034,0.9928,0.9968,donor
NOVA2,-0.3683,0.06741,0.5018,donor
NOVA1,0.7055,0.2179,0.6378,donor
XCL1,-0.0948,0.3632,0.6378,donor
PRPSAP1,-0.2102,0.5108,0.7335,donor
NME2,-0.3156,0.169,0.6378,donor
NMBR,-0.0859,0.3632,0.6378,donor
ALOX5AP,-0.465,0.5317,0.7456,donor
AKR1B1,-0.0992,0.7698,0.8899,donor
ALCAM,0.3077,0.2743,0.6378,donor
TIMM9,-0.3364,0.04544,0.4469,donor
CLDN18,1.1224,0.08043,0.5314,donor
CYP24A1,0.0275,0.3739,0.6378,donor
RBM20,0.3326,0.4627,0.7007,donor
EIF2AK1,0.3244,0.03736,0.4276,donor
ATG4D,-0.4336,0.3622,0.6378,donor
IGSF21,-1.4017,0.1372,0.6209,donor
AJUBA,0.1717,0.3772,0.6399,donor
FBXL20,0.3289,0.5913,0.7828,donor
NLGN4X,-0.0126,0.3632,0.6378,donor
CXCL14,-0.0125,0.3632,0.6378,donor
HMGN1,-0.8614,0.03442,0.4253,donor
ADCY3,0.1042,0.8514,0.9327,donor
CDK5R2,0.1492,0.6296,0.8079,donor
TOP3B,0.1554,0.7227,0.8643,donor
ACOX1,0.9344,0.0009103,0.209,donor
FUBP3,0.4614,0.2074,0.6378,donor
RPL3L,0.0301,0.7227,0.8643,donor
RAB11FIP5,0.489,0.4219,0.673,donor
CAMSAP1,0.7025,0.2401,0.6378,donor
RLN2,0.7338,0.08293,0.5366,donor
ST13,-0.7933,0.00546,0.2594,donor
SEMA3F,0.0439,0.8142,0.9147,donor
AQP4,-0.2121,0.801,0.9087,donor
MBD2,0.1012,0.7891,0.9021,donor
MBD4,-0.7326,0.07125,0.5111,donor
BEST1,-1.6483,0.06602,0.5003,donor
TANK,-0.4484,0.09083,0.5518,donor
HABP2,0.0425,0.4892,0.7182,donor
OSTM1,-0.2517,0.5361,0.7484,donor
STOML2,0.0827,0.6397,0.8136,donor
IARS,-0.3542,0.31,0.6378,donor
VPREB3,-0.452,0.05983,0.4843,donor
LINC01139,-1.8249,0.03846,0.4289,donor
ELAC2,0.7757,0.1386,0.6231,donor
PHF8,1.0955,0.005988,0.2658,donor
EPB41L5,-0.7881,0.188,0.6378,donor
ENDOU,0.1898,0.4156,0.669,donor
PARN,0.9973,0.001616,0.2293,donor
LAD1,0.3109,0.6841,0.8406,donor
MEOX1,0.0758,0.3739,0.6378,donor
MCM2,-0.1099,0.907,0.9584,donor
NEB,0.7254,0.4154,0.669,donor
SETMAR,-0.5282,0.5877,0.78,donor
KIFC3,0.9746,0.1576,0.6378,donor
KARS,-0.5972,0.09483,0.5584,donor
PEX14,0.111,0.7396,0.8745,donor
PARK2,0.0334,0.9667,0.9857,donor
ISLR,-0.0273,0.1764,0.6378,donor
INSIG1,-0.3989,0.2953,0.6378,donor
KIF2A,0.0116,0.9724,0.9885,donor
KCNAB3,0.9978,0.2193,0.6378,donor
P2RX2,1.659,0.06845,0.5051,donor
KIAA0408,-0.1817,0.3263,0.6378,donor
TTLL5,0.7615,0.1265,0.6056,donor
HDAC9,0.8861,0.0114,0.3139,donor
MMADHC,-0.7778,0.0001419,0.2059,donor
PNPLA8,-0.2722,0.2581,0.6378,donor
GEMIN4,0.506,0.4127,0.6673,donor
COL5A3,-0.0378,0.6561,0.8243,donor
P4HA1,-2.2167,0.001716,0.2293,donor
HMCES,-0.1287,0.522,0.7395,donor
PTK2,0.205,0.3165,0.6378,donor
G0S2,-0.7651,0.354,0.6378,donor
GLTSCR1,0.4513,0.2819,0.6378,donor
RIMS2,0.3977,0.5246,0.7414,donor
BRPF3,0.471,0.3384,0.6378,donor
CLINT1,0.0268,0.8981,0.9543,donor
LRRC14,0.9617,0.01048,0.306,donor
ZNF777,0.1498,0.845,0.9294,donor
DEPDC5,1.4653,0.09202,0.5549,donor
INTU,-0.6845,0.3072,0.6378,donor
RRP7A,0.3763,0.1667,0.6378,donor
CPAMD8,0.159,0.3739,0.6378,donor
ZNF670,-0.5702,0.4805,0.7126,donor
C1orf229,0.1148,0.472,0.7061,donor
KIF13A,1.205,0.01328,0.3232,donor
FABP6,0.2985,0.139,0.6237,donor
SMNDC1,-0.1635,0.6236,0.8041,donor
SAP18,-0.4144,0.07657,0.522,donor
SIGMAR1,0.3736,0.4363,0.6834,donor
NET1,-1.967,0.005195,0.2594,donor
STAG1,0.0535,0.8721,0.9424,donor
TXK,0.0718,0.9205,0.9643,donor
FAM208A,0.4141,0.2374,0.6378,donor
TBC1D24,-0.3982,0.2727,0.6378,donor
HOXB6,0.085,0.3739,0.6378,donor
EP300,0.3544,0.4652,0.7022,donor
CCND2,0.0217,0.925,0.9657,donor
CALCA,-0.0757,0.8276,0.9213,donor
EIF2B1,-0.5376,0.03169,0.4161,donor
SPDYE2+SPDYE2B,0.0125,0.5515,0.7584,donor
SPDYE2+SPDYE2B##1,0.0593,0.5387,0.75,donor
NUPR1,1.5214,0.1636,0.6378,donor
ETV7,-0.4667,0.492,0.7201,donor
ZNF568,0.3064,0.1832,0.6378,donor
PHACTR2,0.299,0.3662,0.6378,donor
MTX3,-0.0623,0.8312,0.9235,donor
STK25,-0.0901,0.8648,0.9394,donor
CRYAB,0.1879,0.8749,0.9435,donor
PCBD1,-0.4692,0.0671,0.5014,donor
GPI,-0.0362,0.8756,0.9441,donor
IFIT3,-1.0722,0.1975,0.6378,donor
DLD,-0.6058,0.04759,0.453,donor
COL6A4P1,0.1321,0.7929,0.904,donor
LINC01185,-0.1384,0.09896,0.5672,donor
LINC00994,0.0649,0.6175,0.7998,donor
XIST,0.1799,0.9374,0.9724,donor
FKBP9P1,0.0679,0.7253,0.8661,donor
LINC00475,0.6305,0.208,0.6378,donor
ARHGDIA,0.0711,0.741,0.8753,donor
P4HTM,1.0374,0.03822,0.4286,donor
TMEM132A,0.5573,0.257,0.6378,donor
GGT7,1.9266,0.00867,0.2918,donor
KCNE2,0.6072,0.4164,0.6693,donor
RAB39B,-1.0932,0.1532,0.6378,donor
PDE12,-0.364,0.4253,0.6755,donor
MIR27A,0.0647,0.3739,0.6378,donor
LOC439994,0.3654,0.0469,0.4526,donor
KIF4B,-0.1571,0.1995,0.6378,donor
AKR1E2,0.3967,0.5494,0.7575,donor
ITGA10,1.602,0.07207,0.513,donor
MORC4,-0.7342,0.5033,0.7276,donor
TF,-4.3719,0.002116,0.2294,donor
CNR2,0.1438,0.1806,0.6378,donor
GNRH1,0.4724,0.5272,0.7427,donor
GLRB,-0.2683,0.552,0.7586,donor
RAPGEFL1,0.7047,0.172,0.6378,donor
CLTB,-0.2385,0.3887,0.6493,donor
GGCX,0.725,0.04905,0.458,donor
PVRIG,0.33,0.2078,0.6378,donor
SPATA5L1,-0.331,0.6256,0.805,donor
SLC25A31,-0.0243,0.8562,0.9351,donor
CCDC70,0.168,0.3739,0.6378,donor
MXD3,0.3534,0.3321,0.6378,donor
FAM208B,0.2579,0.617,0.7996,donor
NAT1,0.7559,0.3601,0.6378,donor
HTR2A,1.1682,0.1349,0.6188,donor
SEZ6,1.1448,0.06976,0.5087,donor
RNF169,-0.6627,0.4203,0.6718,donor
ISCA2,-0.2176,0.4404,0.6864,donor
STIM1,0.2662,0.3894,0.6498,donor
LAX1,-0.3362,0.2158,0.6378,donor
LOC388282,-0.3637,0.1205,0.5962,donor
LTF,0.0288,0.3739,0.6378,donor
SLC38A11,-0.0382,0.9004,0.9552,donor
NRTN,1.3485,0.01218,0.3156,donor
C6orf99,0.8331,0.07838,0.5246,donor
PRKAB1,-0.2544,0.2777,0.6378,donor
MIR548H2,0.0422,0.3739,0.6378,donor
MIR513B,0.0148,0.3739,0.6378,donor
MIR1275,0.1236,0.3725,0.6378,donor
MIR548H1,0.0275,0.3739,0.6378,donor
MIR1268A##4,0.038,0.5211,0.7393,donor
ATXN3,0.2662,0.682,0.8392,donor
MIR548N##1,-0.0335,0.5781,0.7744,donor
MIR1266,0.0102,0.3739,0.6378,donor
MIR1267,-0.0357,0.3632,0.6378,donor
MIR1262,0.0903,0.3739,0.6378,donor
MIR1261,0.0295,0.3739,0.6378,donor
MIR548O,0.0385,0.6997,0.85,donor
MIR548AA1+MIR548D1,0.0148,0.3739,0.6378,donor
LINC00710,0.055,0.3739,0.6378,donor
CELF2-AS2,0.3122,0.4195,0.6715,donor
ZNF275,0.9732,0.1346,0.6188,donor
ECSCR,0.0275,0.3739,0.6378,donor
CLEC18A,0.2092,0.2355,0.6378,donor
UQCR10,-0.4239,0.05006,0.4618,donor
CYTH4,0.0075,0.7591,0.8853,donor
NUDC,-0.4767,0.1309,0.6129,donor
HIVEP2,0.2254,0.4377,0.6848,donor
ZNF112,-0.0178,0.9783,0.9909,donor
DPP7,1.3627,0.03749,0.4276,donor
PDZRN4,-0.4903,0.4244,0.6748,donor
ABT1,0.0199,0.9301,0.9685,donor
CYP19A1,0.0288,0.3739,0.6378,donor
KLF15,0.0413,0.7057,0.853,donor
BNIP1,0.3804,0.3301,0.6378,donor
GABRB3,0.0497,0.8969,0.9536,donor
SLC6A13,0.4692,0.1934,0.6378,donor
ARPC1A,-0.3355,0.03569,0.4276,donor
YAF2,-0.8146,0.2161,0.6378,donor
PIWIL1##1,0.02,0.3739,0.6378,donor
C16orf93,0.2216,0.2346,0.6378,donor
RNU6-1+RNU6-2+RNU6-7+RNU6-8+RNU6-9##3,-0.0126,0.3632,0.6378,donor
PCSK6,0.9668,0.1546,0.6378,donor
ANKLE1,-0.4059,0.2772,0.6378,donor
MGST1,-0.0518,0.8073,0.9117,donor
PANK1,0.7516,0.1975,0.6378,donor
MUC4##5,0.6267,0.04564,0.4474,donor
GFRA4,-0.0147,0.3632,0.6378,donor
TRAF5,1.8627,0.1132,0.586,donor
TTC21A,1.6839,0.1135,0.5863,donor
PANK4,0.9531,0.0216,0.3662,donor
YWHAZ,-0.3963,0.1237,0.6022,donor
SYNGR1,0.1648,0.496,0.723,donor
A2ML1,0.155,0.2071,0.6378,donor
SEPT3,0.7342,0.1243,0.6022,donor
AP1B1,0.4448,0.324,0.6378,donor
MRPL24,0.4772,0.2303,0.6378,donor
TIGD3,0.3229,0.6157,0.799,donor
TIGD2,-0.1358,0.8518,0.9328,donor
ATXN2L,0.4867,0.2621,0.6378,donor
HSF2,0.6539,0.1861,0.6378,donor
GPR64,0.5108,0.3689,0.6378,donor
HILPDA,-1.9678,0.002613,0.2306,donor
FBXO11,0.1694,0.4637,0.7016,donor
BAG4,-0.8773,0.1072,0.5758,donor
NPEPL1##1,0.0477,0.3739,0.6378,donor
JAM2,0.2239,0.7873,0.9009,donor
UEVLD,-0.7213,0.3032,0.6378,donor
PKIB,-1.0637,0.001063,0.209,donor
ZNF678,-1.5549,0.03894,0.4295,donor
LOC283194,0.025,0.1873,0.6378,donor
SYAP1,0.0511,0.791,0.9028,donor
MFNG,0.0377,0.233,0.6378,donor
LOC100133091,0.2567,0.382,0.6435,donor
LOC389765,0.8403,0.1443,0.6317,donor
FOSB,3.8194,0.01838,0.3566,donor
SIGLEC7,-0.1176,0.2967,0.6378,donor
SRP72,0.1838,0.464,0.7018,donor
EMILIN1,0.1642,0.4997,0.7257,donor
ZBTB32,-0.029,0.7559,0.884,donor
TRIO,0.2945,0.6096,0.7947,donor
SOX12,0.6683,0.4101,0.6652,donor
ATE1,-0.0165,0.9598,0.9819,donor
KMT2B,0.8129,0.2348,0.6378,donor
ZNF787,0.0365,0.9191,0.9637,donor
FETUB,0.34,0.4745,0.7085,donor
RAPGEF6,0.334,0.2798,0.6378,donor
DFNA5,0.0615,0.9069,0.9584,donor
GLRX5,-0.0482,0.8748,0.9435,donor
NEBL-AS1,-0.0687,0.8778,0.9454,donor
RNU6-15P,0.0102,0.3739,0.6378,donor
MAP2K4,-0.8225,0.06474,0.4976,donor
TOMM5,-0.2737,0.2208,0.6378,donor
ZNF879,0.1734,0.8747,0.9435,donor
SPAG6,0.9795,0.09504,0.5588,donor
USP8,-0.189,0.5505,0.7582,donor
USP10,-0.0435,0.8429,0.9279,donor
NPEPPS,0.0118,0.9784,0.991,donor
USP14,-0.1272,0.651,0.821,donor
TBX19,0.1103,0.8826,0.9474,donor
ZSCAN9,-1.5757,0.1447,0.6322,donor
LINC01552,-0.1165,0.3632,0.6378,donor
SEC11A,0.1741,0.5162,0.7364,donor
TSSC4,0.8298,0.2034,0.6378,donor
TTC39A,-0.0166,0.9691,0.9868,donor
RFTN1,0.1462,0.4489,0.6912,donor
PHLDB1,1.8134,0.04405,0.4426,donor
CEP68,0.181,0.6784,0.8373,donor
PASK,2.0114,0.004944,0.2594,donor
DNAJC15,-0.5079,0.321,0.6378,donor
PRELID1,-0.2962,0.1639,0.6378,donor
DROSHA,0.0523,0.9345,0.9705,donor
GBX1,0.0148,0.3739,0.6378,donor
TFDP2,0.4557,0.3067,0.6378,donor
GPR158-AS1,-0.0952,0.2451,0.6378,donor
VIM-AS1,-0.5699,0.2049,0.6378,donor
MIR134,0.0102,0.3739,0.6378,donor
AMT,0.5165,0.289,0.6378,donor
MIR376A1,0.2406,0.3684,0.6378,donor
MIR367,-0.0535,0.3632,0.6378,donor
MIR302D,-0.0535,0.3632,0.6378,donor
MIR370,0.0189,0.6571,0.8249,donor
MIR369,0.0948,0.2243,0.6378,donor
LINC01115##1,-0.6172,0.1663,0.6378,donor
LINC00548,0.0102,0.3739,0.6378,donor
MOCS1,-0.1375,0.81,0.9126,donor
SMPD4,0.3149,0.111,0.5826,donor
MIR30C1,0.0275,0.3739,0.6378,donor
MIR29C,0.9275,0.07149,0.512,donor
MIR106B,0.0179,0.7256,0.8662,donor
ZNF667,0.2547,0.5613,0.7643,donor
TTC3P1,0.6734,0.03618,0.4276,donor
ZFAND1,-0.1938,0.5054,0.7292,donor
MIR194-1,0.0148,0.3739,0.6378,donor
ZNF436-AS1,0.9815,0.2299,0.6378,donor
LOC101928118,0.2676,0.34,0.6378,donor
ERMP1,-0.3118,0.6623,0.8284,donor
GRSF1,-0.1359,0.4497,0.6918,donor
CDKN1C,0.1566,0.7386,0.8742,donor
CACNA1G,-0.1511,0.2775,0.6378,donor
ZFAND6,-0.4804,0.03321,0.4199,donor
PCDHA3,-0.1835,0.7409,0.8753,donor
PCDHA2,1.0044,0.1528,0.6378,donor
MIOS,-0.3485,0.591,0.7825,donor
MAFG-AS1,1.7297,0.0273,0.3963,donor
RNF216P1,-0.033,0.9354,0.9712,donor
BREA2##1,0.5492,0.1796,0.6378,donor
LINC00982,-0.3785,0.3426,0.6378,donor
LOC148413,1.2023,0.1143,0.5867,donor
ZMIZ1-AS1,-0.0329,0.9583,0.9814,donor
LINC00094,-0.1299,0.5194,0.7381,donor
ANKRD36BP2,-0.8966,0.1128,0.586,donor
SEPT9,1.067,0.04262,0.4383,donor
LOC100128076,0.02,0.3739,0.6378,donor
LINC00908,0.7164,0.3573,0.6378,donor
LINC00654,-0.1023,0.8205,0.918,donor
WEE2-AS1,-0.6592,0.148,0.6372,donor
LINC00667,-0.4312,0.2919,0.6378,donor
CTSLP2,-0.0142,0.608,0.7939,donor
POLE3,-0.3748,0.09279,0.5554,donor
RBM12B-AS1,-0.3131,0.4666,0.7029,donor
PRORSD1P,0.1506,0.6909,0.8449,donor
FLJ26850,0.0634,0.9039,0.957,donor
TREML3P,-0.1626,0.3632,0.6378,donor
KRT8P41,0.0625,0.5688,0.7685,donor
PIP5K1P1,0.3872,0.3885,0.6493,donor
LINC00671,0.0022,0.9124,0.9601,donor
LINC01085,0.2748,0.07078,0.5095,donor
GNN,0.5275,0.5331,0.7459,donor
ANKRD26P3,0.0288,0.3739,0.6378,donor
STX8,-0.4482,0.2643,0.6378,donor
LINC01106,0.0179,0.641,0.8146,donor
SSTR5-AS1,2.752,0.0006935,0.209,donor
SNHG17,-0.5156,0.2824,0.6378,donor
ZNF529,-0.6729,0.3411,0.6378,donor
LOC654342,-0.1105,0.7727,0.8914,donor
LOC728743,0.0833,0.8649,0.9394,donor
LINC00847,-0.0057,0.9897,0.9955,donor
ERC1,0.7656,0.02614,0.3914,donor
NOP56,-0.0613,0.7623,0.8862,donor
LINC01138,-0.6166,0.103,0.5709,donor
CTAGE11P,0.0025,0.9805,0.9917,donor
LINC00893,1.2126,0.009236,0.2951,donor
LINC00657,0.1454,0.4931,0.7209,donor
MAN1B1-AS1,-0.3558,0.3908,0.651,donor
LOC100272216,0.4177,0.006721,0.2732,donor
LOC100272217,0.3736,0.307,0.6378,donor
ARRDC3-AS1,0.536,0.2636,0.6378,donor
LINC01124,0.0099,0.9881,0.9947,donor
MT1DP,-0.4193,0.2939,0.6378,donor
LOC644669,0.0102,0.3739,0.6378,donor
ADAM9##1,-1.0557,0.04323,0.4404,donor
LINC00910,0.8277,0.1595,0.6378,donor
TMPO-AS1,-0.4144,0.5363,0.7486,donor
TUBBP5,0.9584,0.1404,0.6249,donor
RAB13,-0.1994,0.4358,0.683,donor
NVL,0.1998,0.5585,0.7626,donor
RAB4A,-0.985,0.002495,0.23,donor
AXDND1,0.7333,0.3852,0.6459,donor
MOK,0.5678,0.3466,0.6378,donor
ZNF142,0.6019,0.2449,0.6378,donor
CEP76,-0.1166,0.7819,0.8971,donor
SNX22,1.4,0.002536,0.2306,donor
VPS51,0.7975,0.03902,0.4295,donor
PIK3R2,-0.1666,0.6689,0.8318,donor
RGS7BP,2.3733,0.002877,0.2318,donor
KHDRBS1,-0.3975,0.2022,0.6378,donor
ONECUT1,-0.0052,0.9879,0.9946,donor
PLEKHH3,0.2988,0.5647,0.7665,donor
GHRLOS,0.034,0.948,0.9775,donor
ZNF138,-0.7769,0.08429,0.5399,donor
SP2-AS1,-0.0711,0.8985,0.9543,donor
SZRD1,0.3494,0.5015,0.7267,donor
TNFSF13,0.0906,0.8035,0.9101,donor
HINT1,-0.1202,0.4087,0.6639,donor
TPTE2,0.055,0.3739,0.6378,donor
NHLRC3,-0.2083,0.6087,0.7942,donor
KLF7,-1.1857,0.02511,0.387,donor
PTK7,-0.2967,0.68,0.8381,donor
ITGA2,0.3367,0.5615,0.7644,donor
JPH3,1.9575,0.01205,0.3143,donor
HPS4,0.7286,0.03787,0.4276,donor
SERAC1,1.3317,0.149,0.6378,donor
LOC101059948,0.02,0.3739,0.6378,donor
CTCFL,0.0102,0.3739,0.6378,donor
PLCZ1,-0.0192,0.7692,0.8898,donor
LRRC6,1.0492,0.1215,0.5974,donor
MMP19,-0.0257,0.5174,0.7371,donor
TYSND1,1.2828,0.1259,0.6046,donor
ATG12,-0.0428,0.8869,0.9486,donor
QARS,0.5024,0.02677,0.3947,donor
DCAF7,0.1142,0.6165,0.7993,donor
CDK2AP2,0.8171,0.129,0.6101,donor
LINC00871,0.0148,0.3739,0.6378,donor
UCHL1-AS1,0.3316,0.6233,0.8041,donor
LYST,0.679,0.05653,0.4774,donor
TARS2,1.2585,0.002827,0.2306,donor
LOC100287072,0.2604,0.01609,0.342,donor
LINC01452,0.0422,0.3739,0.6378,donor
FAM92A1,0.3839,0.1312,0.6129,donor
NUDCD2,-0.0118,0.9529,0.9794,donor
TNFSF4,0.6861,0.4869,0.7174,donor
VCL,-0.2953,0.3199,0.6378,donor
LRRC25,0.0102,0.3739,0.6378,donor
MRPL10,-0.1777,0.4465,0.6892,donor
TMEM170A,-0.4283,0.3819,0.6435,donor
UBALD1,0.1528,0.5732,0.7714,donor
ZG16B,0.0182,0.6916,0.8453,donor
IFI27L1,-0.3486,0.3289,0.6378,donor
DDIT4L,-0.1486,0.3632,0.6378,donor
FAN1,0.5509,0.1659,0.6378,donor
TNIK,0.7563,0.2389,0.6378,donor
NOC4L,0.0628,0.841,0.9271,donor
ZNF462,1.6358,0.005334,0.2594,donor
ZNF552,0.3456,0.6051,0.7927,donor
MOB3B,-0.7688,0.2376,0.6378,donor
TLE6,0.2476,0.7552,0.8839,donor
INIP,-0.6873,0.007056,0.2757,donor
ZNF71,0.8082,0.2069,0.6378,donor
RN7SK,-0.2161,0.5434,0.7529,donor
FAM71F2,1.3049,0.1809,0.6378,donor
PCTP,-0.0978,0.8036,0.9101,donor
SLTM,-0.0202,0.9471,0.9771,donor
PTCD2,-0.305,0.7621,0.8861,donor
SLC4A5,1.4008,0.07325,0.5161,donor
MALAT1,0.4647,0.04992,0.4609,donor
C6orf10,0.0655,0.5687,0.7685,donor
TMEM72-AS1,0.859,0.2394,0.6378,donor
LINC00426,0.0583,0.1778,0.6378,donor
TPT1-AS1,-0.1235,0.736,0.873,donor
BCL6,-0.3484,0.4951,0.7222,donor
PMS1,-0.2136,0.6119,0.7962,donor
SYNPR,-0.0045,0.9441,0.976,donor
REXO4,-0.1128,0.7961,0.9058,donor
APBB1,0.9375,0.07372,0.517,donor
PMP22,-0.5581,0.2865,0.6378,donor
HYAL1,0.5834,0.4474,0.69,donor
EML3,1.8013,0.0004647,0.209,donor
ERBB3,0.2454,0.6347,0.8109,donor
ENG,0.2692,0.3572,0.6378,donor
KLK1,0.2375,0.2786,0.6378,donor
NDRG4,1.7364,0.005946,0.2658,donor
BCL11B,-0.0024,0.8859,0.9483,donor
BCL11A,-0.2771,0.6726,0.8338,donor
RNF32,-1.1706,0.1011,0.5689,donor
C11orf84,0.1525,0.7073,0.8539,donor
TRMT1L,0.1939,0.5492,0.7574,donor
SHCBP1L,0.0288,0.3739,0.6378,donor
CSMD1,0.5084,0.3296,0.6378,donor
B3GALT5,-0.1805,0.8082,0.9119,donor
ZNF658,0.5049,0.3568,0.6378,donor
RNASE7,0.0148,0.3739,0.6378,donor
TAMM41,0.8467,0.0555,0.4741,donor
FAM53B,2.1712,0.006898,0.2749,donor
RBPJL,0.0647,0.3739,0.6378,donor
SLC34A2,0.0023,0.9817,0.9921,donor
ARFGEF1,0.6513,0.1567,0.6378,donor
ABCC6P1,-0.0986,0.3412,0.6378,donor
RFC2,-0.5481,0.1674,0.6378,donor
MAP3K10,0.7329,0.09997,0.5676,donor
MVK,1.1422,0.02535,0.388,donor
L1CAM,0.4035,0.4504,0.6923,donor
ALK,0.4618,0.3634,0.6378,donor
SH3D21,-0.1107,0.8728,0.9427,donor
SAMD12,0.482,0.2241,0.6378,donor
MECOM,-0.1376,0.4715,0.7057,donor
SENP7,-1.2701,0.1686,0.6378,donor
LIG4,0.4593,0.3037,0.6378,donor
GPER1,0.0756,0.5998,0.7892,donor
GJB1,-0.0522,0.9224,0.9653,donor
FUT2,0.5077,0.2259,0.6378,donor
TBL1X,0.076,0.8739,0.9432,donor
XPO6,0.1843,0.7654,0.8877,donor
BCOR,0.2141,0.4436,0.6879,donor
PARK7,0.0396,0.8706,0.9418,donor
FAM162B,0.0778,0.8957,0.9528,donor
MPPED2,2.0422,0.08231,0.5353,donor
GPX1,-0.1771,0.4648,0.7021,donor
ADAM12,0.4816,0.3735,0.6378,donor
TK1,0.4038,0.3739,0.6378,donor
KRT33B,0.02,0.3739,0.6378,donor
KRT85,0.1502,0.3739,0.6378,donor
TIMP4,0.6046,0.5404,0.7508,donor
KRT35,0.2072,0.3739,0.6378,donor
KRT32,-0.0097,0.7423,0.8757,donor
KRT15,0.02,0.3739,0.6378,donor
TMBIM4,-1.0326,0.001438,0.2239,donor
EXOSC1,0.0185,0.9702,0.9874,donor
PELO,-0.2499,0.5818,0.7766,donor
EXOSC3,0.0232,0.9173,0.9626,donor
PLEKHG6,0.9302,0.07726,0.5228,donor
OGDHL,0.4926,0.3862,0.6469,donor
CRTC3,0.4971,0.2227,0.6378,donor
MRO,0.4293,0.5031,0.7275,donor
SLC7A7,2.1072,0.001692,0.2293,donor
CACNA2D1,-0.0195,0.967,0.9858,donor
PPP2R1B,-0.2098,0.5668,0.7675,donor
TSPAN3,0.3053,0.1684,0.6378,donor
RIMS1,0.1541,0.5843,0.7782,donor
TRIP12,0.3795,0.3864,0.647,donor
NDC1,0.6968,0.1864,0.6378,donor
ASB9,0.1177,0.7484,0.8799,donor
LINC00989,0.0422,0.3739,0.6378,donor
EIF2B3,0.7035,0.06168,0.4887,donor
MAP7D2,0.9376,0.1744,0.6378,donor
CD47,-0.296,0.3531,0.6378,donor
PSMB6,0.4308,0.02698,0.3947,donor
MCM3,0.5417,0.1896,0.6378,donor
CFC1,-0.8858,0.06159,0.4887,donor
FAM73A,-0.5556,0.01923,0.3593,donor
GHR,-0.3596,0.6272,0.8061,donor
GRAMD3,-2.4688,0.08242,0.5356,donor
LILRA1,0.0102,0.3739,0.6378,donor
RAB35,0.6377,0.3327,0.6378,donor
TMED1,0.3106,0.3686,0.6378,donor
DLEC1,0.6274,0.4982,0.7244,donor
GLIPR1,-0.5849,0.5252,0.7416,donor
SPINK5,0.0989,0.4699,0.7047,donor
SHF,0.3798,0.4372,0.6844,donor
SEMA4F,1.3876,0.005042,0.2594,donor
NRG2,-0.1094,0.4034,0.6603,donor
SKP1,-0.4201,0.01674,0.3439,donor
FERMT2,-1.1312,0.1324,0.6154,donor
UQCR11,-0.094,0.5433,0.7528,donor
ADIRF,0.5944,0.2046,0.6378,donor
YWHAQ,-0.1904,0.4357,0.6829,donor
CKAP4,0.6046,0.1241,0.6022,donor
PKIA,-0.7386,0.04561,0.4474,donor
STIP1,-0.7239,0.08067,0.532,donor
MLLT11,0.178,0.6956,0.8477,donor
ERP29,0.6014,0.2009,0.6378,donor
PSMF1,-0.2844,0.1796,0.6378,donor
TOMM34,-0.5361,0.03839,0.4289,donor
CCL27,0.1923,0.4877,0.7177,donor
EHD1,1.0926,0.097,0.5632,donor
MARCH8,-0.171,0.4444,0.6882,donor
MAPT##2,0.0988,0.8187,0.9171,donor
ARID1A,0.0346,0.9471,0.9771,donor
MIR21,0.0223,0.9468,0.9771,donor
MIR656,0.0554,0.2885,0.6378,donor
LOC200772,-0.0057,0.8256,0.9203,donor
MIR411,0.2584,0.2742,0.6378,donor
MIR654,0.0275,0.3739,0.6378,donor
PHKA2-AS1,0.5852,0.1641,0.6378,donor
MIR421,0.5417,0.136,0.6196,donor
LOC158435,-0.2301,0.3632,0.6378,donor
MIR659,0.3115,0.09277,0.5554,donor
MIR658,-0.0126,0.3632,0.6378,donor
LINC00948,0.3653,0.6529,0.8224,donor
PAXIP1-AS2,0.1239,0.7973,0.9065,donor
IMPDH1,0.4354,0.3543,0.6378,donor
STIM2,0.374,0.3415,0.6378,donor
ZNF664,0.5252,0.05426,0.4706,donor
TMEM135,-0.4971,0.08196,0.5342,donor
CNDP2,0.4108,0.205,0.6378,donor
PDZD3,-0.3558,0.3607,0.6378,donor
IGSF23,-0.0126,0.3632,0.6378,donor
AMPH,-0.6168,0.6407,0.8143,donor
MIR23A,-0.0315,0.4923,0.7203,donor
CTGLF12P,0.3351,0.133,0.6165,donor
IGLL3P,-0.1089,0.775,0.8928,donor
YWHAEP1,-0.0884,0.3781,0.6409,donor
MIRLET7F1,-0.0748,0.3996,0.6573,donor
TMEM150A,0.8939,0.0727,0.5151,donor
KRT16P3,0.0102,0.3739,0.6378,donor
KRT16P2,0.0746,0.6093,0.7945,donor
PLA2G4F,0.4487,0.1908,0.6378,donor
LOC100130700,-0.2442,0.4275,0.6772,donor
LOC440704,0.204,0.3739,0.6378,donor
LOC643542,0.1794,0.3739,0.6378,donor
MIRLET7D,-0.09,0.7658,0.8878,donor
LOC100134317,0.3905,0.08186,0.5342,donor
LOC284412,0.465,0.1041,0.5734,donor
MIRLET7A2,0.0148,0.3739,0.6378,donor
EIF4E3,0.5002,0.2434,0.6378,donor
SYT14P1,-0.2797,0.1551,0.6378,donor
SARNP,-0.5602,0.01394,0.3277,donor
DSCR9,-0.5447,0.179,0.6378,donor
C20orf173,-0.0126,0.3632,0.6378,donor
KIR3DX1,0.1019,0.5727,0.7712,donor
RPL13AP6,-0.2626,0.05348,0.4684,donor
FAM182B,-0.2981,0.2432,0.6378,donor
IGFBP2,0.1333,0.7783,0.8945,donor
FAM134C,0.4222,0.2106,0.6378,donor
ZNF487,0.009,0.9904,0.9957,donor
PLCD1,0.3975,0.6294,0.8078,donor
ABHD11-AS1,-0.6064,0.1504,0.6378,donor
HSPG2,0.1116,0.6256,0.805,donor
FLJ12825,-0.2118,0.3055,0.6378,donor
LOC100268168,0.1232,0.8867,0.9485,donor
RPS2P32,-0.376,0.51,0.7333,donor
CRYM-AS1,-0.3625,0.171,0.6378,donor
RPL23P8,-0.1999,0.07512,0.5199,donor
LINC01257,0.156,0.3739,0.6378,donor
RPS10P7,0.1062,0.825,0.9202,donor
GLIS3-AS1,1.2836,0.009081,0.2929,donor
RPL19P12,0.1405,0.7785,0.8946,donor
DGCR10,0.5831,0.1511,0.6378,donor
C6orf52,0.2292,0.7575,0.8847,donor
SNORD98,0.234,0.1134,0.5863,donor
PSMB2,-0.102,0.6205,0.802,donor
ANLN,-0.262,0.4295,0.6786,donor
FXYD1,-0.0125,0.3632,0.6378,donor
CD8B,0.7527,0.2155,0.6378,donor
PPIE,-0.0992,0.7507,0.8814,donor
ACAA2,-0.0976,0.5381,0.7494,donor
TSNAX,-0.444,0.2628,0.6378,donor
PIP4K2A,-0.2116,0.7633,0.8865,donor
TREH,0.113,0.4613,0.7001,donor
CD2BP2,0.311,0.471,0.7055,donor
C21orf2,1.0996,0.01687,0.3454,donor
KRAS,-0.481,0.01078,0.3084,donor
XBP1,-0.6426,0.01136,0.3139,donor
LUC7L3,-0.2117,0.308,0.6378,donor
VPS72,-0.2663,0.3441,0.6378,donor
SERPINI1,0.7722,0.1055,0.5734,donor
DDX3X,-0.5333,0.04462,0.4444,donor
DHX38,1.3063,0.03925,0.4295,donor
PFN1,-0.4345,0.05033,0.4623,donor
ENPP3,0.1033,0.2961,0.6378,donor
CNTN2,0.0654,0.6308,0.8088,donor
IDE,0.0133,0.988,0.9947,donor
KRIT1,0.2971,0.3927,0.6524,donor
STOML1,0.3699,0.3502,0.6378,donor
FUCA2,1.0319,0.005206,0.2594,donor
FBXO24,0.754,0.09781,0.5649,donor
ROPN1L,0.1925,0.6453,0.817,donor
MRPS24,-0.1867,0.3069,0.6378,donor
REPS1,-0.4834,0.1669,0.6378,donor
ATAD3B,1.1279,0.1057,0.5734,donor
HDAC10,0.5336,0.0864,0.5436,donor
ARMCX5,-0.687,0.104,0.5734,donor
EGLN2,-0.0627,0.6464,0.8176,donor
IFFO1,1.2934,0.04674,0.4524,donor
SRXN1,-0.8184,0.3093,0.6378,donor
ZNF628,0.0933,0.8734,0.9428,donor
ADAMTS14,-0.0043,0.9091,0.9592,donor
GTF2I,0.3033,0.4871,0.7174,donor
PNPT1,0.3863,0.5347,0.7473,donor
UNC5B-AS1,-0.0897,0.5583,0.7625,donor
HENMT1,1.4574,0.2165,0.6378,donor
TACC2,0.4859,0.4052,0.6611,donor
UBE2A,-0.397,0.02922,0.4054,donor
FUT8,-0.4899,0.3615,0.6378,donor
PLA2G6,0.6792,0.5005,0.7263,donor
ANXA9,1.152,0.1286,0.6093,donor
FOXD2,-0.2832,0.5746,0.7724,donor
FKBP2,0.4435,0.1897,0.6378,donor
TXN,-0.1824,0.6021,0.7906,donor
TXNRD1,-0.1672,0.745,0.8776,donor
FHL3,-0.0103,0.9848,0.9933,donor
FGL1,-1.3547,0.144,0.6317,donor
RBBP4,0.088,0.632,0.8092,donor
TAGLN2,-0.3279,0.3327,0.6378,donor
FAM66C,0.6669,0.234,0.6378,donor
ZNF37BP,-0.0289,0.9735,0.9888,donor
BPESC1,-0.0228,0.3741,0.6378,donor
GLG1,0.5523,0.09788,0.5649,donor
HCG11,-0.0574,0.9154,0.9614,donor
URB1-AS1,0.0753,0.7532,0.8825,donor
LINC00589,-0.1578,0.4398,0.686,donor
TRIB2,-1.2303,0.07735,0.5229,donor
C6orf164,0.4745,0.171,0.6378,donor
MARK2P9,0.2228,0.6315,0.8092,donor
RAB11B-AS1,0.4393,0.3692,0.6378,donor
LINC00968,0.0729,0.3739,0.6378,donor
NTRK3-AS1,-0.1059,0.474,0.7082,donor
HNRNPU-AS1,-2.0401,0.01933,0.36,donor
DKFZP434L187,0.02,0.3739,0.6378,donor
SHROOM4,-0.2,0.3299,0.6378,donor
RPS15AP10,-0.1591,0.7025,0.8515,donor
LINC00263,0.1602,0.7569,0.8844,donor
FAM95B1##1,0.0535,0.2303,0.6378,donor
OIP5-AS1,-0.3129,0.6307,0.8088,donor
CYP4F35P,0.229,0.352,0.6378,donor
ZNRD1-AS1##7,-1.6332,0.07612,0.5216,donor
SKINTL,0.0295,0.3739,0.6378,donor
LMCD1-AS1,0.929,0.1481,0.6372,donor
AKR1C6P,0.0422,0.3739,0.6378,donor
USP27X-AS1,-0.0267,0.9238,0.9657,donor
EFCAB5,0.4587,0.3295,0.6378,donor
VTRNA1-2,0.1741,0.2988,0.6378,donor
HPYR1,0.0563,0.3739,0.6378,donor
LINC01558,0.3896,0.1147,0.587,donor
LINC00032,0.0524,0.2692,0.6378,donor
AFMID,0.129,0.7761,0.8933,donor
ELN,0.7151,0.06168,0.4887,donor
EPHX3,0.0834,0.8434,0.9283,donor
CNTF,-0.0535,0.3632,0.6378,donor
ATP5J,-0.2034,0.1355,0.619,donor
NPTXR,1.2421,0.02576,0.3901,donor
KCND2,-0.1327,0.7769,0.8938,donor
SEC61G,-0.2413,0.3363,0.6378,donor
KCNG2,0.0826,0.3787,0.6414,donor
KCNE5,-0.2759,0.3322,0.6378,donor
SKIV2L,0.5268,0.4223,0.6732,donor
UBE2C,-0.6101,0.203,0.6378,donor
ITGB3BP,-1.4645,0.004885,0.2594,donor
NOMO1,1.0518,0.006335,0.2687,donor
BMS1P4,-0.5004,0.2815,0.6378,donor
ACD,0.0368,0.907,0.9584,donor
AMIGO1,-0.2958,0.6333,0.8097,donor
MTA3,0.0247,0.9479,0.9775,donor
RET,0.7673,0.443,0.6875,donor
ARID1B,0.5829,0.1417,0.6276,donor
AHRR,-0.1521,0.8271,0.921,donor
ODF2L,-0.1591,0.6625,0.8284,donor
NLN,-0.2724,0.4637,0.7016,donor
KIAA1210,0.0102,0.3739,0.6378,donor
KRI1,0.5874,0.1927,0.6378,donor
USP31,1.8621,0.0412,0.434,donor
ZNF503,0.6506,0.3276,0.6378,donor
RASAL3,0.0295,0.3739,0.6378,donor
GRAMD1B,0.2759,0.6717,0.8333,donor
CCDC71,0.2851,0.5509,0.7583,donor
PNMAL2,0.1,0.8725,0.9425,donor
GATAD2B,-0.0361,0.9243,0.9657,donor
LRRC47,0.6409,0.09536,0.5593,donor
SLC12A5,1.281,0.004227,0.2594,donor
SLC24A3,0.5693,0.1526,0.6378,donor
ABAT,1.3584,0.02108,0.3644,donor
SLC17A9,0.5518,0.3362,0.6378,donor
RAB22A,-0.6655,0.1388,0.6235,donor
S100A14,-0.2534,0.3807,0.6431,donor
LRRC19,0.656,0.2732,0.6378,donor
CASD1,-0.0106,0.9727,0.9887,donor
TMEM27,-2.283,0.0007759,0.209,donor
GJD2,-1.0626,0.09073,0.5516,donor
TTYH1,0.1855,0.2875,0.6378,donor
ABCB9,1.2507,0.05245,0.466,donor
NRIP3,-0.7233,0.3733,0.6378,donor
AKIP1,-0.1221,0.6361,0.8116,donor
RIPK4,-1.0733,0.3048,0.6378,donor
ZNF503-AS2,-0.0486,0.887,0.9486,donor
SRP14,-0.1403,0.535,0.7475,donor
SRP54,-0.4354,0.09957,0.5675,donor
SRM,0.4304,0.2578,0.6378,donor
ITGAV,0.2175,0.5836,0.7777,donor
ITGAE,0.3911,0.1608,0.6378,donor
SLC6A8,0.4924,0.3994,0.6572,donor
BST1,1.2774,0.1274,0.6067,donor
ACO1,0.1116,0.8237,0.9194,donor
ITGA9,-0.2114,0.4756,0.7093,donor
SPRR1B,-0.0205,0.3632,0.6378,donor
DLG5-AS1,0.9109,0.1083,0.5782,donor
KNSTRN,-1.0152,0.2078,0.6378,donor
MYL12B,0.0398,0.7948,0.9053,donor
LIMK1,-0.0076,0.9923,0.9967,donor
TSPAN17,1.1224,0.05202,0.466,donor
FLAD1,-0.1426,0.6936,0.8466,donor
GRPEL1,-0.2218,0.1853,0.6378,donor
C1orf94,0.0102,0.3739,0.6378,donor
SLC25A34,0.4827,0.521,0.7392,donor
FAM214B,0.3294,0.541,0.7513,donor
SPPL2A,-0.6124,0.1361,0.6198,donor
CEP63,0.0626,0.8092,0.9122,donor
RELT,-0.567,0.4807,0.7126,donor
BEND3P3,-0.2242,0.6554,0.8239,donor
ACVR1,-0.7067,0.03324,0.4199,donor
C7orf25,0.1449,0.6822,0.8393,donor
RHD,0.0239,0.9246,0.9657,donor
MDK,-0.3029,0.454,0.6944,donor
FAM104A,-0.6867,0.02982,0.4089,donor
TMEM254,-0.3713,0.7034,0.852,donor
ATPAF1,-0.6527,0.2951,0.6378,donor
C6orf106,0.7754,0.1715,0.6378,donor
PHF1,-0.0761,0.869,0.9413,donor
AHI1,0.2887,0.3474,0.6378,donor
ZNF248,0.4473,0.3221,0.6378,donor
TBC1D2,0.0949,0.8822,0.9473,donor
LINC00857,0.5591,0.2161,0.6378,donor
RAB29,0.0017,0.9963,0.9987,donor
CREB3L4,-0.5721,0.5617,0.7646,donor
FAM129B,0.1182,0.8327,0.9241,donor
AIDA,0.2384,0.646,0.8174,donor
FAM213A,-0.1376,0.6108,0.7955,donor
HNF4A,-0.2975,0.6333,0.8097,donor
NR2E1,-0.1475,0.2853,0.6378,donor
CLCN1,0.1532,0.2723,0.6378,donor
CETP,0.1029,0.8241,0.9196,donor
C14orf132,1.0369,0.0001085,0.2059,donor
CKAP2,-0.0215,0.9764,0.9903,donor
LINC00858,-0.0205,0.3632,0.6378,donor
PROM2,-0.0152,0.9304,0.9686,donor
CXorf40A,-0.1434,0.632,0.8092,donor
MID2,0.2625,0.6373,0.8125,donor
MGAT4A,-0.6797,0.03251,0.4188,donor
MLYCD,-0.3861,0.3908,0.651,donor
PTGR1,-0.0535,0.8427,0.9279,donor
HARS2,0.0755,0.7586,0.8851,donor
RBM34,-0.7661,0.02468,0.3864,donor
HABP4,-0.1333,0.5867,0.7794,donor
ADNP2,0.6626,0.2495,0.6378,donor
TEX29,-0.4596,0.2716,0.6378,donor
FZD4,0.0517,0.948,0.9775,donor
GRHPR,-0.193,0.7439,0.8769,donor
KDM1A,0.2507,0.22,0.6378,donor
ZNF507,-0.2308,0.4476,0.6901,donor
ECE2,1.1743,0.02558,0.3892,donor
SIRT5,0.3441,0.1274,0.6069,donor
ZNF844,-0.3222,0.808,0.9119,donor
FHL1,0.8807,0.09332,0.5564,donor
GLRX,-0.4885,0.4319,0.6803,donor
UCN,0.1248,0.8049,0.9106,donor
GLRA2,0.0604,0.732,0.8704,donor
VSIG1,0.1364,0.5623,0.7649,donor
PTAFR,-0.1113,0.3654,0.6378,donor
GM2A,1.4176,4.771e-05,0.2059,donor
PYGM,-0.008,0.9772,0.9906,donor
ZNF605,0.9101,0.03812,0.4285,donor
CDK17,-0.3562,0.3611,0.6378,donor
CDK16,-0.0278,0.9094,0.9592,donor
CCR9,0.0348,0.1842,0.6378,donor
HMOX1,-0.8011,0.4742,0.7082,donor
EOMES,-0.0272,0.1765,0.6378,donor
CAV1,-0.0081,0.9319,0.9694,donor
PFN2,0.7101,0.07413,0.5181,donor
UBXN1,-0.0556,0.8414,0.9272,donor
CEP104,0.0455,0.9037,0.9568,donor
ADAMTSL2,2.5159,0.006849,0.2744,donor
ALDH16A1,1.3526,0.002729,0.2306,donor
FANCC,0.7317,0.2663,0.6378,donor
CA2,0.7209,0.1309,0.6129,donor
C6,0.4175,0.5594,0.7631,donor
ARNTL,-1.2589,0.01995,0.3603,donor
RUVBL1,0.9671,0.02445,0.3848,donor
CASK,0.512,0.4394,0.6859,donor
LINC00865,-0.1731,0.8599,0.9371,donor
HCK,-0.0569,0.4383,0.6852,donor
FREM3,-0.2335,0.4844,0.7154,donor
ZBTB21,0.1031,0.9433,0.9756,donor
ATXN7L1,1.0386,0.2626,0.6378,donor
RNF150,0.4332,0.6756,0.8357,donor
PHYKPL,-0.077,0.9129,0.9603,donor
ZSCAN32,0.0644,0.8061,0.9109,donor
AAED1,-0.141,0.6428,0.8155,donor
MIR135B,0.0148,0.3739,0.6378,donor
MIR450A1,-0.0205,0.3632,0.6378,donor
MIR429,0.176,0.2012,0.6378,donor
MIR423,0.055,0.7458,0.8779,donor
MIR335,-0.0147,0.3632,0.6378,donor
MIR422A,0.0288,0.3739,0.6378,donor
MIR345,0.02,0.3739,0.6378,donor
MIR325,0.1794,0.2867,0.6378,donor
MIR331,-0.0834,0.3086,0.6378,donor
MIR324,0.2819,0.007668,0.2823,donor
MIR337,0.085,0.3739,0.6378,donor
MIR377,0.0945,0.5218,0.7395,donor
C4orf48,0.3597,0.226,0.6378,donor
XG,-0.5013,0.4257,0.6757,donor
DAP,-0.043,0.9088,0.9591,donor
PRKRA,-0.5783,0.00984,0.299,donor
USB1,0.2716,0.2405,0.6378,donor
RXFP2,0.2345,0.2304,0.6378,donor
TRIQK,-0.5139,0.2305,0.6378,donor
C3orf18,0.4453,0.3816,0.6434,donor
TUBGCP3,-0.7485,0.3871,0.6477,donor
MBD3,1.5366,0.03586,0.4276,donor
SMAP1,-0.9195,0.006927,0.2751,donor
KIAA1586,-0.5013,0.0638,0.4946,donor
ABR,0.821,0.01956,0.3603,donor
HMOX2,0.1948,0.5701,0.7694,donor
FAM120B##1,0.1179,0.7322,0.8705,donor
MAEL,-0.5823,0.3264,0.6378,donor
NPHP1,-0.3612,0.5115,0.7339,donor
HSD17B3,0.6135,0.05195,0.466,donor
IL2RG,0.0992,0.4263,0.6762,donor
HSD11B2,-0.3606,0.2807,0.6378,donor
HPS1,0.0199,0.9413,0.9744,donor
NDP,0.0377,0.233,0.6378,donor
MYOC,0.0503,0.707,0.8537,donor
IDUA,1.4204,0.02975,0.4087,donor
IKZF1,0.0275,0.3739,0.6378,donor
SMAD5,-0.3277,0.1583,0.6378,donor
EIF2S1,-0.8909,0.03743,0.4276,donor
FASN,0.9862,0.01187,0.3142,donor
ANXA3,-0.0463,0.97,0.9874,donor
HNRNPM,0.4382,0.1996,0.6378,donor
PTK2B,0.19,0.7314,0.8699,donor
PPP4R1,0.7074,0.01446,0.3308,donor
RCE1,-0.0234,0.955,0.9803,donor
REC8,0.4201,0.1525,0.6378,donor
THOC1,-0.6998,0.1412,0.6264,donor
WDR75,-0.5179,0.3454,0.6378,donor
NR1D2,-0.2105,0.6635,0.8291,donor
EFNB2,0.6813,0.1016,0.5693,donor
DACH1,0.7058,0.2294,0.6378,donor
KLF4,2.2456,0.1105,0.5826,donor
F2RL2,0.079,0.3739,0.6378,donor
DUSP3,-0.3078,0.2219,0.6378,donor
RILPL2,0.6244,0.2224,0.6378,donor
MED13,0.2276,0.506,0.7295,donor
ZNF117,-0.5528,0.5998,0.7892,donor
CTTN,0.8546,0.05041,0.4623,donor
CRHR1,-0.0125,0.3632,0.6378,donor
TSC22D3,-0.3039,0.3809,0.6432,donor
DNTT,-0.3858,0.4971,0.7236,donor
KIAA1211,0.254,0.8191,0.9172,donor
IGSF9,0.0058,0.9738,0.989,donor
SHROOM3,1.4679,0.0365,0.4276,donor
SH3RF1,-0.2549,0.6994,0.8498,donor
SLC7A14,-1.7785,0.1138,0.5863,donor
UVSSA,0.7852,0.05938,0.4831,donor
ZNF8,0.8904,0.2393,0.6378,donor
ABHD11,-0.4934,0.3366,0.6378,donor
KDM6A,0.9626,0.3488,0.6378,donor
UGGT1,1.6747,0.1298,0.6113,donor
IFNK,0.2406,0.3739,0.6378,donor
PPP1R37,-0.1712,0.7006,0.8506,donor
WRNIP1,-0.6364,0.4777,0.7106,donor
DPYSL5,0.0022,0.9103,0.9597,donor
SAMSN1,0.2979,0.3135,0.6378,donor
POPDC2,-0.352,0.7301,0.869,donor
GAL3ST2,-0.037,0.2018,0.6378,donor
SNX16,-0.537,0.3153,0.6378,donor
EID2B,-0.1737,0.5265,0.7425,donor
SIGLEC17P,0.0275,0.3739,0.6378,donor
CLSTN2,0.2984,0.6811,0.8387,donor
PBLD,-0.6626,0.2991,0.6378,donor
OLFM2,0.7381,0.07363,0.5167,donor
RBKS,-0.1494,0.743,0.8764,donor
SPHK2,0.8664,0.107,0.5755,donor
AIFM1,0.8024,0.01613,0.3423,donor
SGMS1,-0.008,0.9864,0.9941,donor
BVES,0.0275,0.3739,0.6378,donor
NFX1,0.2713,0.4001,0.6578,donor
NCR3,0.0477,0.3739,0.6378,donor
SRGAP2-AS1,0.0422,0.3739,0.6378,donor
DISC1FP1,0.0148,0.3739,0.6378,donor
CTBP1-AS,0.9741,0.04548,0.447,donor
LOC101929268,0.4616,0.2791,0.6378,donor
LOC100506142,-0.1873,0.799,0.9075,donor
MARVELD1,1.1112,0.02853,0.4017,donor
C1orf116,0.0446,0.9249,0.9657,donor
SPIRE1,-0.0415,0.9481,0.9775,donor
MDM2,-0.4479,0.2317,0.6378,donor
MIR647,0.2001,0.1249,0.6023,donor
MIR640,0.1012,0.3739,0.6378,donor
MIR632,-0.0078,0.8936,0.9517,donor
MIR630,-0.1529,0.2471,0.6378,donor
MIR637,0.0934,0.5446,0.7539,donor
MIR631,0.3829,0.08669,0.544,donor
MIR635,-0.0233,0.7382,0.8741,donor
PDLIM3,-1.6955,0.0328,0.419,donor
POLR3E,0.1133,0.5358,0.7482,donor
R3HCC1L,-0.8053,0.4592,0.6984,donor
WDR27,1.233,0.04354,0.4414,donor
DDC,-0.0479,0.9536,0.9797,donor
PVALB,0.0148,0.3739,0.6378,donor
CDC16,0.1152,0.7169,0.8608,donor
FAM115A,0.0521,0.8075,0.9118,donor
SLK,0.1098,0.7476,0.8791,donor
CLSTN3,1.2644,0.002989,0.2365,donor
ARHGEF15,1.2326,0.1258,0.6043,donor
UBXN2A,-0.5363,0.02923,0.4054,donor
GRASP,-0.862,0.1339,0.6183,donor
FAM133A,-0.8321,0.221,0.6378,donor
BCDIN3D,0.7644,0.09431,0.5584,donor
WARS,-0.7622,0.1012,0.5691,donor
SCAI,0.2072,0.6941,0.847,donor
C17orf64,0.1244,0.3739,0.6378,donor
DNAJC24,-0.8651,0.01183,0.3142,donor
DNMBP-AS1,0.2368,0.2551,0.6378,donor
TP53BP1,0.7698,0.07109,0.5107,donor
LEMD2,0.9497,0.0845,0.5402,donor
CACNA1A,0.9615,0.07046,0.5094,donor
PTPRC,0.0952,0.3156,0.6378,donor
POLR2H,-0.3781,0.1558,0.6378,donor
STAU2,-0.1718,0.5631,0.7652,donor
FAM180B,0.025,0.1873,0.6378,donor
MRGPRG,-0.0205,0.3632,0.6378,donor
ANKRD50,-0.5633,0.5156,0.7361,donor
ATP5SL,0.1017,0.6655,0.8299,donor
C10orf105,0.0148,0.3739,0.6378,donor
NLGN1-AS1,-0.0278,0.8669,0.9402,donor
KLHL13,1.8723,0.1919,0.6378,donor
NOP14,0.2921,0.4869,0.7174,donor
ZNF506,0.0755,0.8091,0.9122,donor
KIF16B,0.8643,0.09987,0.5675,donor
MAP4K2,1.0935,0.2624,0.6378,donor
RAB27A,-0.9552,0.08968,0.5492,donor
PSPH,-0.1218,0.666,0.8302,donor
PKP2,-0.3852,0.4764,0.7099,donor
ZNF354A,-1.3547,0.1459,0.6337,donor
FAM118A,0.4914,0.1463,0.6343,donor
TAPBPL,0.4765,0.2297,0.6378,donor
MAGI1,1.0008,0.06871,0.5056,donor
TRMT61B,-0.299,0.4789,0.7114,donor
RBM23,0.1323,0.5645,0.7663,donor
RNF114,-0.2121,0.5328,0.7457,donor
FEZF2,-0.3986,0.2616,0.6378,donor
ST8SIA1,2.7572,0.0305,0.4103,donor
GID8,0.1228,0.6562,0.8243,donor
DHRS7B,0.4786,0.3182,0.6378,donor
MMACHC,-0.4557,0.5969,0.7872,donor
DDX27,-0.0519,0.8945,0.9522,donor
TMCO3,-0.4817,0.08072,0.532,donor
TTC22,0.0752,0.8549,0.9345,donor
TXNL4B,0.0574,0.8978,0.9543,donor
SH2B1,1.1613,0.006047,0.2658,donor
PNISR,0.0849,0.4038,0.6604,donor
PRPF40A,-0.0611,0.8407,0.9271,donor
OXR1,0.4325,0.3414,0.6378,donor
C1orf159,0.9405,0.1266,0.6056,donor
TMEM30B,-0.4408,0.2042,0.6378,donor
TYMSOS,-0.1713,0.4623,0.7005,donor
ATP11C,-0.8289,0.2879,0.6378,donor
KANK2,1.0146,0.2414,0.6378,donor
SEC31B,-0.0627,0.9395,0.9734,donor
C2CD2,0.4909,0.5155,0.7361,donor
AURKAIP1,0.1351,0.5327,0.7457,donor
ACSM5,0.1025,0.2429,0.6378,donor
KBTBD2,-1.1075,0.2658,0.6378,donor
ZMYND12,-0.4081,0.6851,0.8411,donor
TMEM117,-1.3896,0.1013,0.5691,donor
TEFM,-0.2477,0.4983,0.7244,donor
TBC1D17,0.5898,0.1017,0.5694,donor
MEX3B,-0.6013,0.3462,0.6378,donor
PLXNA1,0.8363,0.1913,0.6378,donor
NARS2,1.0293,0.1402,0.6247,donor
MSANTD2,0.9131,0.1244,0.6022,donor
VPS37B,0.4882,0.275,0.6378,donor
SETD3,-0.2262,0.4159,0.669,donor
PPCS,-0.5784,0.02356,0.3792,donor
METTL25,-1.0317,0.2442,0.6378,donor
IPO4,-0.0746,0.8533,0.9335,donor
TRIOBP,0.2257,0.5591,0.763,donor
DYRK1A,-0.5027,0.5591,0.763,donor
HSPBAP1,-0.3485,0.575,0.7725,donor
FAM188B,0.245,0.2948,0.6378,donor
CHD6,0.2395,0.341,0.6378,donor
ACAD11,0.0624,0.8711,0.942,donor
HORMAD1,0.0022,0.9124,0.9601,donor
BAI2,0.2903,0.4146,0.6683,donor
ANKRD17,0.5663,0.08974,0.5492,donor
VTCN1,0.2886,0.4157,0.669,donor
LOXL4,1.5861,0.1563,0.6378,donor
C1orf54,-0.9368,0.202,0.6378,donor
SH3TC2,0.3761,0.2326,0.6378,donor
ZC2HC1C,-0.6045,0.5685,0.7685,donor
SON,0.4213,0.1076,0.5764,donor
ASCC2,-0.3697,0.3359,0.6378,donor
SLC12A8,-0.1443,0.8886,0.9494,donor
ZFYVE19,0.4812,0.1452,0.6333,donor
MFSD2A,1.7422,0.06212,0.4892,donor
OGFOD2,0.9107,0.03281,0.419,donor
ZNF644,-0.4478,0.1875,0.6378,donor
FASTKD1,0.6206,0.02258,0.3714,donor
FAM175B,-0.6624,0.1008,0.5686,donor
EVA1A,0.5256,0.4983,0.7245,donor
MIR636,-0.0394,0.3632,0.6378,donor
MIR649,0.0148,0.3739,0.6378,donor
MIR648,-0.0394,0.3632,0.6378,donor
MIR645,0.0609,0.553,0.7594,donor
MIR644A,0.089,0.6335,0.8099,donor
MIR643,0.0295,0.3739,0.6378,donor
MIR652,0.0102,0.3739,0.6378,donor
MIR642A,0.2381,0.1543,0.6378,donor
DYNC2H1,1.0043,0.0285,0.4017,donor
RHOC,-1.5444,0.002623,0.2306,donor
TMEM176B,-1.104,0.2151,0.6378,donor
TSPAN19,-0.3101,0.5534,0.7596,donor
SERPINE3,0.2299,0.4013,0.6586,donor
FAM124A,0.0415,0.9323,0.9695,donor
EDA2R,-0.867,0.5083,0.7318,donor
PITRM1,-0.0483,0.8508,0.9325,donor
PES1,0.1583,0.5815,0.7764,donor
PAFAH1B2,-0.5736,0.1055,0.5734,donor
ATF6,-0.1027,0.7391,0.8743,donor
LCMT2,0.4419,0.2508,0.6378,donor
ARL6IP4,0.2461,0.3211,0.6378,donor
C2CD5,0.6471,0.06414,0.4961,donor
AP3M1,-0.0949,0.8289,0.9219,donor
AP4E1,-0.5133,0.4578,0.6973,donor
VPS13B,0.6554,0.02793,0.3995,donor
KIAA0753,0.5361,0.08406,0.5399,donor
ZNF623,1.1339,0.2514,0.6378,donor
JAKMIP2,0.3361,0.5477,0.7564,donor
OGFR,0.469,0.3921,0.6519,donor
TTF1,-0.6326,0.1175,0.5927,donor
FAM65B,0.8812,0.2053,0.6378,donor
DOCK4,0.7873,0.2921,0.6378,donor
MIR548E,0.0102,0.3739,0.6378,donor
CPEB2,0.1176,0.8582,0.9362,donor
C20orf203,-0.1576,0.7509,0.8814,donor
THEM5,0.3031,0.1095,0.5803,donor
UBE2D3,-0.5834,0.002972,0.236,donor
PRX,0.1846,0.1902,0.6378,donor
RTN4RL2,-0.409,0.3256,0.6378,donor
ZSCAN1,1.0113,0.1179,0.5938,donor
GDPD1,0.5127,0.5363,0.7486,donor
VMO1,-0.0811,0.6917,0.8453,donor
UBALD2,0.07,0.8307,0.9231,donor
FAM169B,-0.0694,0.2686,0.6378,donor
C14orf177,0.0288,0.3739,0.6378,donor
BCL9L,1.2291,0.03739,0.4276,donor
C10orf53,0.0955,0.7917,0.9033,donor
CNIH2,0.035,0.961,0.9825,donor
SLC26A11,0.2736,0.3721,0.6378,donor
SCARA5,0.0102,0.3739,0.6378,donor
PAPD4,-0.2232,0.4022,0.6592,donor
RORC,0.8327,0.2048,0.6378,donor
OR51Q1,0.0563,0.3739,0.6378,donor
RUNX1,-1.5512,0.01976,0.3603,donor
GRB10,0.9343,0.02062,0.3624,donor
DDX26B,1.292,0.01911,0.3592,donor
SPNS3,0.3425,0.1876,0.6378,donor
CD36,-0.017,0.9816,0.9921,donor
TM6SF2,0.955,0.1451,0.6333,donor
CNTN4,-0.8824,0.498,0.7244,donor
CABP7,-0.681,0.364,0.6378,donor
TMEM229B,0.1421,0.8761,0.9443,donor
CMC1,-0.296,0.3061,0.6378,donor
PRR34-AS1,-0.8458,0.04961,0.4603,donor
ZSWIM2,-0.1685,0.3632,0.6378,donor
C22orf15,-0.0245,0.3632,0.6378,donor
C1orf210,0.3366,0.3714,0.6378,donor
CKLF,-0.6876,0.104,0.5734,donor
ZNF714,0.8115,0.05382,0.4695,donor
ZNF283,-0.2581,0.7769,0.8938,donor
ISM2,-0.2965,0.4334,0.6813,donor
IFT88,0.4373,0.3096,0.6378,donor
ADRM1,0.6246,0.1282,0.6089,donor
CNTN5,0.3016,0.5173,0.7371,donor
MFSD12,0.8281,0.1224,0.5997,donor
NXPE2,0.1695,0.8286,0.9218,donor
WBSCR28,0.1328,0.6533,0.8226,donor
SEC14L3,0.2216,0.3739,0.6378,donor
ADAT2,0.9001,0.35,0.6378,donor
TMPRSS11B,-0.0126,0.3632,0.6378,donor
LRP5L,1.5139,0.01372,0.3259,donor
ZFAND2A,-0.7094,0.1708,0.6378,donor
KRT25,0.156,0.3739,0.6378,donor
ZNF227,-0.5025,0.03404,0.4248,donor
OLFML2A,0.3599,0.2201,0.6378,donor
C1QTNF6,1.1512,0.02743,0.3971,donor
COQ6,0.3174,0.2771,0.6378,donor
DDX51,2.0063,0.004057,0.2594,donor
HIST2H2AB,0.0033,0.9819,0.9921,donor
ST3GAL3,0.2277,0.565,0.7665,donor
DTWD2,0.187,0.7129,0.8581,donor
STARD5,0.526,0.5808,0.776,donor
STPG2,0.0563,0.9413,0.9744,donor
CNNM2,0.5877,0.2818,0.6378,donor
CNNM3,1.0359,0.003199,0.2385,donor
ZSCAN2,1.0393,0.0322,0.4174,donor
DOK7,0.3503,0.2292,0.6378,donor
ANKS6,0.7173,0.3993,0.6572,donor
KCNC2,-0.0126,0.3632,0.6378,donor
FRMD3,0.859,0.1891,0.6378,donor
DMRT2,0.0729,0.3739,0.6378,donor
PCSK9,0.3864,0.5878,0.7801,donor
ACSF3,0.6337,0.1745,0.6378,donor
UBR1,0.7788,0.04522,0.4456,donor
FAAH2,-1.0278,0.363,0.6378,donor
BCL6B,-0.0126,0.3632,0.6378,donor
NUDT8,0.5162,0.2373,0.6378,donor
ZBTB12,-0.1282,0.3848,0.6457,donor
ACBD4,0.3503,0.4409,0.6867,donor
EIF4ENIF1,0.5928,0.5293,0.7442,donor
PNLIP,0.6208,0.3604,0.6378,donor
FNTA,-0.2571,0.3102,0.6378,donor
LINC00867,0.0288,0.3739,0.6378,donor
FAM60A,-0.7663,0.05178,0.4659,donor
POLD4,-0.139,0.5665,0.7673,donor
MSH6,-0.1949,0.6204,0.802,donor
CNGA1,-0.5258,0.2557,0.6378,donor
GLRA1,-1.4077,0.09594,0.5606,donor
GLI3,0.0393,0.5611,0.7642,donor
CLCNKB,-0.0468,0.4535,0.6941,donor
UTP18,0.1963,0.3057,0.6378,donor
CDC40,0.0835,0.7773,0.8939,donor
HOOK1,-0.3013,0.26,0.6378,donor
PI15,0.505,0.4987,0.7246,donor
ST8SIA3,0.4422,0.3217,0.6378,donor
VILL,0.4137,0.5787,0.7747,donor
ZNF593,0.1478,0.5287,0.7438,donor
PHYHIP,1.5103,0.05066,0.4628,donor
SNX19,0.885,0.0115,0.3139,donor
ZNF536,0.1502,0.3739,0.6378,donor
SORCS1,0.2143,0.3739,0.6378,donor
CYSRT1,1.5033,0.0886,0.5484,donor
FUOM,0.4377,0.3034,0.6378,donor
GAS6,1.3763,0.2243,0.6378,donor
PALM2,-0.6338,0.08625,0.5432,donor
PSMC2,-0.0482,0.8584,0.9362,donor
DFNB31,1.3709,0.009701,0.299,donor
ZNF674,1.1163,0.2908,0.6378,donor
OBSL1,0.1276,0.5825,0.7771,donor
MTRNR2L7,-0.4838,0.2595,0.6378,donor
RPH3AL##1,0.0784,0.8629,0.9384,donor
MTRNR2L9,-0.6022,0.2551,0.6378,donor
C1orf21,0.0956,0.698,0.849,donor
LMAN2L,0.3295,0.2672,0.6378,donor
ARID4A,-0.3233,0.2758,0.6378,donor
BHLHE41,0.6707,0.1659,0.6378,donor
FAM117A,0.9185,0.12,0.5962,donor
GYG2P1,0.0136,0.911,0.9601,donor
LGALS8-AS1,-0.3298,0.1587,0.6378,donor
MIR744,-0.025,0.1747,0.6378,donor
MIR877,0.1157,0.2784,0.6378,donor
MIR7-1,-0.2234,0.3072,0.6378,donor
CSF3,-0.1273,0.3632,0.6378,donor
VAMP4,-0.5069,0.1227,0.6007,donor
LOC100288748,0.0601,0.9428,0.9753,donor
AIF1L,0.1476,0.4128,0.6673,donor
MRPL45P2,-0.0859,0.9126,0.9601,donor
LOC100132891,0.2285,0.3739,0.6378,donor
MIRLET7I,-0.0649,0.3279,0.6378,donor
CARD8,0.0379,0.951,0.9785,donor
ABHD16A##1,0.0145,0.9669,0.9858,donor
FAM3A,0.5451,0.2355,0.6378,donor
ELF2,-0.5177,0.4595,0.6987,donor
SMC2,-1.6551,0.1667,0.6378,donor
GNL3L,1.2024,0.001922,0.2294,donor
STK31,-0.1796,0.4209,0.6722,donor
HIAT1,-0.6944,0.00558,0.2628,donor
EHMT2##1,0.8288,0.2434,0.6378,donor
SMIM3,-0.4486,0.4622,0.7005,donor
TEX36-AS1,0.039,0.2369,0.6378,donor
STK17A,-0.7487,0.4077,0.6632,donor
PAGE1,-0.0126,0.3632,0.6378,donor
IRF3,0.4057,0.2268,0.6378,donor
LOC100289561,0.0705,0.598,0.7881,donor
HNRNPH1,0.2351,0.4199,0.6717,donor
MLXIPL,1.9825,0.0009696,0.209,donor
AGFG1,0.0324,0.947,0.9771,donor
NSMF,1.4155,0.004067,0.2594,donor
SPATA22,-0.2393,0.2838,0.6378,donor
SYCP3,-0.5333,0.2422,0.6378,donor
OGN,0.4889,0.3201,0.6378,donor
TNKS2,-0.0623,0.8817,0.947,donor
PCBP4,0.6571,0.3419,0.6378,donor
FAM163A,1.2902,0.1345,0.6187,donor
MPP7,0.0988,0.8724,0.9425,donor
PTCHD1,1.6188,0.2253,0.6378,donor
PIGY+PYURF,-0.3986,0.01744,0.349,donor
TRAF3IP3,0.525,0.2817,0.6378,donor
BPIFB2,-0.0005,0.9866,0.9941,donor
PPP1R16A,0.8382,0.05773,0.4795,donor
METTL17,-0.1773,0.5742,0.7721,donor
WNT10A,-0.1617,0.6179,0.8001,donor
MIR4297,0.0622,0.2122,0.6378,donor
COX6C,-0.0475,0.8786,0.9458,donor
COPA,0.34,0.159,0.6378,donor
DSTYK,0.4444,0.124,0.6022,donor
PANX1,-0.2331,0.5625,0.7649,donor
AMMECR1,1.2364,0.002378,0.2294,donor
PNRC2,-0.1134,0.5791,0.7749,donor
INO80D,0.0297,0.9531,0.9795,donor
NCAPG2,0.8588,0.4131,0.6674,donor
CPPED1,-0.2542,0.6165,0.7993,donor
ZIM2,0.6129,0.4519,0.6931,donor
SCRIB##1,1.3156,0.1208,0.5962,donor
XXYLT1,-0.4497,0.5705,0.7697,donor
RETSAT,1.563,0.06431,0.4961,donor
POFUT1,0.4057,0.3042,0.6378,donor
TTC9,0.1507,0.8114,0.9133,donor
ANKHD1##1,-0.4072,0.374,0.6378,donor
RIMBP2,0.2342,0.3272,0.6378,donor
ZFYVE26,0.4408,0.2553,0.6378,donor
RIPPLY3,-0.3344,0.3772,0.6399,donor
SLC2A4RG,-0.2084,0.7012,0.8508,donor
DAK,1.076,0.08049,0.5314,donor
NOC2L,0.4808,0.3182,0.6378,donor
CHTF8,0.458,0.3674,0.6378,donor
RAI2,-0.9767,0.04528,0.446,donor
C17orf70,0.2428,0.7892,0.9022,donor
EFHC1,0.492,0.2112,0.6378,donor
HOXB-AS3,-0.0358,0.3632,0.6378,donor
RAB17,0.9276,0.2867,0.6378,donor
DHX9,0.4793,0.04408,0.4426,donor
GK5,0.6497,0.01545,0.3381,donor
FAM114A1,0.3457,0.1767,0.6378,donor
FUZ,0.7133,0.1976,0.6378,donor
OGFOD3,0.7358,0.08863,0.5484,donor
PANDAR,-0.4506,0.02156,0.366,donor
RASSF1-AS1,0.2161,0.4972,0.7236,donor
NTHL1,1.216,0.04048,0.434,donor
NUBP1,0.7415,0.02509,0.387,donor
NCF1,0.156,0.3739,0.6378,donor
RFXANK,-0.2782,0.5161,0.7364,donor
ASPG,0.1171,0.3739,0.6378,donor
ATP13A2,0.6133,0.4307,0.6794,donor
FLT4,0.0961,0.3739,0.6378,donor
STRADA,0.796,0.009012,0.2929,donor
DHRS2,0.7381,0.008333,0.285,donor
UBXN11,0.9375,0.03754,0.4276,donor
PRDM1,0.0429,0.9259,0.9661,donor
IGSF11,1.6562,0.07184,0.5129,donor
NACC2,0.1732,0.851,0.9325,donor
APOA1BP,0.325,0.1914,0.6378,donor
DDIAS,1.028,0.3005,0.6378,donor
HCAR2,0.1066,0.2381,0.6378,donor
SNRPD2,-0.345,0.004605,0.2594,donor
TAS1R1,0.0074,0.9762,0.9902,donor
RPP38,-0.2169,0.5209,0.7392,donor
P4HA3,0.0275,0.3739,0.6378,donor
MAGED4+MAGED4B,0.0177,0.7283,0.8679,donor
SLC8A3,1.3803,0.1549,0.6378,donor
KIF9,1.006,0.03273,0.419,donor
SULT1A1,-0.0449,0.9329,0.9697,donor
CLDN10,0.375,0.04615,0.4496,donor
SLC35E2,0.213,0.7257,0.8662,donor
RABGGTA,-0.109,0.7191,0.8617,donor
SCFD1,-0.1785,0.5916,0.7829,donor
PLAC4,0.3044,0.682,0.8392,donor
PPFIBP1,1.9542,0.007637,0.2823,donor
NPM2,0.6163,0.3022,0.6378,donor
ABI1,-0.1981,0.3577,0.6378,donor
DCTN1,0.6431,0.06079,0.486,donor
FCGR2B,-0.0147,0.3632,0.6378,donor
MAOA,-0.4263,0.5691,0.7688,donor
WWP2,0.1396,0.7145,0.8593,donor
ZNF106,0.5953,0.04191,0.4367,donor
PRDM8,0.2243,0.2712,0.6378,donor
SAMD9,-0.3102,0.8126,0.9138,donor
RSRP1,-0.583,0.07747,0.5229,donor
CEACAM19,0.0776,0.8514,0.9327,donor
ZNF764,-0.0628,0.9217,0.965,donor
ANAPC15,0.3372,0.4761,0.7099,donor
ASH2L,0.0396,0.8937,0.9518,donor
BCHE,-0.0662,0.9419,0.9748,donor
PSMG1,-0.5102,0.2935,0.6378,donor
TNFRSF11A,0.0121,0.9874,0.9944,donor
SPRTN,0.3387,0.2668,0.6378,donor
NFE2,0.3032,0.3244,0.6378,donor
OCLN,-0.3844,0.3289,0.6378,donor
FGFR1,-0.1984,0.5908,0.7823,donor
DNM2,0.9635,0.05274,0.4666,donor
MTRNR2L5,-0.0598,0.8347,0.9248,donor
MTRNR2L4,0.6193,0.101,0.5686,donor
MTRNR2L3,-0.6887,0.2005,0.6378,donor
MTRNR2L2,-0.0493,0.8837,0.9479,donor
CFAP46,-0.4012,0.4442,0.6882,donor
CACNA2D2,0.4014,0.481,0.7129,donor
TOLLIP-AS1,0.7557,0.1565,0.6378,donor
LOC101929199,0.0884,0.3647,0.6378,donor
LOC102723778,-0.0937,0.2677,0.6378,donor
ANKRD2,-0.0797,0.6019,0.7906,donor
HSD17B7,-0.0748,0.86,0.9371,donor
NKIRAS1,-0.654,0.02925,0.4054,donor
GDPD2,0.1529,0.5894,0.7813,donor
GATAD2A,0.4274,0.381,0.6432,donor
FBXL12,-0.5927,0.1833,0.6378,donor
SLC39A10,-0.0487,0.9365,0.9719,donor
PAPPA2,1.1583,0.171,0.6378,donor
SIPA1,-0.8664,0.0414,0.435,donor
SPDL1,-0.6364,0.03786,0.4276,donor
PXK,-0.4776,0.5903,0.7818,donor
SNRK,0.4532,0.2926,0.6378,donor
ANKMY2,-0.7009,0.04363,0.4414,donor
CHCHD3,-0.041,0.8385,0.9259,donor
NUP62CL,-0.604,0.3551,0.6378,donor
MTMR8,0.6314,0.3277,0.6378,donor
PDXP,0.3429,0.5379,0.7493,donor
CTNNBIP1,0.6365,0.07199,0.513,donor
ADCK3,-0.1563,0.6633,0.8291,donor
SLIT2,0.1317,0.2913,0.6378,donor
STARD8,-0.0194,0.6736,0.8343,donor
TMCC1,0.0707,0.8467,0.9302,donor
ZNF519,0.1936,0.717,0.8608,donor
TSPO2,0.2047,0.4455,0.6885,donor
ZNF133,0.4345,0.4177,0.6703,donor
ACTN1,-1.0009,0.295,0.6378,donor
RIIAD1,0.5037,0.4645,0.7021,donor
ZSWIM7,-0.4588,0.1836,0.6378,donor
SERPINA10,-0.3258,0.5735,0.7717,donor
ARIH2,0.4718,0.04098,0.434,donor
CDIPT,-0.0723,0.8063,0.911,donor
PPT2##1,-0.2622,0.7921,0.9035,donor
NPC2,-0.1077,0.6832,0.84,donor
IFI44,-0.0705,0.9531,0.9795,donor
RNASEH2A,0.4055,0.1484,0.6376,donor
USP15,-0.5699,0.02648,0.3928,donor
HIF1AN,-0.2515,0.6276,0.8063,donor
ULK4,0.4968,0.3491,0.6378,donor
C1orf123,-0.9767,0.2158,0.6378,donor
MREG,-0.4115,0.6335,0.8099,donor
RNF20,0.4429,0.2965,0.6378,donor
ZNF26,-1.8129,0.1548,0.6378,donor
PLAG1,-0.0357,0.9595,0.9818,donor
ING4,-0.677,0.1164,0.5908,donor
ZNF12,-0.4364,0.4497,0.6918,donor
IKZF2,0.2361,0.7313,0.8698,donor
SEPT6,-0.0539,0.9336,0.9701,donor
ZNF396,0.6812,0.318,0.6378,donor
GSTA1,-0.532,0.04618,0.4496,donor
FAM43A,-0.2013,0.4845,0.7156,donor
INPP1,0.3207,0.1312,0.6129,donor
CLEC2A,0.079,0.3739,0.6378,donor
CA1,0.6889,0.1353,0.6189,donor
ENPP2,0.1638,0.704,0.8524,donor
HEPH,0.0102,0.3739,0.6378,donor
GUK1,0.2792,0.1556,0.6378,donor
GUSB,0.1426,0.6002,0.7894,donor
GUCY2D,0.0335,0.86,0.9371,donor
LINC01305,0.1439,0.3739,0.6378,donor
PACRG,0.5145,0.413,0.6674,donor
ZNF160,0.11,0.7723,0.8914,donor
FUT3,0.4568,0.3275,0.6378,donor
KLK7,0.0884,0.3739,0.6378,donor
IL5RA,0.348,0.6404,0.814,donor
PDE4D,0.3572,0.4475,0.69,donor
C12orf42,-0.9005,0.1049,0.5734,donor
CD22,0.2459,0.4207,0.6721,donor
AMN1,-0.635,0.06234,0.4895,donor
PAQR6,0.3289,0.5928,0.7842,donor
NCOA5,1.0713,0.005526,0.2609,donor
NDE1,-0.3855,0.3822,0.6439,donor
INSL3,-0.0292,0.5013,0.7266,donor
GPATCH11,0.2781,0.5689,0.7686,donor
NUTM2B,0.0527,0.3739,0.6378,donor
TTI2,-0.3935,0.6392,0.8136,donor
KIF18B,0.1277,0.1029,0.5708,donor
LONP1,0.7902,0.2905,0.6378,donor
AKT1S1,0.7812,0.05266,0.4662,donor
TTPAL,0.6161,0.03707,0.4276,donor
PTER,-0.2654,0.5461,0.7552,donor
MIR491,0.2634,0.4283,0.6777,donor
PDXDC1##1,0.6103,0.07466,0.5192,donor
WDR93,0.4072,0.5107,0.7334,donor
COPS7A,0.0393,0.8915,0.9507,donor
SLAIN1,0.0396,0.9472,0.9771,donor
ZC3H18,0.7436,0.07611,0.5216,donor
NOXO1,0.4652,0.1006,0.5682,donor
ANKRD22,-0.0005,0.9866,0.9941,donor
NRG3,-0.6514,0.2261,0.6378,donor
COMTD1,0.7634,0.0669,0.5014,donor
LYPD1,0.0235,0.9198,0.9641,donor
ATP6V1C2,0.5204,0.4134,0.6675,donor
TEX261,0.5908,0.02438,0.3845,donor
L3HYPDH,0.0401,0.925,0.9658,donor
CEP295,0.5119,0.286,0.6378,donor
DPP3,0.4388,0.4286,0.6778,donor
MAPK1IP1L,-0.5693,0.03244,0.4185,donor
MADCAM1,0.0327,0.8849,0.9483,donor
COQ10A,0.5412,0.3213,0.6378,donor
SCARNA18,-0.0526,0.5748,0.7725,donor
CHRNE,0.3859,0.3237,0.6378,donor
GBE1,-0.4177,0.1618,0.6378,donor
OSBPL3,-0.1684,0.5429,0.7525,donor
TMEM209,-0.1035,0.7864,0.9005,donor
CXorf21,0.0162,0.6254,0.805,donor
SPRYD3,0.7157,0.0215,0.3659,donor
ZNF566,-0.1365,0.7727,0.8914,donor
RUFY1,0.0493,0.8699,0.9414,donor
LRP11,0.2806,0.3193,0.6378,donor
ORAI2,1.1505,0.005853,0.2658,donor
ACSF2,-0.4319,0.1694,0.6378,donor
PXN,0.8543,0.009838,0.299,donor
RAB11FIP1,-0.2459,0.621,0.8022,donor
SLC35B4,0.227,0.8472,0.9305,donor
ZNF382,-0.117,0.8998,0.9549,donor
LOC644656,-2.3352,0.01333,0.3236,donor
SYNPO2L,0.1718,0.1662,0.6378,donor
NBEAL1,0.0579,0.8888,0.9494,donor
C1QTNF7,0.3119,0.333,0.6378,donor
SNCA,0.027,0.8716,0.9422,donor
KCNA10,0.1196,0.5016,0.7267,donor
SCMH1,0.9241,0.01099,0.3105,donor
PPP1R3D,-0.6972,0.4503,0.6923,donor
PPEF2,0.0488,0.1869,0.6378,donor
KIN,-0.1033,0.8855,0.9483,donor
HP,0.4089,0.2456,0.6378,donor
CCNE2,-0.2664,0.7379,0.874,donor
PKD1L1,0.4521,0.2356,0.6378,donor
LIG3,0.11,0.9005,0.9552,donor
MRVI1-AS1,0.3691,0.146,0.6337,donor
MTFR1L,-0.2136,0.2957,0.6378,donor
WDR13,0.3409,0.333,0.6378,donor
PIGV,0.3009,0.1562,0.6378,donor
CMTM6,-0.4605,0.1683,0.6378,donor
NMRK1,-0.1937,0.58,0.7756,donor
NSUN5,-0.1734,0.6386,0.8134,donor
ASB6,-0.3365,0.6453,0.817,donor
TTC12,0.2431,0.6021,0.7906,donor
CSRP2BP,0.3456,0.2114,0.6378,donor
C1orf56,0.3834,0.3883,0.6492,donor
TMEM127,-0.2763,0.2174,0.6378,donor
C1orf27,-0.1059,0.8514,0.9327,donor
TRNAU1AP,-0.0353,0.8849,0.9483,donor
SNORD97,0.0406,0.682,0.8392,donor
NME1,0.5191,0.04796,0.4545,donor
ARID5A,-1.8725,0.02383,0.3803,donor
GANC,0.7343,0.07247,0.5145,donor
MYOT,0.6319,0.3748,0.6383,donor
C15orf32,0.0148,0.3739,0.6378,donor
CTR9,0.4586,0.02337,0.3767,donor
ZNHIT2,0.9564,0.03363,0.4217,donor
SSSCA1,-0.0508,0.8555,0.9348,donor
GRIK4,0.0448,0.6525,0.8222,donor
RNF138,-0.9399,0.00724,0.2793,donor
EBAG9,0.0994,0.6175,0.7998,donor
AQP1,0.0875,0.5572,0.7617,donor
CCZ1B,-0.2565,0.4379,0.685,donor
ZNF155,-0.5746,0.3847,0.6457,donor
MSRB3,0.6669,0.3279,0.6378,donor
ZNF189,0.5124,0.04657,0.4512,donor
COX18,0.5397,0.4178,0.6703,donor
ARL4A,-0.5396,0.0788,0.5258,donor
CCDC80,0.314,0.09915,0.5672,donor
BID,0.1436,0.6978,0.8489,donor
KCNRG,1.6375,0.03433,0.4253,donor
C7orf55,0.1341,0.6536,0.8228,donor
GLRX2,-0.3871,0.2195,0.6378,donor
CES2,0.1855,0.6943,0.8471,donor
NANOS1,-0.3805,0.4778,0.7106,donor
TSPAN9,0.4277,0.2093,0.6378,donor
ARMC4,0.0102,0.3739,0.6378,donor
TEPP,0.0178,0.8889,0.9494,donor
GADL1,-0.0125,0.3632,0.6378,donor
SCN5A,0.247,0.4411,0.6867,donor
NPSR1,0.0348,0.1842,0.6378,donor
COPE,0.5464,0.06157,0.4887,donor
PRDM10,1.4405,0.008719,0.2918,donor
NFIL3,-1.4182,0.02945,0.4064,donor
NAALADL2,-0.6632,0.3803,0.6428,donor
ZFP64,0.0603,0.8939,0.9519,donor
HIBCH,-0.2039,0.3944,0.6536,donor
INSC,-1.085,0.1634,0.6378,donor
PFKM,0.3525,0.4261,0.6761,donor
ALKBH2,0.4296,0.1856,0.6378,donor
CHRDL2,0.0627,0.7637,0.8868,donor
SNORD14A,-0.1093,0.6229,0.8038,donor
SNORD14B,0.5628,0.1312,0.6129,donor
FAM21C,0.4695,0.1681,0.6378,donor
TLK1,-0.4279,0.2644,0.6378,donor
GCSAM,-0.4121,0.4224,0.6732,donor
ACAD10,1.0901,0.06511,0.4977,donor
BBX,0.1682,0.2926,0.6378,donor
LRRC73,0.3208,0.5527,0.7593,donor
HIGD1B,0.0647,0.3739,0.6378,donor
FAM200A,0.0456,0.8828,0.9475,donor
ZSCAN25,0.2029,0.6867,0.842,donor
C9orf173-AS1,0.2678,0.2883,0.6378,donor
MIR600HG,0.7849,0.3784,0.6411,donor
WDR20,-0.402,0.4666,0.7029,donor
LOC494141,-0.0962,0.3068,0.6378,donor
ADRB1,-0.2528,0.6499,0.8202,donor
ADRA2A,-0.6219,0.3132,0.6378,donor
ADRA1B,-0.2487,0.3411,0.6378,donor
FTSJ2,0.0362,0.9142,0.9608,donor
ADORA2B,0.2275,0.7516,0.8817,donor
ADORA1,-0.0352,0.1818,0.6378,donor
ADH7,0.1316,0.3739,0.6378,donor
GABRA1,0.0075,0.7603,0.886,donor
ADH4,0.0758,0.3739,0.6378,donor
ADH1C,-0.0147,0.3632,0.6378,donor
ADH1A,0.1034,0.3739,0.6378,donor
ACY1,0.113,0.5232,0.7404,donor
MIR3159,-0.0359,0.3632,0.6378,donor
S100A9,-0.0474,0.5807,0.776,donor
SLC22A5,0.1654,0.6434,0.816,donor
SORT1,1.3716,0.006033,0.2658,donor
EFNA5,-0.0134,0.9641,0.9841,donor
TNC,0.0148,0.3739,0.6378,donor
RBBP7,0.2797,0.1467,0.6351,donor
GCLM,0.0011,0.9969,0.999,donor
RCN2,-0.2531,0.207,0.6378,donor
EDNRA,0.0729,0.8077,0.9118,donor
TJP2,0.7922,0.3807,0.6431,donor
RBX1,-0.1606,0.5553,0.7605,donor
RAPGEF2,0.0226,0.9659,0.9853,donor
ADAMTS3,0.4394,0.3739,0.6378,donor
LIMD1,0.3548,0.6155,0.7988,donor
KSR1,0.251,0.645,0.8168,donor
ADAM18,0.0673,0.3739,0.6378,donor
UBL4A,0.4005,0.3299,0.6378,donor
HSD17B8,0.6374,0.191,0.6378,donor
SOWAHC,-0.8213,0.2348,0.6378,donor
VPS33A,-0.0369,0.9154,0.9614,donor
MYL2,0.0148,0.3739,0.6378,donor
PMS2,1.3712,0.0405,0.434,donor
DYNC1LI2,0.2341,0.2293,0.6378,donor
DMPK,2.0305,0.004993,0.2594,donor
DAXX,0.3408,0.2847,0.6378,donor
ACOXL,-0.5489,0.2466,0.6378,donor
GAST,-0.037,0.927,0.9668,donor
FTL,-0.339,0.5841,0.7781,donor
FGFR2,0.0262,0.5489,0.7573,donor
NME7,0.2881,0.2041,0.6378,donor
SERTM1,-0.0005,0.9965,0.9988,donor
SLC25A22,0.5519,0.1559,0.6378,donor
TPBGL,0.1916,0.6392,0.8136,donor
MPC1L,0.2114,0.2621,0.6378,donor
EIF4G3,0.7069,0.02116,0.3644,donor
AQP5,-0.021,0.6052,0.7928,donor
RPL37,-0.2105,0.4345,0.6821,donor
LINC00950,0.3222,0.5994,0.7891,donor
DDX11L2,0.0625,0.8511,0.9325,donor
ZNF252P,-0.0958,0.7989,0.9075,donor
CYP4F30P,0.0423,0.2028,0.6378,donor
DTX2P1-UPK3BP1-PMS2P11,0.3492,0.1114,0.5827,donor
ZNF815P,0.3136,0.4589,0.6981,donor
EXOSC7,-0.1795,0.4665,0.7029,donor
WASF2,0.0527,0.8887,0.9494,donor
COPB2,0.1687,0.5156,0.7361,donor
LOC101928476,0.0275,0.3739,0.6378,donor
LOC101928718,0.0964,0.8409,0.9271,donor
ECD,-0.3229,0.1979,0.6378,donor
ZNF577,0.2215,0.6388,0.8134,donor
HMGN2P46,0.4204,0.3166,0.6378,donor
COL6A5,0.0903,0.3739,0.6378,donor
PMS2P4,0.3123,0.539,0.7501,donor
KIAA0087,-0.11,0.7161,0.8604,donor
LINC00930,1.394,0.1519,0.6378,donor
KRTAP5-AS1,-0.0096,0.9868,0.9941,donor
MZF1-AS1,0.9958,0.04245,0.4383,donor
TBRG1,-0.647,0.1547,0.6378,donor
DKFZp686K1684,0.1483,0.8564,0.9351,donor
ASB2,-0.3091,0.3204,0.6378,donor
KATNA1,-0.1187,0.5804,0.7758,donor
CTPS2,-0.0393,0.9502,0.9781,donor
AP4S1,-0.0386,0.9249,0.9657,donor
ASGR2,0.0262,0.5497,0.7575,donor
LINC00294,1.358,0.02682,0.3947,donor
ERBB2,0.8239,0.3575,0.6378,donor
HBS1L,-0.2761,0.314,0.6378,donor
CCDC89,-0.2118,0.7481,0.8795,donor
PPID,-0.8925,0.007956,0.2835,donor
BUD31,-0.4121,0.03016,0.4102,donor
FAM149A,0.5894,0.2737,0.6378,donor
CDH6,-2.1787,0.04637,0.4504,donor
CAPZB,0.091,0.7681,0.8892,donor
TMEM132E,-0.0281,0.6724,0.8337,donor
SYNJ2,0.066,0.7422,0.8757,donor
ZFP36L1,-0.5245,0.1686,0.6378,donor
EIF2B5,-0.0366,0.9031,0.9564,donor
IER3,-1.2934,0.08269,0.5359,donor
KIAA0513,2.6222,0.003309,0.2424,donor
ZMYND10,0.6338,0.4355,0.6828,donor
TOX,1.0429,0.03019,0.4102,donor
FRMPD4,0.0759,0.9257,0.966,donor
EIF5B,-0.0807,0.7215,0.8635,donor
NEURL1B,-0.1506,0.2551,0.6378,donor
ANO5,0.1787,0.5933,0.7846,donor
ZMAT4,-0.5609,0.5207,0.739,donor
RAB34,0.3086,0.1957,0.6378,donor
THUMPD1,-0.2021,0.3768,0.6397,donor
MVB12A,0.1928,0.7407,0.8752,donor
ACAD8,0.152,0.6652,0.8298,donor
HEATR5A,0.7416,0.1477,0.637,donor
STEAP2,-0.417,0.1877,0.6378,donor
MST1R,0.2463,0.2287,0.6378,donor
PTBP3,-0.1906,0.4659,0.7024,donor
LHX6,0.0148,0.3739,0.6378,donor
LRRC4C,-0.0126,0.3632,0.6378,donor
HOXC11,0.0148,0.3739,0.6378,donor
MOSPD1,-0.9372,0.2939,0.6378,donor
NIPAL3,-0.174,0.5335,0.7463,donor
EVI2A,0.6008,0.3682,0.6378,donor
CD5,0.459,0.7597,0.8857,donor
PFAS,0.3159,0.6328,0.8095,donor
PRRX1,-0.0716,0.3759,0.6391,donor
CRYGD,0.0647,0.3739,0.6378,donor
MYO9A,0.3387,0.3555,0.6378,donor
SEC14L1P1,2.3978,0.001956,0.2294,donor
ALKBH3-AS1,0.092,0.5947,0.7855,donor
PTCH1,1.5099,0.0198,0.3603,donor
RNASEH1,-0.0551,0.9285,0.9677,donor
VGLL4,-0.0964,0.8918,0.9507,donor
NDUFB8,-0.1044,0.3628,0.6378,donor
AMZ1,-1.0006,0.0766,0.522,donor
KIAA1324,0.5832,0.01271,0.3192,donor
DNASE1L2,0.2362,0.6566,0.8247,donor
CD3D,0.0288,0.3739,0.6378,donor
KCNK15,-0.2688,0.2639,0.6378,donor
KCNK12,0.4834,0.5848,0.7783,donor
HRASLS,-1.44,0.1296,0.6111,donor
ASAP3,0.357,0.4708,0.7053,donor
DKFZp779M0652,-0.0095,0.9567,0.9809,donor
CACNA1C,0.8395,0.1358,0.6195,donor
RASSF8,0.2853,0.4276,0.6773,donor
TMEM176A,-2.269,0.1701,0.6378,donor
VIMP,-0.0337,0.8733,0.9427,donor
C5AR2,0.0547,0.4661,0.7024,donor
LATS1,-0.0847,0.8653,0.9394,donor
XRRA1,0.5461,0.2113,0.6378,donor
PCMT1,-0.2876,0.05724,0.4785,donor
CATSPER2,1.0318,0.005197,0.2594,donor
MICAL1,1.0932,0.1157,0.5888,donor
C1orf86,0.465,0.008584,0.2908,donor
DFFB,-0.1051,0.9036,0.9567,donor
TFE3,-0.2083,0.6119,0.7962,donor
SSH2,1.2764,0.01009,0.3017,donor
C6orf211,-0.7068,0.2465,0.6378,donor
RFX3,0.8274,0.1149,0.5872,donor
TEKT4,0.0135,0.9318,0.9694,donor
KIAA0101,1.3746,0.06532,0.4983,donor
CYP2A7,0.0717,0.1866,0.6378,donor
INO80B,0.0527,0.4528,0.6939,donor
SF3B5,-0.2458,0.1031,0.5713,donor
SH3BGRL3,-0.3438,0.03304,0.4197,donor
ADPGK,-0.0483,0.8451,0.9294,donor
ZNF655,0.2763,0.2493,0.6378,donor
NUDT9,0.8236,0.00468,0.2594,donor
BOLA2+BOLA2B+LOC388242+LOC613038+SLX1A+SLX1A-SULT1A3+SLX1B+SLX1B-SULT1A4+SULT1A3+SULT1A4##1,0.0102,0.3739,0.6378,donor
CYP4F12,-0.0239,0.7024,0.8515,donor
MRPS15,0.0184,0.9408,0.9741,donor
RNF17,-0.3689,0.3631,0.6378,donor
TEX11,-0.0106,0.8334,0.9244,donor
CYB561D2,-0.4777,0.4084,0.6637,donor
MIS12,0.6543,0.05224,0.466,donor
AUNIP,-0.1976,0.6984,0.8493,donor
ZBTB10,0.007,0.9842,0.9931,donor
COLEC11,-1.0609,0.07698,0.5225,donor
SLITRK6,0.0092,0.8524,0.933,donor
CDK13,0.1082,0.8262,0.9205,donor
HNRNPAB,0.1247,0.6996,0.85,donor
ZSCAN18,0.2346,0.5415,0.7516,donor
CAPRIN2,0.7843,0.1775,0.6378,donor
PHACTR4,0.8422,0.05968,0.484,donor
SNORD67,-0.157,0.08848,0.5483,donor
ANGPTL2,-1.2243,0.237,0.6378,donor
HSP90AB1,-0.6567,0.01145,0.3139,donor
B4GALT7,0.7875,0.08142,0.5336,donor
AQR,0.3519,0.2957,0.6378,donor
ZSWIM3,-0.9374,0.3697,0.6378,donor
TMC2,0.2072,0.3739,0.6378,donor
CCDC65,0.1411,0.7905,0.9027,donor
ANKRD13A,0.1295,0.7219,0.8637,donor
RPL10L,0.1293,0.3791,0.6417,donor
ZNF326,1.0038,0.05656,0.4774,donor
TMPRSS9,0.0564,0.4681,0.7036,donor
NMNAT3,0.3521,0.6067,0.7932,donor
CDCP1,0.5041,0.1516,0.6378,donor
CXCL12,0.2453,0.2523,0.6378,donor
QRFP,0.1375,0.3739,0.6378,donor
LHFPL1,-0.066,0.3632,0.6378,donor
TRO,-0.2574,0.5575,0.7617,donor
RASSF3,0.0506,0.7093,0.8553,donor
NAV2,0.9343,0.1244,0.6022,donor
ZNF598,1.5487,0.07608,0.5216,donor
DCX,-0.4365,0.7131,0.8582,donor
PDZD2,0.6474,0.4936,0.7212,donor
LHX3,0.0527,0.3739,0.6378,donor
HSD17B13,2.4456,0.04856,0.4563,donor
CYP4Z1,0.0673,0.3739,0.6378,donor
SLC9C1,0.346,0.6872,0.8422,donor
NME9,-0.7794,0.1684,0.6378,donor
DLX1,0.0961,0.3739,0.6378,donor
EPB41L1,-0.3732,0.1741,0.6378,donor
FAM13C,2.4445,0.006005,0.2658,donor
MAP6,0.5932,0.1006,0.5682,donor
PTPDC1,0.2577,0.4939,0.7214,donor
PAK7,1.0575,0.1348,0.6188,donor
ARHGEF25,-0.0036,0.9663,0.9854,donor
TUBB8,0.0275,0.3739,0.6378,donor
HAP1,1.364,0.05409,0.4699,donor
ARL6,-1.3154,0.1581,0.6378,donor
SULT2B1,-0.0056,0.9833,0.9928,donor
CFAP58,0.025,0.1873,0.6378,donor
C8orf37,-1.1039,0.2286,0.6378,donor
LYPD6B,-0.4154,0.3747,0.6382,donor
RACGAP1P,0.374,0.2126,0.6378,donor
DYNLRB1,-0.1747,0.2277,0.6378,donor
PPM1A,0.2052,0.3203,0.6378,donor
ARMCX2,-0.179,0.5619,0.7646,donor
ARMCX3,0.1595,0.5778,0.7741,donor
SYT2,0.3128,0.6584,0.826,donor
MICALL2,1.3385,0.01723,0.3475,donor
HEATR3,0.5919,0.4983,0.7244,donor
ASAH1,-0.264,0.296,0.6378,donor
CATSPER3,-0.0806,0.8719,0.9423,donor
NUP50,0.2213,0.5136,0.7352,donor
RBSN,0.1479,0.5774,0.774,donor
STUB1,-0.6449,0.16,0.6378,donor
PRMT5-AS1,-0.2983,0.3557,0.6378,donor
PRIMA1,-0.0205,0.3632,0.6378,donor
TUBB2B,-1.3443,0.1131,0.586,donor
LRRTM3,-0.641,0.2273,0.6378,donor
FBXO4,0.5228,0.4159,0.669,donor
SOX5,1.2384,0.008336,0.285,donor
SAP30BP,-0.139,0.6448,0.8166,donor
COL13A1,0.0102,0.3739,0.6378,donor
IGSF1,0.2942,0.4321,0.6804,donor
MLPH,1.5254,0.2183,0.6378,donor
SCARB1,-0.5576,0.2429,0.6378,donor
LOC100996579,0.3564,0.7204,0.8625,donor
COL19A1,0.7307,0.1391,0.6237,donor
PTPRK,0.0327,0.9548,0.9802,donor
HBEGF,-1.5088,0.105,0.5734,donor
ATN1,1.1013,0.01268,0.3192,donor
FTH1,0.0158,0.9722,0.9884,donor
MPP3,0.7315,0.3741,0.6378,donor
DLAT,-0.3495,0.4341,0.6819,donor
COL9A3,-0.0084,0.8831,0.9475,donor
FPR3,0.7354,0.1504,0.6378,donor
FN1,1.2808,0.01851,0.3568,donor
PRKAR2B,0.8713,0.1602,0.6378,donor
PRKAR1B,0.3191,0.5503,0.7581,donor
NFKBIB,1.0724,0.1079,0.5774,donor
PEPD,0.1671,0.6946,0.8472,donor
FAR2,0.6021,0.2013,0.6378,donor
ALDH9A1,-0.4509,0.2389,0.6378,donor
NR4A2,1.9553,0.04719,0.4527,donor
PEG3,0.4525,0.1515,0.6378,donor
ENPP1,-0.2002,0.6962,0.848,donor
PCM1,0.0618,0.7389,0.8742,donor
PDGFRL,0.0087,0.9898,0.9956,donor
PDGFRA,-0.0272,0.1765,0.6378,donor
PCBP1,-0.7475,0.02866,0.4028,donor
PBX3,0.1035,0.7764,0.8935,donor
PAX9,0.156,0.3739,0.6378,donor
PDE6C,0.1856,0.6635,0.8291,donor
FAM127C,0.0534,0.7969,0.9063,donor
FAM127B,-0.423,0.03452,0.4253,donor
FAM127A,-0.0491,0.8676,0.9404,donor
CASZ1,1.2984,0.01849,0.3567,donor
SBK2,-0.1273,0.7796,0.8954,donor
PIRT,0.0829,0.4726,0.7069,donor
FAM183A,-0.4761,0.3339,0.6378,donor
MYO1H,0.0814,0.5453,0.7546,donor
CCHCR1##5,0.0448,0.9575,0.9813,donor
COMMD9,0.1887,0.4282,0.6777,donor
NRD1,-0.064,0.7435,0.8766,donor
TRAPPC2,-0.3371,0.1867,0.6378,donor
KCNK16,1.7317,0.001956,0.2294,donor
ACAA1,0.4004,0.318,0.6378,donor
OR5B21,0.0387,0.3739,0.6378,donor
ARFGAP3,-0.202,0.1199,0.5962,donor
FASTKD2,-0.7226,0.008853,0.2929,donor
F10,0.93,0.2929,0.6378,donor
FAT2,0.1897,0.3736,0.6378,donor
COL10A1,0.9171,0.2925,0.6378,donor
TPD52L2,0.0196,0.9452,0.9765,donor
UBTF,0.7789,0.1286,0.6093,donor
SLC8A1,1.0501,0.06213,0.4892,donor
METTL9,-0.3652,0.03436,0.4253,donor
RAB5C,0.1236,0.6932,0.8465,donor
RABGGTB,-1.0692,0.04271,0.4383,donor
SIDT1,-0.169,0.8033,0.91,donor
RANGAP1,0.4014,0.4893,0.7182,donor
ZNF706,-0.1694,0.3083,0.6378,donor
CD274,0.4371,0.4159,0.669,donor
NDUFB9,-0.2767,0.05879,0.4817,donor
MAVS,1.0944,0.004976,0.2594,donor
CASKIN2,1.0346,0.118,0.5938,donor
GPR158,-0.7035,0.2301,0.6378,donor
METTL1,-1.499,0.2228,0.6378,donor
MTUS1,0.327,0.5915,0.7829,donor
INTS2,1.0747,0.0347,0.4255,donor
DHPS,-0.557,0.2374,0.6378,donor
FGF8,-0.0477,0.08516,0.5404,donor
DIDO1,0.3608,0.2849,0.6378,donor
FANCD2,0.7554,0.3711,0.6378,donor
MRPL39,-0.8702,0.01917,0.3593,donor
GAR1,0.0949,0.8586,0.9363,donor
PDGFD,0.1218,0.3739,0.6378,donor
SCIN,0.9955,0.1854,0.6378,donor
SEC16B,-0.286,0.7546,0.8834,donor
TSPO,0.3861,0.5864,0.7792,donor
EPHX2,-0.4531,0.3984,0.6566,donor
ANKRD26,0.2571,0.1684,0.6378,donor
KLHDC8A,0.9667,0.03035,0.4102,donor
HSPD1,-1.2631,0.008145,0.2835,donor
MINPP1,0.4048,0.1298,0.6115,donor
PDE8A,0.1688,0.4229,0.6736,donor
ANAPC10,-0.3216,0.3864,0.647,donor
FAM189A1,1.419,0.008293,0.285,donor
LINC01473,0.4709,0.411,0.666,donor
KRT10,-0.4314,0.08697,0.5442,donor
KRT9,0.0422,0.3739,0.6378,donor
KIT,-0.0076,0.9069,0.9584,donor
RPS4X,0.1348,0.6385,0.8133,donor
HAPLN1,0.1271,0.2186,0.6378,donor
CUBN,0.3087,0.4798,0.7121,donor
RPS3,-0.0411,0.7048,0.8528,donor
FAM122C,-0.254,0.7029,0.8516,donor
RECQL,-0.4052,0.4093,0.6645,donor
CCRL2,-0.0147,0.3632,0.6378,donor
SELPLG,0.1108,0.3014,0.6378,donor
TM4SF5,0.0102,0.3739,0.6378,donor
CDH16,-0.0394,0.3632,0.6378,donor
PHACTR3,-0.1168,0.6999,0.8501,donor
GPR119,-0.0724,0.9204,0.9642,donor
FAM83C,0.9982,0.04193,0.4367,donor
MAT2B,-0.4818,0.06595,0.5002,donor
DNAAF1,0.6238,0.1784,0.6378,donor
MARCH3,-0.7684,0.1973,0.6378,donor
DSG4,-0.0524,0.4777,0.7106,donor
ARNT,0.3553,0.1506,0.6378,donor
AKAP14,-0.3672,0.465,0.7021,donor
OVCH1,0.0148,0.3739,0.6378,donor
TTLL11,-0.0623,0.9255,0.966,donor
ASIC2,0.0603,0.958,0.9814,donor
ARRDC4,-0.5016,0.405,0.6611,donor
PRSS48,-0.2442,0.2488,0.6378,donor
PXDC1,-0.2072,0.7845,0.8989,donor
SLC25A42,0.9788,0.2533,0.6378,donor
ANKK1,1.4799,0.05812,0.4798,donor
RGS11,1.7087,0.003207,0.2385,donor
STXBP4,-0.859,0.4851,0.716,donor
TMEM26,-0.0126,0.3632,0.6378,donor
SNORA57,0.0969,0.6517,0.8216,donor
POU1F1,-0.0244,0.3632,0.6378,donor
CC2D2A,1.3265,0.02446,0.3848,donor
FAM166B,0.0022,0.9124,0.9601,donor
PFDN2,-0.4134,0.1112,0.5826,donor
ANP32C,-0.3137,0.08694,0.5442,donor
EXOC5,-0.3188,0.2627,0.6378,donor
PICK1,0.9072,0.006294,0.2687,donor
PRDM4,-0.0383,0.9335,0.9701,donor
CDK14,-0.6642,0.0545,0.4715,donor
ICMT,0.2838,0.1963,0.6378,donor
ANP32D,0.085,0.3739,0.6378,donor
SEPT10,-0.3084,0.3133,0.6378,donor
HM13,0.7472,0.02098,0.3644,donor
SLITRK2,-0.6652,0.03819,0.4286,donor
ORC3,-0.1225,0.6828,0.8398,donor
TMED7,-0.3704,0.3707,0.6378,donor
NDUFAF2,-0.3408,0.01758,0.3503,donor
TGIF1,-0.006,0.9907,0.9959,donor
SNORD31,-0.1192,0.5297,0.7444,donor
SNORD30,-0.149,0.3239,0.6378,donor
SNORD29,-0.0671,0.6922,0.8456,donor
SNORD28,-0.4015,0.2757,0.6378,donor
SNORD27,-0.3899,0.1083,0.5782,donor
SNORD26,-0.3529,0.05368,0.4691,donor
SNORD25,-0.6682,0.01989,0.3603,donor
NDRG1,-2.4167,0.006689,0.2732,donor
SS18,-0.2851,0.3001,0.6378,donor
SSX1,0.0148,0.3739,0.6378,donor
SLC44A3,0.2517,0.7992,0.9076,donor
TMEM2,-0.3958,0.6749,0.8352,donor
IL10RB,-0.7336,0.02573,0.39,donor
CD247,0.0295,0.3739,0.6378,donor
MMS19,0.3992,0.03744,0.4276,donor
NOS2,0.5734,0.168,0.6378,donor
TOR1AIP2,-0.4744,0.2091,0.6378,donor
TCEB1,-0.644,0.007965,0.2835,donor
LOC101928093,0.2379,0.3166,0.6378,donor
SLC50A1,0.0704,0.8685,0.941,donor
NCOA6,0.2894,0.4615,0.7002,donor
ANO10,-0.172,0.6867,0.842,donor
FAM173A,-0.2226,0.5423,0.752,donor
C7orf49,0.2998,0.1009,0.5686,donor
C17orf53,0.1721,0.6796,0.8379,donor
ZNF747,0.3345,0.4158,0.669,donor
KCTD14,-0.0339,0.7505,0.8814,donor
LRIG2,-0.316,0.4958,0.7228,donor
AACS,0.4579,0.1406,0.6255,donor
DUSP26,0.6057,0.04734,0.4527,donor
RNU6-45P,0.0438,0.2857,0.6378,donor
VDR,1.6399,0.01745,0.349,donor
EIF4E,-0.311,0.3062,0.6378,donor
CDK6,0.9405,0.05433,0.471,donor
PDE6B,0.3372,0.3768,0.6397,donor
PCCA,0.3576,0.6751,0.8353,donor
GCFC2,-0.4046,0.1315,0.6132,donor
CCDC3,0.3816,0.4646,0.7021,donor
SNX5,-0.0629,0.8055,0.9106,donor
TMEM262,0.0316,0.8096,0.9124,donor
YAE1D1,-0.5007,0.1183,0.594,donor
RIT2,0.0885,0.3739,0.6378,donor
KRT12,0.0477,0.8009,0.9086,donor
KRT18,0.3698,0.3226,0.6378,donor
LBX2,-0.0126,0.3632,0.6378,donor
AOC1,-0.2428,0.4843,0.7154,donor
SPATS2L,0.0049,0.9922,0.9966,donor
GTF3C5,0.1884,0.6444,0.8165,donor
SKA3,-0.1442,0.3639,0.6378,donor
WDR62,0.3192,0.4557,0.6953,donor
LOC642852,1.0946,0.06508,0.4977,donor
CASC2,0.0492,0.9486,0.9778,donor
MGC16142,-0.0987,0.6837,0.8403,donor
DKFZP434H168,-0.1393,0.5383,0.7496,donor
ATP6V0E2-AS1,1.1835,0.004945,0.2594,donor
MBNL1-AS1,0.8142,0.4049,0.6611,donor
ADCY10P1,1.2971,0.2555,0.6378,donor
OXSM,-0.7133,0.0705,0.5094,donor
LINC00899,0.0118,0.9827,0.9925,donor
CEP83-AS1,-0.4616,0.603,0.7914,donor
LOC100422737,0.0611,0.4703,0.7049,donor
GUSBP1,0.376,0.565,0.7665,donor
PKD1L2,0.0148,0.3739,0.6378,donor
LOC151174,1.654,0.06541,0.4983,donor
MTVR2,0.0563,0.3739,0.6378,donor
LOC645752,0.4588,0.1813,0.6378,donor
ASH1L-AS1,0.3016,0.6719,0.8335,donor
LOC643387,0.2779,0.04714,0.4527,donor
MGC2889,-1.3531,0.01907,0.3592,donor
LOC150776,0.9489,0.0539,0.4695,donor
LOC202181,1.4869,0.01362,0.325,donor
MORC2-AS1,1.0199,0.1392,0.6239,donor
GOLGA8A,-0.191,0.6123,0.7965,donor
GORAB,-0.0005,0.9991,0.9995,donor
ELOVL5,-0.7157,0.09104,0.552,donor
HPN-AS1,0.0625,0.8004,0.9082,donor
RPL21P28,0.0032,0.9744,0.9893,donor
YBX3P1,-0.1289,0.2187,0.6378,donor
RNF217-AS1,1.2234,0.107,0.5755,donor
POP4,-0.1377,0.4822,0.7136,donor
LOC146880,0.3588,0.2561,0.6378,donor
LINC01011,0.107,0.8108,0.9129,donor
THUMPD3-AS1,-0.3885,0.5073,0.7307,donor
CD8A,1.0562,0.1691,0.6378,donor
AP5M1,0.0613,0.7949,0.9053,donor
AMZ2P1,-0.1451,0.7034,0.852,donor
FLJ37201,0.457,0.4008,0.6585,donor
AFAP1-AS1,0.2628,0.2351,0.6378,donor
FLJ10038,-0.7753,0.3336,0.6378,donor
GOLGA2P7,0.1827,0.3202,0.6378,donor
LINC00691,-0.1147,0.8601,0.9371,donor
LINC00965,0.0148,0.3739,0.6378,donor
LINC00965##1,0.0592,0.3007,0.6378,donor
RPSAP9,-0.0669,0.8631,0.9385,donor
HOMER3,0.014,0.9637,0.9839,donor
LOC100270804,0.9992,0.2334,0.6378,donor
DKFZP434K028,-0.1724,0.1589,0.6378,donor
MGC12916,-0.1246,0.3985,0.6567,donor
FAM185A,1.065,0.07743,0.5229,donor
FAM106A,0.2795,0.2763,0.6378,donor
LOC100130417,1.4239,0.02175,0.3666,donor
LINC00174,0.8915,0.1665,0.6378,donor
ZNF300P1,-1.7633,0.1243,0.6022,donor
PRSS30P,0.5458,0.2997,0.6378,donor
LINC00473,0.3896,0.7435,0.8766,donor
ULK4P3,-0.0286,0.3632,0.6378,donor
BAIAP2-AS1,0.6875,0.2437,0.6378,donor
LOC401127,-0.1403,0.4988,0.7248,donor
HCG27,0.3225,0.6612,0.828,donor
LOC285074,0.3484,0.3615,0.6378,donor
DSCR8,-0.0645,0.9309,0.9688,donor
LOC400940,0.0341,0.7904,0.9027,donor
LINC01105,-0.0067,0.993,0.9969,donor
LINC00661,0.1012,0.3739,0.6378,donor
LINC00839,-1.0617,0.3289,0.6378,donor
INTS9,0.6166,0.1931,0.6378,donor
PSORS1C3,0.6246,0.2101,0.6378,donor
LINC01554,0.2039,0.2436,0.6378,donor
ITGB8,1.0882,0.1126,0.586,donor
ANXA1,0.0323,0.5288,0.7439,donor
MFSD3,1.3798,0.01875,0.3569,donor
SNRPC,-0.2162,0.2363,0.6378,donor
ITGB1,-0.2437,0.44,0.6861,donor
SRPR,0.5661,0.1692,0.6378,donor
SSSCA1-AS1,-0.6165,0.2334,0.6378,donor
TMX2,-0.527,0.04727,0.4527,donor
RASGRP3,0.7403,0.316,0.6378,donor
STOM,0.2267,0.3816,0.6434,donor
USP39,-0.2764,0.1947,0.6378,donor
MED23,0.1391,0.7034,0.852,donor
UBE2J1,0.0015,0.9949,0.9979,donor
LUC7L2,-0.2186,0.5495,0.7575,donor
EIF3L,-0.0878,0.4435,0.6879,donor
ZNF226,-0.1359,0.6559,0.8243,donor
IST1,0.09,0.4829,0.7142,donor
POP5,0.2855,0.3669,0.6378,donor
TATDN2,0.8924,0.2237,0.6378,donor
GSTK1,-0.0455,0.8725,0.9425,donor
SLC25A39,0.0756,0.8118,0.9134,donor
PCNXL2,1.6418,0.01259,0.3191,donor
CKAP5,0.9028,0.01084,0.3088,donor
BDNF-AS,0.1432,0.8556,0.9348,donor
CSN1S2BP,0.0422,0.3739,0.6378,donor
CCDC163P,-0.2339,0.48,0.7122,donor
UMPS,0.2771,0.4571,0.6966,donor
PRMT1,0.3185,0.0378,0.4276,donor
C20orf166-AS1,0.0903,0.3739,0.6378,donor
LOC283440,0.02,0.3739,0.6378,donor
GPR56,1.1461,0.01121,0.3119,donor
SRPK1,-0.0959,0.7246,0.8657,donor
BMP1,0.3216,0.6336,0.8099,donor
UNK,-0.466,0.1709,0.6378,donor
PSMA3,-0.6825,0.03879,0.4295,donor
PTCD1,-0.0326,0.6598,0.8272,donor
SULF1,2.8159,0.04716,0.4527,donor
UNC119B,0.9364,0.003107,0.2385,donor
UNC13C,0.1306,0.2116,0.6378,donor
TMEM133,-0.36,0.5897,0.7816,donor
DIXDC1,-0.4153,0.2204,0.6378,donor
PDYN,0.2567,0.3739,0.6378,donor
ODF1,0.0961,0.3739,0.6378,donor
NPPC,0.0115,0.9756,0.9899,donor
NOTCH2,0.0966,0.6393,0.8136,donor
KLF16,0.2206,0.8131,0.9141,donor
STK40,0.2898,0.4874,0.7176,donor
NDUFS7,0.2036,0.4852,0.7161,donor
RNF26,0.492,0.08373,0.5392,donor
SETDB2,1.758,0.06425,0.4961,donor
DCAF10,-0.1037,0.7875,0.901,donor
SYT16,2.5404,0.01147,0.3139,donor
ESYT3,-0.5366,0.359,0.6378,donor
TMEM245,-0.2449,0.5316,0.7456,donor
CNTNAP4,0.1662,0.3406,0.6378,donor
PCDHGA2,0.0765,0.9196,0.964,donor
GORASP1,0.3405,0.1308,0.6129,donor
HDAC8,0.1225,0.6349,0.811,donor
RBM14,1.1395,0.1236,0.6022,donor
KCNQ5,0.4473,0.09395,0.5571,donor
ALDH7A1,-0.8004,0.4571,0.6966,donor
DNAL1,0.7493,0.01037,0.3057,donor
POC1B,-0.9551,0.3363,0.6378,donor
AK3,-0.251,0.2112,0.6378,donor
CLYBL-AS1,0.1218,0.3739,0.6378,donor
GRTP1-AS1,0.0824,0.3046,0.6378,donor
USP38,0.0128,0.9587,0.9814,donor
NCK1,-0.2568,0.4924,0.7204,donor
RUFY3,-0.0023,0.9906,0.9958,donor
USP12-AS1,-0.0204,0.8505,0.9325,donor
PAK3,0.7144,0.08974,0.5492,donor
UNC5C,2.2717,0.002544,0.2306,donor
PID1,1.2641,0.05798,0.4797,donor
C10orf67,-1.1417,0.04738,0.4527,donor
LINC00276,-0.0779,0.2099,0.6378,donor
CYP2D7##1,0.0377,0.233,0.6378,donor
NMRAL1,0.2505,0.4691,0.7043,donor
HS3ST5,-0.189,0.2636,0.6378,donor
BEND2,0.1841,0.3739,0.6378,donor
SPC25,0.3452,0.61,0.7949,donor
LUC7L,0.7307,0.00202,0.2294,donor
WDR6,0.7381,0.06053,0.4854,donor
CLK4,-0.4845,0.3581,0.6378,donor
FUT10,0.4036,0.6458,0.8173,donor
PCGF1,-0.577,0.244,0.6378,donor
ZNF337-AS1,-0.43,0.4363,0.6834,donor
IQUB,0.964,0.158,0.6378,donor
KRTAP4-1,-0.0205,0.3632,0.6378,donor
KRTAP4-11,0.1086,0.2321,0.6378,donor
POLR2J2,-0.4563,0.1003,0.5678,donor
TRIM55,0.0387,0.3739,0.6378,donor
URM1,-0.1473,0.5665,0.7673,donor
C6orf25##2,-0.0144,0.8694,0.9413,donor
SLC44A4##6,-0.159,0.6217,0.8028,donor
FAM86C2P,0.7007,0.3084,0.6378,donor
RNU6-46P,-0.0147,0.3632,0.6378,donor
FMR1-AS1,-0.1077,0.7333,0.8713,donor
LOC646471,0.7008,0.2815,0.6378,donor
CD24,-1.5865,0.02112,0.3644,donor
CD209,0.061,0.798,0.9068,donor
IL10RA,-1.0371,0.2193,0.6378,donor
ZNF204P,0.0556,0.8259,0.9203,donor
SNHG20,-0.4543,0.4899,0.7184,donor
CRCP,0.3841,0.1451,0.6333,donor
TMEM11,-0.482,0.1952,0.6378,donor
BPHL,-0.3541,0.6141,0.7978,donor
SNHG7,-0.1917,0.7757,0.8931,donor
LINC01588,-0.5258,0.2367,0.6378,donor
GSTM4,-0.6712,0.5018,0.7268,donor
GSTM3,-0.7976,0.09352,0.5569,donor
RBM18,-0.6048,0.0269,0.3947,donor
RPL23AP7,-0.1467,0.7389,0.8742,donor
LINC00999,0.7081,0.1147,0.5869,donor
REG3G,-0.0267,0.6159,0.799,donor
TMEM201,0.9003,0.1425,0.6293,donor
RSU1P2,0.0296,0.9182,0.963,donor
LOC646813,0.0288,0.3739,0.6378,donor
LMLN,0.951,0.1044,0.5734,donor
BCRP3,0.0624,0.2483,0.6378,donor
LOC100129534,0.8392,0.03543,0.4276,donor
GOLGA8IP,0.0102,0.3739,0.6378,donor
C21orf62-AS1##1,-1.5144,0.0435,0.4414,donor
LOC100130093,0.7825,0.1136,0.5863,donor
CECR5-AS1,-0.27,0.4896,0.7184,donor
RESP18,-0.0467,0.7475,0.8791,donor
MRPL23-AS1,-0.6158,0.02602,0.3914,donor
LOC100130987,0.227,0.5527,0.7593,donor
LSM5,-0.3287,0.319,0.6378,donor
DCTN1-AS1,0.0388,0.7633,0.8865,donor
RAMP2-AS1,-0.1529,0.4096,0.6649,donor
CCDC66,-0.4529,0.3746,0.6381,donor
LINC01134,-0.0127,0.885,0.9483,donor
LOC100134368,-0.2166,0.5081,0.7315,donor
GUSBP11,1.522,0.01309,0.3225,donor
ZXDB,-0.2926,0.5861,0.779,donor
ZXDA,-0.668,0.2299,0.6378,donor
ZP3,0.061,0.918,0.963,donor
CACNA1D,0.7139,0.107,0.5755,donor
TDRD6,0.8409,0.3685,0.6378,donor
SFXN2,0.7474,0.282,0.6378,donor
GALNT16,0.6606,0.471,0.7054,donor
TNIP3,-0.066,0.2634,0.6378,donor
CEP135,0.7381,0.3077,0.6378,donor
LOC100129216,0.0288,0.3739,0.6378,donor
KRT8,-0.1265,0.6743,0.835,donor
HEXA,0.3505,0.2393,0.6378,donor
ZNF254,-0.6093,0.2187,0.6378,donor
ZNF33A,0.1751,0.4506,0.6924,donor
ZBTB1,-0.464,0.1561,0.6378,donor
TMEM14E,0.3093,0.4235,0.6743,donor
THAP8,0.675,0.05709,0.4783,donor
GGN,0.258,0.5845,0.7783,donor
DAND5,0.1268,0.5822,0.7769,donor
LYPLAL1,-0.1439,0.6246,0.8047,donor
TRIM69##1,-0.5311,0.5519,0.7586,donor
LIPH,-0.5725,0.5152,0.7361,donor
YWHAB,-0.2832,0.4935,0.7212,donor
FAM227B,-0.059,0.9141,0.9608,donor
FAM24B,-1.3956,0.0021,0.2294,donor
ARID2,0.747,0.1175,0.5927,donor
LINGO2,-1.5378,0.1214,0.5972,donor
METTL7B,-0.0245,0.3632,0.6378,donor
SLC17A8,0.0288,0.3739,0.6378,donor
UQCRH,-0.1649,0.1592,0.6378,donor
CHRFAM7A,-0.0415,0.6623,0.8284,donor
KCNH8,2.3851,0.001367,0.2225,donor
FAM81A,1.1435,0.1308,0.6129,donor
SNX31,-0.1137,0.5365,0.7487,donor
ZNF92,-1.0462,0.254,0.6378,donor
BIRC7,-0.0245,0.3632,0.6378,donor
GAS2L2,-0.0126,0.3632,0.6378,donor
SGMS2,-0.0358,0.9533,0.9796,donor
MCFD2,-0.0156,0.968,0.9863,donor
C1orf105,-0.0126,0.3632,0.6378,donor
CARS,-0.3671,0.4055,0.6615,donor
CCDC116,0.211,0.3739,0.6378,donor
LRRN4,0.0524,0.2692,0.6378,donor
TMEM206,0.1552,0.8661,0.9399,donor
GPR123,-0.0034,0.9974,0.9991,donor
DNAAF2,-0.1424,0.4756,0.7093,donor
BANK1,0.4336,0.516,0.7363,donor
ZNF331,-0.4549,0.08103,0.5328,donor
BSCL2,0.2954,0.3896,0.65,donor
FCGBP,0.5775,0.4126,0.6673,donor
MSI1,0.5809,0.2126,0.6378,donor
MSH5##3,0.0859,0.07068,0.5094,donor
RWDD1,-0.226,0.07641,0.5216,donor
RRP15,0.6851,0.2569,0.6378,donor
GET4,0.0147,0.9693,0.9869,donor
EMC9,0.1678,0.6073,0.7934,donor
ISOC1,-0.2589,0.4037,0.6604,donor
SLC35B3,-0.215,0.6416,0.8148,donor
SPARCL1,3.8499,0.03741,0.4276,donor
RB1CC1,0.4782,0.1089,0.5791,donor
SLMO2,-0.4903,0.1319,0.6138,donor
SLC35C2,0.2774,0.4583,0.6976,donor
FAHD2A,0.1765,0.6884,0.8429,donor
AMDHD2,0.3668,0.4039,0.6604,donor
CUL7,0.8707,0.04616,0.4496,donor
DERL2,-0.1807,0.4603,0.6992,donor
GIT2,0.6606,0.1185,0.5941,donor
TRMT6,-0.4918,0.1175,0.5927,donor
NMD3,-1.273,0.0582,0.4798,donor
CTIF,0.8575,0.2962,0.6378,donor
UTP11L,-0.0423,0.9197,0.9641,donor
METTL13,0.3701,0.3405,0.6378,donor
SUV420H1,-0.2161,0.5618,0.7646,donor
MRPS2,-0.0726,0.7968,0.9063,donor
NOP58,-0.8074,0.0861,0.5432,donor
RMDN1,0.1919,0.6726,0.8338,donor
AGAP2,0.1216,0.589,0.7811,donor
SPOCK2,1.0919,0.1206,0.5962,donor
SSUH2,0.2331,0.4661,0.7024,donor
LIPT1,-0.9563,0.04326,0.4404,donor
DHRS7,-0.2242,0.2617,0.6378,donor
TRAPPC12,0.2009,0.6905,0.8447,donor
SCRN1,0.7077,0.000951,0.209,donor
TGFB1I1,-0.679,0.2988,0.6378,donor
LACTB2,-0.4599,0.1726,0.6378,donor
DERA,-0.9289,0.04323,0.4404,donor
TEX264,0.2434,0.4119,0.6668,donor
MRPL19,-0.2963,0.1174,0.5927,donor
DHCR24,-0.0902,0.8389,0.9262,donor
APH1A,-0.3846,0.3987,0.6568,donor
CUTA##1,0.197,0.3428,0.6378,donor
LETMD1,0.2764,0.3487,0.6378,donor
ST3GAL4-AS1,-0.4834,0.2216,0.6378,donor
TUBB,-0.3313,0.3586,0.6378,donor
LINC00927,0.0288,0.3739,0.6378,donor
LINC01121,0.679,0.1418,0.6276,donor
NDUFA11,0.0569,0.8235,0.9194,donor
EIF1B-AS1,0.179,0.6457,0.8173,donor
MIR186,-0.101,0.3582,0.6378,donor
FMR1,-0.9128,0.07281,0.5151,donor
SRSF1,-0.5501,0.01097,0.3105,donor
NOX5,0.1148,0.1363,0.6198,donor
EPOR,0.8023,0.0512,0.4645,donor
LMF1,1.6402,0.06063,0.4855,donor
SNORD15A,-0.2945,0.1257,0.604,donor
ST13P4,0.1098,0.3959,0.6546,donor
PPRC1,0.0252,0.9615,0.9828,donor
SPATA13-AS1,0.0673,0.3739,0.6378,donor
HCCS,-0.717,0.2349,0.6378,donor
PXYLP1,0.256,0.4733,0.7075,donor
ANKS1B,-0.2237,0.7535,0.8827,donor
TMEM136,-0.0613,0.9322,0.9695,donor
UBE4A,-0.5413,0.1714,0.6378,donor
GUCY2EP,-0.0369,0.5625,0.7649,donor
HMGN3,0.6145,0.06884,0.5058,donor
CXorf56,-0.1627,0.6035,0.7916,donor
PLEKHG4,0.3808,0.624,0.8045,donor
SH3GL1,0.9055,0.1302,0.612,donor
SESN1,-1.0448,0.06759,0.5022,donor
SIAE,-0.0901,0.907,0.9584,donor
PDK2,0.2192,0.5174,0.7371,donor
LAMP5,-0.1988,0.3535,0.6378,donor
GDPD4,-0.1078,0.8044,0.9104,donor
SCNN1D,1.7804,0.03703,0.4276,donor
HMGB2,-1.1421,0.006202,0.2679,donor
IPCEF1,-0.3083,0.5709,0.77,donor
TMEM218,1.0532,0.04094,0.434,donor
NBL1##2,0.02,0.3739,0.6378,donor
ABHD16B,0.3909,0.2288,0.6378,donor
SAMD10,0.049,0.9445,0.9762,donor
SNAP91,-0.1047,0.7667,0.8882,donor
STRA6,-0.0472,0.5856,0.7787,donor
SENP2,0.7711,0.05519,0.4734,donor
TRPV4,0.2425,0.3017,0.6378,donor
HRH4,0.4018,0.2976,0.6378,donor
PCF11,0.4215,0.1156,0.5888,donor
CCDC117,-0.8444,0.02294,0.3739,donor
COMMD4,0.255,0.3252,0.6378,donor
WDR86,-0.3691,0.1724,0.6378,donor
KIF20B,-1.097,0.2175,0.6378,donor
GUCD1,0.419,0.2813,0.6378,donor
BCAT2,0.0043,0.9903,0.9957,donor
SIPA1L1,0.9437,0.002355,0.2294,donor
TMEM126B,-0.6204,0.01297,0.3218,donor
ACTG2,0.0601,0.5593,0.7631,donor
VWA9,-0.2658,0.2649,0.6378,donor
C5AR1,0.6518,0.3813,0.6434,donor
C1S,-0.0545,0.7182,0.8613,donor
CALM2,-0.1657,0.565,0.7665,donor
CALCR,0.1218,0.3739,0.6378,donor
CA5A,0.1151,0.1974,0.6378,donor
CCDC83,-0.1351,0.5103,0.7333,donor
SARAF,-0.2722,0.2607,0.6378,donor
LPIN1,0.1986,0.3954,0.6544,donor
PPP1R1C,0.9627,0.04987,0.4609,donor
IL1R2,0.1413,0.7262,0.8665,donor
RP1L1,-0.1718,0.4876,0.7177,donor
LIAS,-0.445,0.3003,0.6378,donor
ATP6V1A,-0.1002,0.7264,0.8667,donor
ATP5G3,-0.1731,0.1965,0.6378,donor
ATP5F1,-0.1991,0.4208,0.6722,donor
ATP5D,0.3681,0.1552,0.6378,donor
DHFR,0.4187,0.2336,0.6378,donor
SELL,-0.0147,0.3632,0.6378,donor
FAM46C,1.0449,0.004181,0.2594,donor
FAM83E,0.3468,0.1909,0.6378,donor
KANK1,0.0253,0.9786,0.991,donor
ESRP1,-0.3755,0.231,0.6378,donor
WDR55,0.0502,0.909,0.9592,donor
PAQR5,0.1229,0.7978,0.9067,donor
MFSD6,-0.2228,0.5004,0.7262,donor
MRPL44,-0.3471,0.1242,0.6022,donor
PPP2R3A,-0.6364,0.5247,0.7414,donor
TMEM151B,-0.7822,0.2766,0.6378,donor
ALDH3A1,0.079,0.3739,0.6378,donor
ALDH1A1,-0.6718,0.147,0.6358,donor
TINCR,0.1552,0.8744,0.9435,donor
DNAJC9,0.2277,0.4841,0.7153,donor
ALDH2,0.1347,0.8019,0.9091,donor
FNTB,-0.1644,0.6338,0.8101,donor
CFD,-0.3695,0.4827,0.714,donor
ADM5,0.1299,0.6488,0.8192,donor
DES,-0.9463,0.04539,0.4468,donor
EIF3G,0.2232,0.3485,0.6378,donor
SPNS1,0.9734,0.02501,0.3868,donor
MAPRE2,0.2863,0.3211,0.6378,donor
ZBTB9,0.5412,0.5141,0.7355,donor
C6orf89,0.3053,0.18,0.6378,donor
BTBD9,0.6457,0.1357,0.6194,donor
SEPT12,-0.0433,0.8022,0.9092,donor
BEND6,0.7036,0.3712,0.6378,donor
GLIS3,0.3647,0.4482,0.6907,donor
BBS12,0.0586,0.8701,0.9415,donor
PARP15,0.0148,0.3739,0.6378,donor
SCARNA9,0.2942,0.3804,0.6428,donor
OSBPL6,-1.9996,0.0172,0.3475,donor
ZBTB37,-0.0513,0.9525,0.9792,donor
FAM124B,0.02,0.3739,0.6378,donor
ASPA,0.055,0.3739,0.6378,donor
KIF17,0.7238,0.2839,0.6378,donor
NFKBIL1,0.5505,0.4127,0.6673,donor
TMEM253,0.2124,0.5767,0.7735,donor
ME3,0.2653,0.4936,0.7212,donor
SH2D3C,0.7138,0.1786,0.6378,donor
NAE1,-0.0107,0.957,0.9811,donor
RTN3,-0.5416,0.0813,0.533,donor
ZNF267,-2.3075,0.072,0.513,donor
UPF3B,-0.401,0.2043,0.6378,donor
HIST1H2BK,0.3086,0.596,0.7866,donor
SIGLEC11,0.1873,0.09702,0.5632,donor
SLC26A7,0.1117,0.702,0.8515,donor
PIK3IP1,-0.0533,0.9386,0.973,donor
IL17F,0.1034,0.3739,0.6378,donor
KCNE4,2.1662,0.03343,0.4212,donor
NALCN,0.7613,0.05048,0.4623,donor
DDX55,0.2111,0.6698,0.832,donor
ZNFX1,-0.2116,0.5135,0.7352,donor
WDR33,-0.2935,0.3007,0.6378,donor
RAP2A,-0.3667,0.5553,0.7605,donor
ARHGAP42,1.513,0.06274,0.4913,donor
ARSF,0.0275,0.3739,0.6378,donor
ZNF750,0.8395,0.26,0.6378,donor
SNIP1,0.2995,0.5105,0.7333,donor
CAMKK1,0.8192,0.05331,0.4683,donor
C12orf57,-0.148,0.2826,0.6378,donor
CARD16,0.0275,0.3739,0.6378,donor
DYDC2,0.6964,0.2113,0.6378,donor
NIPAL2,0.4733,0.2543,0.6378,donor
ZNF414,-0.274,0.3656,0.6378,donor
LZIC,-0.7278,0.03421,0.4253,donor
ZBED3,-0.5546,0.4422,0.6872,donor
C16orf13,-0.6447,0.04109,0.434,donor
DNAJC14,0.1694,0.4652,0.7022,donor
AGMAT,-0.145,0.6051,0.7927,donor
MMRN2,0.1161,0.5849,0.7783,donor
CCDC77,-1.3252,0.1605,0.6378,donor
NAA38,-0.1102,0.6402,0.8139,donor
MON1A,1.0822,0.04929,0.4588,donor
ZWINT,0.5051,0.6002,0.7894,donor
CCDC88B,0.3278,0.5344,0.7471,donor
NDST1,2.0053,0.01992,0.3603,donor
NUDT16L1,0.3854,0.3752,0.6385,donor
MXRA8,0.2408,0.4819,0.7134,donor
PDCD2L,0.3119,0.2375,0.6378,donor
WIBG,0.1251,0.5781,0.7744,donor
HPS6,-0.1338,0.8919,0.9507,donor
CHCHD6,0.4856,0.04268,0.4383,donor
HHIPL2,0.1846,0.1902,0.6378,donor
SHCBP1,0.2986,0.1442,0.6317,donor
MIEN1,-0.2367,0.1236,0.6022,donor
LLPH,-0.4029,0.07338,0.5161,donor
PHF6,0.0734,0.8293,0.9221,donor
WDR83,1.1631,0.0106,0.3063,donor
ING5,0.0351,0.9441,0.976,donor
IQCG,0.5016,0.5284,0.7436,donor
PCDHGA4,-0.7023,0.3177,0.6378,donor
FSD1L,0.0963,0.7712,0.8906,donor
LOC101927139,-0.008,0.9534,0.9796,donor
RABL6,0.7524,0.07622,0.5216,donor
ISOC2,0.8216,0.1844,0.6378,donor
PRADC1,0.8678,0.02393,0.3815,donor
DNAJC30,0.629,0.05551,0.4741,donor
ZNF385D,-0.9582,0.2282,0.6378,donor
NOA1,-0.3452,0.5572,0.7617,donor
YIPF4,-1.0403,0.004402,0.2594,donor
POLDIP3,0.2023,0.5726,0.7712,donor
C9orf89,-0.8854,0.05755,0.4792,donor
SYT3,0.3439,0.5053,0.7292,donor
ALKBH7,0.2928,0.2834,0.6378,donor
FLYWCH1,0.5621,0.3501,0.6378,donor
SLC37A3,-0.8176,0.1715,0.6378,donor
LOC643201,0.3379,0.5692,0.7688,donor
OGFRP1,0.285,0.2026,0.6378,donor
PPIAP30,0.4565,0.4041,0.6604,donor
PRCD,0.0379,0.6747,0.8351,donor
KLHL7,-0.2849,0.5764,0.7733,donor
CYTH3,0.7968,0.1633,0.6378,donor
LCK,0.0022,0.9124,0.9601,donor
EFTUD2,0.6628,0.1954,0.6378,donor
FOS,0.9439,0.1169,0.592,donor
FOXL1,-0.0125,0.3632,0.6378,donor
FER,0.331,0.5018,0.7268,donor
NCOA7,-0.77,0.4441,0.6882,donor
NDUFS1,0.3885,0.2254,0.6378,donor
PLEKHB1,0.2267,0.8504,0.9324,donor
ZNF562,0.845,0.02195,0.3682,donor
SETBP1,0.5497,0.08406,0.5399,donor
ZNF518A,0.3432,0.3045,0.6378,donor
BMS1,0.3665,0.1756,0.6378,donor
ZNF211,-0.0126,0.9813,0.9919,donor
CNTN6,0.0148,0.3739,0.6378,donor
DCLRE1C,-0.1301,0.7052,0.8529,donor
LIPA,0.2127,0.7286,0.868,donor
MAGEA8,0.0148,0.3739,0.6378,donor
RIPPLY1,-0.0126,0.3632,0.6378,donor
LDB3,0.1066,0.5317,0.7456,donor
ZNF580,0.7765,0.01404,0.3288,donor
FAM172A,-0.1025,0.7245,0.8657,donor
ZSCAN12,-0.66,0.4996,0.7256,donor
QPCTL,0.798,0.2441,0.6378,donor
GDF9,0.4871,0.4976,0.7239,donor
OLFM3,0.4717,0.3924,0.6521,donor
THSD4,0.1652,0.501,0.7266,donor
NME4,0.0568,0.8877,0.9491,donor
ATM,0.7332,0.04854,0.4563,donor
SYTL2,-0.2113,0.6401,0.8138,donor
SLC22A23,1.9452,0.01523,0.3355,donor
GLB1L,1.3039,0.1287,0.6094,donor
MERTK,-0.4195,0.4918,0.7201,donor
SPON1,-1.1511,0.2567,0.6378,donor
PAX8,-0.836,0.3731,0.6378,donor
CDK5RAP1,0.5984,0.05917,0.4822,donor
UBAP2,0.4996,0.1556,0.6378,donor
C11orf73,-0.128,0.5014,0.7266,donor
HYPK,0.1788,0.2504,0.6378,donor
ETNK1,-0.377,0.1287,0.6094,donor
OGFOD1,0.3144,0.4311,0.6798,donor
SLC16A10,-0.6515,0.3245,0.6378,donor
DNAJA4,-0.1234,0.8054,0.9106,donor
CSGALNACT2,-0.636,0.09709,0.5633,donor
ASH1L,1.0776,0.05116,0.4645,donor
AKAP7,-0.3641,0.4158,0.669,donor
CYYR1,-1.0602,0.138,0.6217,donor
PLCE1,-0.1849,0.7729,0.8915,donor
RAB9B,0.0433,0.8935,0.9517,donor
ISYNA1,-0.1682,0.805,0.9106,donor
GP6,0.4932,0.158,0.6378,donor
LRRC8E,0.1496,0.7761,0.8933,donor
RDX,-0.4108,0.04705,0.4527,donor
NEK9,0.6923,0.04243,0.4383,donor
RTEL1,0.0086,0.9775,0.9907,donor
CYP3A43,0.0822,0.1997,0.6378,donor
LZTS2,1.1985,0.1284,0.6093,donor
ARTN,0.0834,0.802,0.9091,donor
PRAC1,0.0288,0.3739,0.6378,donor
C7orf50,-0.1435,0.7005,0.8506,donor
MASP2,1.0663,0.003545,0.2497,donor
APOE,-0.0024,0.9788,0.9911,donor
C2orf70,-0.8989,0.1495,0.6378,donor
GK,0.2411,0.4732,0.7075,donor
CLCN5,0.7768,0.2213,0.6378,donor
ZNF205,0.1155,0.8441,0.9288,donor
ANO2,0.0288,0.3739,0.6378,donor
NCAM1-AS1,0.1164,0.4874,0.7176,donor
FLNB,0.7675,0.1326,0.6156,donor
PRKAR1A,-0.1663,0.5591,0.763,donor
APPBP2,0.2022,0.5029,0.7275,donor
MRPS31,-0.0585,0.8822,0.9473,donor
DEFB1,0.0036,0.9564,0.9808,donor
MTMR7,0.0086,0.9791,0.9911,donor
SLC35B1,0.5325,0.1846,0.6378,donor
LRRC17,0.9652,0.1424,0.6292,donor
EIF1AY,0.4137,0.8488,0.9317,donor
ARHGEF34P,0.0581,0.8589,0.9364,donor
MIR26A2,0.0477,0.3739,0.6378,donor
MIR130B,0.02,0.3739,0.6378,donor
LINC00888,-0.6853,0.2312,0.6378,donor
LINC00582,0.0644,0.5604,0.7638,donor
LINC00707,0.055,0.3739,0.6378,donor
VAC14-AS1,0.6848,0.2283,0.6378,donor
MIR124-2HG,0.0416,0.6912,0.8452,donor
MIR301A,-0.0126,0.3632,0.6378,donor
WFDC21P,0.2478,0.263,0.6378,donor
ZNF695,-0.0665,0.3718,0.6378,donor
MIR3605,0.0705,0.5318,0.7456,donor
POU5F1P3,0.4773,0.2551,0.6378,donor
GOLGA8T,0.0288,0.3739,0.6378,donor
SVILP1,0.0525,0.1108,0.5826,donor
LOC389906,-0.5902,0.3475,0.6378,donor
LINC00884,0.6412,0.3118,0.6378,donor
LOC389641,-0.2337,0.2695,0.6378,donor
CSTF3-AS1,0.0424,0.9502,0.9781,donor
MIR3173,0.0022,0.9124,0.9601,donor
MIR200C,-0.017,0.6102,0.7951,donor
LINC00619,0.0422,0.3739,0.6378,donor
LHX4-AS1,0.8207,0.0582,0.4798,donor
LOC100131257,-0.2103,0.1956,0.6378,donor
LOC100507334,-0.0149,0.9025,0.956,donor
PCAT6,-0.4701,0.3085,0.6378,donor
BBS4,0.5218,0.1354,0.6189,donor
PHEX-AS1,0.141,0.3739,0.6378,donor
STARD7-AS1,-0.6832,0.3996,0.6573,donor
GPX2,-1.6544,0.03385,0.4236,donor
BRSK2,1.4805,0.01636,0.3436,donor
KIAA1656,0.6509,0.1969,0.6378,donor
PCGF5,-0.5716,0.2477,0.6378,donor
SDF2,-0.0457,0.8497,0.9323,donor
MSTO1,0.7383,0.05335,0.4683,donor
ZNF85##1,-0.969,0.3134,0.6378,donor
ATG7,-0.5056,0.3455,0.6378,donor
ARC,-0.0289,0.9644,0.9842,donor
CCRN4L,-0.8966,0.25,0.6378,donor
NCBP2,-0.1352,0.4576,0.697,donor
CASC3,-0.2779,0.4186,0.6707,donor
ANKIB1,0.5606,0.09555,0.5598,donor
SRSF6,0.035,0.9233,0.9656,donor
LAMB4,0.8472,0.1705,0.6378,donor
CCL7,-0.0045,0.8055,0.9106,donor
GNA12,0.8395,0.007817,0.2823,donor
CELA3B,0.7716,0.2443,0.6378,donor
S100A1,0.0133,0.723,0.8645,donor
DPF2,-0.0262,0.922,0.9652,donor
SEMA4D,0.7451,0.03433,0.4253,donor
LRRN2,0.456,0.4425,0.6873,donor
MCRS1,0.2302,0.5042,0.7283,donor
LINC00701,0.187,0.3583,0.6378,donor
TBC1D8,1.3085,0.0463,0.4499,donor
PLG,-0.0689,0.6215,0.8026,donor
ADRBK1,1.1982,0.05396,0.4695,donor
PAPLN,0.8065,0.3003,0.6378,donor
PLD5,-0.4473,0.4674,0.7033,donor
TCTEX1D1,1.405,0.06888,0.5058,donor
RALGPS2,-0.3069,0.5528,0.7593,donor
FAM76A,0.2859,0.3365,0.6378,donor
ZNF585A,0.1555,0.6379,0.8129,donor
UBE2E2,0.4576,0.2922,0.6378,donor
ZNF48,0.5453,0.4476,0.6901,donor
KNDC1,1.3047,0.08425,0.5399,donor
ZNF417,-0.3514,0.5879,0.7801,donor
DCP2,-0.8083,0.111,0.5826,donor
C12orf66,0.9882,0.102,0.5697,donor
RNF168,0.1868,0.5106,0.7334,donor
WBP2NL,-0.4173,0.1669,0.6378,donor
MFSD6L,-0.4232,0.5491,0.7574,donor
SDE2,-0.802,0.03106,0.4122,donor
KCNAB1,1.4804,0.02282,0.3736,donor
FMR1NB,0.0586,0.6382,0.8132,donor
WFDC10B,0.1117,0.3739,0.6378,donor
AK8,0.7946,0.1077,0.5768,donor
TPM1,-0.1852,0.4794,0.7119,donor
DIO2,0.039,0.2369,0.6378,donor
NUPL1,-0.3983,0.09993,0.5676,donor
ZNF7,-0.4396,0.2319,0.6378,donor
GLIPR2,-0.1487,0.8624,0.9381,donor
ZKSCAN1,0.3546,0.3915,0.6514,donor
TTN,1.1676,0.01503,0.3349,donor
SPON2,-0.0195,0.9801,0.9916,donor
DSTN,-0.3852,0.01012,0.3021,donor
RAB31,0.0265,0.9453,0.9765,donor
TSPAN1,-0.6661,0.5164,0.7365,donor
ARPC4,-0.045,0.7651,0.8875,donor
ARPC5,-0.5869,0.002911,0.2338,donor
GIPC1,-0.0676,0.9229,0.9655,donor
COL4A3BP,-0.0653,0.8452,0.9294,donor
PQBP1,0.1394,0.6312,0.809,donor
KLRG1,1.2278,0.1122,0.5847,donor
MPZL2,0.0903,0.3739,0.6378,donor
GPC6,0.8592,0.4259,0.6759,donor
TDRKH,0.6399,0.1737,0.6378,donor
ABCC9,0.9916,0.1758,0.6378,donor
RTCB,0.2788,0.1739,0.6378,donor
SNRNP27,-0.6176,0.07656,0.522,donor
KLK11,0.0148,0.3739,0.6378,donor
TLK2,0.0557,0.9046,0.9574,donor
DNM1L,0.4144,0.04434,0.4434,donor
CCDC85B,-0.0375,0.9202,0.9642,donor
ABCB6,0.1316,0.8229,0.9192,donor
ILVBL,0.1712,0.712,0.8574,donor
SDS,0.0792,0.2795,0.6378,donor
SF3B2,0.3489,0.2281,0.6378,donor
STK38,0.0287,0.9611,0.9825,donor
SERPINA12,-0.0569,0.3632,0.6378,donor
NOTCH2NL,-0.0688,0.5281,0.7435,donor
RNF166,0.5156,0.4985,0.7246,donor
DNAAF3,0.8184,0.2135,0.6378,donor
ZNF827,1.0311,0.07686,0.5225,donor
ZNF468,-0.1265,0.8429,0.9279,donor
CHIA,0.0297,0.5318,0.7456,donor
CYP8B1,0.0323,0.7361,0.873,donor
DFFA,-0.4542,0.5814,0.7764,donor
CTSH,-1.1178,0.1822,0.6378,donor
CTNNA2,0.2989,0.7178,0.8611,donor
USH2A,-0.5345,0.293,0.6378,donor
HUNK,0.1955,0.4556,0.6953,donor
USF1,-0.5941,0.5665,0.7673,donor
SKAP2,-0.43,0.4306,0.6794,donor
LMCD1,0.1534,0.793,0.904,donor
NR1H2,0.7265,0.09096,0.5519,donor
KIAA0391,0.1101,0.8318,0.9237,donor
NUP93,0.6127,0.1228,0.6008,donor
STRN3,-0.6967,0.08209,0.5345,donor
TMEM97,0.2902,0.7962,0.9058,donor
PICALM,0.5697,0.1541,0.6378,donor
HEYL,0.0554,0.5723,0.771,donor
ZKSCAN5,0.1162,0.8114,0.9133,donor
GALNT5,-0.0024,0.8859,0.9483,donor
OR1A1,0.3312,0.3739,0.6378,donor
TRH,-0.2635,0.3632,0.6378,donor
TNFAIP6,-0.1599,0.2472,0.6378,donor
TCHH,1.3099,0.1355,0.619,donor
TFDP1,0.4028,0.1861,0.6378,donor
NCAPH2,0.1042,0.8208,0.9181,donor
TMOD2,0.5579,0.09424,0.5582,donor
LOC341056,-0.0104,0.9733,0.9888,donor
LDHAL6A,0.2418,0.2914,0.6378,donor
TLN2,0.7093,0.2742,0.6378,donor
PPP1R13B,0.1499,0.7968,0.9063,donor
LAMP2,-0.1024,0.6956,0.8477,donor
B3GNT3,-0.3333,0.5666,0.7674,donor
KCNK2,-0.0205,0.3632,0.6378,donor
GABRP,0.0422,0.3739,0.6378,donor
DSPP,0.1947,0.1953,0.6378,donor
TMEM258,-0.2226,0.2725,0.6378,donor
UBE2T,0.0742,0.8343,0.9247,donor
SETD2,0.085,0.8566,0.9353,donor
LRRC43,-0.0113,0.9684,0.9865,donor
FAM155A,-0.4188,0.6693,0.832,donor
ADAD2,0.0275,0.3739,0.6378,donor
TGOLN2,0.2224,0.3309,0.6378,donor
RAB11A,-0.2544,0.3219,0.6378,donor
PKM,-0.5369,0.07276,0.5151,donor
PDE6A,0.0563,0.3739,0.6378,donor
PCSK1,0.7534,0.06613,0.5003,donor
DNASE2,0.2798,0.54,0.7506,donor
KCNMB3,1.7414,0.009696,0.299,donor
GYS1,0.5773,0.2872,0.6378,donor
TRPC2,0.0148,0.3739,0.6378,donor
DEAF1,-0.422,0.3797,0.6423,donor
LINC00477,0.0102,0.3739,0.6378,donor
HBBP1,0.055,0.3739,0.6378,donor
PLAC1,0.0148,0.3739,0.6378,donor
FASTKD5,-1.2728,0.1132,0.586,donor
NIF3L1,-0.4513,0.4685,0.704,donor
SAV1,-1.0451,0.004381,0.2594,donor
HAPLN2,-0.0147,0.3632,0.6378,donor
SLC5A7,0.055,0.3739,0.6378,donor
H2AFJ,0.5118,0.1014,0.5691,donor
PLA2G4D,0.0527,0.3739,0.6378,donor
CDH26,-0.0874,0.8884,0.9494,donor
TGIF2,0.5426,0.4488,0.6911,donor
GALNT9,0.0775,0.3023,0.6378,donor
EXOC4,0.7795,0.05797,0.4797,donor
CPVL,-0.1616,0.5907,0.7823,donor
HLA-F##1,0.1004,0.8229,0.9192,donor
SIGIRR,-0.3424,0.4433,0.6876,donor
ELK4,0.9262,0.02438,0.3845,donor
FOXA2,-0.7262,0.1167,0.5919,donor
ERRFI1,-0.9262,0.07295,0.5152,donor
CYCS,-0.3115,0.2184,0.6378,donor
PDE7B,1.9898,0.01683,0.3448,donor
TUBA8,0.8688,0.04378,0.4423,donor
TSKS,0.1388,0.3056,0.6378,donor
FADS3,0.4648,0.5302,0.7446,donor
ELP4,-0.938,0.02525,0.3879,donor
BCAP29,-0.2725,0.4246,0.675,donor
ADAM22,-0.2095,0.7528,0.8824,donor
SIVA1,-0.0144,0.9484,0.9777,donor
ZBTB8A,0.0646,0.9249,0.9657,donor
LIN54,-0.6723,0.3809,0.6432,donor
FOXP1,-0.6038,0.08599,0.543,donor
NFYA,0.5945,0.4677,0.7035,donor
TSPYL4,0.6598,0.0644,0.4961,donor
UTP14C,0.1112,0.8682,0.9408,donor
HNRNPH3,-0.1412,0.5261,0.742,donor
PLEKHA5,0.2702,0.7194,0.8618,donor
KIRREL3-AS2,0.0985,0.8906,0.9501,donor
FBXO22,-0.3249,0.3953,0.6544,donor
FBXO2,-0.3452,0.6817,0.8391,donor
LYRM7,0.1911,0.5555,0.7606,donor
TEX33,0.4895,0.3739,0.6378,donor
NEK8,1.3818,0.02334,0.3765,donor
TMEM52,-0.1001,0.5577,0.7617,donor
WWOX,-0.106,0.8383,0.9259,donor
FAM19A2,-0.2792,0.6815,0.8389,donor
HNRNPCL1,0.1033,0.4641,0.7018,donor
C11orf45,0.4161,0.09579,0.5605,donor
VDAC2,-0.6878,0.008711,0.2918,donor
FGFR1OP2,-1.1181,0.003529,0.2497,donor
DGCR2,0.3534,0.4437,0.688,donor
C1orf101,1.1049,0.2112,0.6378,donor
TSC22D1,-0.147,0.7035,0.852,donor
PDE7A,0.3963,0.6254,0.805,donor
MFSD1,0.0794,0.8759,0.9442,donor
POLR2A,0.2868,0.3466,0.6378,donor
LINC00167,-0.4942,0.5006,0.7264,donor
MS4A14,0.0295,0.3739,0.6378,donor
LRRC32,0.1708,0.3268,0.6378,donor
CHRNB2,0.5619,0.2445,0.6378,donor
CYP2A6,0.4199,0.3357,0.6378,donor
ACVR2A,0.2123,0.6477,0.8184,donor
RAP1A,-0.6116,0.167,0.6378,donor
LOC101060019,0.4381,0.2802,0.6378,donor
IMP3,-0.4225,0.1068,0.5749,donor
TTC17,0.2521,0.5332,0.7461,donor
MIR4697HG,0.9247,0.2866,0.6378,donor
MRPS7,-0.0725,0.7347,0.8724,donor
MRPS33,-0.183,0.2563,0.6378,donor
MRPS17,-0.957,0.07601,0.5216,donor
LINC00184,0.2517,0.6781,0.8373,donor
XIAP,-0.0013,0.9976,0.9992,donor
RPL36A,0.7248,0.5224,0.7398,donor
LDLR,0.2084,0.621,0.8023,donor
NDUFB5,-0.5818,0.1208,0.5962,donor
MPI,-0.0417,0.8481,0.9312,donor
EMR3,0.0148,0.3739,0.6378,donor
MICB##2,0.4106,0.2919,0.6378,donor
PTGER1,0.7233,0.1152,0.588,donor
RPL36AL,-0.6091,0.01141,0.3139,donor
SMIM8,-0.3571,0.5871,0.7798,donor
WDR49,-0.5117,0.27,0.6378,donor
USP5,1.4822,0.0005392,0.209,donor
ATP6V0D2,-0.0245,0.3632,0.6378,donor
SLC17A3,0.0275,0.3739,0.6378,donor
ZNF266,0.199,0.3316,0.6378,donor
ARPP19,-0.3678,0.1323,0.6154,donor
ZBTB6,-0.3571,0.5291,0.7441,donor
CPSF6,0.1907,0.3503,0.6378,donor
ZNF707##1,0.1543,0.8114,0.9133,donor
HMG20B,0.3258,0.434,0.6818,donor
ST6GALNAC2,0.0752,0.3643,0.6378,donor
ALDOC,-1.0935,0.01207,0.3143,donor
F2RL1,-1.7991,0.1111,0.5826,donor
TIMM17A,-0.1403,0.5981,0.7881,donor
C1D,-0.6198,0.4263,0.6762,donor
IFI30,0.6888,0.09088,0.5519,donor
APLNR,0.0148,0.3739,0.6378,donor
ADRBK2,0.9761,0.002309,0.2294,donor
ACTC1,0.5364,0.2145,0.6378,donor
CFDP1,-0.7937,0.03758,0.4276,donor
BMI1,-0.4093,0.1849,0.6378,donor
GGT1,0.1407,0.5883,0.7803,donor
REM1,0.1106,0.3739,0.6378,donor
UPK2,0.0477,0.3739,0.6378,donor
U2AF1,-0.1002,0.5034,0.7276,donor
U2AF1##1,0.1724,0.6303,0.8085,donor
TNNT3,0.055,0.3739,0.6378,donor
TALDO1,-0.4093,0.293,0.6378,donor
PNPLA6,1.0258,0.1067,0.5749,donor
TGFBR3L,-0.6259,0.1085,0.5782,donor
MGP,0.0291,0.8635,0.9388,donor
ACSL6,0.5174,0.5964,0.7868,donor
OXCT1,0.1535,0.6974,0.8487,donor
CAMLG,-0.6614,0.07775,0.5233,donor
C4BPA,0.0428,0.5761,0.773,donor
CPED1,0.1012,0.3739,0.6378,donor
TMEM25,0.0096,0.9784,0.991,donor
KIAA1683,1.2786,0.04165,0.4364,donor
AGO2,-0.1002,0.8024,0.9093,donor
TBCK,-0.375,0.4402,0.6863,donor
PSMD7,-0.1321,0.4955,0.7225,donor
FHIT,0.31,0.7539,0.8829,donor
LOC645513,0.0435,0.9322,0.9695,donor
FXN,0.57,0.127,0.6064,donor
DCAF17,0.2194,0.7903,0.9027,donor
TSHZ2,0.6747,0.4325,0.6807,donor
PRIM2,0.4532,0.4022,0.6592,donor
PLEKHG5,0.6561,0.2466,0.6378,donor
LOC101927583,0.1528,0.3598,0.6378,donor
ICAM1,-2.4343,0.1032,0.5714,donor
CD1A,0.1012,0.3739,0.6378,donor
CCT6A,-0.4623,0.0468,0.4525,donor
CTPS1,1.2752,0.001388,0.2225,donor
GABRR2,0.0918,0.7721,0.8913,donor
ERCC4,0.6903,0.2747,0.6378,donor
HSP90AA1,-1.4076,0.000471,0.209,donor
CTCF,-0.6221,0.5383,0.7496,donor
CXCR6,0.5203,0.2478,0.6378,donor
PMVK,0.4021,0.4387,0.6854,donor
EPHA3,0.2881,0.2497,0.6378,donor
RPP30,-0.0164,0.9754,0.9897,donor
EPHA1,0.957,0.2785,0.6378,donor
LPP,1.0424,0.12,0.5962,donor
ELK1,0.779,0.1208,0.5962,donor
HSPA1B##1,-1.2653,0.1242,0.6022,donor
EFNA4,0.1175,0.3739,0.6378,donor
E2F1,-0.277,0.4623,0.7005,donor
ARID3A,-0.3096,0.4474,0.69,donor
DNASE1,1.0493,0.2009,0.6378,donor
GTF2H1,-0.0536,0.8759,0.9442,donor
AGR2,0.8536,0.332,0.6378,donor
FBXW7,0.5099,0.2133,0.6378,donor
C7orf43,1.4489,0.003737,0.2549,donor
HAS2,0.2224,0.3332,0.6378,donor
DLX3,-0.3006,0.3632,0.6378,donor
TM9SF1,-0.1289,0.6716,0.8333,donor
DDOST,0.3294,0.2292,0.6378,donor
EYA2,1.2008,0.1942,0.6378,donor
DCC,0.0102,0.3739,0.6378,donor
MPST,-0.9733,0.07418,0.5182,donor
CSTA,-0.0466,0.3632,0.6378,donor
LAMTOR5,-0.7278,0.002714,0.2306,donor
ANP32B,-0.6811,0.08976,0.5492,donor
CHRNG,0.0961,0.3739,0.6378,donor
IPO8,0.7699,0.01393,0.3277,donor
CLN5,-0.4994,0.1017,0.5694,donor
CRYBA1,0.536,0.3062,0.6378,donor
CHKB,-0.0924,0.7255,0.8662,donor
CDRT1,0.0924,0.3168,0.6378,donor
SEMA3C,0.0288,0.3739,0.6378,donor
ERLIN1,-0.3527,0.4356,0.6828,donor
CRKL,0.2342,0.4248,0.6752,donor
CRK,0.3332,0.2749,0.6378,donor
CEBPD,-2.345,0.06725,0.5017,donor
COX6A2,-0.603,0.1611,0.6378,donor
MAP3K8,-1.1938,0.2344,0.6378,donor
ENOX2,-0.2202,0.7057,0.853,donor
VAT1,0.3252,0.2185,0.6378,donor
GPR35,-0.3504,0.2135,0.6378,donor
FOSL2,-1.0604,0.1443,0.6317,donor
VTI1B,-0.7476,0.04792,0.4544,donor
GRK4,1.1591,0.1566,0.6378,donor
CCR8,0.6412,0.312,0.6378,donor
CBX2,0.2775,0.3682,0.6378,donor
CBL,0.4337,0.5752,0.7727,donor
CAP2,-1.0216,0.2195,0.6378,donor
C1orf61,0.0494,0.4844,0.7154,donor
SEC23B,-0.0744,0.7537,0.8828,donor
NXF1,0.7352,0.006011,0.2658,donor
CAPN1,0.3555,0.1765,0.6378,donor
SLC9A6,0.008,0.9803,0.9916,donor
CACNA1F,-0.2359,0.4556,0.6953,donor
UBE2E3,-0.2287,0.2693,0.6378,donor
TADA3,-0.1672,0.579,0.7749,donor
HMGN4,-0.4319,0.1546,0.6378,donor
ZBTB18,0.1387,0.8072,0.9117,donor
TIMM44,0.1016,0.8668,0.9402,donor
CACNA1C-AS4,1.2834,0.03473,0.4255,donor
CACNA1C-IT3,0.0949,0.1813,0.6378,donor
CAMK2A,0.0296,0.5325,0.7456,donor
ZNF83,0.0315,0.9424,0.9752,donor
PGM2,-0.634,0.2823,0.6378,donor
VPS53,1.2521,0.006119,0.2668,donor
PAM16,-0.2834,0.1801,0.6378,donor
MRPS23,0.0123,0.932,0.9694,donor
FIS1,0.5416,0.08683,0.5442,donor
TMEM100,-0.4431,0.2088,0.6378,donor
PRDM7,-0.0084,0.8577,0.936,donor
KPNA3,-0.0805,0.7977,0.9067,donor
TULP3,-0.4519,0.6055,0.7928,donor
PRSS41,-0.0468,0.3632,0.6378,donor
FSD2,-1.2525,0.2046,0.6378,donor
TMEM87A,-0.7065,0.002505,0.23,donor
TBC1D8B,0.1785,0.6957,0.8477,donor
ANKFN1,-0.1773,0.4136,0.6675,donor
KCNIP2,-0.4218,0.4795,0.7119,donor
CEP120,-0.1459,0.8417,0.9273,donor
FBLN7,0.1558,0.8373,0.9259,donor
LOC101929653,0.0547,0.4661,0.7024,donor
HAUS4,-0.1008,0.8061,0.9109,donor
VRK2,-0.0139,0.9459,0.9768,donor
SYCE1L,-0.1513,0.1975,0.6378,donor
NEMF,-0.3766,0.1744,0.6378,donor
RASGRP1,-1.4036,0.02204,0.3682,donor
CYP21A2,-0.0693,0.07692,0.5225,donor
EPN1,0.0479,0.9051,0.9576,donor
CBS,-0.0147,0.3632,0.6378,donor
MTERF4,-0.4168,0.3522,0.6378,donor
RAD23A,-0.0395,0.8479,0.931,donor
GPR183,0.5812,0.5379,0.7493,donor
EPYC,0.0102,0.3739,0.6378,donor
ABCD4,0.5312,0.1695,0.6378,donor
BMX,0.0123,0.9538,0.9797,donor
SPATC1L,0.2908,0.5302,0.7446,donor
MAP7,0.0536,0.8506,0.9325,donor
MFSD2B,0.0664,0.5057,0.7294,donor
RCAN3,-0.2571,0.2401,0.6378,donor
DOCK7,-0.4351,0.6081,0.794,donor
BTN1A1,0.1012,0.3739,0.6378,donor
ACSL1,0.3253,0.3602,0.6378,donor
BRS3,-0.0297,0.843,0.9279,donor
BPGM,-0.5317,0.6331,0.8097,donor
ALDH1B1,0.5688,0.6245,0.8046,donor
ATP1A2,-0.0195,0.7137,0.8586,donor
BMP8B,1.0044,0.2457,0.6378,donor
C5orf47,-0.0638,0.8583,0.9362,donor
HMHA1,0.5227,0.2946,0.6378,donor
PPP2R5E,-1.0795,0.02324,0.3759,donor
ABLIM2,-0.0631,0.9044,0.9573,donor
RNU7-1,0.0102,0.3739,0.6378,donor
IL33,0.3968,0.452,0.6932,donor
ADCYAP1R1,-0.0733,0.3632,0.6378,donor
PAWR,-0.2064,0.7883,0.9017,donor
PAPPA,0.0122,0.9564,0.9808,donor
MFSD10,-0.7041,0.0221,0.3682,donor
NAGLU,0.6557,0.2438,0.6378,donor
NAGA,0.1618,0.7154,0.8598,donor
ADCY8,0.2003,0.4167,0.6694,donor
PRRG1,-0.3523,0.7302,0.869,donor
PRLR,-0.4185,0.5994,0.7891,donor
SSTR2,-0.0959,0.7354,0.8729,donor
AMELY,0.0387,0.3739,0.6378,donor
PRIM1,0.4332,0.4218,0.6729,donor
ATR,0.7314,0.2457,0.6378,donor
RPL5,-0.2104,0.03606,0.4276,donor
GABPA,-0.6873,0.03567,0.4276,donor
DR1,-0.6175,0.08889,0.5486,donor
IFI6,0.1495,0.7865,0.9005,donor
SLC6A4,0.0354,0.9714,0.9881,donor
AGER##5,0.4663,0.4409,0.6867,donor
PPIB,0.6952,0.02683,0.3947,donor
SI,0.2233,0.2199,0.6378,donor
FUT5,0.1096,0.2361,0.6378,donor
SHBG,-0.2888,0.4619,0.7005,donor
PON3,1.5681,0.05218,0.466,donor
POMC,0.261,0.4384,0.6852,donor
KCNF1,1.2287,0.1324,0.6154,donor
KCNA6,0.762,0.08915,0.5486,donor
KCNA5,1.3764,0.03316,0.4199,donor
ATXN10,-0.0575,0.8553,0.9346,donor
REN,-0.0664,0.6389,0.8134,donor
GFRA3,0.039,0.2369,0.6378,donor
LTBP1,0.0365,0.7648,0.8874,donor
PRKX,0.1309,0.89,0.9496,donor
LINC00937,0.0222,0.4071,0.6627,donor
GPR34,-0.2114,0.6005,0.7895,donor
LOC100506388,0.8425,0.2035,0.6378,donor
ARFIP2,0.5256,0.0231,0.3748,donor
PLK2,0.1875,0.6856,0.8413,donor
RNF146,0.5969,0.1677,0.6378,donor
LINC00612,1.0583,0.1497,0.6378,donor
PDCD4-AS1,-0.6232,0.3111,0.6378,donor
SUPT5H,0.5087,0.1684,0.6378,donor
LINC01481,-0.276,0.3818,0.6434,donor
STK39,0.122,0.7055,0.853,donor
MIR1277,-0.0045,0.8055,0.9106,donor
LOC642846,0.8237,0.1739,0.6378,donor
TUFM,0.5815,0.03603,0.4276,donor
EXTL1,0.1876,0.2362,0.6378,donor
MAP2K4P1,-0.3002,0.4135,0.6675,donor
MAGOHB,0.2154,0.5475,0.7563,donor
PRPF38B,-0.0813,0.6828,0.8398,donor
SLC30A6,0.118,0.7367,0.8733,donor
CLEC2D,0.2461,0.4329,0.6809,donor
PDE4C,0.7376,0.321,0.6378,donor
FOXM1,0.6029,0.1493,0.6378,donor
SLC45A4,0.1436,0.8086,0.9122,donor
HYLS1,0.8797,0.1941,0.6378,donor
CCNY,-0.1684,0.8023,0.9092,donor
CFP,0.6443,0.1543,0.6378,donor
RARA,-0.0604,0.8274,0.9211,donor
PARP9,-0.3365,0.5818,0.7766,donor
KIAA1671,0.018,0.9638,0.984,donor
CCND3,-0.1181,0.6402,0.8139,donor
CHGA,0.6457,0.2674,0.6378,donor
SERPINA6,-0.7,0.241,0.6378,donor
LILRB5,0.0102,0.3739,0.6378,donor
AP4M1,0.7444,0.09413,0.5577,donor
LPAR2,-0.0244,0.9494,0.9781,donor
PRB4,0.0535,0.2303,0.6378,donor
KCNJ8,1.5286,0.03821,0.4286,donor
CLTC,0.2059,0.1723,0.6378,donor
KLHL41,0.9107,0.2912,0.6378,donor
SMYD5,-0.0957,0.8645,0.9394,donor
NAPSA,0.6857,0.08181,0.5342,donor
AKAP5,0.4664,0.5241,0.7411,donor
CHST10,-0.9868,0.1852,0.6378,donor
RPL13AP20,-0.1667,0.3926,0.6524,donor
MIR4442,0.0022,0.9124,0.9601,donor
KRT17,-0.2205,0.2799,0.6378,donor
RPL19,-0.1315,0.2118,0.6378,donor
RPL18A,-0.0064,0.9586,0.9814,donor
SNORD2,-0.0775,0.6263,0.8054,donor
MIR101-1,0.0365,0.7197,0.8619,donor
KCNQ1OT1,3.1813,0.004221,0.2594,donor
CDCA8,-0.4179,0.5585,0.7626,donor
IGLON5,-0.0103,0.6652,0.8298,donor
HAUS2,-0.5841,0.2415,0.6378,donor
IFITM2,-0.9123,0.06076,0.486,donor
FAM86C1,1.0794,0.03171,0.4161,donor
MICAL2,0.8282,0.3132,0.6378,donor
TMEM57,-0.3348,0.04696,0.4526,donor
PINLYP,0.2056,0.7719,0.8911,donor
ADORA2A,-0.0593,0.3407,0.6378,donor
HIPK3,-0.131,0.6091,0.7944,donor
IMPG1,-0.0793,0.8151,0.9154,donor
ARHGAP21,-0.2503,0.4925,0.7204,donor
TMEM181,-0.0739,0.8382,0.9259,donor
RIF1,0.5141,0.2999,0.6378,donor
SMG8,-0.5288,0.2015,0.6378,donor
GNE,-0.4012,0.3162,0.6378,donor
YJEFN3,-0.3368,0.5121,0.7341,donor
AGAP1,0.8835,0.2002,0.6378,donor
ZNF3,0.122,0.3141,0.6378,donor
TASP1,-0.2622,0.4508,0.6924,donor
PATL1,-0.3781,0.5005,0.7263,donor
STT3A,0.174,0.5383,0.7496,donor
KLHDC1,0.0661,0.8812,0.947,donor
ZNF334,0.3837,0.3179,0.6378,donor
RPL13A,0.3192,0.01841,0.3566,donor
SLC19A1,0.0482,0.9251,0.9658,donor
TP53AIP1,0.5255,0.2666,0.6378,donor
PRKAG2,-1.2126,0.01305,0.3225,donor
RRAGB,-0.1103,0.7961,0.9058,donor
MYOZ2,0.3798,0.1852,0.6378,donor
GCNT4,-0.6609,0.4381,0.6851,donor
MTERF3,-0.1042,0.7629,0.8864,donor
MBIP,-0.9528,0.003289,0.2424,donor
PAX1,0.302,0.5317,0.7456,donor
FSTL4,1.7899,0.08026,0.5314,donor
MYH15,0.0271,0.6213,0.8025,donor
SPDEF,-0.2946,0.4355,0.6828,donor
STXBP5L,0.6717,0.08906,0.5486,donor
TBC1D2B,1.1654,0.2091,0.6378,donor
BLOC1S6,-0.5709,0.1033,0.5716,donor
PADI4,0.0044,0.8674,0.9403,donor
GMEB2,0.316,0.5551,0.7603,donor
TSPAN15,0.9356,0.2011,0.6378,donor
SARM1,0.3152,0.5216,0.7395,donor
NFATC2,2.2716,0.0004059,0.209,donor
TSPAN12,0.8291,0.1387,0.6232,donor
NARF,-0.6167,0.1819,0.6378,donor
MYO10,-0.3403,0.4778,0.7106,donor
CRTC1,1.0393,0.03782,0.4276,donor
STAT5B,0.7016,0.03545,0.4276,donor
MAPRE1,-1.0782,0.004951,0.2594,donor
YWHAG,-0.6238,0.04849,0.4562,donor
TCF25,0.7572,0.05156,0.4652,donor
LSM4,0.042,0.8724,0.9425,donor
LETM1,0.9119,0.01834,0.3564,donor
LDOC1,0.5071,0.0232,0.3757,donor
ZC3H13,0.1138,0.7518,0.8818,donor
C3orf20,0.2957,0.5195,0.7381,donor
MIR920,0.0148,0.3739,0.6378,donor
MAN2A1,-0.5251,0.2572,0.6378,donor
UBE2V2,-0.4605,0.1097,0.5806,donor
UBE2N,-0.1518,0.5881,0.7802,donor
MAL,-0.4114,0.5971,0.7874,donor
MAGOH,-0.1791,0.6278,0.8063,donor
UBE2G1,-0.3061,0.2845,0.6378,donor
MAGEB3,-0.0205,0.3632,0.6378,donor
MAD2L1,-1.1755,0.2125,0.6378,donor
MXD1,-0.55,0.3225,0.6378,donor
UBA7,-0.2546,0.6788,0.8375,donor
M6PR,-0.4785,0.1963,0.6378,donor
EPCAM,0.028,0.9259,0.9661,donor
TACSTD2,0.9167,0.1354,0.6189,donor
UBA52,-0.1571,0.2283,0.6378,donor
RECQL4,0.3196,0.5927,0.7842,donor
PIM1,0.0056,0.9936,0.9972,donor
ORC5,-0.5892,0.1211,0.5967,donor
LTBR,-0.2363,0.3915,0.6514,donor
JOSD1,0.7164,0.5011,0.7266,donor
KIF14,-0.1888,0.5118,0.7341,donor
LSS,1.821,0.003044,0.2385,donor
BAZ2A,1.2565,0.001272,0.2182,donor
PREB,0.7198,0.02167,0.3663,donor
C11orf70,0.6753,0.3175,0.6378,donor
CASS4,0.3774,0.6048,0.7925,donor
SARS2,0.6908,0.3407,0.6378,donor
VPRBP,0.8792,0.02257,0.3714,donor
SH3BP2,1.821,0.01521,0.3354,donor
C6orf223,0.4557,0.542,0.7518,donor
LOC101927701,0.0903,0.3739,0.6378,donor
RHCG,0.0148,0.3739,0.6378,donor
LOC101927027,-0.6567,0.2129,0.6378,donor
LOC101928020,1.2197,0.02174,0.3666,donor
LOC101927619,0.0163,0.6242,0.8046,donor
LOC101929680,-0.0384,0.9624,0.9834,donor
LOC101929570,1.4741,0.02199,0.3682,donor
LOC101929567,0.8903,0.2447,0.6378,donor
LOC101929532,-0.0126,0.3632,0.6378,donor
LOC101929452,0.0443,0.208,0.6378,donor
LINC01237,0.256,0.04159,0.4364,donor
OVCH1-AS1,-0.0417,0.3632,0.6378,donor
CEP85,0.7688,0.02918,0.4054,donor
PHB,0.2014,0.1989,0.6378,donor
CLPTM1,0.4151,0.1948,0.6378,donor
NOP9,1.6488,0.006658,0.2732,donor
LINC00941,0.7306,0.1018,0.5697,donor
MROH1,1.4881,0.01169,0.3139,donor
FAM129C,0.0296,0.5325,0.7456,donor
API5,-0.2325,0.405,0.6611,donor
FLJ13224,-0.2288,0.4789,0.7114,donor
SPECC1,0.5816,0.2585,0.6378,donor
RIPPLY2,-0.3385,0.3459,0.6378,donor
METTL18,0.0297,0.9414,0.9744,donor
ZNF622,-0.8237,0.06444,0.4961,donor
SLC25A51,0.2124,0.6865,0.8419,donor
SLC52A3,0.0148,0.3739,0.6378,donor
PTPRF,-0.005,0.9868,0.9941,donor
A1BG,-0.5919,3.378e-05,0.2059,donor
TSPAN18,0.1864,0.1781,0.6378,donor
RAB24,-0.586,0.2522,0.6378,donor
CDC27,-0.1274,0.6055,0.7928,donor
XAGE3,0.079,0.3739,0.6378,donor
CNTNAP5,2.2438,0.01503,0.3349,donor
S100Z,1.141,0.0523,0.466,donor
SYN2,0.1182,0.3058,0.6378,donor
ZNF274,-0.3794,0.3899,0.6501,donor
TANC1,-1.7865,0.05014,0.4621,donor
ITPRIP,0.3782,0.6399,0.8137,donor
GPHA2,0.0737,0.4549,0.6949,donor
ZFHX2,1.5117,0.007392,0.2799,donor
ACOT12,0.5208,0.1982,0.6378,donor
FAM78A,0.6454,0.1571,0.6378,donor
SEC14L2,0.5783,0.127,0.6064,donor
MADD,0.8131,0.01489,0.3349,donor
C12orf40,0.3661,0.2647,0.6378,donor
FDFT1,0.941,0.04308,0.44,donor
THAP5,-0.5209,0.08255,0.5356,donor
STK32A,-0.3018,0.6776,0.8371,donor
SETSIP,-0.0815,0.5372,0.749,donor
CLIC1,-0.2017,0.2498,0.6378,donor
ZBTB17,0.8292,0.03002,0.4095,donor
ARHGAP30,0.6548,0.3323,0.6378,donor
PQLC2,0.2396,0.6037,0.7918,donor
CNEP1R1,-0.3519,0.3775,0.6402,donor
SLC35B2,0.3024,0.4128,0.6673,donor
LOC101927620,-0.103,0.3632,0.6378,donor
ADAM30,0.0074,0.762,0.8861,donor
ACE2,-0.6135,0.2694,0.6378,donor
MIPOL1,-1.2968,0.1366,0.6198,donor
CYP2W1,0.2676,0.344,0.6378,donor
GSTO2,0.3244,0.1911,0.6378,donor
AKR1D1,0.0148,0.3739,0.6378,donor
NEK4,0.1045,0.7736,0.8918,donor
POLR2C,-0.3066,0.278,0.6378,donor
NEK2,0.1222,0.2554,0.6378,donor
RNF40,1.1544,0.01015,0.3024,donor
CUL2,-0.4725,0.4493,0.6916,donor
SSC5D,0.2975,0.7558,0.884,donor
MNX1,0.0519,0.9151,0.9612,donor
MMP24,1.3956,0.1137,0.5863,donor
MLEC,-0.3267,0.4839,0.715,donor
ACTL7A,0.086,0.3094,0.6378,donor
LAMC2,0.8223,0.3561,0.6378,donor
LCN2,-0.5003,0.1214,0.5972,donor
LCP2,-0.142,0.3653,0.6378,donor
MLANA,0.0939,0.8106,0.9129,donor
DXO,-0.1836,0.7377,0.8738,donor
UBA2,-0.4578,0.1896,0.6378,donor
POMGNT1,0.1246,0.8867,0.9485,donor
IDH2,-0.9517,0.0249,0.3868,donor
NIP7,-1.1563,0.07084,0.5095,donor
TRMT112,-0.4954,0.03397,0.4243,donor
CMPK1,-0.4571,0.1784,0.6378,donor
WNK1,0.8331,0.04117,0.434,donor
ZNF589,1.0641,0.2147,0.6378,donor
PJA2,-0.2274,0.3178,0.6378,donor
TOMM70A,0.0791,0.83,0.9226,donor
NAA20,-0.2862,0.3061,0.6378,donor
TRIM66,2.6075,0.005441,0.2594,donor
STYXL1,-1.1205,0.1349,0.6188,donor
ATRAID,0.3923,0.07329,0.5161,donor
PSMD6,-0.564,0.2,0.6378,donor
UBE2D4,0.0575,0.8719,0.9423,donor
YBX2,-0.0948,0.3632,0.6378,donor
HSPA6,-1.2926,0.513,0.7348,donor
CEP170,0.3966,0.2875,0.6378,donor
PPP1R26,1.8143,0.001499,0.2272,donor
GLOD4,-0.3493,0.1071,0.5758,donor
KIAA0319,1.1253,0.04362,0.4414,donor
FARP2,0.0492,0.9115,0.9601,donor
TVP23B,-0.1968,0.4426,0.6874,donor
PLEKHM1,0.6219,0.2183,0.6378,donor
CRYL1,0.0657,0.6185,0.8007,donor
BOLA1,0.2447,0.2363,0.6378,donor
HDGFRP3,-0.2164,0.4782,0.7109,donor
GAL,1.8836,0.1839,0.6378,donor
FAXC,0.5621,0.4478,0.6902,donor
KDM7A,-0.019,0.958,0.9814,donor
SH3BP5L,1.0232,0.2126,0.6378,donor
APOL5,0.0066,0.9085,0.9591,donor
APOL6,0.1618,0.7268,0.8669,donor
DDHD1,1.0221,0.02797,0.3995,donor
EEPD1,0.5656,0.2999,0.6378,donor
COASY,-0.0176,0.9512,0.9786,donor
IGSF22,-0.178,0.7919,0.9034,donor
MKX,-0.2713,0.6836,0.8403,donor
SNORA54,-0.1035,0.08711,0.5446,donor
LSP1,0.0148,0.3739,0.6378,donor
TULP2,0.0071,0.9826,0.9925,donor
LOC101927616,0.0148,0.3739,0.6378,donor
PRODH,0.67,0.1611,0.6378,donor
ZNF219,0.8745,0.1691,0.6378,donor
STYX,-0.1585,0.7019,0.8515,donor
KCTD1,-1.5862,0.02604,0.3914,donor
LAMTOR2,-0.2708,0.5107,0.7334,donor
PHOSPHO2,0.3657,0.5557,0.7607,donor
LRBA,0.2336,0.6026,0.791,donor
CCDC36,-0.0948,0.3632,0.6378,donor
ASAP2,-0.4095,0.6099,0.7949,donor
LRRC39,-0.5446,0.4224,0.6732,donor
MCMBP,-0.7036,0.04213,0.4372,donor
C12orf79,0.3348,0.6699,0.832,donor
E2F8,-0.0359,0.3632,0.6378,donor
LOC100335030,1.3396,0.004858,0.2594,donor
LTB4R,0.243,0.7632,0.8865,donor
RGPD3,0.2633,0.2496,0.6378,donor
KCNMB2-AS1,-0.5168,0.3644,0.6378,donor
MGST2,0.2522,0.2956,0.6378,donor
KLHL25,0.7368,0.3093,0.6378,donor
DNAJC5,0.7315,0.1249,0.6023,donor
TANC2,0.5149,0.1306,0.6129,donor
TTYH3,1.2694,0.03536,0.4276,donor
MMP25,0.0917,0.751,0.8814,donor
AZI2,-1.3113,0.0618,0.4887,donor
SYTL4,0.5545,0.3454,0.6378,donor
LOC100131347,0.4511,0.27,0.6378,donor
FLJ44511,-0.8749,0.291,0.6378,donor
SMG1P7,0.3214,0.675,0.8352,donor
EML2,0.5773,0.461,0.6996,donor
TNFSF10,-0.5468,0.5796,0.7753,donor
SARS,-0.4699,0.1197,0.5962,donor
LINC00692,0.0422,0.3739,0.6378,donor
MIR1288,-0.0126,0.3632,0.6378,donor
MIR1539,-0.1572,0.1224,0.5997,donor
MIR1185-2,0.0423,0.2028,0.6378,donor
MIR1296,0.1702,0.1705,0.6378,donor
MIR409,0.0423,0.2028,0.6378,donor
MIR339,-0.0071,0.8813,0.947,donor
MIR381,0.02,0.3739,0.6378,donor
MIR379,0.0647,0.3739,0.6378,donor
MIB2,1.1006,0.105,0.5734,donor
FEZF1-AS1,0.0148,0.3739,0.6378,donor
CCT7,-0.1733,0.51,0.7333,donor
FGD5P1,-0.1945,0.3632,0.6378,donor
MIR1293,-0.0126,0.3632,0.6378,donor
SMARCA1,-0.1633,0.746,0.8781,donor
ALPI,0.0102,0.3739,0.6378,donor
SATB1,1.0194,0.005816,0.2658,donor
SBF1,1.5337,0.05388,0.4695,donor
PSPN,0.3679,0.2412,0.6378,donor
SERPINB9,0.2399,0.782,0.8971,donor
TMPRSS12,0.3047,0.2956,0.6378,donor
PGPEP1L,-0.1132,0.4675,0.7034,donor
ILF2,-0.0959,0.6364,0.8117,donor
FOXK2,0.6179,0.1988,0.6378,donor
LRRC45,1.2452,0.002448,0.23,donor
UVRAG,0.0574,0.81,0.9126,donor
IDI1,0.0679,0.8483,0.9314,donor
HUS1,-0.3049,0.3989,0.657,donor
STAP2,-1.9334,0.03123,0.4131,donor
LARS2,0.6919,0.03205,0.4167,donor
DPP8,0.144,0.6445,0.8165,donor
DCAF16,0.0534,0.7873,0.9009,donor
ZDHHC7,0.4696,0.3206,0.6378,donor
DAAM2,0.2823,0.4451,0.6883,donor
SLC4A8,0.2542,0.4554,0.6953,donor
PPP6C,-0.4405,0.02471,0.3865,donor
MTO1,-0.217,0.3316,0.6378,donor
ZNF98,0.0102,0.3739,0.6378,donor
GPRASP1,0.0523,0.8607,0.9372,donor
EHBP1L1,0.8581,0.07642,0.5216,donor
PHF21B,-0.1284,0.8595,0.9368,donor
NXT1,-0.2348,0.5219,0.7395,donor
NUFIP1,0.2287,0.3266,0.6378,donor
SLC13A5,0.3788,0.5165,0.7365,donor
ARPC3,-0.6872,0.02888,0.4046,donor
PDK1,-1.7133,0.004731,0.2594,donor
NR6A1,0.7548,0.381,0.6432,donor
ABCG4,-0.0294,0.656,0.8243,donor
DGKH,1.3571,0.1751,0.6378,donor
SELENBP1,1.2119,0.1241,0.6022,donor
CLCC1,-0.7178,0.2407,0.6378,donor
MSH2,0.5203,0.4541,0.6944,donor
SOCS2,-0.7223,0.1355,0.619,donor
RNF111,-0.1478,0.7694,0.8899,donor
CNNM1,0.6534,0.3698,0.6378,donor
EMC3,-0.0112,0.9662,0.9854,donor
RAB14,-0.2185,0.2883,0.6378,donor
FSHR,0.0102,0.3739,0.6378,donor
C1QTNF3,0.4838,0.6702,0.8322,donor
CCDC39,0.7562,0.1046,0.5734,donor
NCKIPSD,0.4509,0.2964,0.6378,donor
SUPT3H,-0.3545,0.7257,0.8662,donor
RBM38,0.138,0.8709,0.9419,donor
FBXO25,-0.3783,0.1463,0.6343,donor
C17orf82,0.0613,0.5794,0.7751,donor
ID1,-1.5554,0.212,0.6378,donor
ATF7IP,1.2261,0.03547,0.4276,donor
FBXO44,0.8403,0.1658,0.6378,donor
ANKEF1,-0.477,0.2795,0.6378,donor
BPIFB3,0.0468,0.537,0.7489,donor
RBL1,0.6648,0.3295,0.6378,donor
DSCR4,0.1058,0.7375,0.8738,donor
LRRC3,-0.7442,0.223,0.6378,donor
IL21R,0.1523,0.4177,0.6703,donor
DCUN1D3,0.0507,0.9397,0.9735,donor
MFSD8,-0.6503,0.1435,0.6308,donor
DNLZ,-0.5257,0.2622,0.6378,donor
FASTKD3,-0.1707,0.8197,0.9176,donor
LINC01544,0.0148,0.3739,0.6378,donor
ATP8B4,0.0163,0.6242,0.8046,donor
SLC46A1,0.3001,0.409,0.6642,donor
CAAP1,-0.0745,0.8429,0.9279,donor
LPCAT1##1,0.6583,0.09559,0.5598,donor
TGS1,-0.2489,0.4928,0.7207,donor
CLUAP1,0.1344,0.69,0.8443,donor
ZNF527,0.8629,0.2107,0.6378,donor
JPH4,0.6421,0.4618,0.7005,donor
SPIRE2,1.6962,0.01695,0.3463,donor
MSI2,1.4897,0.005514,0.2609,donor
CTSB,0.2939,0.1608,0.6378,donor
GPRC6A,0.0835,0.8401,0.9268,donor
CLDN19,0.3043,0.2888,0.6378,donor
ALB,0.069,0.9458,0.9768,donor
NR2F2-AS1,-0.0023,0.888,0.9491,donor
LOC400043,0.0852,0.5195,0.7381,donor
NUDT19,-0.5738,0.1679,0.6378,donor
DHRS7C,0.0295,0.3739,0.6378,donor
TMEM64,-0.407,0.2608,0.6378,donor
GPR85,0.2542,0.6071,0.7933,donor
VPS37A,-0.5756,0.06357,0.4942,donor
PALMD,0.076,0.9051,0.9576,donor
CEP290,0.0273,0.9279,0.9673,donor
FAM136A,-0.342,0.4672,0.7032,donor
ZNF341,0.4935,0.3445,0.6378,donor
NFATC2IP,0.6151,0.3654,0.6378,donor
RNFT2,1.4071,0.02047,0.3616,donor
TMTC4,0.0452,0.9588,0.9814,donor
TAOK1,0.3786,0.2393,0.6378,donor
FAM73B,1.788,0.007708,0.2823,donor
ZDHHC12,-0.0681,0.8456,0.9296,donor
ATAD1,-0.1765,0.4375,0.6846,donor
SPG11,0.4341,0.07251,0.5146,donor
OPA3,1.063,0.02823,0.401,donor
LINC01358,0.2262,0.4264,0.6762,donor
RPUSD4,-0.4905,0.6559,0.8243,donor
ADO,0.2667,0.3922,0.6521,donor
TYW3,-0.5723,0.07036,0.5091,donor
SLC45A1,1.0081,0.06374,0.4945,donor
TMEM161B,-1.4916,0.01248,0.3181,donor
C14orf93,0.4544,0.6791,0.8377,donor
CCAR1,0.3026,0.4859,0.7169,donor
PANO1,0.2214,0.6047,0.7925,donor
PENK,0.1032,0.296,0.6378,donor
ZNF502,-0.561,0.269,0.6378,donor
EGR2,-0.6377,0.1609,0.6378,donor
ANO6,-0.4489,0.5362,0.7485,donor
GABRA6,0.0148,0.3739,0.6378,donor
DBT,-0.1302,0.7497,0.8809,donor
GABRA4,-0.4155,0.3632,0.6378,donor
CENPC,-0.8722,0.08044,0.5314,donor
CCL25,0.0903,0.3739,0.6378,donor
ABCC1,0.2085,0.6878,0.8425,donor
JAK2,0.0326,0.9427,0.9753,donor
CORO2A,-0.9418,0.1969,0.6378,donor
N4BP2L1,-0.1512,0.6862,0.8417,donor
TM2D1,-0.6979,0.1089,0.5791,donor
CCNB3,-0.4416,0.4804,0.7125,donor
TAF3,0.5171,0.3078,0.6378,donor
PCYT2,0.3943,0.3771,0.6398,donor
NPR3,-0.9031,0.225,0.6378,donor
TNFSF15,0.3155,0.4403,0.6864,donor
HLA-DQB2,0.1951,0.166,0.6378,donor
GDA,-0.2025,0.6908,0.8449,donor
SEC24D,-0.5041,0.2797,0.6378,donor
LTB4R2,0.1328,0.6397,0.8136,donor
ERMARD,-0.1231,0.8529,0.9333,donor
ARHGEF40,1.5633,0.007644,0.2823,donor
TRAK1,1.1603,0.04282,0.4384,donor
ST3GAL6,0.1245,0.7908,0.9027,donor
ANKRD30B,0.0223,0.4058,0.6616,donor
SNORD59B,-0.3557,0.05867,0.4816,donor
MS4A6A,0.1012,0.3739,0.6378,donor
UPF2,-0.1212,0.7733,0.8916,donor
GPATCH1,0.3256,0.4283,0.6777,donor
DDIT3,-0.6983,0.4585,0.6978,donor
ZNF200,-0.8248,0.2284,0.6378,donor
STAM,-0.3043,0.2728,0.6378,donor
SCG2,0.8506,0.1859,0.6378,donor
CXCR4,-2.0695,0.07493,0.5198,donor
NDUFC2,-0.0841,0.6042,0.7922,donor
NDUFB10,-0.0744,0.622,0.803,donor
NDUFB4,-0.4726,0.06605,0.5003,donor
NDUFB2,-0.4382,0.05561,0.4742,donor
CHIT1,-0.1347,0.3632,0.6378,donor
PTP4A1,-0.9681,0.0002621,0.209,donor
DNALI1,0.4887,0.243,0.6378,donor
ZP2,0.0314,0.6945,0.8472,donor
BSN,1.4666,0.0281,0.3996,donor
TRIM26##3,0.1108,0.7688,0.8896,donor
HIST1H3E,-0.1486,0.4363,0.6834,donor
TGM2,-4.3708,0.03274,0.419,donor
HIST1H3A,0.3266,0.6569,0.8248,donor
HIST1H3D,0.2608,0.3708,0.6378,donor
PAX2,0.0102,0.3739,0.6378,donor
HIST2H2AC,0.7121,0.06317,0.4925,donor
HIST1H2AM,0.0563,0.3739,0.6378,donor
RAD9A,1.0928,0.03929,0.4295,donor
HIST1H2BG,-0.5639,0.3908,0.651,donor
HIST1H2AC,-0.7711,0.1152,0.588,donor
HIST1H2AK,0.3545,0.394,0.6534,donor
FZD9,-0.2086,0.1855,0.6378,donor
FZD7,-0.0394,0.3632,0.6378,donor
TRRAP,0.9802,0.0241,0.3826,donor
POU4F2,0.0884,0.3739,0.6378,donor
SEPN1,1.0643,0.05013,0.4621,donor
NAV1,0.2779,0.3604,0.6378,donor
FANCF,-0.1002,0.7427,0.8761,donor
CORO1B,-0.2486,0.7238,0.8652,donor
STARD3,-0.1876,0.714,0.8588,donor
CCDC113,1.1791,0.181,0.6378,donor
TAF12,-0.259,0.4391,0.6857,donor
FDPS,0.427,0.4741,0.7082,donor
PAX3,-0.4173,0.1632,0.6378,donor
AURKC,1.4886,0.0407,0.434,donor
LRPAP1,0.7643,0.0352,0.4276,donor
LRP4,0.6796,0.5281,0.7435,donor
STATH,0.055,0.3739,0.6378,donor
ITPR1,-0.3827,0.7128,0.8581,donor
ITPKB,0.0679,0.4921,0.7201,donor
ITIH3,0.4359,0.2913,0.6378,donor
ITIH1,-0.2049,0.08094,0.5328,donor
LOC102724663,0.0341,0.7268,0.8669,donor
ESF1,-0.3433,0.1204,0.5962,donor
DACT1,0.4326,0.1814,0.6378,donor
PRR34,-0.4061,0.2106,0.6378,donor
ZAK,-0.1048,0.8589,0.9364,donor
MRPL50,-0.917,0.02115,0.3644,donor
LARP7,-0.8327,0.1002,0.5678,donor
C9orf9,-0.058,0.851,0.9325,donor
MAML3,0.4546,0.3715,0.6378,donor
ASNSD1,-0.9891,0.00094,0.209,donor
NANS,0.4069,0.31,0.6378,donor
MRPS30,-0.3361,0.1302,0.6119,donor
TNFRSF12A,0.1741,0.804,0.9101,donor
MIS18A,0.0926,0.8291,0.9221,donor
AGAP2-AS1,-0.0029,0.9909,0.9959,donor
UCK1,0.5274,0.1508,0.6378,donor
CPT1C,1.5005,0.1834,0.6378,donor
MARCH9,1.4994,0.006315,0.2687,donor
CEACAM7,-0.0147,0.3632,0.6378,donor
GTDC1,0.9824,0.1457,0.6337,donor
UTS2,-0.0359,0.3632,0.6378,donor
MARK3,0.0214,0.9429,0.9753,donor
COMMD5,0.223,0.5382,0.7496,donor
ASTE1,-0.3203,0.669,0.8318,donor
MALT1,0.3662,0.5843,0.7782,donor
RTBDN,0.1724,0.2742,0.6378,donor
NDUFAF5,0.019,0.9526,0.9792,donor
GJB3,0.025,0.1873,0.6378,donor
TAF1D,-0.9884,0.06601,0.5003,donor
AGPAT6,0.7997,0.1187,0.5941,donor
CMTM4,0.7264,0.06426,0.4961,donor
MRAP,0.0144,0.7626,0.8863,donor
ARL5B,-0.5183,0.653,0.8224,donor
METTL20,1.05,0.06642,0.5003,donor
NFATC3,0.6688,0.1128,0.586,donor
IL1F10,-0.0245,0.3632,0.6378,donor
NPAS3,1.5129,0.0456,0.4474,donor
CAPN3,0.6857,0.492,0.7201,donor
TBC1D26,0.034,0.9233,0.9656,donor
ENPP7,0.0673,0.3739,0.6378,donor
TFAP2E,-0.2645,0.3732,0.6378,donor
ZDHHC21,-0.1599,0.6895,0.8439,donor
AGBL3,-0.4217,0.4803,0.7124,donor
ZNF295-AS1,0.4553,0.4465,0.6892,donor
LOC102723385,0.1792,0.6779,0.8372,donor
CTAGE6,0.2467,0.1633,0.6378,donor
ABCB5,0.1651,0.2834,0.6378,donor
ZNF680,-0.5578,0.2762,0.6378,donor
KY,0.2657,0.6346,0.8108,donor
TNS2,1.0253,0.09479,0.5584,donor
ARHGEF4,0.8776,0.2783,0.6378,donor
ARHGEF18,0.9091,0.1862,0.6378,donor
RAB3D,1.2139,0.005436,0.2594,donor
BAG2,-0.5985,0.02499,0.3868,donor
FFAR2,-1.0243,0.2264,0.6378,donor
GPR22,1.2318,0.07766,0.5232,donor
GPR21,0.0283,0.6438,0.816,donor
GOLT1B,-1.1182,0.01413,0.3288,donor
FFAR1,-0.1955,0.73,0.869,donor
GPR18,-0.2408,0.7695,0.8899,donor
BAG3,-1.3988,0.019,0.3592,donor
RPSAP52,0.179,0.2753,0.6378,donor
ERICH5,0.1975,0.4798,0.7121,donor
TAPBP##3,0.1034,0.6777,0.8371,donor
PCNA,-0.1078,0.8171,0.9164,donor
RASSF1,0.1168,0.8197,0.9176,donor
LRRC70,0.2715,0.6883,0.8429,donor
TCF20,1.376,0.02536,0.388,donor
LOC101929412,-0.0125,0.3632,0.6378,donor
TMEM116,-0.5824,0.1303,0.6123,donor
SYTL5,0.0319,0.6237,0.8042,donor
GJD3,0.1951,0.7103,0.856,donor
NFAT5,-0.4044,0.2777,0.6378,donor
RHOT2,1.2207,0.07885,0.5259,donor
PSMA1,-0.0166,0.9242,0.9657,donor
TIRAP,-0.5085,0.5619,0.7646,donor
SNORA70G,0.2849,0.06516,0.4977,donor
COMT,-0.0504,0.871,0.9419,donor
BRCA1,0.4471,0.5681,0.7683,donor
DIAPH2,-1.188,0.2229,0.6378,donor
TREX1,0.4719,0.1295,0.6108,donor
KLHL15,-1.2693,0.1366,0.6198,donor
TOX4,0.3702,0.1694,0.6378,donor
KIF25,0.0903,0.3739,0.6378,donor
PCDH7,0.989,0.1732,0.6378,donor
FRMPD3,0.1181,0.252,0.6378,donor
SIRT2,0.2179,0.5679,0.7681,donor
CPEB1,-0.5565,0.3928,0.6524,donor
TAB3,-1.2566,0.09643,0.5617,donor
APOL2,0.5784,0.1741,0.6378,donor
OMA1,-0.155,0.7247,0.8658,donor
CYB5B,0.0745,0.7218,0.8637,donor
C4orf33,-0.2304,0.6021,0.7906,donor
FBXL19,0.468,0.1804,0.6378,donor
RAMP1,0.3573,0.3223,0.6378,donor
CNTRL,1.3885,0.1134,0.5863,donor
SOX30,0.6702,0.03873,0.4295,donor
DDX39A,0.162,0.6471,0.8179,donor
LOC100499484,-0.3826,0.6462,0.8175,donor
ZNF667-AS1,-0.4052,0.05921,0.4822,donor
LOC100287042,-0.0609,0.9141,0.9608,donor
CCT3,-0.3253,0.1666,0.6378,donor
LOC100129917,1.0739,0.2246,0.6378,donor
THOC5,-0.1781,0.7167,0.8608,donor
LOC100128398,-0.017,0.9823,0.9923,donor
NDUFAF4P1,0.6546,0.2036,0.6378,donor
LOC339803,0.2163,0.5727,0.7712,donor
SERPINB7,0.0422,0.3739,0.6378,donor
LINC01568,-0.0126,0.3632,0.6378,donor
LOC285889,0.3355,0.3868,0.6474,donor
LOC284080,0.1824,0.3082,0.6378,donor
LINC00870,0.6308,0.2671,0.6378,donor
STAG3L5P-PVRIG2P-PILRB,1.2379,0.02871,0.4029,donor
PRKCQ-AS1,0.3081,0.5494,0.7575,donor
LINC00997,0.3079,0.5659,0.7671,donor
FBXO43,0.2886,0.7297,0.8688,donor
FOXN3-AS1,0.7368,0.2295,0.6378,donor
FGF14-IT1,-0.4447,0.3585,0.6378,donor
SBF2-AS1,-0.5881,0.622,0.803,donor
DPY19L2P3,-1.2712,0.0005712,0.209,donor
TMEM198B,1.6916,0.05947,0.4832,donor
VPS9D1-AS1,0.0282,0.5788,0.7747,donor
PTPRR,0.4736,0.5193,0.7381,donor
LOC100507195,0.1218,0.3739,0.6378,donor
GKAP1,-1.0314,0.03911,0.4295,donor
TPRA1,0.1895,0.4898,0.7184,donor
ESRRG,-0.0764,0.8822,0.9473,donor
TMEM19,0.539,0.01907,0.3592,donor
TATDN3,0.0382,0.9002,0.9551,donor
SLAMF9,0.0729,0.3739,0.6378,donor
BBIP1,-0.4946,0.05214,0.466,donor
PARP1,0.5437,0.04329,0.4404,donor
MRS2P2,0.3655,0.4497,0.6918,donor
GLUD1P7,0.0148,0.3739,0.6378,donor
SALL2,1.0648,0.03852,0.429,donor
LYPD4,-0.0125,0.3632,0.6378,donor
LOC101927914,-0.1489,0.3106,0.6378,donor
LOC100507073,-0.0057,0.882,0.9473,donor
JAKMIP1,0.032,0.9746,0.9894,donor
MEGF8,0.5332,0.34,0.6378,donor
GZMM,-0.1172,0.5891,0.7812,donor
PDE1A,1.4805,0.1626,0.6378,donor
HMBOX1,0.1794,0.7305,0.8692,donor
CYB561A3,0.6929,0.06914,0.5066,donor
BRCC3,-0.1656,0.4997,0.7257,donor
FAM20A,2.4696,0.09705,0.5632,donor
KRR1,-0.5706,0.005366,0.2594,donor
STAG2,-0.2901,0.3187,0.6378,donor
WASL,-0.5366,0.02218,0.3682,donor
ALDH18A1,0.4055,0.1282,0.6089,donor
ABCD3,-0.5622,0.04444,0.444,donor
PEX19,-0.7616,0.277,0.6378,donor
PTPRZ1,-0.4559,0.2377,0.6378,donor
PTX3,-0.8852,0.2034,0.6378,donor
SATB2,0.9895,0.1362,0.6198,donor
CRIPT,-0.0484,0.8405,0.9271,donor
PTPRO,0.7112,0.3398,0.6378,donor
PTPRN2,0.5423,0.1413,0.6268,donor
ASB4,1.3165,0.1497,0.6378,donor
TELO2,0.9082,0.2794,0.6378,donor
GOLGA7,-0.4338,0.1235,0.6022,donor
LPPR4,1.6823,0.03761,0.4276,donor
NUAK1,1.4993,0.05887,0.4818,donor
ZFR,-0.0965,0.7413,0.8754,donor
ALDH1L1,-0.0143,0.6069,0.7932,donor
PTRH2,-0.2367,0.447,0.6896,donor
ERGIC3,0.208,0.257,0.6378,donor
TBC1D4,-0.0098,0.9829,0.9927,donor
COMMD2,-0.049,0.8649,0.9394,donor
ZBTB39,0.0363,0.9679,0.9863,donor
RPL26L1,-0.3576,0.1935,0.6378,donor
PLLP,-1.4527,0.02905,0.4054,donor
TRIM17,-0.1164,0.5014,0.7266,donor
GRM7-AS3,-0.0126,0.3632,0.6378,donor
TLE2,0.5117,0.2047,0.6378,donor
SLC7A4,1.5803,0.002339,0.2294,donor
CLDN5,0.0845,0.4946,0.722,donor
TLR4,0.0148,0.3739,0.6378,donor
TLR3,-0.5297,0.5606,0.7639,donor
SP3,-0.0023,0.9906,0.9958,donor
THBS1,-0.2235,0.3908,0.651,donor
RRAD,-0.0767,0.3632,0.6378,donor
VAMP1,-0.5021,0.6264,0.8054,donor
HIRA,1.1504,0.06674,0.501,donor
FARSA,0.5821,0.07287,0.5151,donor
TRDN,0.3443,0.267,0.6378,donor
LOC102724927,0.0179,0.8728,0.9427,donor
DLGAP1-AS2,-0.1866,0.6762,0.8361,donor
SNHG22,-0.0147,0.955,0.9803,donor
UBOX5,0.3597,0.4006,0.6583,donor
TULP1,0.0288,0.3739,0.6378,donor
VSIG2,0.0425,0.4901,0.7184,donor
DUSP14,-0.0879,0.9031,0.9564,donor
RAPGEF4,0.866,0.4095,0.6647,donor
PIK3R5,0.0102,0.6466,0.8176,donor
C21orf59,0.059,0.7523,0.882,donor
LILRA5##1,-0.0147,0.3632,0.6378,donor
TINAGL1,-0.1138,0.3521,0.6378,donor
ENTPD4,0.364,0.1749,0.6378,donor
USP6NL,0.636,0.4234,0.6743,donor
NFE4,0.0102,0.3739,0.6378,donor
PSAPL1,-0.0205,0.3632,0.6378,donor
CTF1,-0.2814,0.2009,0.6378,donor
SIRT1,-0.3054,0.4943,0.7217,donor
MYO5A,0.2876,0.4806,0.7126,donor
BTG2,-1.0786,0.1207,0.5962,donor
YWHAE##1,0.0494,0.7555,0.8839,donor
ZNF862,1.5233,0.02653,0.3928,donor
LOC101927394,-0.0247,0.9043,0.9572,donor
ZNF780A,0.2291,0.6335,0.8099,donor
POLE,2.4841,0.0007384,0.209,donor
MIR581,-0.0662,0.1922,0.6378,donor
MIR572,-0.0392,0.1907,0.6378,donor
PDE6G,0.1587,0.4523,0.6935,donor
MIR579,-0.0244,0.3632,0.6378,donor
LGALS3,-0.295,0.8182,0.9169,donor
MX1,-1.321,0.07705,0.5225,donor
IYD,0.0952,0.3156,0.6378,donor
ARHGAP6,0.0422,0.3739,0.6378,donor
VPS29,-0.0674,0.7063,0.8533,donor
ZNF775,1.0761,0.1817,0.6378,donor
PARD3B,-0.4294,0.6059,0.793,donor
NAA15,-0.3875,0.5293,0.7442,donor
PINK1,0.6633,0.1131,0.586,donor
SYVN1,0.6064,0.09036,0.5507,donor
ZNF333,-1.3286,0.1754,0.6378,donor
SMC6,0.7603,0.1525,0.6378,donor
ARCN1,0.1488,0.5521,0.7587,donor
PSMC3,0.2931,0.4356,0.6828,donor
LOC643711,-0.1748,0.3996,0.6573,donor
RNU6-36P,0.0021,0.9563,0.9808,donor
MUCL1,0.0148,0.3739,0.6378,donor
TRIM6,-0.0468,0.3632,0.6378,donor
ANKH,0.3787,0.16,0.6378,donor
SNORA53,0.4819,0.2865,0.6378,donor
MON1B,0.149,0.5513,0.7583,donor
LOC101929718,-0.1028,0.8159,0.9158,donor
HTR3E,0.9219,0.1331,0.6165,donor
TTC19,-0.0322,0.9193,0.9637,donor
EVI5,0.4499,0.1391,0.6237,donor
IRAK3,0.393,0.2563,0.6378,donor
MAB21L1,1.589,0.004625,0.2594,donor
MEAF6,0.0057,0.9775,0.9907,donor
NUP107,0.6185,0.1158,0.589,donor
RFX7,1.8905,0.003382,0.2453,donor
MRPS11,0.0303,0.9014,0.9555,donor
METTL4,-0.7928,0.416,0.6691,donor
GPR126,0.0524,0.2692,0.6378,donor
GPCPD1,-0.6177,0.1683,0.6378,donor
PORCN,0.5328,0.1841,0.6378,donor
BTNL2,-0.1342,0.3632,0.6378,donor
USP46,1.5229,0.1066,0.5747,donor
SPATA20,0.9512,0.2314,0.6378,donor
MARCH7,-0.6405,0.1099,0.5812,donor
KIAA1217,-1.3013,0.2223,0.6378,donor
ARHGEF3,0.0314,0.8808,0.9469,donor
S100A4,0.3389,0.2146,0.6378,donor
CHAT,-0.0205,0.3632,0.6378,donor
AMHR2,0.0148,0.3739,0.6378,donor
ADCY2,0.2448,0.5172,0.7371,donor
MCOLN1,-0.0113,0.9876,0.9944,donor
SNURF,-0.4697,0.1747,0.6378,donor
RTN4,-0.6886,0.0005089,0.209,donor
NFKBIA,-1.0635,0.0119,0.3142,donor
OSM,-0.027,0.5641,0.7661,donor
PBXIP1,1.9595,0.05082,0.4636,donor
RHCE,0.3978,0.6815,0.8389,donor
FHL5,0.0288,0.3739,0.6378,donor
IQCH,0.0911,0.8894,0.9494,donor
ABO,-0.5619,0.1889,0.6378,donor
AP2M1,0.4153,0.0181,0.3542,donor
CACNA1B,0.7861,0.2759,0.6378,donor
RMND5A,-0.1663,0.6662,0.8303,donor
SNX3,-0.9911,0.002409,0.2299,donor
NHSL1,-0.7742,0.2831,0.6378,donor
SMEK2,0.0808,0.7303,0.869,donor
TLCD1,-0.5011,0.4393,0.6859,donor
OSBPL11,-1.1225,0.1033,0.5716,donor
EXO5,-0.8193,0.4451,0.6883,donor
EPS8L2,0.3501,0.243,0.6378,donor
RBM15,-0.573,0.404,0.6604,donor
AEN,-0.2266,0.7658,0.8878,donor
RBMX2,-0.089,0.781,0.8962,donor
UNC93B1,-0.8676,0.1187,0.5941,donor
RMND5B,-0.0255,0.9539,0.9797,donor
C11orf1,-0.7279,0.06011,0.485,donor
PCED1A,0.114,0.8035,0.9101,donor
APOL4,0.5209,0.5729,0.7712,donor
CACHD1,0.0671,0.9468,0.9771,donor
PPP4C,-0.3219,0.1101,0.5815,donor
TPD52L3,-0.0126,0.3632,0.6378,donor
TSPYL5,0.5792,0.1054,0.5734,donor
DENND2C,0.7287,0.3299,0.6378,donor
RABGEF1,-0.0775,0.677,0.8367,donor
SMIM1,-0.0916,0.6902,0.8445,donor
SHOX2,0.0348,0.1842,0.6378,donor
WDR81##1,1.1463,0.1326,0.6156,donor
ART3,-0.2033,0.4333,0.6813,donor
FOXN2,0.1821,0.6286,0.8069,donor
ARHGDIB,-1.326,0.02121,0.3644,donor
NXN,0.1998,0.6453,0.817,donor
THRA,1.1963,0.02988,0.4092,donor
NLRC4,0.1631,0.754,0.883,donor
LOC100129034,1.1441,0.1089,0.5791,donor
MTHFD2,-1.6873,0.00467,0.2594,donor
HHLA3,-0.769,0.1574,0.6378,donor
TJAP1,0.2834,0.5035,0.7276,donor
SLC15A3,-0.0244,0.3632,0.6378,donor
MTHFSD,0.3669,0.4119,0.6668,donor
POTEG,0.0288,0.3739,0.6378,donor
AHR,-0.1099,0.7049,0.8528,donor
AHNAK,1.7575,0.03785,0.4276,donor
AKR1C4,-0.3828,0.4344,0.6821,donor
CEBPE,0.1434,0.1929,0.6378,donor
FGF7,0.4691,0.2156,0.6378,donor
CST1,0.6575,0.3794,0.642,donor
CSPG4,0.7319,0.2637,0.6378,donor
SGTA,0.588,0.1481,0.6372,donor
SDHC,0.5519,0.09221,0.5549,donor
NUP88,0.6353,0.05753,0.4792,donor
WWC1,-0.3952,0.2593,0.6378,donor
PROM1,-0.0389,0.2864,0.6378,donor
NSUN4,0.0537,0.8792,0.9461,donor
CERS6,-0.5792,0.2045,0.6378,donor
RPL18,-0.0454,0.5972,0.7874,donor
TAF11,-0.7033,0.03932,0.4295,donor
CAMKK2,0.8051,0.4062,0.6619,donor
GRAMD4,0.0819,0.8333,0.9244,donor
TRPC5,-0.0928,0.1881,0.6378,donor
PRPF6,0.2101,0.6007,0.7896,donor
ZC3H3,0.2351,0.5344,0.7471,donor
DCUN1D4,-0.897,0.04358,0.4414,donor
TLL2,-0.6966,0.4104,0.6656,donor
TLL1,0.0673,0.3739,0.6378,donor
ATP6V0A2,0.2478,0.4704,0.7049,donor
LOC728739,0.4391,0.4325,0.6807,donor
EPS15,0.1823,0.5397,0.7505,donor
IRGM,0.0262,0.5483,0.757,donor
KCNN3,2.1121,0.003393,0.2453,donor
LRP1,1.2226,0.02437,0.3845,donor
STRN,0.6968,0.3264,0.6378,donor
EXPH5,-1.72,0.01029,0.3043,donor
EPN2,0.8211,0.1086,0.5783,donor
F7,-0.2827,0.6095,0.7947,donor
SERPING1,-0.5988,0.2986,0.6378,donor
BTK,1.0409,0.205,0.6378,donor
COL3A1,-0.4742,0.295,0.6378,donor
LOC101928988,0.0723,0.677,0.8367,donor
CP,-1.0466,0.4334,0.6814,donor
BLM,-0.4871,0.4754,0.7093,donor
STAG3,1.3243,0.0009929,0.209,donor
FAM222A-AS1,0.0603,0.855,0.9346,donor
RNF24,-0.9297,0.4425,0.6873,donor
DDTL,-0.0662,0.9071,0.9584,donor
OR2L5,-0.0205,0.3632,0.6378,donor
GNPAT,-0.1085,0.6714,0.8333,donor
BABAM1,-0.2685,0.3907,0.651,donor
CTDNEP1,-0.2063,0.6312,0.809,donor
PPWD1,0.163,0.8091,0.9122,donor
MKRN2,-0.3416,0.1395,0.6239,donor
SLC5A4,0.5072,0.3917,0.6515,donor
LAT2,-0.1922,0.7153,0.8596,donor
ZDHHC17,-0.3491,0.177,0.6378,donor
NUDCD3,0.5033,0.2766,0.6378,donor
CNTNAP2##1,-0.0215,0.904,0.957,donor
SMARCAL1,0.8339,0.02043,0.3616,donor
C16orf72,0.1815,0.6862,0.8417,donor
TRPS1,0.7709,0.2198,0.6378,donor
TAC1,0.8812,0.2975,0.6378,donor
HK1,0.314,0.699,0.8498,donor
PEA15,-0.6113,0.1184,0.594,donor
CRYZL1,0.1672,0.5053,0.7292,donor
CCDC101,-0.1788,0.5772,0.7739,donor
NFAM1,-0.3817,0.2118,0.6378,donor
HACD4,-0.1215,0.8813,0.947,donor
CTU1,0.3213,0.5391,0.7502,donor
MRAP2,1.1881,0.03748,0.4276,donor
PFDN5,0.0114,0.9371,0.9723,donor
KLK12,-0.134,0.396,0.6546,donor
MARS2,-0.9064,0.0923,0.5549,donor
RBFOX1,0.6704,0.3084,0.6378,donor
SP140L,-0.3319,0.6992,0.8498,donor
PACS1,0.4432,0.2141,0.6378,donor
MBTPS2,0.4357,0.2175,0.6378,donor
GSTZ1,0.4651,0.2476,0.6378,donor
G6PC3,1.0193,0.04118,0.434,donor
ATP8B3,-0.0096,0.9714,0.9881,donor
MTG1,0.3882,0.06496,0.4977,donor
ANKS4B,-0.0125,0.3632,0.6378,donor
PKDCC,0.7893,0.2634,0.6378,donor
AFAP1L1,-0.4264,0.393,0.6526,donor
DHX16##2,1.1465,0.0006783,0.209,donor
C9orf69,0.2053,0.6611,0.828,donor
ZNF74,0.3839,0.5591,0.763,donor
ACSS1,-0.3988,0.6045,0.7924,donor
TAOK2,1.2302,0.04386,0.4426,donor
PRKCZ,-0.3198,0.7457,0.8779,donor
PRMT2,-0.4168,0.1369,0.6203,donor
CD300E,0.1317,0.2913,0.6378,donor
C19orf71,-0.1832,0.2626,0.6378,donor
PTTG2,0.3586,0.2391,0.6378,donor
TIE1,0.0102,0.3739,0.6378,donor
RBBP9,-0.218,0.7353,0.8727,donor
TFF2,-0.0147,0.3632,0.6378,donor
ITGA3,1.5384,0.05353,0.4684,donor
MAP3K1,-0.4867,0.4773,0.7105,donor
TOB1,0.1651,0.7622,0.8861,donor
NAMPT,-1.1882,0.004797,0.2594,donor
ZFP36L2,0.2696,0.5757,0.7728,donor
CD96,0.0295,0.3739,0.6378,donor
ARL4C,2.0148,0.01962,0.3603,donor
ACTR1A,0.6363,0.02656,0.3928,donor
RAD50,0.6565,0.03447,0.4253,donor
YY2,-0.2271,0.7615,0.8861,donor
CEP85L,-0.1502,0.8157,0.9156,donor
NGFRAP1,0.2467,0.3777,0.6403,donor
WDR78,0.825,0.1407,0.6255,donor
METTL21B,0.8563,0.0639,0.4952,donor
OR10P1,-0.1347,0.3632,0.6378,donor
SLC24A5,-0.8377,0.06877,0.5058,donor
NEK6,-0.4314,0.313,0.6378,donor
RALYL,-0.1091,0.8227,0.9192,donor
ZBTB42,-0.3638,0.6822,0.8393,donor
MCTS1,-0.3978,0.1264,0.6056,donor
NFIA,0.6413,0.0157,0.3396,donor
SAMD13,0.95,0.1174,0.5927,donor
GAREML,-1.2252,0.08178,0.5342,donor
POGLUT1,-0.0693,0.8935,0.9517,donor
NRADDP,0.5237,0.3739,0.6378,donor
PRH1##2,-0.1928,0.3293,0.6378,donor
LINC00470,0.5243,0.2183,0.6378,donor
DHRS4-AS1,0.0425,0.8791,0.9461,donor
LINC00339,-0.377,0.1454,0.6334,donor
TDRG1,0.718,0.183,0.6378,donor
LOC440300,0.0535,0.2303,0.6378,donor
TMPRSS11GP,0.0729,0.3739,0.6378,donor
REREP3,0.0163,0.6233,0.8041,donor
CRYBB2P1,0.0715,0.8002,0.9081,donor
FLJ42969,-0.2099,0.4677,0.7035,donor
LINC00842,0.0986,0.3176,0.6378,donor
PIGA,-0.4105,0.374,0.6378,donor
SCML2,0.6374,0.3976,0.6559,donor
KLHL22,1.6605,0.04653,0.4511,donor
IKBKB,0.8326,0.02698,0.3947,donor
TP73-AS1,0.1135,0.7586,0.8851,donor
MIR620,0.0148,0.3739,0.6378,donor
LINC00173,-0.0815,0.2153,0.6378,donor
IL17RC,1.2254,0.01414,0.3288,donor
ANK3,0.6888,0.5252,0.7416,donor
MCHR2,0.025,0.1873,0.6378,donor
CSPP1,1.3752,0.007397,0.2799,donor
TSPAN32,0.0422,0.6336,0.8099,donor
MAPK15,-0.0126,0.3632,0.6378,donor
SPPL3,-0.5082,0.0525,0.466,donor
HIGD2A,0.0263,0.8861,0.9483,donor
C7orf31,0.2932,0.6303,0.8085,donor
CMBL,0.255,0.6781,0.8373,donor
MBOAT2,-0.8827,0.1062,0.5743,donor
MITD1,-0.6733,0.1364,0.6198,donor
MIR1178,0.0,0.9985,0.9993,donor
F5,0.6633,0.1168,0.5919,donor
CPNE4,-0.3083,0.5823,0.7769,donor
CCDC59,-1.2767,0.001753,0.2293,donor
NDUFAF4,-0.731,0.2616,0.6378,donor
ACSS2,0.4278,0.1605,0.6378,donor
PXN-AS1,-0.4063,0.3413,0.6378,donor
FAM219A,0.2413,0.5596,0.7632,donor
RNU4-2,0.1911,0.4083,0.6637,donor
RNU4-1,0.0383,0.7063,0.8533,donor
PDE2A,-0.0039,0.9951,0.998,donor
CAND1,-0.0248,0.9008,0.9553,donor
CSDE1,-0.8092,0.002082,0.2294,donor
BZW1,-0.6119,0.1003,0.5678,donor
CRISP1,0.0884,0.3739,0.6378,donor
ZNF783,0.2618,0.6419,0.8149,donor
DENND4B,1.2532,0.003303,0.2424,donor
HNF1A-AS1,0.4583,0.5709,0.77,donor
IMPA1,-0.7279,0.1131,0.586,donor
SLC30A8,0.2371,0.702,0.8515,donor
TRIM40##1,0.098,0.4271,0.677,donor
IL32,-0.2112,0.1745,0.6378,donor
CTSS,-0.215,0.8095,0.9124,donor
ZMYM4,0.1596,0.7183,0.8613,donor
HSD17B10,0.483,0.1141,0.5863,donor
PSTPIP1,0.0477,0.3739,0.6378,donor
CRYBB3,0.2701,0.3143,0.6378,donor
SH2D2A,0.0922,0.7458,0.878,donor
EXOG,0.759,0.07472,0.5193,donor
MED14,0.1951,0.5538,0.7597,donor
MSC,0.0063,0.9406,0.9741,donor
SUCLA2,-0.1223,0.6822,0.8393,donor
XYLB,0.0496,0.9247,0.9657,donor
IMPAD1,0.2735,0.2505,0.6378,donor
PCBP3,0.604,0.2452,0.6378,donor
EPHA8,1.6905,0.01162,0.3139,donor
NHP2,0.0633,0.823,0.9192,donor
RNF125,0.6178,0.2634,0.6378,donor
SOHLH2,0.0288,0.3739,0.6378,donor
ANK1,-0.3533,0.5856,0.7787,donor
CAMK1G,-0.3296,0.742,0.8757,donor
RNMTL1,0.5149,0.1607,0.6378,donor
DUSP23,0.5477,0.2048,0.6378,donor
TRMT10C,-0.8925,0.02079,0.364,donor
WRAP73,0.6661,0.09009,0.5497,donor
RHEBL1,0.3195,0.665,0.8298,donor
LYRM2,-0.1255,0.705,0.8528,donor
LINC00323,-0.3117,0.2171,0.6378,donor
TMEM67,0.2531,0.7751,0.8928,donor
WASH2P,0.7676,0.0107,0.3068,donor
CXADRP3,0.1787,0.253,0.6378,donor
EMR4P,0.02,0.3739,0.6378,donor
GOLGA8IP##4,-0.0001,0.998,0.9993,donor
LOH12CR2,0.3639,0.6976,0.8488,donor
HCG18,0.5005,0.0923,0.5549,donor
LOC100286922,-0.0126,0.3632,0.6378,donor
POLR2K,-0.3156,0.1426,0.6293,donor
EXOSC9,0.0596,0.8716,0.9422,donor
DNASE1L3,0.055,0.3739,0.6378,donor
LINC00376,-0.0251,0.1747,0.6378,donor
GPR19,1.3284,0.1017,0.5696,donor
MS4A3,0.0422,0.3739,0.6378,donor
CAPZA2,-0.5893,0.06045,0.4854,donor
CAPZA1,-0.4746,0.06607,0.5003,donor
DDX1,0.0787,0.7359,0.873,donor
PRCP,0.1987,0.5427,0.7524,donor
DAPK1,0.6056,0.3326,0.6378,donor
CTNS,0.1842,0.7735,0.8918,donor
MAN2A2,0.9308,0.02031,0.3616,donor
SEC24B,-0.5026,0.2062,0.6378,donor
PPARA,0.3638,0.491,0.7192,donor
POLRMT,1.0989,0.04119,0.434,donor
NUDT5,0.4559,0.07631,0.5216,donor
LILRA2##2,0.1622,0.3739,0.6378,donor
CENPJ,0.5181,0.5206,0.739,donor
CASC1,1.6037,0.04499,0.4445,donor
CERS1,-0.339,0.2657,0.6378,donor
ZSCAN21,0.6614,0.3015,0.6378,donor
HOGA1,-0.0852,0.7464,0.8784,donor
LOC100507391,0.243,0.2798,0.6378,donor
CKMT2-AS1,0.6579,0.04147,0.4355,donor
STXBP5-AS1,0.5953,0.6302,0.8085,donor
LOC100288123,0.2166,0.1957,0.6378,donor
LINC01015,-0.1116,0.3632,0.6378,donor
TRAF3IP2-AS1,-0.495,0.1375,0.6212,donor
LOC100129148,-0.0968,0.5257,0.7416,donor
LOC285626,-0.1517,0.2781,0.6378,donor
JAZF1-AS1,0.445,0.3995,0.6573,donor
LOC257396,-0.3148,0.7384,0.8742,donor
RNF144A-AS1,-0.1491,0.3632,0.6378,donor
MEG3,1.1419,0.0131,0.3225,donor
NAV2-AS4,0.159,0.3739,0.6378,donor
LOC648987,0.0353,0.9438,0.976,donor
LOC400548,0.0295,0.3739,0.6378,donor
LOC100507053,0.6291,0.375,0.6384,donor
SCP2,0.0907,0.7162,0.8604,donor
LOC400685,0.081,0.1783,0.6378,donor
CEBPZOS,0.5189,0.04376,0.4423,donor
USP3-AS1,2.0164,0.003066,0.2385,donor
LOC643733,0.0377,0.233,0.6378,donor
LOC440434,-0.3392,0.1962,0.6378,donor
THAP9-AS1,-0.6625,0.144,0.6317,donor
LINC00890,0.1562,0.3739,0.6378,donor
LOC100506085,0.3063,0.3739,0.6378,donor
LOC728730,0.3787,0.2525,0.6378,donor
RSRC2,-0.048,0.8392,0.9264,donor
SCN4B,0.159,0.3739,0.6378,donor
PLCE1-AS1,-0.0615,0.4621,0.7005,donor
IFNA22P,0.149,0.4702,0.7049,donor
DHX37,1.0836,0.04067,0.434,donor
DEF8,1.0065,0.01829,0.3557,donor
GUCY2C,-0.0914,0.8209,0.9182,donor
IDI2-AS1,-0.3084,0.5756,0.7728,donor
LOC100130331,-0.325,0.2693,0.6378,donor
LOC101928790,0.1695,0.5572,0.7617,donor
BAZ1A,-0.4095,0.3938,0.6532,donor
LOC285484,0.0276,0.9739,0.989,donor
HTRA4,0.0422,0.3739,0.6378,donor
LOC100505795,0.2814,0.3739,0.6378,donor
SSU72,-0.4625,0.03451,0.4253,donor
CNIH4,-0.6785,0.1614,0.6378,donor
RNGTT,-0.0795,0.8354,0.9251,donor
GGT6,0.3985,0.1052,0.5734,donor
ZNF431,0.8827,0.131,0.6129,donor
PPP1R18##3,-0.3725,0.613,0.7968,donor
HSPA12B,0.2127,0.4513,0.6926,donor
ZFP82,-0.7715,0.5463,0.7554,donor
KIAA1958,-0.4208,0.5251,0.7416,donor
TTC14,-0.2872,0.4293,0.6785,donor
ZNF418,0.8983,0.3956,0.6545,donor
UBQLN1,0.3733,0.37,0.6378,donor
ZFP90,0.5127,0.4456,0.6886,donor
SNORA49,-0.0147,0.3632,0.6378,donor
CD38,0.02,0.3739,0.6378,donor
IGFBP4,-0.1644,0.8858,0.9483,donor
PROS1,-0.4248,0.5212,0.7393,donor
PROC,-0.916,0.1135,0.5863,donor
PRNP,-0.5737,0.001951,0.2294,donor
PPOX,0.3871,0.1408,0.6258,donor
SLC2A1,-1.9274,0.0122,0.3156,donor
IPO7,0.1415,0.6831,0.84,donor
ALDH1A2,0.0725,0.4445,0.6882,donor
CALCOCO1,0.3548,0.4795,0.7119,donor
RBM41,0.5268,0.1027,0.5705,donor
SDCBP2,0.0151,0.6374,0.8125,donor
CPD,-0.5021,0.1847,0.6378,donor
PSMA5,0.3997,0.036,0.4276,donor
RDH5,0.007,0.9565,0.9808,donor
PTPRN,1.0289,0.03801,0.4281,donor
MTHFS,-0.0436,0.6477,0.8184,donor
ST20,-0.188,0.7576,0.8847,donor
PPP2R5A,0.3867,0.3142,0.6378,donor
PP2D1,0.3296,0.3984,0.6566,donor
LOC100294145##1,0.0611,0.8116,0.9133,donor
PSMB8-AS1,-0.8437,0.2565,0.6378,donor
LOC646903,-0.8552,0.321,0.6378,donor
LPP-AS2,-0.0281,0.9688,0.9866,donor
AAAS,0.1913,0.5148,0.7358,donor
RERG,0.7414,0.4448,0.6883,donor
DHRS9,0.3901,0.4954,0.7225,donor
ACSBG2,0.1369,0.4302,0.6792,donor
BLACAT1,-0.392,0.3632,0.6378,donor
PARVG,0.22,0.4485,0.691,donor
DYNC1H1,0.8846,0.006481,0.2712,donor
OXER1,0.181,0.5203,0.7388,donor
HUS1B,0.4916,0.3796,0.6421,donor
ASPH,-0.4042,0.2062,0.6378,donor
GFM1,-0.1995,0.3973,0.6556,donor
ZNF34,-0.2847,0.6317,0.8092,donor
SEC22C,0.2533,0.368,0.6378,donor
CECR5,-0.0766,0.9223,0.9653,donor
ACPT,-0.1134,0.3026,0.6378,donor
DACT2,-0.8229,0.1715,0.6378,donor
C17orf89,-0.1817,0.4476,0.6901,donor
UGDH,-1.1398,0.2358,0.6378,donor
TM4SF1,0.931,0.1619,0.6378,donor
IMPA2,-0.1359,0.8415,0.9272,donor
SLC25A13,0.1271,0.6885,0.843,donor
GLTSCR1L,0.4208,0.3868,0.6474,donor
TMEM131,0.436,0.1671,0.6378,donor
ZSCAN20,-0.9616,0.1582,0.6378,donor
FANK1,-0.7722,0.2738,0.6378,donor
MRPL57,0.0384,0.7694,0.8899,donor
EDARADD,0.2556,0.3594,0.6378,donor
AKR1A1,0.4772,0.101,0.5687,donor
CNTD1,1.515,0.1022,0.5699,donor
NTAN1##1,-0.6909,0.4296,0.6786,donor
RNU6-59P,-0.0394,0.3632,0.6378,donor
LINC01299,0.0808,0.3739,0.6378,donor
AIFM3,1.1204,0.0159,0.3407,donor
C1QTNF9B,-0.0444,0.5915,0.7829,donor
GLS,-0.3553,0.4825,0.7138,donor
YOD1,-0.1266,0.7936,0.9044,donor
NOL3,-1.104,0.01479,0.3339,donor
GOLGA8R,0.0375,0.6673,0.8308,donor
CYP4F2,-0.0057,0.8256,0.9203,donor
PPT1,-0.3383,0.1893,0.6378,donor
RPL29,-0.3677,0.0412,0.434,donor
RPL28,-0.4142,0.137,0.6203,donor
PKLR##1,-0.0099,0.8456,0.9296,donor
IAPP,0.4586,0.615,0.7984,donor
PAFAH1B1,0.1187,0.6681,0.8314,donor
PKD2,1.2259,0.006589,0.2721,donor
KAAG1,0.5829,0.4006,0.6583,donor
EXOC6,-0.1839,0.7129,0.8581,donor
AGBL5,0.5629,0.1003,0.5678,donor
TMEM9B,-0.3323,0.1499,0.6378,donor
PNPO,0.3952,0.06009,0.485,donor
SNORD102,0.0154,0.9377,0.9727,donor
TMPRSS5,0.5695,0.1032,0.5714,donor
DKC1,0.5695,0.0426,0.4383,donor
LTA4H,-0.2727,0.323,0.6378,donor
ATP5EP2,-0.1537,0.4818,0.7133,donor
PAN3-AS1,-1.4933,0.04544,0.4469,donor
RNU6-82P,0.0165,0.7689,0.8896,donor
BCL2L11,-0.5858,0.2386,0.6378,donor
MPP2,-0.2762,0.4923,0.7203,donor
NBPF7,0.0275,0.3739,0.6378,donor
LINC00544,0.0295,0.3739,0.6378,donor
IQCJ,-0.1347,0.3632,0.6378,donor
SERPINH1,-0.6534,0.4658,0.7024,donor
EEF1D,0.5367,0.1798,0.6378,donor
ZNF444,0.4759,0.3511,0.6378,donor
TTLL4,1.1924,0.0785,0.5246,donor
SC5D,-0.1031,0.6935,0.8466,donor
PPP1R8,0.5293,0.2072,0.6378,donor
ATAD2,-0.5055,0.5976,0.7877,donor
EEF1DP3,0.3381,0.2992,0.6378,donor
PTPRA,-0.1637,0.4641,0.7018,donor
WISP1,-0.2216,0.3282,0.6378,donor
BANP,0.8633,0.102,0.5697,donor
RBBP8NL,-0.0205,0.3632,0.6378,donor
EHD4,0.4126,0.3874,0.648,donor
PDIA3P1,0.5395,0.00367,0.2522,donor
SLC7A5P2,1.4195,0.03334,0.4204,donor
UQCRBP1,0.0549,0.645,0.8168,donor
MS4A6E,-0.0468,0.3632,0.6378,donor
ISM1,0.1676,0.272,0.6378,donor
SRMS,0.3178,0.3718,0.6378,donor
ADCY4,0.0985,0.6106,0.7955,donor
GPR78,-0.0394,0.3632,0.6378,donor
PPM1L,0.9596,0.2874,0.6378,donor
GPR82,0.6509,0.05145,0.465,donor
ADAD1,0.0148,0.3739,0.6378,donor
NFKBID,-0.8687,0.3325,0.6378,donor
NOL6,1.9744,0.001482,0.2272,donor
HOPX,-0.6292,0.1537,0.6378,donor
GRK7,0.5143,0.3903,0.6505,donor
MAPK1,-0.3072,0.2238,0.6378,donor
ADAMTS16,0.1231,0.6879,0.8426,donor
NAP1L1,-0.7115,0.01111,0.3107,donor
SIRPA,0.3547,0.5031,0.7275,donor
ALKBH3,-0.8912,0.04474,0.4445,donor
SRSF12,-1.5546,0.1085,0.5782,donor
DPH3P1,0.0735,0.7798,0.8955,donor
ROMO1,-0.1185,0.4647,0.7021,donor
RSAD2,-1.293,0.1725,0.6378,donor
NEURL2,0.3005,0.5305,0.7448,donor
NUS1,-0.3643,0.532,0.7456,donor
DCANP1,0.0884,0.3739,0.6378,donor
SSC4D,-0.1918,0.7735,0.8918,donor
NRSN1,1.6331,0.002484,0.23,donor
TMEM51,0.1537,0.6938,0.8468,donor
ZZZ3,0.3715,0.1629,0.6378,donor
MED9,-0.1117,0.7686,0.8895,donor
STX17,-0.0024,0.9948,0.9979,donor
PSMD10,-0.4759,0.0358,0.4276,donor
RFC1,0.1276,0.6552,0.8239,donor
PSMD3,0.7551,0.03673,0.4276,donor
ANKMY1,1.287,0.02166,0.3663,donor
GDF5,-0.0942,0.3632,0.6378,donor
NUP153,0.3525,0.3608,0.6378,donor
FAM107A,0.3769,0.7377,0.8738,donor
EXOSC2,1.2143,0.001622,0.2293,donor
CDV3,-0.09,0.6635,0.8291,donor
PDIA6,0.7354,0.1085,0.5782,donor
TINF2,0.5187,0.1656,0.6378,donor
TIMM8B,-0.5066,0.04511,0.445,donor
RAB21,-0.5358,0.2224,0.6378,donor
TIMM13,0.1889,0.381,0.6432,donor
SMC5,0.3924,0.1561,0.6378,donor
SYNGR4,0.6807,0.5071,0.7305,donor
APPL1,0.0781,0.8226,0.9192,donor
PPARGC1A,0.8668,0.216,0.6378,donor
SSBP2,-0.1043,0.7808,0.8962,donor
PLCH1,2.7959,0.0006015,0.209,donor
RAD54L2,0.8155,0.4808,0.7127,donor
SF3B1,-0.1762,0.04349,0.4414,donor
SEMA3E,0.0768,0.8981,0.9543,donor
RSPH4A,-0.3407,0.6917,0.8453,donor
GTF2IRD2,0.162,0.4944,0.7218,donor
CNBD1,0.0288,0.3739,0.6378,donor
SLC7A6OS,-0.3264,0.7086,0.8548,donor
PHAX,-0.4814,0.06903,0.5065,donor
TCTN1,0.5392,0.1572,0.6378,donor
PARP8,0.6399,0.03055,0.4103,donor
USP42,0.4343,0.5998,0.7892,donor
KIAA1598,0.051,0.8003,0.9081,donor
LINC00087,-0.4619,0.2911,0.6378,donor
PTGER4P2-CDK2AP2P2,-0.1269,0.4375,0.6846,donor
N4BP2L2,-0.1585,0.3062,0.6378,donor
CCBL1,1.3125,0.04393,0.4426,donor
SCML1,-0.0313,0.9675,0.986,donor
SYPL1,-0.8432,0.01855,0.3569,donor
SURF6,0.4025,0.2424,0.6378,donor
SLC20A2,-0.4066,0.1913,0.6378,donor
SLA,0.0377,0.233,0.6378,donor
RBP4,-2.8714,0.009447,0.2967,donor
RBM3,-0.4669,0.5026,0.7274,donor
PPP1R1A,-2.2218,0.09757,0.5645,donor
RNU6-57P,0.0443,0.208,0.6378,donor
SRD5A1,-0.5455,0.05284,0.467,donor
HBG2,0.0422,0.3739,0.6378,donor
HADHB,-0.1174,0.5219,0.7395,donor
HADHA,0.2553,0.168,0.6378,donor
ARHGAP10,0.0878,0.9046,0.9574,donor
XK,1.0408,0.3347,0.6378,donor
B3GALT1,0.364,0.5898,0.7816,donor
DAB1,0.6834,0.4673,0.7032,donor
PANK3,0.6788,0.3602,0.6378,donor
AQP9,0.3855,0.3739,0.6378,donor
SH2B2,0.0917,0.8366,0.9255,donor
CHMP6,-0.6566,0.498,0.7244,donor
KAT2A,0.4428,0.63,0.8083,donor
TMEM204,0.7516,0.09503,0.5588,donor
GHRH,0.9737,0.1183,0.594,donor
ANK2,0.3901,0.6414,0.8147,donor
CCDC121,-0.3972,0.4647,0.7021,donor
CLSTN1,1.1552,0.0009057,0.209,donor
SLC25A41,0.0142,0.7655,0.8877,donor
FAM184A,0.1112,0.8398,0.9267,donor
SMIM2-AS1,0.5057,0.5149,0.7358,donor
SMIM2,0.4762,0.1557,0.6378,donor
CCDC91,-0.6202,0.07007,0.5091,donor
ZNF781,-0.7573,0.08674,0.544,donor
ZNF383,0.1514,0.8005,0.9083,donor
TSTD2,0.5794,0.07689,0.5225,donor
SDCBP2-AS1,-0.9106,0.41,0.6652,donor
RNU6-69P,-0.0359,0.3632,0.6378,donor
SLC44A1,0.3226,0.2755,0.6378,donor
LOC728989,-0.0369,0.2011,0.6378,donor
DHRS4,0.2593,0.2584,0.6378,donor
FOLR1,-0.0205,0.3632,0.6378,donor
NME8,0.0422,0.3739,0.6378,donor
OAS1,-0.2039,0.8458,0.9297,donor
EIF2AK2,0.2747,0.5531,0.7595,donor
CATSPERB,0.0148,0.3739,0.6378,donor
JMJD6,-1.373,0.04953,0.4601,donor
P2RY14,-0.0003,0.9972,0.9991,donor
ZNF407,0.5989,0.311,0.6378,donor
TOX3,-1.2538,0.04501,0.4445,donor
TARBP2,0.1593,0.6083,0.794,donor
WNT16,-0.3639,0.3632,0.6378,donor
COL6A3,0.6648,0.339,0.6378,donor
MARCH4,1.6137,0.02132,0.3644,donor
ZNF471,-0.8082,0.3817,0.6434,donor
LINC00441,0.9369,0.08531,0.5406,donor
WDSUB1,0.1874,0.6538,0.8228,donor
NFYC,-0.0957,0.7579,0.8848,donor
CELF6,1.1268,0.04052,0.434,donor
ACBD5,-0.0995,0.6456,0.8172,donor
MAP4K4,0.0403,0.9341,0.9702,donor
TRIM41,1.1161,0.03091,0.412,donor
SLC38A5,0.395,0.3471,0.6378,donor
SHANK3,0.2746,0.6747,0.8351,donor
GRIN3B,0.3695,0.3413,0.6378,donor
PTPN11,-0.0754,0.8115,0.9133,donor
MYO18A,1.9,0.0005693,0.209,donor
CTAGE10P,-0.0021,0.95,0.9781,donor
ACP5,0.8138,0.03602,0.4276,donor
CHRNA3,0.2451,0.8545,0.9344,donor
DLEU2,-0.3355,0.4358,0.683,donor
CERK,0.3491,0.3328,0.6378,donor
LOC101929231,-0.351,0.201,0.6378,donor
SNORD52,0.1349,0.648,0.8185,donor
TMEM33,-0.3846,0.1339,0.6183,donor
ARHGEF10L,0.0094,0.9837,0.9929,donor
CCL22,-0.0722,0.619,0.8011,donor
HSPA12A,2.5635,0.01125,0.3122,donor
MROH9,0.0296,0.5325,0.7456,donor
CSNK1D,0.328,0.3222,0.6378,donor
HLTF,0.4011,0.1427,0.6294,donor
LY6G6C,0.1142,0.4964,0.7231,donor
BPIFA1,-0.0394,0.3632,0.6378,donor
DGCR14,0.8912,0.06835,0.5051,donor
NUCKS1,0.3465,0.3587,0.6378,donor
SMAP2,0.0188,0.96,0.982,donor
SNORA32,-0.3868,0.1585,0.6378,donor
PTPRVP,-0.0777,0.2293,0.6378,donor
LPXN,-0.3273,0.3947,0.6537,donor
PPY,-1.8405,0.1265,0.6056,donor
CWC22,-0.5142,0.1985,0.6378,donor
LOC283177,-0.7957,0.1162,0.59,donor
LOC574538,1.0872,0.07077,0.5095,donor
NAP1L6,-0.2133,0.8184,0.917,donor
RN7SL2,0.3934,0.5782,0.7745,donor
MIR103A2,0.0024,0.9772,0.9906,donor
FAM45B,0.6333,0.03832,0.4289,donor
MIR199A1,0.0148,0.3739,0.6378,donor
MIR29B2,0.3764,0.4168,0.6695,donor
C3orf49,0.2665,0.2908,0.6378,donor
LINC00485,-0.0205,0.3632,0.6378,donor
MIR95,0.0675,0.2568,0.6378,donor
LINC00467,-0.3837,0.07964,0.5289,donor
MIR33A,0.0288,0.3739,0.6378,donor
MIR32,0.0443,0.208,0.6378,donor
XPC,0.4214,0.269,0.6378,donor
COX7A2,-0.2687,0.157,0.6378,donor
LOC283335,1.1624,0.03299,0.4196,donor
PSMA3-AS1,-0.4982,0.1286,0.6093,donor
GOLGA2P10##1,-0.0629,0.4561,0.6955,donor
SMA4,-0.1953,0.2231,0.6378,donor
SMA4##1,0.403,0.1903,0.6378,donor
DIAPH3-AS1,0.2107,0.3739,0.6378,donor
CWF19L1,-0.3331,0.5692,0.7688,donor
PRMT6,0.2684,0.5954,0.7859,donor
ASPM,0.2599,0.5251,0.7416,donor
FAM135A,-0.2445,0.1697,0.6378,donor
KIAA0196,0.4059,0.1317,0.6136,donor
CEP83,0.4827,0.2325,0.6378,donor
PCDH9-AS2,0.1218,0.3739,0.6378,donor
KIAA1467,-0.3644,0.4892,0.7182,donor
ISLR2,-0.0898,0.289,0.6378,donor
LINC00348,0.4811,0.5021,0.727,donor
ELP2,-0.2237,0.4046,0.6608,donor
TMTC1,0.064,0.2682,0.6378,donor
IQSEC2,0.0122,0.9722,0.9884,donor
INS,0.1064,0.7657,0.8878,donor
RNU6-79P,0.0391,0.8172,0.9164,donor
IP6K3,-0.0039,0.977,0.9906,donor
RFK,-0.8501,0.003835,0.2568,donor
SERPINB10,0.0422,0.3739,0.6378,donor
PGGT1B,-0.644,0.2278,0.6378,donor
MTL5,-0.3762,0.5335,0.7463,donor
SEC24C,0.4064,0.3007,0.6378,donor
PCYT1A,-0.431,0.6346,0.8108,donor
OXA1L,0.0901,0.3934,0.6529,donor
BTF3P11,0.0653,0.5138,0.7354,donor
LOC101928174,0.3463,0.5981,0.7881,donor
GPR63,-0.1504,0.8015,0.9089,donor
CAPN2,0.4105,0.2194,0.6378,donor
PCYT1B,0.5103,0.3493,0.6378,donor
SLC47A1,0.1013,0.4559,0.6953,donor
AGK,0.2673,0.5265,0.7425,donor
ERO1LB,0.497,0.2649,0.6378,donor
COL14A1,0.0982,0.3015,0.6378,donor
KIAA1522,-0.0912,0.8785,0.9458,donor
CAPN13,-0.5957,0.3308,0.6378,donor
CHST14,-0.5941,0.4557,0.6953,donor
UBAP1,-0.1345,0.7309,0.8695,donor
TESC,0.2649,0.6976,0.8488,donor
SLC38A6,-1.2089,0.2447,0.6378,donor
LINC00333,0.0162,0.9147,0.9611,donor
KYNU,0.0148,0.3739,0.6378,donor
LINC00379,0.0102,0.3739,0.6378,donor
FHL2,0.2683,0.3147,0.6378,donor
CD99,0.121,0.2142,0.6378,donor
PDGFB,-2.673,0.003211,0.2385,donor
RPAP2,-0.0466,0.8984,0.9543,donor
BAALC,-0.7099,0.4907,0.719,donor
ATP13A3,-0.2059,0.5954,0.7859,donor
KIAA1407,0.2133,0.4818,0.7133,donor
UNC79##1,0.8283,0.05812,0.4798,donor
PHLPP2,0.9429,0.3272,0.6378,donor
TMPRSS6,1.1467,0.08554,0.5416,donor
C16orf58,1.1568,0.005452,0.2594,donor
B4GALT2,1.2191,0.04865,0.4566,donor
MATN2,-0.4691,0.6736,0.8344,donor
SMYD3,-0.7338,0.3805,0.6429,donor
SMURF2,0.1015,0.9006,0.9552,donor
WDR59,0.4087,0.7173,0.8609,donor
TMEM177,-0.3535,0.4161,0.6691,donor
LIMD2,-0.257,0.4866,0.7174,donor
THAP7,0.4802,0.06478,0.4976,donor
SPX,-0.0522,0.7749,0.8927,donor
ITIH5,-0.1574,0.8609,0.9374,donor
LOC101060553,0.6906,0.4044,0.6606,donor
PRR7,0.8295,0.08668,0.544,donor
TMEM121,-0.7079,0.09262,0.5552,donor
PTGES3L-AARSD1,0.0053,0.8371,0.9258,donor
ACBD3,-0.398,0.1294,0.6108,donor
THUMPD2,0.3221,0.5912,0.7828,donor
PRR3##1,-0.1006,0.7382,0.8741,donor
LY6G5C##6,-0.4273,0.4014,0.6587,donor
RNU6-83P,0.02,0.3739,0.6378,donor
LSG1,0.6923,0.03779,0.4276,donor
FKSG29,0.2491,0.1787,0.6378,donor
SUPT4H1,-0.276,0.3017,0.6378,donor
KCNH2,1.3002,0.005409,0.2594,donor
LINC00554,0.0102,0.3739,0.6378,donor
ALDH3B1,0.2099,0.3351,0.6378,donor
CENPK,0.0972,0.8343,0.9247,donor
LRRC4,1.5168,0.1,0.5677,donor
ELSPBP1,0.0102,0.3739,0.6378,donor
EPB41L4A,1.3493,0.02421,0.3837,donor
SAR1A,-0.0819,0.7224,0.8641,donor
ELTD1,-0.0411,0.2134,0.6378,donor
GEN1,0.4347,0.6867,0.842,donor
DUS1L,1.0807,0.01648,0.3436,donor
TMBIM1,0.0461,0.8831,0.9475,donor
GRIPAP1,0.4957,0.175,0.6378,donor
MAGEF1,0.3114,0.06058,0.4854,donor
RTP4,-0.2861,0.2178,0.6378,donor
NPFFR1,0.0884,0.3739,0.6378,donor
FGF14-AS2,-0.6305,0.5101,0.7333,donor
ILF3,0.5783,0.102,0.5697,donor
CDCA4,-0.2522,0.6169,0.7996,donor
RNF152,-0.3174,0.5436,0.753,donor
LAMTOR1,0.384,0.1719,0.6378,donor
C21orf62##1,0.8795,0.2548,0.6378,donor
RPS7P5,0.003,0.9365,0.9719,donor
LOC494127,-0.1972,0.4789,0.7114,donor
TDP1,-0.2206,0.8272,0.921,donor
C10orf2,0.6302,0.4551,0.6951,donor
CLK1,-0.6792,0.08155,0.5339,donor
C2orf83,0.0563,0.3739,0.6378,donor
HN1L,0.7652,0.03943,0.4295,donor
TMEM55B,-0.2883,0.4029,0.6599,donor
ZNF700,-0.6847,0.1732,0.6378,donor
SLC39A3,1.0224,0.04747,0.4527,donor
UBE3B,-0.0715,0.77,0.89,donor
SBNO2,-0.0734,0.8259,0.9203,donor
SLC8A2,1.6528,0.006174,0.2679,donor
SPG20-AS1,-0.2137,0.5664,0.7673,donor
TMEM91,1.0736,0.1339,0.6183,donor
LTBP4,1.646,0.07054,0.5094,donor
C3orf58,-1.0153,0.1667,0.6378,donor
NR4A1,2.0137,0.07459,0.5192,donor
CCDC171,0.5419,0.6208,0.8021,donor
ZNF584,1.6451,0.09191,0.5548,donor
HS6ST3,-1.5144,0.2224,0.6378,donor
ORAOV1,1.1162,0.05249,0.466,donor
DZIP1L,1.8044,0.0009033,0.209,donor
PLBD2,1.0277,0.04017,0.4339,donor
SAMD14,0.1199,0.2437,0.6378,donor
PER3,0.2374,0.6134,0.7972,donor
FURIN,1.1401,0.007097,0.2768,donor
CDK2AP1,0.3027,0.4956,0.7227,donor
TTLL6,-0.6237,0.3991,0.6571,donor
HRK,-2.4477,0.007384,0.2799,donor
HAUS7,0.2837,0.7356,0.8729,donor
PGR,0.3831,0.06653,0.5003,donor
SEL1L2,-0.0257,0.5174,0.7371,donor
LOC101928626,0.0102,0.3739,0.6378,donor
CFAP221,1.0905,0.05877,0.4817,donor
TM7SF2,0.2797,0.5551,0.7603,donor
MROH5,0.2386,0.2836,0.6378,donor
LIPE-AS1,-0.194,0.747,0.8788,donor
TAT-AS1,0.6172,0.4156,0.669,donor
LOC729218,1.0597,0.05415,0.4702,donor
LOC100996455,-0.1773,0.3881,0.649,donor
ATG9B,0.735,0.3122,0.6378,donor
UBE2W,-0.3458,0.3006,0.6378,donor
EPGN,0.365,0.1505,0.6378,donor
ANKFY1,0.6862,0.02041,0.3616,donor
SERPINB1,-1.0316,0.002376,0.2294,donor
GBA3,-0.7141,0.1983,0.6378,donor
WDR72,0.0423,0.2028,0.6378,donor
GCDH,0.5443,0.4959,0.7229,donor
KTN1,0.1168,0.4651,0.7022,donor
LOC101928767,0.0422,0.3739,0.6378,donor
PAIP2,-0.5667,0.03729,0.4276,donor
JKAMP,-0.2515,0.3187,0.6378,donor
UBXN6,1.2432,0.01658,0.3436,donor
TCEAL3,0.4758,0.1382,0.6221,donor
MKRN1,-0.6649,0.01456,0.3321,donor
PDGFA,-0.9304,0.1018,0.5696,donor
PBX4,-0.2155,0.4538,0.6943,donor
NFATC1,0.1461,0.3592,0.6378,donor
RPPH1,-0.0641,0.8016,0.909,donor
RNF214,0.0272,0.946,0.9768,donor
CNGB1,0.0053,0.9445,0.9762,donor
CHCHD10##1,-0.2848,0.2397,0.6378,donor
LINC01337,0.0808,0.3739,0.6378,donor
CERKL,-0.0182,0.9574,0.9812,donor
PSMB11,0.215,0.6345,0.8108,donor
POTEF,-0.0019,0.9746,0.9894,donor
SLC35E2B,0.4648,0.2925,0.6378,donor
TBC1D14,0.3883,0.3005,0.6378,donor
ECRP,0.0288,0.3739,0.6378,donor
CRISPLD1,-0.0097,0.7439,0.8769,donor
LINC01213,-0.1617,0.3632,0.6378,donor
APH1B,0.0421,0.8521,0.9329,donor
TNFSF13B,-1.5359,0.02901,0.4054,donor
ARMC12,0.2102,0.4196,0.6716,donor
C2orf43,0.023,0.9448,0.9764,donor
CENPE,-0.0548,0.9059,0.958,donor
HIF1A,0.1229,0.6422,0.8151,donor
GPANK1,0.8612,0.03209,0.4167,donor
PCDHGB7,-0.3412,0.6583,0.826,donor
TAF1A,-1.3601,0.08884,0.5486,donor
DESI2,-0.4253,0.2186,0.6378,donor
TRAF1,1.1727,0.08977,0.5492,donor
PSMD1,0.3841,0.1219,0.5983,donor
TMEM99,-0.1778,0.2932,0.6378,donor
TNPO3,0.1185,0.8549,0.9345,donor
SNORD9,0.0387,0.3739,0.6378,donor
SNORD8,-0.1088,0.6935,0.8466,donor
NDUFAF7,0.0427,0.9032,0.9564,donor
ASRGL1,-0.328,0.3071,0.6378,donor
TLE1,-0.7832,0.2508,0.6378,donor
KCNK1,-0.7699,0.01704,0.3468,donor
KCNJ15,-0.0205,0.3632,0.6378,donor
FLII,0.7045,0.024,0.382,donor
POLR2G,-0.0023,0.9889,0.9952,donor
HMMR,-0.3179,0.4653,0.7022,donor
ITGB6,-0.4375,0.345,0.6378,donor
OTOG,0.3711,0.06499,0.4977,donor
CCNT1,0.4843,0.1484,0.6376,donor
RUNX2,-0.0471,0.9287,0.9677,donor
UBXN8,-1.2117,0.06241,0.4898,donor
SLC25A14,0.5861,0.004062,0.2594,donor
CORIN,0.2191,0.7703,0.89,donor
GRM1,-1.4316,0.1284,0.6093,donor
C11orf54,-0.0307,0.9394,0.9734,donor
OSBP2,0.8333,0.2537,0.6378,donor
RBM7,-1.2531,0.004956,0.2594,donor
SV2A,0.5649,0.1506,0.6378,donor
WDR83OS,-0.3956,0.1663,0.6378,donor
HSD17B12,0.1669,0.5165,0.7366,donor
INSIG2,-0.609,0.02785,0.3995,donor
CHCHD2,-0.3011,0.06672,0.501,donor
SV2B,1.7817,0.07595,0.5216,donor
CPQ,0.0923,0.7576,0.8847,donor
RRNAD1,-0.3567,0.3524,0.6378,donor
AGBL4,0.4054,0.319,0.6378,donor
AZIN1,-0.6351,0.01518,0.3353,donor
COPG1,0.5758,0.03447,0.4253,donor
HSPB11,-0.5506,0.03845,0.4289,donor
RNFT1,-0.0952,0.8125,0.9138,donor
PSTPIP2,-0.0024,0.8859,0.9483,donor
MAGEE1,0.2039,0.7171,0.8608,donor
RPL36A##1,0.2682,0.606,0.793,donor
ZNF14,-0.0892,0.8529,0.9334,donor
AP5S1,0.0497,0.8995,0.9549,donor
SLC46A2,0.1944,0.3429,0.6378,donor
CDYL,-1.4827,0.0615,0.4886,donor
TYMP,0.4543,0.2986,0.6378,donor
CYP26B1,0.6585,0.1105,0.5826,donor
AOC3,0.7876,0.1768,0.6378,donor
FBXO7,-0.8104,0.0009724,0.209,donor
DLL3,-0.7065,0.3306,0.6378,donor
HIST1H4I,0.006,0.8699,0.9414,donor
MYBL2,-0.2522,0.2766,0.6378,donor
MYBPC1,0.0477,0.3739,0.6378,donor
RWDD3,-0.1913,0.5664,0.7673,donor
CACNA1E,0.217,0.1607,0.6378,donor
RFX5,0.0031,0.9953,0.9982,donor
SELE,0.1723,0.462,0.7005,donor
RAG1,0.4764,0.3643,0.6378,donor
IL1A,-0.1022,0.5805,0.7759,donor
FCGR3A,0.0148,0.3739,0.6378,donor
PLEC,1.8103,0.005125,0.2594,donor
PHEX,1.1543,0.1505,0.6378,donor
EPHA5,0.4355,0.4748,0.7087,donor
KRT82,0.1117,0.3739,0.6378,donor
MUC13,0.6288,0.5837,0.7778,donor
TSLP,-0.0291,0.9067,0.9584,donor
TMEM241,-0.6985,0.5156,0.7361,donor
SUCNR1,0.0023,0.9088,0.9591,donor
PCDH8,-0.5152,0.3548,0.6378,donor
ZNF285,-0.4294,0.6752,0.8354,donor
SFRP1,-0.0787,0.5104,0.7333,donor
REG1A,-0.7803,0.4202,0.6718,donor
PSMA4,0.1641,0.5046,0.7285,donor
CTNNA1,-0.3384,0.2521,0.6378,donor
PSG6,0.1012,0.3739,0.6378,donor
LOC644189,0.645,0.2937,0.6378,donor
FRMD8P1,-0.1963,0.377,0.6397,donor
TMEM30C,0.0727,0.2307,0.6378,donor
PIGP,-0.6245,0.06424,0.4961,donor
BCORP1,0.2303,0.4183,0.6706,donor
LOC441454,-0.0624,0.556,0.7609,donor
FAM183B,0.2232,0.3713,0.6378,donor
LINC01098,-0.0172,0.8061,0.9109,donor
KRT18P55,0.297,0.2658,0.6378,donor
DNAJC7,0.6218,0.000957,0.209,donor
PARD6G-AS1,0.0473,0.9249,0.9657,donor
LOC100133331,0.2228,0.4218,0.6729,donor
LINC01502,0.0275,0.3739,0.6378,donor
LINC01002,-0.0147,0.3632,0.6378,donor
LOC339529,0.1965,0.3474,0.6378,donor
LINC00882,-2.0467,0.008156,0.2835,donor
LINC00883,0.3336,0.2867,0.6378,donor
SNORD114-31,0.1083,0.2183,0.6378,donor
NTRK3,0.32,0.1192,0.5948,donor
TCL6,0.0148,0.3739,0.6378,donor
GABARAPL3,0.1013,0.3315,0.6378,donor
LOC100288778,0.414,0.1458,0.6337,donor
PCNAP1,0.2183,0.4025,0.6594,donor
SPATA41,0.6335,0.319,0.6378,donor
LINC00936,-0.3391,0.7028,0.8516,donor
SLC26A4-AS1,0.0102,0.3739,0.6378,donor
GUCY2GP,0.0345,0.5817,0.7766,donor
CALHM2,0.1967,0.5594,0.7631,donor
UXT-AS1,-0.0048,0.9776,0.9907,donor
CTSLP8,0.0148,0.3739,0.6378,donor
NBEAP1,0.0913,0.5271,0.7427,donor
DMTF1,-0.2449,0.3093,0.6378,donor
FAM83H-AS1,0.9541,0.1832,0.6378,donor
WDR11-AS1,0.2609,0.5262,0.742,donor
FLJ37035,0.3502,0.2409,0.6378,donor
LINC00841,0.0288,0.3739,0.6378,donor
LOC653712,0.0801,0.7382,0.8741,donor
UBQLN4,1.0124,0.2455,0.6378,donor
LOC442132,0.205,0.3803,0.6428,donor
LINC00921,1.137,0.2137,0.6378,donor
HIST2H2BC,-0.0109,0.926,0.9661,donor
LINC00670,-0.0205,0.3632,0.6378,donor
LOC100130298,0.0812,0.7845,0.8989,donor
MCF2L-AS1,1.1369,0.06485,0.4977,donor
ANKRD30BP3,-0.0199,0.9238,0.9657,donor
LINC01252,1.5147,0.03388,0.4237,donor
ST8SIA6-AS1,-0.0572,0.3632,0.6378,donor
HTATSF1P2,0.1973,0.8088,0.9122,donor
LOC440600,-0.2481,0.3939,0.6532,donor
MLK7-AS1,-0.0306,0.7502,0.8813,donor
LOC400958,-0.0147,0.3632,0.6378,donor
LOC100289650,0.0148,0.3739,0.6378,donor
NDUFA6-AS1##1,0.8998,0.07604,0.5216,donor
LINC00944,-0.0125,0.3632,0.6378,donor
LINC00954,-0.6242,0.1494,0.6378,donor
FLJ20021,0.7364,0.009354,0.2961,donor
MIR374A,0.0148,0.3739,0.6378,donor
LOC392232,-0.0577,0.445,0.6883,donor
CYP4F24P,-0.6534,0.4654,0.7022,donor
FLJ41200,-0.103,0.6441,0.8164,donor
LINC00977,0.0288,0.3739,0.6378,donor
ORC2,-0.4215,0.2797,0.6378,donor
ZDHHC8,0.9022,0.1701,0.6378,donor
CLDN7,0.1062,0.7929,0.904,donor
C19orf12,-0.4301,0.3011,0.6378,donor
ARHGAP5-AS1,0.4103,0.4273,0.6772,donor
LARGE,0.2703,0.7695,0.8899,donor
ASZ1,0.0148,0.3739,0.6378,donor
CNKSR1,0.3557,0.6274,0.8063,donor
ROBO1,0.302,0.2071,0.6378,donor
LACE1,0.3565,0.6513,0.8212,donor
RASGEF1A,1.3877,0.2716,0.6378,donor
RNU1-1+RNU1-2+RNU1-27P+RNU1-28P+RNU1-3+RNU1-4+RNVU1-18##6,-0.0286,0.3632,0.6378,donor
DGKA,1.2585,0.01691,0.3458,donor
LMNTD1,0.7218,0.3684,0.6378,donor
FGG,-1.6534,0.1378,0.6216,donor
GPD2,0.1771,0.6267,0.8056,donor
CYB5R3,0.2371,0.4367,0.6839,donor
CYP1A1,1.2843,0.4009,0.6586,donor
PSMB10,-0.4608,0.06168,0.4887,donor
REV3L,0.8466,0.01442,0.3308,donor
IGBP1P1,0.2167,0.4993,0.7254,donor
BCAP31,-0.0412,0.7559,0.884,donor
RCHY1,-0.4952,0.108,0.5778,donor
ZNF488,0.2788,0.3739,0.6378,donor
OSBPL9,-0.1927,0.4466,0.6893,donor
BOD1L1,0.2588,0.7706,0.8903,donor
SVIP,-1.0347,0.02431,0.3845,donor
WBSCR16,0.0449,0.8861,0.9483,donor
TMC1,0.0387,0.3739,0.6378,donor
RPP25L,-0.0059,0.9811,0.9919,donor
KLF14,-0.0871,0.5455,0.7547,donor
SLC25A21-AS1,0.0423,0.9583,0.9814,donor
DMXL2,0.6368,0.07404,0.518,donor
BNC2,0.0079,0.8616,0.9378,donor
AGO4,0.9143,0.05292,0.4671,donor
MKNK2,-0.6897,0.2488,0.6378,donor
RDH11,-0.1407,0.4636,0.7015,donor
UBR2,0.3293,0.2545,0.6378,donor
KLHDC4,0.704,0.1136,0.5863,donor
LOC100288846,0.4664,0.5901,0.7816,donor
SEZ6L2,0.9043,0.03736,0.4276,donor
SPATA31A6,0.0885,0.3739,0.6378,donor
WNK2,1.8789,0.007828,0.2823,donor
LINC01136,0.4299,0.2686,0.6378,donor
LINC00900,0.7258,0.2564,0.6378,donor
APCDD1L-AS1,-0.7025,0.252,0.6378,donor
ZNF28,-0.632,0.326,0.6378,donor
LINC00664,-0.3544,0.4367,0.6839,donor
MIR4295,0.0148,0.3739,0.6378,donor
LOC340107,0.0148,0.3739,0.6378,donor
ZBED5-AS1,0.5461,0.1282,0.6089,donor
LOC100507537,0.1034,0.3739,0.6378,donor
LINC00299,0.0264,0.4254,0.6756,donor
LOC400655,0.0775,0.3023,0.6378,donor
SPANXA2-OT1,-0.0994,0.2967,0.6378,donor
LINC01191,-0.3495,0.08152,0.5339,donor
LINC01160,0.2288,0.5706,0.7698,donor
LINC00959,1.1969,0.06541,0.4983,donor
ZNF43##1,-0.5367,0.5825,0.7771,donor
COMMD6,0.0077,0.9664,0.9856,donor
ZNF236,0.5942,0.2857,0.6378,donor
ATXN7,-0.3221,0.4711,0.7055,donor
TDGF1,-0.3563,0.1748,0.6378,donor
FMN1,3.1498,0.001747,0.2293,donor
GOLGA8O,-0.0272,0.1765,0.6378,donor
C14orf183,-0.2927,0.217,0.6378,donor
MIB1,0.5023,0.5326,0.7456,donor
C8orf33,-0.1469,0.6357,0.8112,donor
UBE2Z,0.2754,0.4026,0.6596,donor
SLC39A8,0.2414,0.5193,0.7381,donor
HIPK2,0.0097,0.9725,0.9885,donor
PYCRL,0.6422,0.3003,0.6378,donor
HACE1,0.2357,0.765,0.8875,donor
MPPE1,0.1308,0.7368,0.8734,donor
ZNF649,-1.7038,0.09599,0.5607,donor
RGAG1,0.0437,0.487,0.7174,donor
PCDH19,0.3913,0.5701,0.7694,donor
UBR4,1.3185,0.00454,0.2594,donor
ZSWIM4,0.3534,0.5401,0.7507,donor
ANKRA2,-0.7671,0.007721,0.2823,donor
CACNB2,1.3523,0.02968,0.408,donor
EPB41,1.2915,0.04167,0.4364,donor
IL6ST,-0.5957,0.03536,0.4276,donor
COG6,-0.3934,0.2439,0.6378,donor
XPO5,0.2034,0.5831,0.7775,donor
LINC00640,-0.0879,0.4449,0.6883,donor
ARV1,-0.0323,0.8868,0.9485,donor
EFCAB6,0.5787,0.1701,0.6378,donor
HID1,1.4605,0.009225,0.2951,donor
FRMD6-AS1,-0.0174,0.9642,0.9841,donor
ANKRD20A4,0.2326,0.2531,0.6378,donor
RCAN2,-0.2349,0.4753,0.7093,donor
ANAPC13,0.3402,0.1942,0.6378,donor
TFR2,0.0337,0.9236,0.9657,donor
NLGN4Y,0.9612,0.4432,0.6876,donor
RHOBTB1,-0.3154,0.6995,0.8499,donor
HLA-DRB5,0.0264,0.9324,0.9695,donor
AARS,-0.3662,0.4396,0.686,donor
ERCC3,0.05,0.8526,0.9332,donor
EDNRB,-0.0888,0.5726,0.7712,donor
MIR3178,0.0148,0.3739,0.6378,donor
MIR323B,-0.066,0.3632,0.6378,donor
MIR3175,0.025,0.1873,0.6378,donor
MIR3162,0.025,0.1873,0.6378,donor
MIR3161,0.0422,0.3739,0.6378,donor
MIR3155A,-0.0125,0.3632,0.6378,donor
MIR3074,0.094,0.3629,0.6378,donor
MIR3157,0.039,0.2369,0.6378,donor
MIR548V,0.1336,0.0746,0.5192,donor
MIR3146,-0.1454,0.5965,0.7868,donor
MIR3137,0.1012,0.3739,0.6378,donor
MIR3132,0.015,0.6396,0.8136,donor
MIR3135A,0.0884,0.3739,0.6378,donor
MIR548S,0.0295,0.3739,0.6378,donor
FAM89B,0.0331,0.9312,0.969,donor
IGF1R,-0.2913,0.2945,0.6378,donor
IFNAR2,0.1235,0.611,0.7956,donor
HTR6,-0.4016,0.3466,0.6378,donor
HTR5A,0.0102,0.3739,0.6378,donor
CDK11A,0.8179,0.09076,0.5516,donor
COPB1,-0.1155,0.4543,0.6945,donor
LFNG,0.5014,0.376,0.6391,donor
ACIN1,0.6751,0.00409,0.2594,donor
NUTM2G,0.4623,0.2304,0.6378,donor
ARAF,0.6131,0.002709,0.2306,donor
KDM5B,0.1011,0.5865,0.7792,donor
TPSG1,-0.0691,0.7389,0.8742,donor
NCOR1,0.6644,0.04732,0.4527,donor
NES,-0.0103,0.6652,0.8298,donor
MAP3K2,-0.0187,0.9444,0.9762,donor
PSD4,-0.6617,0.4281,0.6777,donor
TIAM2,0.3617,0.3857,0.6464,donor
KAT6A,0.2497,0.5962,0.7867,donor
SLC13A4,0.4898,0.2668,0.6378,donor
STEAP1,0.196,0.6624,0.8284,donor
RASGRP4,0.118,0.2001,0.6378,donor
ZNF671,0.1594,0.7015,0.8511,donor
SMYD4,0.7122,0.408,0.6634,donor
KAT8,0.2188,0.5854,0.7787,donor
SYDE2,0.3707,0.7027,0.8516,donor
PWWP2A,0.7304,0.0984,0.5666,donor
ZNRF3,0.8054,0.2769,0.6378,donor
ATRIP,0.4875,0.5274,0.7429,donor
MYCBPAP,0.4223,0.5713,0.7703,donor
PCGF6,-1.0585,0.1739,0.6378,donor
ZIC4,0.2008,0.3739,0.6378,donor
PCBD2,-1.1299,0.2345,0.6378,donor
C4orf17,0.085,0.3739,0.6378,donor
RHPN1,2.2551,0.002485,0.23,donor
ZFP91,-0.1484,0.8208,0.9181,donor
HIPK1-AS1,0.5439,0.4976,0.7239,donor
LOC101928295,-0.0073,0.7899,0.9026,donor
NXNL2,-0.2562,0.2673,0.6378,donor
MOB3C,0.5797,0.07845,0.5246,donor
METTL21A,-0.3219,0.5672,0.7678,donor
C17orf50,0.2406,0.1106,0.5826,donor
ZNF688,0.0915,0.7687,0.8895,donor
C4B+C4B_2##2,0.127,0.3833,0.6448,donor
RAB30,-0.3214,0.3818,0.6435,donor
CLN3,0.7589,0.007327,0.2799,donor
ZNRD1##7,-0.0382,0.9223,0.9653,donor
CCL5,0.0295,0.3739,0.6378,donor
HERC1,0.8443,0.04475,0.4445,donor
ASXL3,-0.5999,0.3216,0.6378,donor
SLC2A2,-0.4,0.7059,0.8531,donor
ZKSCAN8,-0.0697,0.8605,0.9372,donor
IL15RA,0.0543,0.95,0.9781,donor
POLD2,0.0324,0.9547,0.9801,donor
OTUB1,0.3494,0.007829,0.2823,donor
CCDC132,0.0442,0.9297,0.9682,donor
HSDL2,-0.4416,0.2872,0.6378,donor
PSMG3,-0.1473,0.7747,0.8927,donor
CLIP4,-0.0946,0.7997,0.9079,donor
LOC100128233,0.02,0.3739,0.6378,donor
PPME1,0.0322,0.8653,0.9394,donor
BLOC1S2,-0.6326,0.02854,0.4017,donor
HSPH1,-1.5986,0.01454,0.332,donor
FUT8-AS1,0.1437,0.5268,0.7425,donor
SRCAP,1.4326,0.00626,0.2687,donor
TUBGCP2,0.4723,0.2101,0.6378,donor
CLPX,-0.4258,0.4178,0.6703,donor
PPP1R17,0.1012,0.3739,0.6378,donor
FTCD,-0.9941,0.07501,0.5199,donor
FRS2,-0.4776,0.18,0.6378,donor
FRS3,0.6279,0.1242,0.6022,donor
NRSN2,0.7177,0.0776,0.5232,donor
OBFC1,0.2607,0.3943,0.6535,donor
NR0B2,-1.7635,0.1057,0.5734,donor
RNF123,1.0523,0.02724,0.3963,donor
NAP1L2,0.2427,0.5468,0.7557,donor
GPR157,0.0756,0.453,0.6939,donor
TOE1,0.1327,0.8158,0.9157,donor
TEAD1,0.9021,0.08215,0.5346,donor
GRIK2,0.7276,0.1008,0.5686,donor
NXF2+NXF2B,-0.0244,0.3632,0.6378,donor
TRIM52,0.6004,0.1775,0.6378,donor
ZNF496,0.5033,0.3833,0.6448,donor
ABHD14B,0.0614,0.857,0.9356,donor
PANK2,-1.3767,0.01359,0.325,donor
SLC8B1,0.6667,0.4954,0.7225,donor
CTC1,0.6673,0.2321,0.6378,donor
SEMA6D,0.4445,0.1853,0.6378,donor
ATHL1,1.339,0.1187,0.5941,donor
PLCD4,1.0851,0.1034,0.5721,donor
AGPAT9,0.7126,0.5108,0.7335,donor
PYROXD2,0.2505,0.4281,0.6777,donor
NAA11,-0.0103,0.6462,0.8175,donor
SUV420H2,0.848,0.04643,0.4506,donor
USP36,0.4865,0.3092,0.6378,donor
CYHR1,0.4227,0.2578,0.6378,donor
LIPI,-0.0205,0.3632,0.6378,donor
ADAM21P1,-0.2298,0.3376,0.6378,donor
RAP1GAP2,0.8586,0.02647,0.3928,donor
LRRD1,-0.4759,0.2857,0.6378,donor
COG5,-0.2538,0.4528,0.6939,donor
GXYLT2,-0.1348,0.6857,0.8414,donor
GPATCH8,0.6501,0.2107,0.6378,donor
SNHG3,-0.3616,0.2921,0.6378,donor
MRPS14,0.0638,0.8199,0.9176,donor
HERC2P7,-0.0097,0.7423,0.8757,donor
LINC00987,-0.0228,0.3741,0.6378,donor
LOC145474,0.7618,0.287,0.6378,donor
GPC3,0.0907,0.3531,0.6378,donor
DISC1,-0.1631,0.3852,0.6459,donor
MUC12,0.0252,0.9596,0.9818,donor
ACTR3C,-0.309,0.5948,0.7856,donor
C6orf132,0.1028,0.433,0.681,donor
CBY3,0.1483,0.6395,0.8136,donor
ANKRD31,0.705,0.483,0.7142,donor
FAM159B,1.8994,0.03661,0.4276,donor
SGOL2,1.263,0.1039,0.5734,donor
TMEM212,0.0295,0.3739,0.6378,donor
FLT1,0.8421,0.4031,0.6601,donor
TRIM64B,0.0148,0.3739,0.6378,donor
TLCD2,-0.2893,0.7268,0.8669,donor
LOC100303749,-0.1099,0.564,0.7661,donor
IFT27,0.5765,0.04186,0.4367,donor
MIR551A,-0.0125,0.3632,0.6378,donor
MIR492,0.0004,0.9884,0.9948,donor
EPHA5-AS1,-0.0735,0.8883,0.9494,donor
LOC100132077,0.1158,0.3187,0.6378,donor
MPDU1,0.1903,0.6303,0.8085,donor
COL9A2,-0.2128,0.8243,0.9196,donor
ATP5O,-0.3239,0.01151,0.3139,donor
FAM3B,-1.1784,0.3394,0.6378,donor
PSAT1,-1.3815,0.2544,0.6378,donor
TWIST2,0.0275,0.5657,0.767,donor
PEX16,0.5488,0.04069,0.434,donor
CYP26A1,-0.6565,0.3632,0.6378,donor
ZSCAN10,0.0729,0.3739,0.6378,donor
PPP1R7,-0.1286,0.3502,0.6378,donor
GRTP1,0.0043,0.9121,0.9601,donor
A1BG-AS1,0.295,0.5256,0.7416,donor
RAB23,0.1783,0.7006,0.8506,donor
GS1-259H13.2,-1.3418,0.058,0.4797,donor
SLAMF7,0.0141,0.6785,0.8373,donor
MORC3,-0.1173,0.7283,0.8679,donor
SHANK2,0.2771,0.2556,0.6378,donor
LINC01273,-0.4632,0.392,0.6518,donor
LOC101927830+TMLHE-AS1,0.0148,0.3739,0.6378,donor
PPP4R1-AS1,-0.1363,0.3671,0.6378,donor
LOC101927257,0.805,0.185,0.6378,donor
LOC101927284,0.08,0.4869,0.7174,donor
LOC101927869,0.0808,0.3739,0.6378,donor
CTD-2201E9.1,-0.0689,0.5929,0.7842,donor
TTC23,1.7576,0.01984,0.3603,donor
LOC101928796,0.402,0.3932,0.6528,donor
CTD-2201I18.1,0.0725,0.4445,0.6882,donor
LOC101928398,0.0673,0.3739,0.6378,donor
KIZ-AS1,0.0919,0.5383,0.7496,donor
LOC101929526,0.1553,0.1625,0.6378,donor
BAALC-AS1,0.4108,0.519,0.7379,donor
FAM133B,-0.3193,0.2998,0.6378,donor
LOC101929524,0.2806,0.6782,0.8373,donor
TMEM9,0.0218,0.9444,0.9762,donor
LOC101929144,-0.0023,0.8894,0.9494,donor
DLGAP4-AS1,0.3661,0.3073,0.6378,donor
HP09025,-0.0126,0.3632,0.6378,donor
BEAN1-AS1,0.0387,0.3739,0.6378,donor
LOC644919,0.3626,0.2345,0.6378,donor
CTC-436P18.1,0.1831,0.3745,0.638,donor
FAM96A,-0.7518,0.1314,0.6132,donor
LSAMP-AS1,-0.0288,0.9337,0.9701,donor
CTB-178M22.2,0.055,0.3739,0.6378,donor
HMMR-AS1,0.175,0.4564,0.6958,donor
LINC01370,-1.0073,0.07841,0.5246,donor
HMGCLL1,-0.0434,0.8954,0.9527,donor
LOC101927797,-0.0126,0.3632,0.6378,donor
LAMA5-AS1,0.289,0.292,0.6378,donor
LOC101927697,-0.0468,0.3632,0.6378,donor
LOC729296,0.4581,0.3237,0.6378,donor
LOC101928651,0.0545,0.5404,0.7508,donor
LOC101927115,-1.5237,0.006711,0.2732,donor
PLCG1-AS1,-0.5816,0.401,0.6586,donor
LOC101927740,-0.0462,0.2824,0.6378,donor
LOC102606466,0.0148,0.3739,0.6378,donor
NUP35,0.0577,0.9005,0.9552,donor
RALY-AS1,0.3765,0.4335,0.6814,donor
LINC01431,1.014,0.1051,0.5734,donor
LINC01384,0.0231,0.6809,0.8386,donor
ST7-AS2,0.4196,0.1727,0.6378,donor
LOC101926889,0.2621,0.6575,0.8252,donor
LOC101929371,0.0477,0.3739,0.6378,donor
WDR86-AS1,0.0345,0.5817,0.7766,donor
KCNA3,-0.1664,0.8044,0.9104,donor
TMEM168,-0.1758,0.7112,0.8568,donor
UPP1,-0.0688,0.9129,0.9603,donor
PRNCR1,0.3007,0.4277,0.6774,donor
PCAT14,0.0295,0.3739,0.6378,donor
CASC20,-0.0024,0.8859,0.9483,donor
PCBP2-OT1,-0.5602,0.01375,0.3259,donor
CCDC7,0.5699,0.402,0.6591,donor
TM4SF1-AS1,0.1719,0.1817,0.6378,donor
KIAA1191,-0.0853,0.6245,0.8046,donor
LOC101929486,0.1014,0.2894,0.6378,donor
DLG3-AS1,0.8053,0.137,0.6203,donor
LOC101928600,0.0148,0.3739,0.6378,donor
LOC101927421,0.0673,0.3739,0.6378,donor
LINC00320,0.1376,0.4122,0.6669,donor
CLEC17A,-0.0192,0.7325,0.8707,donor
HSDL1,-0.3691,0.1375,0.6212,donor
DIO2-AS1,-0.0126,0.3632,0.6378,donor
MORF4L1,-0.4274,0.05907,0.4822,donor
SNORA79,0.0991,0.2652,0.6378,donor
LOC101927282,0.0148,0.3739,0.6378,donor
SQSTM1,0.2357,0.6508,0.8208,donor
ZNF571-AS1,1.9599,0.04494,0.4445,donor
LINC00641,0.3533,0.6023,0.7908,donor
LOC100506497,0.113,0.6833,0.8401,donor
CYP3A5,0.4915,0.4513,0.6926,donor
YY1P2,0.039,0.2369,0.6378,donor
GJA9-MYCBP##3,0.0737,0.6414,0.8147,donor
MAPKAP1,-1.1757,0.2209,0.6378,donor
LRRC8A,0.0656,0.9329,0.9697,donor
LRIF1,-1.4994,0.1717,0.6378,donor
SDC1,0.1785,0.6946,0.8472,donor
BLOC1S1,-0.3918,0.3726,0.6378,donor
MTHFS##1,0.0656,0.7933,0.9041,donor
STAT4,1.375,0.06502,0.4977,donor
MYPN,0.3212,0.2382,0.6378,donor
SMUG1,-0.8772,0.4438,0.688,donor
RAG2,0.1802,0.4775,0.7106,donor
LINC00642,0.1634,0.7431,0.8764,donor
ENGASE,1.4884,0.06467,0.4973,donor
MCMDC2,0.6451,0.4361,0.6833,donor
ALAS1,0.5644,0.05779,0.4795,donor
SPATA6,-0.5838,0.5762,0.7731,donor
RPTN,-0.0394,0.3632,0.6378,donor
GPRASP2,-0.3855,0.2755,0.6378,donor
SNORA11B,0.0231,0.6809,0.8386,donor
ZSCAN31,-0.6773,0.07059,0.5094,donor
FKBP7,0.2594,0.5558,0.7608,donor
STAT6,0.7607,0.04725,0.4527,donor
CCNDBP1,-0.4105,0.3377,0.6378,donor
HLA-DQB1,1.7681,0.1839,0.6378,donor
GAP43,1.256,0.1274,0.6067,donor
PZP,0.0636,0.6921,0.8455,donor
RAB3B,0.5184,0.03173,0.4161,donor
DUT,-0.0133,0.9756,0.9899,donor
E2F3,-0.602,0.291,0.6378,donor
GATA1,0.2784,0.2094,0.6378,donor
RABIF,0.2547,0.4972,0.7236,donor
GBP1,-0.1466,0.3991,0.6571,donor
HLA-DRB1##3,-0.2088,0.7192,0.8617,donor
TGFBR2,0.3242,0.2641,0.6378,donor
TFF1,-0.2342,0.3348,0.6378,donor
TDG,-0.3935,0.09976,0.5675,donor
SLC22A4,-0.8211,0.2485,0.6378,donor
RYK,0.8274,0.1903,0.6378,donor
TAGLN,0.5481,0.3134,0.6378,donor
SYT5,1.2167,0.07123,0.5111,donor
CLIP1,0.4072,0.2132,0.6378,donor
GTF2F2,0.0272,0.9089,0.9591,donor
GMFB,-0.3159,0.5877,0.78,donor
SLC18A2,-0.7832,0.1898,0.6378,donor
FOXS1,-0.12,0.4157,0.669,donor
UCP2,1.7707,0.01443,0.3308,donor
FKBP1B,-0.9777,0.2677,0.6378,donor
SDCCAG8,0.3939,0.01913,0.3592,donor
ZNF281,0.0713,0.8774,0.9452,donor
WBP2,-0.0697,0.7566,0.8844,donor
WBP1,0.0497,0.7963,0.9059,donor
ZNF234,0.8069,0.06671,0.501,donor
ELP5,-0.0813,0.8294,0.9221,donor
R3HDM1,0.7704,0.1455,0.6335,donor
SKIV2L2,0.4295,0.1308,0.6129,donor
SLC39A14,-0.3268,0.2214,0.6378,donor
IFFO2,0.5863,0.442,0.6869,donor
NRXN1,0.3853,0.4919,0.7201,donor
C4orf26,0.1244,0.3739,0.6378,donor
TRPM1##1,0.0524,0.2692,0.6378,donor
ZNF729,-0.0107,0.8165,0.9161,donor
C20orf197,-0.2961,0.649,0.8194,donor
C1orf233,0.8212,0.0783,0.5246,donor
SBK3,0.2065,0.4186,0.6707,donor
FKBP1A,-0.0154,0.9508,0.9785,donor
EPB41L3,-0.5236,0.01534,0.3368,donor
C10orf32,-0.6693,0.1547,0.6378,donor
AKR1C1,-1.5195,0.009837,0.299,donor
PITX3,0.02,0.3739,0.6378,donor
OTC,-0.2394,0.39,0.6502,donor
MPZ,-0.0647,0.8078,0.9118,donor
HSD17B1,-0.0427,0.9469,0.9771,donor
HRG,-0.2734,0.3346,0.6378,donor
HLCS,0.753,0.1325,0.6156,donor
HBB,0.017,0.6169,0.7996,donor
GUCA1A,-0.0245,0.3632,0.6378,donor
KCNC1,0.5273,0.2303,0.6378,donor
KCNB1,0.7267,0.3455,0.6378,donor
RPS6KA3,-0.2906,0.5733,0.7715,donor
TTN-AS1,-0.3016,0.5537,0.7597,donor
SNHG10,-0.1257,0.7834,0.8982,donor
FLG,1.2631,0.1868,0.6378,donor
PTN,0.0651,0.2568,0.6378,donor
PTMS,-0.2715,0.2957,0.6378,donor
FOXO1,0.2929,0.4381,0.6852,donor
C5orf63,0.3287,0.4713,0.7056,donor
SPAG9,0.45,0.2617,0.6378,donor
SLC9A8,0.9409,0.002824,0.2306,donor
SLC22A17,1.6569,0.02554,0.389,donor
PTPN7,-0.0147,0.3632,0.6378,donor
CENPO,-0.3273,0.6099,0.7949,donor
TUBB4A,0.0102,0.6466,0.8176,donor
AMPD2,-0.0902,0.832,0.9237,donor
TTC7A,2.221,0.003868,0.2574,donor
LDLRAD4,0.5448,0.203,0.6378,donor
FPGT,-0.0685,0.8178,0.9168,donor
PLD2,0.8927,0.07705,0.5225,donor
RIOK3,-0.4382,0.05796,0.4797,donor
LINC00523,-0.1465,0.5031,0.7275,donor
LINC00515,-0.2134,0.3303,0.6378,donor
UBR3,0.8027,0.09292,0.5555,donor
SUSD2,0.6626,0.4418,0.6868,donor
ATG16L1,-0.4635,0.2577,0.6378,donor
SORCS2,0.3988,0.2677,0.6378,donor
ALPK3,1.5688,0.001143,0.209,donor
PTCHD2,1.0123,0.06644,0.5003,donor
ZNF624,-0.1189,0.6644,0.8298,donor
POLR3B,0.6667,0.089,0.5486,donor
WRAP53,0.2651,0.6497,0.8201,donor
KIAA1456,0.6249,0.2319,0.6378,donor
SYT4,-0.2365,0.3917,0.6515,donor
KLHL42,0.8857,0.1027,0.5705,donor
ZNF398,0.9301,0.04752,0.4527,donor
SNORD112,0.3596,0.3409,0.6378,donor
SNX4,-0.6793,0.04028,0.434,donor
SNORD113-1,0.1155,0.221,0.6378,donor
SNORD113-2,0.0363,0.7285,0.868,donor
SNORD113-3,0.4837,0.2036,0.6378,donor
SNORD113-4,-0.1145,0.509,0.7325,donor
SNORD113-5,-0.1597,0.2893,0.6378,donor
SNORD113-6,0.1555,0.3075,0.6378,donor
SNORD113-7,-0.0126,0.8431,0.928,donor
SNORD113-8,-0.1574,0.02124,0.3644,donor
SNORD113-9,0.1916,0.2485,0.6378,donor
SNORD114-1,-0.1245,0.6832,0.84,donor
SNORD114-2,0.3913,0.03962,0.4305,donor
SNORD114-3,0.0005,0.9988,0.9994,donor
SNORD114-4,0.2184,0.2726,0.6378,donor
SNORD114-5,-0.0567,0.4386,0.6853,donor
SNORD114-6,0.3834,0.2239,0.6378,donor
SNORD114-7,0.3535,0.009131,0.2935,donor
SNORD114-8,0.2972,0.2506,0.6378,donor
SNORD114-9,0.1505,0.1676,0.6378,donor
SNORD114-10,-0.1286,0.5575,0.7617,donor
NRAV,0.4807,0.3511,0.6378,donor
LOC100506207,1.0256,0.1798,0.6378,donor
LOC643441,-0.0205,0.3632,0.6378,donor
SNORD114-11,0.3251,0.489,0.7182,donor
SNORD114-12,0.1678,0.2864,0.6378,donor
SNORD114-13,0.2916,0.06637,0.5003,donor
SNORD114-14,0.1828,0.2345,0.6378,donor
SNORD114-15,0.0861,0.3942,0.6534,donor
SNORD114-16,-0.0021,0.9849,0.9934,donor
SNORD114-17,0.0238,0.6472,0.818,donor
SNORD114-19,-0.0205,0.823,0.9192,donor
SNORD114-20,0.8705,0.02828,0.4015,donor
SNORD114-21,-0.1021,0.3603,0.6378,donor
SNORD114-22,0.0104,0.7565,0.8844,donor
SNORD114-23,0.1536,0.5085,0.7319,donor
SNORD114-24,0.2002,0.3739,0.6378,donor
SNORD114-25,0.3173,0.1562,0.6378,donor
SNORD114-26,0.1263,0.4165,0.6693,donor
SNORD114-28,0.0742,0.6465,0.8176,donor
SNORD114-29,0.2244,0.1967,0.6378,donor
SNORD114-30,0.02,0.3739,0.6378,donor
RCN1,-0.3512,0.2179,0.6378,donor
AKAP9,0.256,0.0736,0.5167,donor
SCO1,-0.6027,0.5058,0.7294,donor
JSRP1,0.7302,0.2907,0.6378,donor
SNORA75,0.2113,0.3478,0.6378,donor
LINC00239,0.8159,0.3592,0.6378,donor
ZNF446,1.6054,0.004396,0.2594,donor
NR5A2,-0.913,0.278,0.6378,donor
FAM26F,0.0779,0.4397,0.686,donor
KPNB1,0.6712,0.04754,0.4527,donor
LZTS3,-0.0764,0.9378,0.9727,donor
ZNF316,0.98,0.131,0.6129,donor
SMDT1,0.0418,0.8274,0.9212,donor
MFI2,-0.3851,0.6687,0.8317,donor
RASL10B,1.3644,0.0708,0.5095,donor
CDC14A,0.3537,0.6148,0.7983,donor
CCBE1,2.2735,0.06823,0.5049,donor
MED25,0.7735,0.04043,0.434,donor
SBF2,0.6435,0.1704,0.6378,donor
C1QTNF1,0.2216,0.3739,0.6378,donor
FBXO38,0.1762,0.5731,0.7713,donor
RPL8,0.2639,0.2301,0.6378,donor
LINC00605,0.1048,0.468,0.7036,donor
TBX18,0.0477,0.3739,0.6378,donor
OOEP,0.1232,0.4165,0.6693,donor
MEGF9,0.3894,0.4925,0.7204,donor
TMEM150C,-0.0089,0.9866,0.9941,donor
LUNAR1,-0.0286,0.3632,0.6378,donor
GLMP,0.3724,0.2718,0.6378,donor
RPA2,0.053,0.8499,0.9323,donor
ZBTB11,-0.5133,0.2194,0.6378,donor
UPK3A,0.5662,0.1118,0.5836,donor
NOX1,0.0938,0.5497,0.7575,donor
TSPAN13,-0.453,0.07256,0.5147,donor
CLUL1,0.3096,0.7809,0.8962,donor
TAF5L,-0.8574,0.2354,0.6378,donor
HEMK1,1.0769,0.00455,0.2594,donor
ARNT2,0.5602,0.2963,0.6378,donor
A4GNT,0.143,0.4892,0.7182,donor
SPAST,-0.4222,0.1429,0.6295,donor
MMP17,0.2494,0.1201,0.5962,donor
MLXIP,0.6872,0.04289,0.4384,donor
AP5Z1,0.8097,0.2948,0.6378,donor
COMMD10,-0.5126,0.3502,0.6378,donor
SHANK1,0.211,0.2371,0.6378,donor
LINC00638,-0.1728,0.765,0.8875,donor
GAB3,0.2423,0.7623,0.8862,donor
U2SURP,-0.4667,0.04753,0.4527,donor
LOC728392,0.1103,0.7688,0.8896,donor
MFAP3,-0.5033,0.3674,0.6378,donor
MARVELD2,-0.0323,0.8746,0.9435,donor
GPR155,-0.8871,0.3815,0.6434,donor
PRSS2##1,1.0182,0.4072,0.6627,donor
SPRYD7,-0.6377,0.01265,0.3191,donor
OVCH2,0.1034,0.5412,0.7514,donor
SLCO4C1,-0.0214,0.9696,0.9871,donor
MYL9,-0.1835,0.5625,0.7649,donor
RNF180,0.0523,0.8987,0.9545,donor
SLC39A5,0.1605,0.2777,0.6378,donor
MRPL21,-0.291,0.4123,0.6669,donor
MAP1LC3A,0.3271,0.1848,0.6378,donor
HPS5,-0.2643,0.7413,0.8754,donor
ZBTB8OS,-0.3106,0.1582,0.6378,donor
EXOSC8,-0.3351,0.1915,0.6378,donor
KLHL21,0.4601,0.3409,0.6378,donor
NRBP2,2.7576,0.002485,0.23,donor
MED22,0.9548,0.08852,0.5483,donor
SAPCD2,-0.505,0.2504,0.6378,donor
FERMT3,-0.1413,0.6773,0.8369,donor
CUX1,0.6374,0.06031,0.4853,donor
TBX5,0.2695,0.3182,0.6378,donor
ZGPAT,0.5698,0.2907,0.6378,donor
TET1,-0.9514,0.384,0.6452,donor
HIVEP3,-0.8269,0.4608,0.6996,donor
ZKSCAN3,-0.5196,0.5408,0.7511,donor
SUZ12P1,0.4777,0.2393,0.6378,donor
LINC00521##1,0.2246,0.2077,0.6378,donor
EHD4-AS1,0.1375,0.3739,0.6378,donor
GALNT2,0.5601,0.0677,0.5028,donor
SEC14L6,-0.0126,0.3632,0.6378,donor
FAM27C,-0.0205,0.3632,0.6378,donor
LINC00674,-0.0522,0.7296,0.8688,donor
BZW2,-0.62,0.1311,0.6129,donor
LOC100128164,0.5718,0.09894,0.5672,donor
HYMAI,-0.7659,0.1738,0.6378,donor
CDK10,0.876,0.04853,0.4563,donor
BCDIN3D-AS1,1.8421,0.007773,0.2823,donor
FAM133CP,-0.0961,0.5142,0.7355,donor
MST1P2,0.8933,0.08101,0.5328,donor
LOC100133050,0.0104,0.7583,0.885,donor
TOPORS-AS1,-0.5623,0.03939,0.4295,donor
LOC100129046,0.2985,0.4225,0.6732,donor
LINC00668,0.0422,0.3739,0.6378,donor
LOC100131564,0.2983,0.4171,0.6698,donor
LOC100129138,0.2337,0.381,0.6432,donor
LRRC37A5P,0.039,0.2369,0.6378,donor
RNF170,-0.0272,0.9072,0.9584,donor
RRN3P3,0.6775,0.2952,0.6378,donor
KLF6,0.625,0.2871,0.6378,donor
LINC00894,0.079,0.8674,0.9403,donor
FLJ43681,0.0114,0.9088,0.9591,donor
C15orf40,-0.0116,0.9681,0.9863,donor
LPO,0.2033,0.7864,0.9005,donor
FAM186B,0.5969,0.181,0.6378,donor
PARGP1,0.03,0.9507,0.9784,donor
FLJ36777,-0.2896,0.6874,0.8424,donor
LOC100289511,0.0612,0.8808,0.9469,donor
LOC100294362,1.5358,0.03207,0.4167,donor
TMEM254-AS1,0.9418,0.1121,0.5841,donor
FAM66D,0.0041,0.9873,0.9944,donor
FAM66B##1,0.0501,0.6978,0.8489,donor
HCFC1,0.7437,0.1081,0.5781,donor
PKDREJ,-0.4856,0.1353,0.6189,donor
FXYD3,0.9414,0.4825,0.7138,donor
HAVCR2,0.8361,0.07204,0.513,donor
POMGNT2,-0.1159,0.7782,0.8945,donor
SLC7A3,-0.0126,0.3632,0.6378,donor
CCDC92,0.5464,0.05589,0.4755,donor
CXADRP2,0.0352,0.5102,0.7333,donor
PTGES,0.2122,0.3743,0.6379,donor
BAG5,0.2747,0.4003,0.6581,donor
GOSR1,-0.3231,0.2971,0.6378,donor
TM2D3,-0.8993,0.08693,0.5442,donor
NEIL1,0.7014,0.06113,0.4869,donor
MPP5,-0.0783,0.8038,0.9101,donor
VPS4B,-0.5526,0.1698,0.6378,donor
ATOH8,0.4092,0.6357,0.8112,donor
TMEM87B,-0.6093,0.08157,0.5339,donor
C9orf3,0.2893,0.3115,0.6378,donor
POLR2E,0.3085,0.2845,0.6378,donor
NHEG1,0.5324,0.3041,0.6378,donor
PAXIP1-AS1,0.7474,0.05379,0.4695,donor
TEF,0.2538,0.619,0.8011,donor
TEAD4,-0.7356,0.3945,0.6537,donor
ZNF718,0.3589,0.5569,0.7614,donor
NSF,-0.4784,0.1608,0.6378,donor
ATG13,0.07,0.8048,0.9106,donor
CYP2C8,-0.5867,0.4222,0.6732,donor
CASP10,0.1846,0.389,0.6496,donor
MAP4,0.7433,0.03151,0.4148,donor
CLEC4M,-0.0733,0.3632,0.6378,donor
PLK4,-0.7282,0.1787,0.6378,donor
YME1L1,-0.0952,0.4767,0.71,donor
POLA1,0.6652,0.3488,0.6378,donor
SIX2,0.9177,0.21,0.6378,donor
PWRN2,0.1244,0.3739,0.6378,donor
PPARGC1B,-0.1703,0.0808,0.5322,donor
NAT6,1.0627,0.02474,0.3868,donor
SNORD109A+SNORD109B,0.1275,0.2191,0.6378,donor
SNORD116-1,-0.0462,0.2824,0.6378,donor
SNORD116-2,-0.4804,0.1159,0.589,donor
SNORD116-4,-0.0279,0.7845,0.8989,donor
SNORD116-2+SNORD116-6,0.0724,0.6838,0.8403,donor
SNORD116-5+SNORD116-7##1,0.0288,0.3739,0.6378,donor
SNORD116-8,-0.1378,0.2753,0.6378,donor
SNORD116-11,-0.0097,0.7439,0.8769,donor
SNORD116-12,0.0669,0.5057,0.7294,donor
SNORD116-15,-0.0245,0.3632,0.6378,donor
SNORD116-16,-0.0331,0.1897,0.6378,donor
SNORD116-17+SNORD116-19,-0.0125,0.3632,0.6378,donor
SNORD116-18,-0.0309,0.3495,0.6378,donor
SNORD116-20,-0.123,0.3589,0.6378,donor
SNORD116-21,0.0134,0.7768,0.8938,donor
SNORD116-22,-0.0189,0.6883,0.8429,donor
SNORD116-24,0.4335,0.1747,0.6378,donor
SNORD116-25,-0.0587,0.6528,0.8222,donor
SNORD116-26,0.4205,0.2437,0.6378,donor
SNORD116-27,0.0444,0.6073,0.7934,donor
SNORD116-28,-0.0358,0.3632,0.6378,donor
SNORD116-29,-0.2795,0.2091,0.6378,donor
SNORD115-8,0.0148,0.3739,0.6378,donor
SNORD115-20,-0.0564,0.194,0.6378,donor
SNORD115-30,0.0295,0.3739,0.6378,donor
SNORD115-32,-0.0125,0.3632,0.6378,donor
SNORD115-34,0.0148,0.3739,0.6378,donor
SNORD115-38,0.0102,0.3739,0.6378,donor
SNORD115-39,0.0148,0.3739,0.6378,donor
SNORD115-21+SNORD115-40,0.0102,0.3739,0.6378,donor
SNORD115-41,0.0387,0.3739,0.6378,donor
SNORD115-45,0.0655,0.4354,0.6828,donor
SNORD115-48,-0.0366,0.4763,0.7099,donor
SNORD109A+SNORD109B##1,0.039,0.2369,0.6378,donor
MEFV,0.026,0.9112,0.9601,donor
C21orf91-OT1,0.2124,0.3286,0.6378,donor
LINC00929,-0.0948,0.3632,0.6378,donor
MYH2,0.0422,0.3739,0.6378,donor
PPP1R14B,-0.0171,0.945,0.9765,donor
CBX4,-0.2963,0.52,0.7385,donor
CHST1,0.4233,0.4284,0.6777,donor
DGKD,0.5324,0.3542,0.6378,donor
DGKE,-0.3212,0.6435,0.816,donor
HAT1,-0.7185,0.02013,0.3611,donor
EML4,-0.1875,0.6394,0.8136,donor
C1R,1.9201,0.002085,0.2294,donor
LOC100289656,0.0208,0.7703,0.89,donor
ZNF184,0.9111,0.04967,0.4605,donor
OVOL2,-0.1712,0.6589,0.8264,donor
C1orf43,-0.4237,0.1079,0.5774,donor
NXT2,0.6884,0.3514,0.6378,donor
ZNF77,0.5157,0.4879,0.7177,donor
DHTKD1,-0.0762,0.8887,0.9494,donor
ABHD17C,-0.3591,0.371,0.6378,donor
ZBED5,-0.488,0.282,0.6378,donor
ADARB2,-0.3191,0.6008,0.7897,donor
TRAPPC1,0.0013,0.9955,0.9982,donor
ATXN7L3,0.74,0.1642,0.6378,donor
CTDSP1,1.4044,0.03766,0.4276,donor
WFDC1,-0.2227,0.2384,0.6378,donor
LARS,-0.1652,0.633,0.8096,donor
KMT2E,-0.2055,0.215,0.6378,donor
SRPRB,0.0971,0.8077,0.9118,donor
TP53INP2,0.0968,0.8614,0.9377,donor
MS4A7,0.0674,0.1827,0.6378,donor
CADM3,-0.0125,0.3632,0.6378,donor
CAMK2N1,-0.6991,0.03135,0.4137,donor
CATSPERG,1.1411,0.1652,0.6378,donor
CYP2R1,0.4236,0.186,0.6378,donor
FYCO1,1.1582,0.003529,0.2497,donor
LRRC2,-0.5144,0.4693,0.7044,donor
VCAN,-0.6412,0.3674,0.6378,donor
WBSCR22,0.6393,0.004876,0.2594,donor
CTSA,0.5558,0.3377,0.6378,donor
EMR2,-0.0745,0.5144,0.7355,donor
CDHR2,-0.107,0.8741,0.9432,donor
MNT,0.063,0.8317,0.9237,donor
CDKAL1,-0.1712,0.6044,0.7923,donor
CCNL1,-0.7112,0.005329,0.2594,donor
CASP2,-0.0762,0.8666,0.9401,donor
RFX2,1.1824,0.07573,0.5216,donor
ST6GALNAC1,0.1086,0.2321,0.6378,donor
HPCAL4,0.2284,0.797,0.9063,donor
NAGPA,-0.2129,0.6956,0.8477,donor
BIRC6,0.7159,0.001898,0.2294,donor
HJURP,0.02,0.3739,0.6378,donor
SPPL2B,1.9773,0.003882,0.2575,donor
MAGEC2,0.0148,0.3739,0.6378,donor
AKAP11,0.1035,0.765,0.8875,donor
IMPG2,0.7292,0.3085,0.6378,donor
MAN1B1,0.6482,0.1438,0.6311,donor
GPRC5B,-0.1842,0.2021,0.6378,donor
IL1RL1,0.025,0.1873,0.6378,donor
NLK,0.2682,0.3165,0.6378,donor
CYB5R4,-0.4231,0.1501,0.6378,donor
CYB5R2,-0.0055,0.9855,0.9938,donor
SUCO,-0.116,0.6638,0.8294,donor
COPRS,-0.4021,0.3945,0.6537,donor
ADAP2,-1.2475,0.2429,0.6378,donor
TCP11L1,0.0955,0.777,0.8938,donor
ZGRF1,-0.4764,0.5951,0.7859,donor
SNX9,-0.7254,0.0874,0.5451,donor
TRIP4,-0.2119,0.3078,0.6378,donor
DBR1,-0.4805,0.1429,0.6295,donor
EGFL7,-0.7897,0.3361,0.6378,donor
SEC31A,0.1437,0.5442,0.7535,donor
VPS28,0.099,0.5983,0.7882,donor
RBM19,0.2926,0.5675,0.7678,donor
OTUD7B,1.6659,0.07181,0.5129,donor
AMOTL2,-0.371,0.5606,0.7639,donor
FGF5,0.0306,0.5385,0.7497,donor
REL,0.7655,0.2422,0.6378,donor
ZNF33B,0.0152,0.9804,0.9917,donor
ZNF10,-0.3106,0.264,0.6378,donor
ETHE1,-0.7198,0.346,0.6378,donor
TRAM1,-0.3998,0.09953,0.5675,donor
HDAC7,1.9978,0.009652,0.299,donor
LOC145845,0.6996,0.05537,0.474,donor
IL4R,0.2647,0.1211,0.5967,donor
LPAR4,0.5654,0.3191,0.6378,donor
MDM4,0.4841,0.2001,0.6378,donor
GTSCR1,0.0758,0.3739,0.6378,donor
CUL4A,-0.3371,0.2422,0.6378,donor
CDKN2B-AS1,0.2356,0.7862,0.9004,donor
MFAP2,-0.1325,0.3659,0.6378,donor
TXNL4A,-0.3904,0.09225,0.5549,donor
ENSA,-0.0527,0.8163,0.9159,donor
FMNL3,1.1783,0.03039,0.4102,donor
PAX6,-0.0225,0.9339,0.9702,donor
PRSS21,-0.1033,0.3632,0.6378,donor
EFHB,0.2499,0.7908,0.9027,donor
C18orf25,-0.521,0.1055,0.5734,donor
C6orf57,0.2552,0.4581,0.6973,donor
CFAP52,-0.1935,0.606,0.793,donor
UBQLNL,0.8131,0.1049,0.5734,donor
BMF,1.8678,0.001764,0.2293,donor
PPP1R14D,-0.4071,0.1497,0.6378,donor
VWA5A,-0.1876,0.405,0.6611,donor
LIFR,0.5634,0.5942,0.785,donor
TMUB1,-0.2788,0.2715,0.6378,donor
RPS6KC1,0.4412,0.2343,0.6378,donor
SUN2,1.1463,0.08462,0.5404,donor
MRPL42P5,-0.3116,0.2464,0.6378,donor
GFM2,-0.3097,0.3138,0.6378,donor
ADAT1,0.2878,0.3159,0.6378,donor
ZBED4,0.6902,0.3193,0.6378,donor
DNPEP,0.2596,0.572,0.7709,donor
LRRC37A,0.0084,0.9051,0.9576,donor
GTF3C3,-1.4172,0.09782,0.5649,donor
TRANK1,1.0516,0.1455,0.6335,donor
ETNK2,-0.0114,0.9778,0.9907,donor
LOC101929441,0.0995,0.7725,0.8914,donor
MED28,-0.1193,0.7559,0.884,donor
FAM174A,-0.4642,0.1698,0.6378,donor
ZC3H11A,0.1766,0.4614,0.7001,donor
MYO16,0.425,0.5863,0.7791,donor
URB1,2.1196,0.01254,0.3187,donor
STRA13,0.0754,0.8747,0.9435,donor
EXD1,-0.0033,0.9286,0.9677,donor
GRM6,-0.1001,0.8733,0.9427,donor
GRM4,1.7833,0.009054,0.2929,donor
GRM3,-0.6185,0.1524,0.6378,donor
ECI2,-0.0512,0.7724,0.8914,donor
TTC39B,-0.7583,0.1133,0.5862,donor
GOLPH3L,-0.0395,0.8834,0.9478,donor
LGI2,-0.3145,0.7728,0.8914,donor
MAP1S,0.349,0.4504,0.6923,donor
DARS2,0.524,0.3478,0.6378,donor
KIAA1551,0.1032,0.7848,0.8991,donor
C14orf105,0.0537,0.9588,0.9814,donor
BTBD7,0.0685,0.9429,0.9753,donor
ASUN,-0.0173,0.9718,0.9883,donor
DNAJC17,-0.0553,0.9055,0.9579,donor
NADSYN1,0.4064,0.3788,0.6414,donor
NUDT11,-1.45,0.1475,0.6368,donor
SLC4A1AP,0.1184,0.6574,0.8251,donor
IER3IP1,-0.4638,0.05322,0.4683,donor
PSG9,0.0148,0.3739,0.6378,donor
GID4,-0.1452,0.8653,0.9394,donor
PHF23,0.4823,0.2526,0.6378,donor
GDPD3,-0.2506,0.4972,0.7236,donor
CCDC138,0.0633,0.912,0.9601,donor
KLHL1,0.0441,0.954,0.9798,donor
ELMSAN1,-0.4398,0.2128,0.6378,donor
ZSCAN5A,0.2869,0.6234,0.8041,donor
CHST7,-0.5236,0.5184,0.7376,donor
CHCHD7,-0.6346,0.0263,0.3925,donor
PCYOX1L,0.3801,0.2911,0.6378,donor
SMIM7,0.0522,0.8379,0.9259,donor
MRPS34,0.5984,0.2005,0.6378,donor
MYH7B,0.8231,0.2105,0.6378,donor
DHX58,-1.1611,0.1274,0.6067,donor
LRCH2,-0.5642,0.5375,0.7491,donor
NYAP2,0.8238,0.1891,0.6378,donor
ZFAT,-0.1318,0.8443,0.929,donor
C11orf49,0.2325,0.3977,0.6559,donor
C9orf16,-0.9838,0.009282,0.2955,donor
B3GNT4,-0.1647,0.7616,0.8861,donor
F8,2.0975,0.02275,0.3731,donor
MAP6D1,-1.1287,0.3177,0.6378,donor
TTLL7,0.1995,0.4265,0.6764,donor
METTL22,0.7118,0.06034,0.4853,donor
TMUB2,0.482,0.02952,0.4065,donor
MTRR,-0.0081,0.9695,0.987,donor
ASB8,-0.0747,0.7928,0.9039,donor
DSCC1,0.5909,0.4507,0.6924,donor
ZNF492,-0.3186,0.1161,0.5898,donor
TMEM109,0.4336,0.1198,0.5962,donor
PRMT8,0.064,0.5194,0.7381,donor
FGF20,-0.0276,0.6798,0.8381,donor
NGEF,0.1065,0.3073,0.6378,donor
KDELC1,-0.3267,0.7567,0.8844,donor
WDR18,0.5255,0.4919,0.7201,donor
METTL16,0.3548,0.5011,0.7266,donor
PRRG4,-1.8993,0.05582,0.4752,donor
KIAA1462,0.0841,0.6194,0.8013,donor
SLC10A3,-0.5895,0.4411,0.6867,donor
RPRM,0.1244,0.3739,0.6378,donor
HOMEZ,0.1381,0.6584,0.826,donor
HEATR5B,0.3501,0.283,0.6378,donor
SLCO1B3,-0.057,0.3632,0.6378,donor
SCN2A,1.4254,0.04529,0.446,donor
PCDHB5,1.4409,0.02139,0.3645,donor
PCDHB8,0.7038,0.2466,0.6378,donor
KLHL12,-0.0373,0.929,0.9679,donor
ISG20L2,0.0655,0.8818,0.9471,donor
PCDHB3,0.7914,0.3854,0.6462,donor
OSBPL8,0.5499,0.1344,0.6186,donor
TMEM38A,0.0364,0.9465,0.977,donor
DDX54,0.69,0.1704,0.6378,donor
ZFYVE21,-0.3211,0.1071,0.5758,donor
KXD1,0.0472,0.8306,0.9231,donor
NABP2,0.2978,0.4649,0.7021,donor
TMEM98,-0.3086,0.7099,0.8556,donor
PDCL3,-0.3774,0.5149,0.7358,donor
ZNF687,0.5147,0.3046,0.6378,donor
C20orf195,0.2062,0.7036,0.852,donor
NUP37,-0.6808,0.2541,0.6378,donor
TMEM106C,0.5556,0.1488,0.6378,donor
TUBGCP4,-0.1904,0.5859,0.7789,donor
RBFOX3,0.9349,0.2967,0.6378,donor
CCNA1,-0.9492,0.2064,0.6378,donor
KIAA0825,0.4069,0.6254,0.805,donor
TMEM171,-0.1588,0.8531,0.9334,donor
AFF2,0.0673,0.3739,0.6378,donor
ZCWPW1,-0.8426,0.3136,0.6378,donor
MYO7A,1.9326,0.00293,0.2344,donor
HMGCL,-0.2169,0.1545,0.6378,donor
HMBS,0.9423,0.08326,0.5371,donor
COL8A2,0.392,0.4123,0.6669,donor
ATP6V0B,-0.2559,0.2649,0.6378,donor
ATOX1,-0.258,0.3124,0.6378,donor
ATP6V0E1,-0.5126,0.04821,0.4553,donor
RAB5B,0.3539,0.1129,0.586,donor
RAB3A,0.0263,0.932,0.9694,donor
PYGL,-2.6768,0.001284,0.2183,donor
PYGB,1.1284,0.03575,0.4276,donor
STBD1,-1.2179,0.01538,0.3371,donor
SUN1,0.5633,0.01909,0.3592,donor
ZBTB46,0.06,0.9241,0.9657,donor
WDR82,0.197,0.6764,0.8363,donor
SMG7,0.2894,0.4072,0.6627,donor
ABCB8,0.7834,0.2119,0.6378,donor
ZNF107,-0.6936,0.1482,0.6374,donor
HERC2,1.1494,0.0009524,0.209,donor
NDUFA2,-0.5231,0.01002,0.3007,donor
RNF4,-0.2246,0.4353,0.6827,donor
TMEM175,0.6887,0.02449,0.3848,donor
CRY1,-0.3238,0.4655,0.7022,donor
RPL14,-0.3226,0.1162,0.59,donor
CBFA2T2,0.5461,0.1869,0.6378,donor
TNFSF18,0.1171,0.3739,0.6378,donor
FEZ2,-0.6538,0.1642,0.6378,donor
PGLYRP1,-0.0881,0.5315,0.7456,donor
SYS1,-0.2471,0.5029,0.7275,donor
EHMT1,1.315,0.002641,0.2306,donor
UBE2M,0.1763,0.6142,0.7978,donor
OAZ1,-0.707,0.007579,0.2823,donor
IKBKG,0.1666,0.5894,0.7813,donor
TAAR5,-1.1374,0.01044,0.306,donor
SEMA5A,0.712,0.3134,0.6378,donor
CDR1,0.8152,0.3956,0.6545,donor
CDKN1B,-0.0998,0.8397,0.9267,donor
STK19##4,0.0577,0.8388,0.9262,donor
STK19##5,0.0903,0.3739,0.6378,donor
RNF8,-0.3457,0.1898,0.6378,donor
CA8,-0.3509,0.662,0.8283,donor
CAPN5,-1.5404,0.08675,0.544,donor
KCNMB2,-1.3425,0.1065,0.5747,donor
KCNK7,0.3949,0.3119,0.6378,donor
NCOA4,-0.4345,0.1228,0.6008,donor
BYSL,0.547,0.1556,0.6378,donor
BDH1,0.1216,0.785,0.8993,donor
BCL2L2,0.5525,0.3434,0.6378,donor
F2RL3,0.1287,0.4571,0.6966,donor
KALRN,0.2367,0.306,0.6378,donor
SLC17A1,0.1591,0.3556,0.6378,donor
ATIC,-0.2064,0.4712,0.7055,donor
ARRB1,-0.193,0.6322,0.8092,donor
USP13,0.7413,0.1444,0.6317,donor
ANXA2,-0.0352,0.9331,0.9697,donor
IBSP,-0.1501,0.3926,0.6524,donor
HNRNPF,-0.0986,0.4015,0.6588,donor
MRTO4,0.3577,0.3129,0.6378,donor
COBLL1,0.4404,0.05255,0.466,donor
LPGAT1,-0.5554,0.04099,0.434,donor
SEC16A,0.6976,0.02912,0.4054,donor
C5orf45,0.128,0.7582,0.885,donor
TSSK6,-0.1463,0.6534,0.8226,donor
LONP2,0.5355,0.03811,0.4285,donor
EMILIN2,0.7097,0.1534,0.6378,donor
ZNF830,-0.9526,0.151,0.6378,donor
ANKRD40,0.1328,0.726,0.8664,donor
KREMEN1,0.8818,0.09628,0.5614,donor
ADCK2,0.5217,0.3043,0.6378,donor
GADD45GIP1,-0.0499,0.784,0.8986,donor
CCDC97,0.4969,0.2673,0.6378,donor
EMILIN3,0.3429,0.3333,0.6378,donor
EBF1,0.1652,0.4817,0.7133,donor
TSSK3,0.5325,0.2905,0.6378,donor
PANX2,0.1829,0.7366,0.8733,donor
SCAMP3,-0.0364,0.8827,0.9475,donor
CCDC8,1.2132,0.006289,0.2687,donor
TBC1D10A,-0.0034,0.9946,0.9978,donor
WDR7,0.5942,0.2989,0.6378,donor
GPR61,1.5825,0.07423,0.5184,donor
HMCN1,0.2455,0.3514,0.6378,donor
SLC18B1,-1.5139,0.1701,0.6378,donor
DCAF13P3,0.6369,0.04264,0.4383,donor
THEMIS2,0.2927,0.493,0.7209,donor
KRTAP10-1,0.0288,0.3739,0.6378,donor
RAB15,0.2508,0.305,0.6378,donor
GYPE,0.0148,0.3739,0.6378,donor
PRMT7,0.6311,0.1018,0.5697,donor
ZNF385A,0.0845,0.8619,0.9378,donor
OSCAR##9,0.0043,0.9121,0.9601,donor
TTC8,0.5192,0.1644,0.6378,donor
GGACT,0.4315,0.6119,0.7962,donor
GTPBP10,-0.5205,0.1298,0.6115,donor
GALP,0.176,0.3739,0.6378,donor
CASP9,0.4556,0.2729,0.6378,donor
RHPN2,-0.4715,0.506,0.7295,donor
TRIM5,1.8173,0.08926,0.5486,donor
GREB1,1.6269,0.009482,0.2969,donor
CDHR1,0.021,0.9794,0.9913,donor
BAD,0.2058,0.4868,0.7174,donor
ARHGEF19,0.1192,0.6979,0.8489,donor
GJB4,0.0288,0.3739,0.6378,donor
NAGS,-0.4686,0.4359,0.683,donor
TNPO1,0.0622,0.8315,0.9237,donor
CEP89,0.642,0.3493,0.6378,donor
FAS,-1.3942,0.2737,0.6378,donor
SP7,-0.0206,0.4606,0.6993,donor
ST6GALNAC3,-0.1533,0.5313,0.7454,donor
KRT78,0.0275,0.3739,0.6378,donor
POMZP3,-0.0175,0.9564,0.9808,donor
EED,-0.8195,0.1926,0.6378,donor
FXYD4,-0.0859,0.3632,0.6378,donor
PXT1,0.6022,0.09544,0.5595,donor
C15orf65,-0.6222,0.2954,0.6378,donor
C15orf41,1.2086,0.05759,0.4792,donor
PSMD2,0.603,0.02362,0.3793,donor
GPR132,0.0038,0.9124,0.9601,donor
OSBPL7,0.1306,0.864,0.939,donor
NAP1L5,-0.0583,0.8831,0.9475,donor
PHLDB2,-0.7729,0.01303,0.3222,donor
LTC4S,-0.4781,0.001893,0.2294,donor
FZD3,-0.4589,0.2236,0.6378,donor
CHEK2,-0.8232,0.3669,0.6378,donor
PDCD10,-0.9679,0.07627,0.5216,donor
C11orf91,0.316,0.458,0.6973,donor
ARMC3,-0.2881,0.4198,0.6717,donor
CEP70,-0.448,0.2461,0.6378,donor
PTGES2-AS1,-0.1139,0.7667,0.8882,donor
BSX,0.0647,0.3739,0.6378,donor
SEC14L1,0.9835,0.05153,0.4652,donor
PITX2,0.0288,0.3739,0.6378,donor
COPS3,-0.5124,0.06197,0.4892,donor
RPP21,-1.098,0.01637,0.3436,donor
LRRC20,0.9202,0.09615,0.561,donor
WDTC1,1.2613,0.01147,0.3139,donor
DGKG,1.2606,0.09468,0.5584,donor
ZNF692,0.5324,0.4879,0.7177,donor
VIT,0.0884,0.3739,0.6378,donor
MIR2116,-0.0147,0.3632,0.6378,donor
GMDS,-0.9147,0.3854,0.6462,donor
PKD2L1,-0.3511,0.2794,0.6378,donor
PSME3,0.2772,0.1397,0.6239,donor
AEBP2,0.1221,0.7841,0.8986,donor
ARMC8,-0.5703,0.2451,0.6378,donor
MZF1,1.2763,0.01286,0.3208,donor
FAM153B,0.0773,0.6653,0.8298,donor
CREB3L2,1.1024,0.002022,0.2294,donor
SYNCRIP,0.3142,0.4788,0.7114,donor
ZFAND2B,-0.3629,0.3114,0.6378,donor
PSD,0.695,0.2198,0.6378,donor
CEBPA,-0.034,0.9585,0.9814,donor
THEG,0.0102,0.3739,0.6378,donor
MATR3,-0.5011,0.09565,0.56,donor
PRSS45,0.3239,0.5139,0.7354,donor
SOGA1,1.3947,0.08836,0.5483,donor
LACTB,-0.2703,0.2668,0.6378,donor
TEX10,-0.4194,0.1809,0.6378,donor
ORC4,-0.1436,0.6285,0.8069,donor
GALK2,0.0461,0.8946,0.9522,donor
CD248,0.02,0.3739,0.6378,donor
SLC39A4,-1.0683,0.01499,0.3349,donor
DDX24,0.2837,0.09987,0.5675,donor
CHMP1B,-0.8352,0.0327,0.419,donor
MRPL47,-0.3915,0.1659,0.6378,donor
SPATA45,-0.3594,0.3526,0.6378,donor
BCL2L10,0.6432,0.2951,0.6378,donor
PLXDC1,0.0747,0.8001,0.9081,donor
IRX2,-0.2937,0.3879,0.6487,donor
IDI2,0.251,0.6737,0.8344,donor
MIR6728,-0.0118,0.8589,0.9364,donor
MIR6727,0.0192,0.586,0.779,donor
MIR6723,-0.3748,0.07098,0.5103,donor
MIR6721,0.0102,0.3739,0.6378,donor
MIR6719,0.3036,0.2017,0.6378,donor
MIR6716,0.0102,0.3739,0.6378,donor
GCLC,-0.2265,0.6217,0.8028,donor
PLEKHO2,-0.6171,0.4157,0.669,donor
MOBP,0.3718,0.193,0.6378,donor
B3GALNT2,0.9067,0.01644,0.3436,donor
RNU5B-1,0.1501,0.3667,0.6378,donor
TMEM108,-0.0279,0.9546,0.9801,donor
DUSP22,0.088,0.7898,0.9026,donor
USP49,0.0574,0.9568,0.981,donor
CAPS2,0.6738,0.3953,0.6544,donor
CHD5,1.5864,0.0391,0.4295,donor
RNF43,1.1774,0.07286,0.5151,donor
PYCARD,-0.1987,0.5776,0.774,donor
ATOH7,0.1949,0.4178,0.6703,donor
SLC2A12,1.4797,0.02949,0.4065,donor
C19orf66,-0.131,0.669,0.8318,donor
DDX28,-0.867,0.3975,0.6558,donor
FBXL8,0.7718,0.03571,0.4276,donor
SLC39A9,-0.1738,0.3369,0.6378,donor
BRMS1,0.2667,0.5591,0.763,donor
SYNJ2BP,0.4378,0.057,0.4781,donor
ATP13A1,0.4711,0.2299,0.6378,donor
OLFML2B,0.11,0.2417,0.6378,donor
BLOC1S4,-0.6215,0.2392,0.6378,donor
SCARNA14,0.116,0.2478,0.6378,donor
RASD2,0.3602,0.5879,0.7801,donor
QPRT,1.6245,0.0361,0.4276,donor
SNORD18C,-0.4228,0.1039,0.5734,donor
SNORD18B,-0.2122,0.2278,0.6378,donor
SNORD16,-0.4158,0.1084,0.5782,donor
SNORD18A,-0.1805,0.2786,0.6378,donor
ADAM8,0.8083,0.2877,0.6378,donor
GLMN,-0.9924,0.09364,0.557,donor
SYN1,-0.654,0.1556,0.6378,donor
CLRN1,0.1497,0.183,0.6378,donor
NEK7,-1.4282,0.06087,0.486,donor
HERPUD1,0.7485,0.3428,0.6378,donor
GLT8D1,0.5917,0.02454,0.385,donor
ACER1,-0.0126,0.3632,0.6378,donor
SAT2,0.0196,0.9611,0.9825,donor
SLC26A10,0.6138,0.1965,0.6378,donor
CITED4,-0.5152,0.2626,0.6378,donor
MYOZ3,0.4356,0.08306,0.5366,donor
ZNF384,-0.4408,0.4469,0.6895,donor
ANKRD24,0.4214,0.4508,0.6924,donor
ABTB2,0.2497,0.6319,0.8092,donor
CLEC4F,0.1708,0.3268,0.6378,donor
ZNF100,0.1619,0.783,0.898,donor
C15orf26,0.3014,0.4635,0.7015,donor
REM2,0.5558,0.364,0.6378,donor
C11orf42,0.0887,0.432,0.6804,donor
CLVS1,0.7055,0.371,0.6378,donor
GJD4,0.5372,0.1711,0.6378,donor
PNLDC1,-0.1751,0.5741,0.7721,donor
ZCCHC24,-0.4982,0.3446,0.6378,donor
TAPT1,-0.6607,0.137,0.6203,donor
SLC38A9,-0.3376,0.778,0.8944,donor
FAM117B,-0.3203,0.5043,0.7283,donor
TP63,0.1306,0.2116,0.6378,donor
KANSL3,1.0305,0.004693,0.2594,donor
CCDC17,0.6156,0.2349,0.6378,donor
FNDC3B,0.3895,0.18,0.6378,donor
PABPC1,0.1186,0.581,0.7761,donor
PEBP1,-0.0518,0.5388,0.75,donor
P2RY4,0.2256,0.3739,0.6378,donor
P2RY1,1.8457,0.07059,0.5094,donor
FAM193A,0.5403,0.456,0.6954,donor
SCARF1,-0.4003,0.4682,0.7036,donor
PAX7,0.0148,0.3739,0.6378,donor
OR2D2,0.0102,0.3739,0.6378,donor
SCN7A,-0.4986,0.4291,0.6783,donor
SPATA2,-1.3176,0.1618,0.6378,donor
ATP6AP2,0.1747,0.6087,0.7942,donor
PLXNC1,-0.3069,0.4649,0.7021,donor
CEBPZ,-0.6212,0.05684,0.4777,donor
ABI2,0.2156,0.4243,0.6748,donor
EBI3,-0.0126,0.3632,0.6378,donor
WFS1,1.282,0.004762,0.2594,donor
HRSP12,-0.0977,0.8441,0.9288,donor
B3GNT2,-0.4683,0.6485,0.8189,donor
ILK,-0.5252,0.1417,0.6276,donor
FNDC3A,0.2838,0.2416,0.6378,donor
CALU,0.2576,0.1759,0.6378,donor
ITPR3,0.776,0.05263,0.4662,donor
HIGD2B,-0.0203,0.9279,0.9673,donor
RPL31,-0.3759,0.1534,0.6378,donor
TRUB2,0.6516,0.2364,0.6378,donor
NBEA,1.0671,0.06466,0.4973,donor
RUFY2,-0.2264,0.3521,0.6378,donor
FIGN,0.2848,0.446,0.6888,donor
ERLEC1,0.2827,0.3152,0.6378,donor
TTI1,0.5326,0.1562,0.6378,donor
APIP,-0.4952,0.1683,0.6378,donor
COQ4,0.7034,0.004268,0.2594,donor
RPS27L,-1.1165,0.02646,0.3928,donor
FAM155B,1.4702,0.1194,0.5955,donor
SDCBP2##1,-0.0147,0.3632,0.6378,donor
MTG2,0.8222,0.0548,0.4727,donor
ZNF358,0.7473,0.01233,0.317,donor
WIPI1,0.1748,0.7348,0.8724,donor
TENM1,0.8065,0.3546,0.6378,donor
TOR2A,0.4662,0.3358,0.6378,donor
ZBTB40,1.5028,0.01432,0.3296,donor
NAA60,0.286,0.43,0.6791,donor
SLC25A10,1.433,0.04001,0.4331,donor
AATF##1,-0.2907,0.4742,0.7082,donor
ZBTB5,0.6736,0.2984,0.6378,donor
UMODL1,0.381,0.1591,0.6378,donor
MIRLET7BHG,3.0989,0.0003628,0.209,donor
MAPK4,-1.45,0.07786,0.5237,donor
ZRANB3,0.5312,0.307,0.6378,donor
BCL7C,-0.7183,0.1707,0.6378,donor
C2orf49,-1.0184,0.03051,0.4103,donor
MIR598,0.0148,0.3739,0.6378,donor
MIR606,0.085,0.3739,0.6378,donor
MIR589,0.0551,0.2686,0.6378,donor
LOC729739,-0.117,0.06751,0.5021,donor
C2orf66,0.1307,0.8534,0.9336,donor
SLC37A2,0.1128,0.3561,0.6378,donor
KRBA2,0.9404,0.1514,0.6378,donor
FOXN4,0.2117,0.2425,0.6378,donor
ZNF517,0.0638,0.9255,0.966,donor
ADAMTSL5,0.0133,0.8452,0.9294,donor
SMYD1,0.025,0.1873,0.6378,donor
ZNF789,0.9121,0.02243,0.3697,donor
SIGLEC15,0.5306,0.3438,0.6378,donor
TMED8,0.2084,0.7501,0.8813,donor
E2F6,-0.118,0.8272,0.921,donor
GSN,0.9604,0.04108,0.434,donor
TMEM215,-0.2347,0.4156,0.669,donor
ASB18,0.0102,0.3739,0.6378,donor
PATE2,0.1106,0.3739,0.6378,donor
GPA33,0.055,0.3739,0.6378,donor
MDS2,-0.0779,0.4189,0.6709,donor
B4GALT4,0.0827,0.6256,0.805,donor
RNASE1,0.1337,0.3178,0.6378,donor
FAM19A1,-0.1494,0.7329,0.871,donor
CXorf23,-0.0629,0.8917,0.9507,donor
ZNF620,0.172,0.6399,0.8137,donor
FDXR,0.4389,0.5996,0.7891,donor
KIF21A,-0.2539,0.1004,0.5679,donor
NIT2,-0.0315,0.9322,0.9695,donor
NOL8,-0.6965,0.149,0.6378,donor
OLFML3,0.2989,0.3254,0.6378,donor
PSMG2,-0.2857,0.2131,0.6378,donor
CMC2,-0.5852,0.05152,0.4652,donor
TMEM129,0.7881,0.1406,0.6254,donor
MAATS1,0.3417,0.5744,0.7722,donor
CPN2,0.0725,0.4448,0.6883,donor
FAM46A,0.1544,0.4577,0.6972,donor
VPS13C,-0.0802,0.8344,0.9247,donor
CELF4,-0.2607,0.5513,0.7583,donor
SMCO4,0.0004,0.9992,0.9995,donor
TET2,0.5729,0.1839,0.6378,donor
FEM1C,-0.7547,0.1533,0.6378,donor
DUS3L,0.0192,0.9602,0.9821,donor
EEF2,0.5398,0.2722,0.6378,donor
DAO,-0.0023,0.8894,0.9494,donor
CPSF7,-0.1449,0.6004,0.7895,donor
SAP25,0.016,0.959,0.9814,donor
PTGS1,-0.0381,0.343,0.6378,donor
DCLK1,0.039,0.2369,0.6378,donor
APC2,0.1391,0.514,0.7354,donor
SLC33A1,0.1926,0.4842,0.7153,donor
SLC16A7,0.1113,0.9287,0.9677,donor
HLA-DMA,0.2786,0.6684,0.8314,donor
FBXO22-AS1,-0.0147,0.3632,0.6378,donor
LINC00309,0.055,0.3739,0.6378,donor
GOLGA6L4##1,0.02,0.3739,0.6378,donor
SP6,-0.0809,0.698,0.8489,donor
ATP1A3,0.2843,0.6509,0.821,donor
STX6,0.1872,0.7572,0.8846,donor
TP53INP1,-0.7163,0.1578,0.6378,donor
ESD,-0.6525,0.009714,0.299,donor
ACTA1,-1.2195,0.1054,0.5734,donor
RPL27A,-0.1107,0.685,0.8411,donor
RPL26,-0.5128,0.01638,0.3436,donor
KCNMA1-AS3,0.2477,0.2676,0.6378,donor
AADAC,0.0583,0.1778,0.6378,donor
SERPINA3,-0.6953,0.5964,0.7868,donor
PLOD3,0.9602,0.0319,0.4167,donor
RPL22,-0.1863,0.3998,0.6575,donor
GOLGA4,0.3315,0.1604,0.6378,donor
ENTPD3,-0.4495,0.2831,0.6378,donor
CCNE1,0.6564,0.3297,0.6378,donor
ENPEP,-0.0424,0.5013,0.7266,donor
RNPEP,0.2354,0.5427,0.7524,donor
PARP6,0.725,0.01203,0.3143,donor
C5orf15,-0.4764,0.2595,0.6378,donor
SEMA4B,-0.3531,0.3519,0.6378,donor
SHD,0.0148,0.3739,0.6378,donor
ABCA7,2.1893,0.007223,0.2793,donor
XAB2,-0.552,0.277,0.6378,donor
VPS11,0.2332,0.4717,0.7058,donor
HAUS6,-0.238,0.7098,0.8555,donor
PTPN13,0.6913,0.1556,0.6378,donor
SNAPC5,-0.3521,0.01519,0.3353,donor
SAP30L,-0.2054,0.7166,0.8606,donor
PEX5,1.7645,0.0162,0.3427,donor
SLC4A4,2.0554,0.01312,0.3227,donor
SNX6,-0.2448,0.3333,0.6378,donor
PIP4K2C,0.2537,0.34,0.6378,donor
TMC5,0.5239,0.4888,0.7182,donor
GEMIN6,-0.8215,0.358,0.6378,donor
ABRACL,-0.7029,0.02683,0.3947,donor
RBM25,0.4268,0.05874,0.4817,donor
SELK,-0.2918,0.1444,0.6317,donor
CLMP,0.4224,0.2528,0.6378,donor
EFCC1,0.4236,0.4491,0.6914,donor
NTN4,0.1381,0.4119,0.6668,donor
SCAF1,0.1839,0.6778,0.8372,donor
MYT1L,2.3049,0.000196,0.209,donor
BCKDHA,-0.0436,0.8761,0.9443,donor
FCGR1A,0.0423,0.2028,0.6378,donor
ALOX5,-0.3904,0.3569,0.6378,donor
EFNA3,-0.4879,0.4382,0.6852,donor
DPP6,-0.0095,0.9842,0.9931,donor
ICAM2,0.4558,0.1176,0.5929,donor
TRIM36,0.0439,0.9646,0.9843,donor
DYM,-0.2515,0.4272,0.677,donor
NRG3-AS1,0.0952,0.3156,0.6378,donor
BIN3,0.3897,0.1922,0.6378,donor
CMAS,-0.46,0.02135,0.3644,donor
MIR3939,0.1236,0.253,0.6378,donor
MIR548Y,0.2567,0.3739,0.6378,donor
LINC00311,-0.0225,0.8406,0.9271,donor
LOC100507091,0.0102,0.3739,0.6378,donor
MIR3936,0.215,0.209,0.6378,donor
TIFAB,0.2963,0.3739,0.6378,donor
TMPPE,0.2073,0.7946,0.9052,donor
GUCY2F,0.0524,0.2692,0.6378,donor
FZD8,0.1846,0.4226,0.6732,donor
RPS6KL1,1.4901,0.1026,0.5705,donor
ABHD14A,0.1816,0.5204,0.7388,donor
DCAF12,-0.0272,0.9391,0.9734,donor
TECPR1,2.2973,0.00797,0.2835,donor
MTMR4,0.9507,0.05997,0.4847,donor
PDLIM4,0.7612,0.2027,0.6378,donor
MTMR6,-0.6218,0.01656,0.3436,donor
TESPA1,0.1604,0.3394,0.6378,donor
DNM1P41##1,-0.0023,0.8894,0.9494,donor
FMO3,0.0488,0.1869,0.6378,donor
RALBP1,-0.2397,0.6074,0.7935,donor
CD86,0.171,0.3228,0.6378,donor
RABGAP1L,-0.0354,0.9276,0.9672,donor
RNF115,-0.2128,0.394,0.6534,donor
PRDX3,-0.4548,0.2589,0.6378,donor
MTERF1,-0.5734,0.2914,0.6378,donor
KCNK4,-0.0122,0.8169,0.9163,donor
CTNNBL1,0.1574,0.6645,0.8298,donor
TENM3,0.5701,0.1887,0.6378,donor
RPN1,0.5517,0.1737,0.6378,donor
DERL3,2.3781,0.05987,0.4843,donor
RPE,-0.4587,0.469,0.7043,donor
RUNDC3A,0.7993,0.08906,0.5486,donor
LOC100287036,0.273,0.6571,0.8249,donor
LOC100505549,-0.6831,0.1205,0.5962,donor
PIEZO1,-0.2021,0.5882,0.7802,donor
BIRC2,-0.8309,0.1007,0.5686,donor
TMCO1,-0.3967,0.07606,0.5216,donor
ADD2,0.8575,0.312,0.6378,donor
DHX40,-0.4947,0.05812,0.4798,donor
ZNF2,0.1827,0.8268,0.921,donor
APC,0.5042,0.1744,0.6378,donor
CAPSL,0.2416,0.6505,0.8205,donor
CHCHD4,-0.3388,0.5394,0.7504,donor
C17orf96,-0.3503,0.101,0.5686,donor
CLGN,-0.3813,0.14,0.624,donor
PRICKLE4,0.3721,0.3756,0.6389,donor
TRAPPC2L,-0.1565,0.3982,0.6565,donor
LSM7,-0.2278,0.425,0.6753,donor
CPSF3,0.0585,0.8644,0.9394,donor
FAM3C,-0.973,0.03936,0.4295,donor
KIAA0020,-0.4876,0.06038,0.4854,donor
TMEFF2,-0.1616,0.322,0.6378,donor
CRNN,0.0729,0.3739,0.6378,donor
ACTL6B,0.8367,0.06178,0.4887,donor
PIAS1,0.296,0.2655,0.6378,donor
HN1,-1.4386,0.04369,0.4418,donor
LINC00925,0.3561,0.7091,0.8552,donor
SSH1,-0.2005,0.8137,0.9145,donor
LINC00928,0.0422,0.3739,0.6378,donor
TPD52,-0.6204,0.03936,0.4295,donor
S1PR5,-0.1337,0.4526,0.6938,donor
CLCF1,0.6684,0.2749,0.6378,donor
NKX2-5,0.0509,0.6254,0.805,donor
SCGN,0.7353,0.01273,0.3192,donor
COLGALT1,0.8106,0.08118,0.5328,donor
PMAIP1,-2.4516,0.01784,0.3521,donor
CRY2,0.4874,0.3628,0.6378,donor
TMSB4X,-0.4967,0.2697,0.6378,donor
ZNF239,-0.1518,0.8809,0.9469,donor
STX1A,1.3578,0.005777,0.2658,donor
REEP5,-0.2572,0.1812,0.6378,donor
ST8SIA4,-1.5228,0.03364,0.4217,donor
NLRP1,0.7809,0.3851,0.6459,donor
TTLL13P,0.1007,0.8753,0.9439,donor
FKBP4,-0.6986,0.1911,0.6378,donor
PSME2,0.0527,0.8835,0.9478,donor
PSMD12,-0.4876,0.08124,0.5328,donor
PSMD11,0.5279,0.05547,0.4741,donor
PSMD8,0.1498,0.328,0.6378,donor
FUS,1.1928,0.05652,0.4774,donor
OMD,-0.2834,0.5687,0.7685,donor
SCD,-1.2203,0.004252,0.2594,donor
NR5A1,0.0288,0.3739,0.6378,donor
MARS,-0.0113,0.975,0.9896,donor
IL4I1,0.1653,0.5918,0.7832,donor
GGNBP1,0.0829,0.4958,0.7228,donor
FLJ33360,0.121,0.1293,0.6106,donor
LOC113230,-0.0816,0.7011,0.8508,donor
HAGLR,-0.0569,0.3632,0.6378,donor
C10orf95,0.5161,0.09254,0.5551,donor
PRC1-AS1,-0.1237,0.4817,0.7133,donor
MIR3682,-0.0264,0.9068,0.9584,donor
MIR3681,0.02,0.3739,0.6378,donor
MIR3691,0.0102,0.3739,0.6378,donor
SLC45A2##1,0.551,0.3588,0.6378,donor
ELAVL4,-0.6376,0.06943,0.5081,donor
GSTM1,-0.3269,0.7495,0.8809,donor
ASB9P1,0.132,0.6361,0.8115,donor
TMF1,0.5155,0.02698,0.3947,donor
NAB2,0.4812,0.5938,0.7847,donor
MXI1,-1.6948,0.0042,0.2594,donor
RPL10,-0.1956,0.1519,0.6378,donor
ZNF540,-0.2132,0.7079,0.8544,donor
HLF,1.1492,0.1894,0.6378,donor
RREB1,0.0125,0.9809,0.9919,donor
LINC00923,0.0687,0.6924,0.8457,donor
SLITRK1,-0.1492,0.655,0.8237,donor
FADS2,2.5201,0.005087,0.2594,donor
ANKRD34C,0.3498,0.6038,0.7918,donor
MIR6857,0.0964,0.3453,0.6378,donor
MIR6856,0.0845,0.3782,0.6409,donor
MIR6855,0.0436,0.3072,0.6378,donor
MIR6853,0.248,0.2352,0.6378,donor
MIR6852,-0.0245,0.3632,0.6378,donor
MIR6840,0.3418,0.1009,0.5686,donor
MIR6850,0.1399,0.4836,0.7147,donor
MIR7856,0.0102,0.3739,0.6378,donor
MIR6849,-0.0359,0.3632,0.6378,donor
MIR6839,-0.0023,0.8894,0.9494,donor
MIR7854,0.0275,0.3739,0.6378,donor
MIR6848,0.1789,0.2839,0.6378,donor
MIR6847,-0.1848,0.2014,0.6378,donor
MIR6837,0.1803,0.5021,0.727,donor
MIR7851,-0.1143,0.5312,0.7454,donor
MIR6780B,0.1345,0.09732,0.5641,donor
MIR6845,0.025,0.1873,0.6378,donor
MIR6835,-0.025,0.1747,0.6378,donor
MIR7849,0.0295,0.3739,0.6378,donor
MIR6834,0.0415,0.6683,0.8314,donor
MIR6843,0.1246,0.3363,0.6378,donor
MIR6842,0.0343,0.6795,0.8379,donor
MIR6833,-0.0418,0.6076,0.7936,donor
MIR6831,0.1496,0.3444,0.6378,donor
LOC100506125,-0.2278,0.5396,0.7504,donor
MIR6830,-0.0126,0.3632,0.6378,donor
MIR6822,0.2979,0.2798,0.6378,donor
MIR6821,-0.2644,0.1981,0.6378,donor
MIR6820,0.073,0.8553,0.9346,donor
MIR6818,-0.1333,0.08613,0.5432,donor
MIR6817,0.0069,0.9754,0.9897,donor
MIR6816,0.0387,0.6177,0.8,donor
MIR6811,-0.0558,0.4397,0.686,donor
MIR6812,0.0725,0.4448,0.6883,donor
MIR6810,-0.0286,0.3632,0.6378,donor
MIR6809,-0.0244,0.3632,0.6378,donor
MIR6808,0.0102,0.3739,0.6378,donor
MIR6807,0.2571,0.2781,0.6378,donor
MIR6806,0.0583,0.1778,0.6378,donor
MIR6804,0.0102,0.3739,0.6378,donor
MIR6803,-0.0126,0.3632,0.6378,donor
MIR6801,0.023,0.4801,0.7122,donor
MIR6802,0.0124,0.5551,0.7603,donor
MIR6799,-0.0997,0.2653,0.6378,donor
MIR6798,-0.0949,0.1146,0.5869,donor
MIR6797,0.3971,0.04946,0.46,donor
MIR6796,0.607,0.02305,0.3745,donor
MIR6794,0.0467,0.5002,0.726,donor
MIR6791,-0.0058,0.9354,0.9712,donor
MIR6790,-0.0257,0.7915,0.9032,donor
MIR6789,0.017,0.6181,0.8002,donor
MIR6787,-0.0821,0.4315,0.68,donor
MIR6786,0.104,0.2944,0.6378,donor
MIR6785,0.1892,0.1411,0.6264,donor
MIR6784,-0.0126,0.3632,0.6378,donor
MIR6781,0.0253,0.5134,0.7351,donor
MIR6779,0.0001,0.9965,0.9988,donor
MIR6777,0.0023,0.9088,0.9591,donor
MIR6775,0.0525,0.1108,0.5826,donor
MIR6772,0.02,0.3739,0.6378,donor
SPTLC2,0.1764,0.6728,0.8338,donor
ACTG1P4,1.4299,0.1204,0.5962,donor
LOC728323##1,-0.5869,0.05078,0.4636,donor
TERF1,-0.1917,0.6325,0.8094,donor
TMBIM6,-0.0393,0.7443,0.877,donor
LINC00029,0.0491,0.6316,0.8092,donor
FAM19A5,0.0881,0.8573,0.9357,donor
CYB561D1,1.5504,0.04742,0.4527,donor
GIN1,0.0787,0.7577,0.8847,donor
SFRP4,-0.1033,0.3632,0.6378,donor
OSGIN2,-1.4049,0.05566,0.4742,donor
RIOK2,-0.2841,0.1799,0.6378,donor
CARKD,0.2323,0.5029,0.7275,donor
TFAP2C,0.3254,0.3075,0.6378,donor
CDC34,0.4565,0.2996,0.6378,donor
TFAP2B,-0.0125,0.3632,0.6378,donor
COL12A1,0.0291,0.539,0.7501,donor
PRR5,-0.5388,0.06909,0.5066,donor
ADAMTS7,0.1244,0.3739,0.6378,donor
LOC100288798,-1.0538,0.2179,0.6378,donor
LINC00322,0.0148,0.3739,0.6378,donor
IL1RN,0.0275,0.3739,0.6378,donor
GAA,0.9859,0.0291,0.4054,donor
ACCS,0.5179,0.5073,0.7307,donor
KIFAP3,-0.0377,0.9406,0.9741,donor
CNST,-0.0851,0.7693,0.8899,donor
ADAMTS7P1##1,0.2336,0.305,0.6378,donor
VSNL1,-0.0059,0.9732,0.9888,donor
TGFB2,0.098,0.2616,0.6378,donor
TGFA,-0.4342,0.4028,0.6598,donor
TG,1.0736,0.01113,0.3107,donor
LOC200726,0.0148,0.3739,0.6378,donor
NR0B1,0.6756,0.2255,0.6378,donor
CDC42BPA,-0.0838,0.7322,0.8705,donor
CLTCL1,0.0148,0.9885,0.9948,donor
ATXN1,1.1396,0.07806,0.5244,donor
RB1,-0.4614,0.1051,0.5734,donor
B2M,0.0079,0.9811,0.9919,donor
IRF7,-0.0579,0.9404,0.9739,donor
ATP6V1G1,-0.6104,0.02795,0.3995,donor
NPFFR2,-0.0045,0.8901,0.9497,donor
TP53I3,0.811,0.1214,0.5972,donor
DVL1,0.9305,0.1568,0.6378,donor
DUSP1,0.8937,0.1565,0.6378,donor
ST20-AS1,-0.5038,0.5154,0.7361,donor
BRI3,-0.7315,0.007282,0.2797,donor
YIPF3,0.2884,0.1309,0.6129,donor
MOB4,-0.5811,0.03725,0.4276,donor
SAMD9L,-0.0125,0.3632,0.6378,donor
GCAT,-0.2183,0.7252,0.8661,donor
BAHD1,0.5031,0.3396,0.6378,donor
CAPN6,0.7029,0.2791,0.6378,donor
TDRD7,-0.3374,0.303,0.6378,donor
HSPA4L,-0.2622,0.4629,0.7007,donor
MKI67,0.2628,0.1511,0.6378,donor
SERF2,-0.4721,0.0394,0.4295,donor
EGR3,-0.0449,0.9728,0.9887,donor
IL7,-0.2985,0.6617,0.8282,donor
TRIM50,0.0295,0.3739,0.6378,donor
IRF4,0.0564,0.178,0.6378,donor
PKIG,-0.0129,0.9573,0.9812,donor
EXTL3,2.3468,0.02042,0.3616,donor
DOCK2,0.0523,0.657,0.8248,donor
RPS6KA4,0.1488,0.5901,0.7816,donor
BTRC,0.2291,0.4171,0.6698,donor
PIGC,-0.6574,0.1986,0.6378,donor
APOC1,-0.0829,0.6723,0.8337,donor
MIXL1,-0.0309,0.7736,0.8918,donor
NKAP,-0.0335,0.8606,0.9372,donor
FAM65A,0.9716,0.1147,0.5869,donor
C2orf47,-1.1322,0.07555,0.5212,donor
ULBP3,-0.0289,0.335,0.6378,donor
NCALD,1.2792,0.005296,0.2594,donor
ITFG3,0.7776,0.09792,0.5649,donor
TM2D2,-0.4428,0.2516,0.6378,donor
PAGR1,0.8003,0.004402,0.2594,donor
WDR25,-0.5558,0.1681,0.6378,donor
IFI27L2,-1.0384,0.08255,0.5356,donor
IRF2BPL,0.5274,0.09822,0.5659,donor
AKR1B10,-0.0779,0.3364,0.6378,donor
UPF3A,0.3747,0.1342,0.6185,donor
PCDH15,0.0903,0.8095,0.9124,donor
ALG2,-0.2829,0.286,0.6378,donor
TFAP4,0.1206,0.77,0.89,donor
CRABP1,-0.0881,0.4338,0.6816,donor
DDX11L10,-0.0126,0.3632,0.6378,donor
BHMT2,1.8252,0.06434,0.4961,donor
BPTF,0.5081,0.1841,0.6378,donor
LINC01039,0.2216,0.3739,0.6378,donor
IL2RA,0.0443,0.5952,0.7859,donor
PIKFYVE,0.6306,0.1141,0.5863,donor
EVC2,0.2368,0.2053,0.6378,donor
CCL23,0.3312,0.3739,0.6378,donor
KCNIP4,-0.14,0.8018,0.9091,donor
HS6ST2,-3.3608,0.001078,0.209,donor
ACOT11,1.2894,0.03893,0.4295,donor
DCTN4,-0.2378,0.4995,0.7255,donor
GOT2,0.3419,0.05338,0.4683,donor
AMD1,-0.0065,0.9795,0.9913,donor
RITA1,0.1013,0.8383,0.9259,donor
NUP188,1.0771,0.07297,0.5152,donor
ZNF841,0.6552,0.3022,0.6378,donor
ANKRD6,0.4699,0.2787,0.6378,donor
LGALS12,0.1982,0.2597,0.6378,donor
TICAM2,0.2045,0.4116,0.6667,donor
PKMYT1,-0.2349,0.3019,0.6378,donor
LINC01470,-0.0661,0.9201,0.9642,donor
SEMA6A-AS1,0.0314,0.9429,0.9753,donor
LOC101927795,0.0446,0.7428,0.8762,donor
JMJD8,0.6545,0.1097,0.5805,donor
CHRNB4,0.0372,0.9629,0.9836,donor
CERS3,0.349,0.1853,0.6378,donor
TFRC,-0.4591,0.3002,0.6378,donor
KIR2DL4##12,0.0322,0.593,0.7843,donor
TFF3,1.7476,0.03777,0.4276,donor
TBCA,-0.1209,0.6444,0.8165,donor
ZPLD1,-1.0922,0.0308,0.4112,donor
RBPJ,-0.2255,0.6549,0.8237,donor
FRMPD2,0.0148,0.3739,0.6378,donor
KANSL1,-0.2138,0.663,0.8288,donor
SYK,0.404,0.5834,0.7777,donor
C6orf1,-0.2494,0.4317,0.6802,donor
C6orf48##2,-0.6676,0.03675,0.4276,donor
DCDC2C,-0.0005,0.9866,0.9941,donor
KCTD17,1.2248,0.02383,0.3803,donor
JADE1,0.3626,0.408,0.6634,donor
COBL,1.0236,0.02809,0.3996,donor
UBE2V1,0.5098,0.5713,0.7703,donor
ZNF595,-1.162,0.1496,0.6378,donor
ARFIP1,0.2545,0.2253,0.6378,donor
ZSCAN26,0.3536,0.5776,0.774,donor
ITGB1BP1,-0.5632,0.255,0.6378,donor
SNRPA,0.3842,0.4012,0.6586,donor
SMS,-0.8452,0.0363,0.4276,donor
STX4,2.0126,0.00314,0.2385,donor
CREBBP,0.7582,0.05828,0.48,donor
LPAR1,0.0182,0.6916,0.8453,donor
FAHD1,-0.107,0.5974,0.7875,donor
TCF4,0.7088,0.1144,0.5867,donor
TPBG,-0.9762,0.173,0.6378,donor
IL24,-0.0477,0.08516,0.5404,donor
RPL29P2,-0.0475,0.3337,0.6378,donor
MCM3AP-AS1,1.6658,0.09228,0.5549,donor
SNHG9,0.0656,0.8849,0.9483,donor
SNORA78,0.0543,0.4702,0.7049,donor
LYPLA1,-1.0794,0.01676,0.3439,donor
CD46,0.0038,0.9927,0.9968,donor
SYNE4,0.2388,0.487,0.7174,donor
DPH6,0.3597,0.1572,0.6378,donor
SLC9A3R2,0.089,0.8949,0.9524,donor
TOR4A,0.2742,0.4413,0.6867,donor
UNC80,1.2997,0.00186,0.2294,donor
KC6,0.0249,0.9688,0.9866,donor
DUSP5P1,-0.0348,0.5148,0.7358,donor
LY96,-1.114,0.06064,0.4855,donor
BRICD5,0.4881,0.4488,0.6911,donor
RBP1,0.8107,0.2397,0.6378,donor
LMO2,1.1958,0.04069,0.434,donor
EYS,0.5506,0.6117,0.7962,donor
ZDBF2,1.2235,0.2015,0.6378,donor
MMGT1,-0.1497,0.4699,0.7048,donor
UBE2Q2,-0.5488,0.1966,0.6378,donor
ABCA17P,-0.4985,0.3363,0.6378,donor
EGFR,0.6116,0.2528,0.6378,donor
KRT79,0.0288,0.3739,0.6378,donor
GJC3,-0.1014,0.6945,0.8472,donor
LOC652276,0.3707,0.3781,0.6409,donor
FLJ42627,0.3758,0.2612,0.6378,donor
JADE3,0.8287,0.3549,0.6378,donor
TNFRSF8,0.2209,0.766,0.8878,donor
CD27,-0.3416,0.2031,0.6378,donor
CCNH,-0.1188,0.6683,0.8314,donor
MAN1C1,0.7798,0.07029,0.5091,donor
PDRG1,-0.184,0.6788,0.8375,donor
MRPS26,0.5023,0.08058,0.5316,donor
CSRNP2,-0.6337,0.2564,0.6378,donor
YIPF5,-0.3687,0.07174,0.5127,donor
NAIP##3,0.2757,0.3877,0.6485,donor
NDEL1,-0.1914,0.6321,0.8092,donor
RBM47,0.6032,0.1527,0.6378,donor
SUN3,0.0253,0.7974,0.9065,donor
LNX1,0.9151,0.2556,0.6378,donor
BLCAP,0.3481,0.09278,0.5554,donor
TRPV1,1.2516,0.0413,0.4347,donor
IL17RB,-2.4375,0.02923,0.4054,donor
DEK,0.0461,0.846,0.9298,donor
STAT3,0.1594,0.5183,0.7376,donor
CBX1,0.4797,0.2026,0.6378,donor
C1QC,0.0422,0.3739,0.6378,donor
ZNF205-AS1,-0.51,0.1691,0.6378,donor
GSPT1,0.2258,0.3399,0.6378,donor
CACNA2D4,0.0621,0.338,0.6378,donor
TES,-0.3274,0.4085,0.6637,donor
RN7SL1,-0.2712,0.588,0.7801,donor
IFNA14,-0.1617,0.3632,0.6378,donor
PHRF1,0.7636,0.1119,0.5838,donor
PIK3CD,0.6486,0.2746,0.6378,donor
CREG1,-0.4522,0.09969,0.5675,donor
HOMER2,-0.2141,0.8278,0.9213,donor
C16orf90,0.0673,0.3739,0.6378,donor
FAM109A,0.2678,0.6917,0.8453,donor
USMG5,-0.4689,0.01743,0.349,donor
C12orf74,0.0288,0.3739,0.6378,donor
CLEC16A,1.3712,0.006837,0.2744,donor
RAB42,0.0438,0.2857,0.6378,donor
ANKRD49,-0.7534,0.0443,0.4434,donor
BIVM,0.1852,0.736,0.873,donor
LRRC49,0.006,0.994,0.9974,donor
BSPRY,-0.4771,0.1964,0.6378,donor
NCSTN,0.2224,0.4492,0.6915,donor
MAU2,1.0151,0.013,0.3222,donor
SPECC1L,1.2991,0.05611,0.4764,donor
BEST2,-0.0524,0.4777,0.7106,donor
ASIC5##1,0.0148,0.3739,0.6378,donor
BCAS3,0.3669,0.3622,0.6378,donor
NXPE4,0.0156,0.8236,0.9194,donor
SCRT2,-0.0016,0.997,0.999,donor
COL6A6,0.2224,0.4735,0.7077,donor
EME2,0.4251,0.1394,0.6239,donor
CRAT,-0.9054,0.262,0.6378,donor
CPLX4,0.3065,0.4946,0.722,donor
SPINT1,0.2866,0.4039,0.6604,donor
MYH9,0.4222,0.1636,0.6378,donor
USP21,0.9652,0.03692,0.4276,donor
UCK2,-0.4625,0.1887,0.6378,donor
TXN2,-0.1991,0.3837,0.645,donor
CLUH,1.1209,0.08322,0.5371,donor
CARNS1,0.5125,0.2647,0.6378,donor
STAMBPL1,0.1633,0.6694,0.832,donor
USP35,0.6234,0.4039,0.6604,donor
SIPA1L2,-0.7481,0.1478,0.637,donor
NAGPA-AS1,0.6464,0.2204,0.6378,donor
RIBC1,0.9422,0.3277,0.6378,donor
TRAPPC11,-0.1971,0.2798,0.6378,donor
SLC26A5,-0.2059,0.302,0.6378,donor
QKI,-1.6306,0.06627,0.5003,donor
SOST,0.1034,0.3739,0.6378,donor
CATIP,0.2781,0.2981,0.6378,donor
CORO1C,-0.4183,0.342,0.6378,donor
AMACR,0.4449,0.276,0.6378,donor
PLA2G16,-0.365,0.4984,0.7245,donor
CCDC168,1.0283,0.1093,0.5799,donor
CARHSP1,-1.0111,0.1486,0.6378,donor
DBNL,0.4069,0.3062,0.6378,donor
ABI3,0.0275,0.3739,0.6378,donor
SLC12A4,0.3137,0.7041,0.8524,donor
DENND1B,-0.3809,0.5774,0.774,donor
ABCC11,0.4373,0.2119,0.6378,donor
OLAH,0.2019,0.4763,0.7099,donor
TEKT5,0.1374,0.15,0.6378,donor
EZR,0.8964,0.002485,0.23,donor
SLC47A2,0.3671,0.2586,0.6378,donor
SNX21,0.2662,0.5111,0.7337,donor
UHRF2,-0.5613,0.2159,0.6378,donor
PSMC4,0.4226,0.03921,0.4295,donor
VAT1L,0.2755,0.2874,0.6378,donor
SPAG8,0.6651,0.436,0.6831,donor
ZNF555,0.8074,0.42,0.6717,donor
MRPL54,-0.6655,0.0719,0.513,donor
BCAR4,0.0079,0.9416,0.9745,donor
IFNA2,0.079,0.3739,0.6378,donor
SPEN,0.7383,0.01273,0.3192,donor
GRB2,0.1374,0.6365,0.8118,donor
SERPINB5,-0.0057,0.8256,0.9203,donor
PHKA1,0.5622,0.3035,0.6378,donor
MYH13,0.1502,0.3739,0.6378,donor
GPAA1,0.7179,0.04275,0.4383,donor
PGC,-0.2293,0.409,0.6642,donor
PGAM1,-0.9625,0.006969,0.2751,donor
ABCC6P2,-0.258,0.1805,0.6378,donor
GCM2,0.079,0.3739,0.6378,donor
BSND,0.0782,0.551,0.7583,donor
PCED1B-AS1,0.0513,0.2025,0.6378,donor
TSPEAR-AS2,0.0528,0.6069,0.7932,donor
B3GALT5-AS1,0.8429,0.1709,0.6378,donor
SEMA7A,-0.0208,0.9284,0.9677,donor
MYH10,-0.7314,0.1877,0.6378,donor
RNF19A,-0.2471,0.3275,0.6378,donor
DNMT3A,0.9795,0.01719,0.3475,donor
ZNF408,0.6382,0.5062,0.7297,donor
CYP4F11,-0.1093,0.44,0.6861,donor
C12orf49,-1.8032,0.07805,0.5244,donor
GSDMD##1,0.7714,0.1803,0.6378,donor
CLMN,0.6342,0.4496,0.6918,donor
ZNF665,0.7412,0.4115,0.6667,donor
FUBP1,0.3964,0.1412,0.6264,donor
KRTAP22-1,0.0102,0.3739,0.6378,donor
KRTAP21-2,1.0264,0.3739,0.6378,donor
KRTAP19-4,0.1114,0.3241,0.6378,donor
RAPGEF1,1.0452,0.03401,0.4246,donor
DUS4L,-0.7883,0.08893,0.5486,donor
RHBDF2,0.3452,0.6181,0.8002,donor
ENDOV,-0.2165,0.571,0.7701,donor
RFC3,0.5036,0.3692,0.6378,donor
CMTM3,-1.398,0.06504,0.4977,donor
CRACR2B,1.0761,0.0984,0.5666,donor
HEXDC,0.1041,0.8805,0.9467,donor
VWA3A,-0.292,0.3669,0.6378,donor
FAM98B,-0.2655,0.5457,0.7549,donor
DIP2B,0.7137,0.1981,0.6378,donor
ERAS,-0.6657,0.106,0.5736,donor
BTN2A2,-0.2568,0.7333,0.8713,donor
OTOGL,1.0615,0.3352,0.6378,donor
PADI6,0.0074,0.762,0.8861,donor
LINC00161,0.257,0.3739,0.6378,donor
CA5BP1,-0.0983,0.7879,0.9015,donor
CSRNP3,1.1755,0.02913,0.4054,donor
ANTXR2,0.3262,0.3277,0.6378,donor
LRRC27,0.8897,0.07203,0.513,donor
ANKRD26P1,0.3132,0.3261,0.6378,donor
TIMMDC1,-0.1091,0.5428,0.7524,donor
G3BP1,-0.8306,0.05385,0.4695,donor
MUC6##2,0.1184,0.4182,0.6705,donor
CELA3A,0.9075,0.343,0.6378,donor
ARIH1,0.1326,0.6959,0.8479,donor
ZNF263,0.1673,0.7127,0.8581,donor
PPIF,-0.6366,0.304,0.6378,donor
SF3B6,-0.5355,0.01782,0.3521,donor
PDZD11,0.2138,0.4606,0.6993,donor
ARPC2,-0.2096,0.2396,0.6378,donor
CTDSP2,0.902,0.01592,0.3407,donor
CIB2,0.5155,0.4445,0.6882,donor
TSPAN2,0.1409,0.6827,0.8398,donor
TSPAN5,0.9625,0.1197,0.5961,donor
EMG1,0.073,0.8692,0.9413,donor
TIMM23,-0.3576,0.1836,0.6378,donor
MAPKAPK3,0.364,0.3956,0.6545,donor
ARPC1B,-0.0619,0.8704,0.9416,donor
DAP3,-0.113,0.5698,0.7692,donor
UST,0.5818,0.3858,0.6464,donor
LRP8,1.4979,0.01421,0.3296,donor
EDIL3,-0.2973,0.3988,0.6569,donor
IL18BP,-0.9122,0.1196,0.596,donor
GRAP2,0.4478,0.2523,0.6378,donor
FOXA3,-1.6728,0.008783,0.2926,donor
LITAF,-1.2404,0.3487,0.6378,donor
WNT7A,0.0148,0.3739,0.6378,donor
TTC4,-0.2954,0.2175,0.6378,donor
PDCD7,0.0751,0.8635,0.9388,donor
SCAMP2,0.3286,0.1448,0.6324,donor
TSN,-0.3419,0.08182,0.5342,donor
TRPC6,0.6858,0.1583,0.6378,donor
TRAF6,-0.0775,0.8013,0.9089,donor
TM4SF4,-1.1982,0.2458,0.6378,donor
TSPAN7,-0.1317,0.489,0.7182,donor
ERAL1,0.3239,0.2713,0.6378,donor
ABCF2,0.474,0.1794,0.6378,donor
KDELR2,0.2502,0.411,0.666,donor
KDELR1,-0.0756,0.639,0.8135,donor
RCL1,-0.2239,0.6671,0.8308,donor
LPAR6,-0.1926,0.7749,0.8927,donor
FARP1,-0.3035,0.6808,0.8386,donor
PLCL1,-0.0933,0.8978,0.9543,donor
PDZK1IP1,-0.1339,0.04502,0.4445,donor
AASS,-0.104,0.9238,0.9657,donor
ABCC5,1.4232,0.0003003,0.209,donor
IFT52,0.0647,0.8379,0.9259,donor
TBX6,0.3069,0.3412,0.6378,donor
SPOCK1,0.4327,0.703,0.8516,donor
ASXL1,0.6998,0.1668,0.6378,donor
MED13L,1.187,0.08195,0.5342,donor
LOC100190986,0.0003,0.9931,0.997,donor
BIRC5,0.0148,0.3739,0.6378,donor
HNRNPD,0.4,0.1877,0.6378,donor
FZD6,-0.1183,0.6868,0.842,donor
KCNJ13,1.6636,0.06735,0.5018,donor
KCNJ10,-0.3953,0.4243,0.6748,donor
LOC100190986##1,0.2351,0.2355,0.6378,donor
ITGA8,0.2908,0.4127,0.6673,donor
KCNQ2##1,0.1028,0.8349,0.9248,donor
NIPSNAP1,0.3068,0.4767,0.71,donor
ZNF708,0.0757,0.7988,0.9075,donor
LAIR2,-0.1357,0.3632,0.6378,donor
NPIPB5,1.2256,0.004059,0.2594,donor
PLAC8,0.6407,0.3547,0.6378,donor
PCP2,-0.5294,0.02552,0.3889,donor
C9orf92,0.0295,0.3739,0.6378,donor
PUS7L,0.1122,0.8618,0.9378,donor
UBFD1,0.7533,0.003541,0.2497,donor
FAP,0.4104,0.2961,0.6378,donor
MCM7,-0.1797,0.716,0.8603,donor
MIR22HG,0.8856,0.2462,0.6378,donor
CFL1P1,0.0126,0.9761,0.9902,donor
FZD10-AS1,-0.0615,0.6477,0.8184,donor
TMEM41B,-0.2711,0.4784,0.7111,donor
LOC554206,1.8483,0.00611,0.2668,donor
TMEM14C,-0.3523,0.08422,0.5399,donor
SCG3,0.8223,0.03751,0.4276,donor
ZC3H12C,0.4645,0.1417,0.6276,donor
SUSD4,1.1994,0.0132,0.3232,donor
RRP8,-0.2089,0.524,0.741,donor
UFL1,-0.0436,0.9094,0.9592,donor
FAM198B,-0.0125,0.3632,0.6378,donor
MPV17L,0.1268,0.7696,0.8899,donor
BSPH1,0.1528,0.2302,0.6378,donor
HMGCS2,0.3741,0.4569,0.6964,donor
HLA-E,0.6728,0.05196,0.466,donor
ZBP1,0.2004,0.139,0.6237,donor
TMC7,0.0838,0.3389,0.6378,donor
TNFSF8,0.0288,0.3739,0.6378,donor
PPFIBP2,-2.1595,0.07332,0.5161,donor
AKAP1,1.0401,0.23,0.6378,donor
RAD51C,-0.568,0.356,0.6378,donor
ERG,0.0641,0.5185,0.7376,donor
FKBP1AP1,0.6786,0.1597,0.6378,donor
PP7080,0.4124,0.2554,0.6378,donor
MEG8,0.2771,0.6125,0.7966,donor
NOX4,0.0758,0.4418,0.6868,donor
BMS1P6,0.598,0.07381,0.5171,donor
SNHG12,-1.0132,0.1464,0.6343,donor
DBIL5P,0.1442,0.7702,0.89,donor
MSTO2P##1,0.7418,0.1314,0.6132,donor
RASA4CP,0.8029,0.07658,0.522,donor
C1orf52,-1.268,0.002389,0.2294,donor
C2orf72,0.0486,0.6958,0.8478,donor
TMEM44,-0.3859,0.4788,0.7114,donor
PIGX,0.1599,0.6368,0.812,donor
BRE,-0.6414,0.1245,0.6022,donor
PGBD5,1.0557,0.1084,0.5782,donor
AAK1,0.859,0.1422,0.6285,donor
PTPN5,0.2248,0.2444,0.6378,donor
CRLS1,-0.9537,0.0342,0.4253,donor
FEV,-0.6066,0.2658,0.6378,donor
FBLIM1,-0.3122,0.5519,0.7586,donor
INO80,1.4305,0.164,0.6378,donor
CRYGS,0.201,0.7455,0.8778,donor
FOXRED1,0.9625,0.04289,0.4384,donor
FAM212B,1.1193,0.3027,0.6378,donor
NLGN3,0.1041,0.7565,0.8844,donor
XAF1,0.4193,0.213,0.6378,donor
SMG9,0.9958,0.02059,0.3623,donor
ACRV1,-0.0659,0.8059,0.9108,donor
MPHOSPH8,0.3881,0.1639,0.6378,donor
PSMA6,-0.1932,0.1942,0.6378,donor
PRCC,0.1863,0.5118,0.7341,donor
TUBA1B,-0.5387,0.1743,0.6378,donor
S100P,0.0969,0.6048,0.7925,donor
SEMA3A,0.4146,0.3192,0.6378,donor
CACNG2,0.1759,0.3424,0.6378,donor
S100A2,0.3306,0.4408,0.6867,donor
RNF6,-0.2163,0.5796,0.7753,donor
MICU1,0.2941,0.1813,0.6378,donor
ZNF208,0.4238,0.6838,0.8403,donor
CARF,0.3149,0.5764,0.7733,donor
SLC7A5P1,0.349,0.2879,0.6378,donor
GTF2H4,-0.143,0.8792,0.9461,donor
CDIPT-AS1,-0.494,0.3497,0.6378,donor
UNC13A,1.2968,0.005414,0.2594,donor
C16orf89,-0.0805,0.5012,0.7266,donor
BANF1,-0.1833,0.3604,0.6378,donor
PTPMT1,-0.0921,0.6248,0.8048,donor
ASPHD1,0.4837,0.2617,0.6378,donor
LAMA2,0.5861,0.1797,0.6378,donor
CACNG6,0.0477,0.3739,0.6378,donor
DTX3L,-0.7734,0.2505,0.6378,donor
SLC26A6,0.5928,0.4669,0.7029,donor
MCU,-0.9358,0.2992,0.6378,donor
VWA5B2,0.48,0.399,0.657,donor
GNPDA2,-0.4608,0.1241,0.6022,donor
CHPF,0.3832,0.3239,0.6378,donor
C21orf58,0.6548,0.1577,0.6378,donor
USP7,0.608,0.1404,0.6248,donor
CEMP1,1.3641,0.009902,0.299,donor
STK10,-0.4957,0.4364,0.6836,donor
TESK2,-0.6309,0.5355,0.7481,donor
PEMT,0.7799,0.09888,0.5672,donor
PIN1,0.6493,0.07634,0.5216,donor
SF3A2,0.1271,0.718,0.8611,donor
PAX4,-0.2398,0.3632,0.6378,donor
SKP2,0.2454,0.6173,0.7998,donor
SLC25A1,-0.7004,0.121,0.5966,donor
IRF9,-0.4889,0.0883,0.5483,donor
BPNT1,0.4496,0.1294,0.6108,donor
OR2H2##3,0.0102,0.3739,0.6378,donor
PKD2L2,0.2866,0.1776,0.6378,donor
HSPB8,0.1201,0.4975,0.7239,donor
TMEM50A,-0.0629,0.6884,0.8429,donor
C5orf24,-0.7586,0.05908,0.4822,donor
RASEF,0.0,0.9985,0.9993,donor
PRR14,-0.2161,0.4413,0.6867,donor
SPG20,0.4746,0.2057,0.6378,donor
SNORA30,0.02,0.3739,0.6378,donor
SPRED2,0.1065,0.7511,0.8814,donor
POC1A,1.1736,0.1476,0.6368,donor
LRRC36,-0.9514,0.1614,0.6378,donor
PISD,0.4215,0.2966,0.6378,donor
FBXL19-AS1,1.4595,0.08506,0.5404,donor
SLC16A1,-0.2162,0.7133,0.8582,donor
TBC1D7,0.2159,0.3528,0.6378,donor
ARMC7,0.5177,0.2909,0.6378,donor
QTRTD1,0.839,0.4019,0.6591,donor
DIS3L2,1.0808,0.001847,0.2294,donor
RAP1B,-0.4946,0.06231,0.4895,donor
CMTM5,0.02,0.3739,0.6378,donor
DNM1,0.5022,0.5325,0.7456,donor
STIL,1.4231,0.03781,0.4276,donor
ARHGEF39,0.0502,0.9057,0.958,donor
PLXDC2,-0.3518,0.237,0.6378,donor
AIFM2,-0.8006,0.3587,0.6378,donor
COMP,-0.0125,0.3632,0.6378,donor
C2orf44,-0.3124,0.8081,0.9119,donor
PLA2G4C,-0.1522,0.6948,0.8472,donor
KLRC1,0.0148,0.3739,0.6378,donor
CLUHP3,-1.366,0.1312,0.6129,donor
MID1IP1,0.6815,0.02199,0.3682,donor
OCRL,-0.0057,0.9911,0.9961,donor
CAMSAP3,0.0377,0.9611,0.9825,donor
ANKZF1,0.9364,0.07674,0.5225,donor
UBE2MP1,-0.0292,0.9305,0.9686,donor
BAI3,2.4345,0.03741,0.4276,donor
KRT38,-0.0572,0.3632,0.6378,donor
ABCB4,1.4809,0.07387,0.5174,donor
HAX1,-0.5063,0.05118,0.4645,donor
TAB1,0.8013,0.3164,0.6378,donor
TOMM40,0.1004,0.762,0.8861,donor
GALNT6,0.5413,0.1606,0.6378,donor
RPL35,-0.2609,0.07571,0.5216,donor
PROSC,0.3121,0.2505,0.6378,donor
CCM2,-0.7294,0.2618,0.6378,donor
HNRNPA2B1,0.2988,0.2975,0.6378,donor
ARHGAP24,1.0171,0.00792,0.2835,donor
PALM2-AKAP2,0.0856,0.4216,0.6728,donor
PRMT5,-0.1708,0.7344,0.8722,donor
LOC101930452,0.0885,0.3739,0.6378,donor
STK3,-0.3803,0.2722,0.6378,donor
CHURC1,-0.623,0.01568,0.3396,donor
PJA1,-0.1111,0.6326,0.8095,donor
ATL1,-1.4008,0.002093,0.2294,donor
RFC4,-0.593,0.04902,0.458,donor
SSTR3,0.2863,0.5398,0.7505,donor
ADCY7,0.2913,0.4049,0.6611,donor
ADCY6,1.2942,0.009455,0.2967,donor
UXS1,0.6858,0.3139,0.6378,donor
ZNF367,-1.2598,0.2008,0.6378,donor
RTCA-AS1,0.7365,0.2923,0.6378,donor
MIR181B2,-0.0143,0.6069,0.7932,donor
MIR320A,-0.0228,0.3741,0.6378,donor
LOC643802,-0.0126,0.3632,0.6378,donor
STPG1,0.6801,0.2851,0.6378,donor
NEU4##1,0.0863,0.4164,0.6693,donor
RNF133,0.0729,0.3739,0.6378,donor
SLC9B1,0.7241,0.2462,0.6378,donor
TMEM190,-0.0281,0.6724,0.8337,donor
STARD6,-0.0733,0.3632,0.6378,donor
TRUB1,-0.2629,0.3493,0.6378,donor
C16orf71,0.7063,0.06013,0.485,donor
SREK1,0.2915,0.2159,0.6378,donor
RAET1E,0.531,0.03655,0.4276,donor
STARD4,0.6509,0.3498,0.6378,donor
CRB3,-0.3476,0.3576,0.6378,donor
DEPDC7,-0.0359,0.3632,0.6378,donor
DPP9,0.5131,0.4295,0.6786,donor
ST5,1.0847,0.01921,0.3593,donor
PCNT,1.2167,0.0005175,0.209,donor
CLASRP,0.8996,0.1319,0.6138,donor
MT1L,-0.8081,0.1177,0.5935,donor
KLF5,-1.2353,0.07533,0.5204,donor
CHAF1B,-0.3534,0.5786,0.7747,donor
SWAP70,-0.1436,0.7192,0.8617,donor
ALMS1P,0.1065,0.7393,0.8744,donor
POSTN,0.159,0.2984,0.6378,donor
ZBTB8B,-0.1303,0.7897,0.9025,donor
PNPLA1,0.079,0.3739,0.6378,donor
NT5E,1.0477,0.2402,0.6378,donor
DGKZ,1.6346,0.006693,0.2732,donor
SLC27A2,-1.0211,0.3543,0.6378,donor
GCM1,0.1087,0.8619,0.9378,donor
DHDDS,0.162,0.5708,0.77,donor
LRRC74A,0.0145,0.7944,0.9051,donor
C6orf136,-0.0631,0.7552,0.8839,donor
SEC14L4,0.3943,0.4316,0.68,donor
NPTN,-0.7641,0.01864,0.3569,donor
YRDC,-1.3733,0.001098,0.209,donor
STEAP4,-0.9938,0.3348,0.6378,donor
NAA35,-0.3694,0.3304,0.6378,donor
ZDHHC14,0.3917,0.3805,0.643,donor
DHRS12,0.5105,0.3025,0.6378,donor
COQ2,0.488,0.567,0.7676,donor
SHISA5,0.0548,0.7966,0.9062,donor
DRC7,0.2261,0.5375,0.7491,donor
MICAL3,0.6025,0.1778,0.6378,donor
C16orf96,0.5985,0.2817,0.6378,donor
CYP1B1,-0.0097,0.7423,0.8757,donor
EMC8,-0.4652,0.146,0.6337,donor
C9orf47,0.0022,0.9124,0.9601,donor
KIAA1324L,-0.8127,0.189,0.6378,donor
RPL9,-0.6379,0.3132,0.6378,donor
SYT13,1.2625,0.004198,0.2594,donor
FAM177A1,-0.3134,0.3712,0.6378,donor
MED24,0.5574,0.1254,0.6032,donor
MTRNR2L6##1,-0.4824,0.2718,0.6378,donor
ZNF300,0.5462,0.4713,0.7056,donor
TFIP11,-0.4537,0.1808,0.6378,donor
SUGP2,1.1909,0.001098,0.209,donor
RHOBTB3,-0.2369,0.3793,0.6419,donor
RAB11FIP2,0.4056,0.4832,0.7143,donor
DCLRE1A,-0.7827,0.3293,0.6378,donor
INTS6,-0.0073,0.9721,0.9884,donor
HELZ,0.66,0.007992,0.2835,donor
APOOP5,0.1337,0.5885,0.7805,donor
ANAPC2,1.7983,0.009461,0.2967,donor
HPSE2,0.0422,0.3739,0.6378,donor
CD226,-0.2482,0.389,0.6496,donor
FBF1,0.8637,0.195,0.6378,donor
LOC100505921,0.5085,0.3665,0.6378,donor
MIR7641-2##1,0.0275,0.3739,0.6378,donor
MIR7641-2##2,-0.045,0.1768,0.6378,donor
MIR7641-2##3,0.02,0.3739,0.6378,donor
MIR7641-2##7,0.0288,0.3739,0.6378,donor
MIR7641-2##10,0.085,0.3739,0.6378,donor
MIR7641-2##19,0.025,0.1873,0.6378,donor
DHRS4L1,0.3397,0.3,0.6378,donor
SACS,-0.9791,0.3417,0.6378,donor
GNB2L1,-0.1374,0.1833,0.6378,donor
PRKG1,0.0103,0.8639,0.939,donor
SSR4,0.9254,0.009561,0.2985,donor
PRKCD,-0.6465,0.3887,0.6493,donor
IGF2BP3,-1.4143,0.04769,0.4534,donor
IGF2BP1,0.1216,0.4682,0.7036,donor
SULF2,0.9187,0.128,0.6089,donor
TBX1,0.0722,0.2509,0.6378,donor
TMEM138,0.0247,0.9535,0.9796,donor
ELMOD1,0.5394,0.3739,0.6378,donor
LINC00466,0.0288,0.3739,0.6378,donor
NT5C3A,-0.933,0.02608,0.3914,donor
C6orf203,-0.1258,0.7515,0.8817,donor
TMEM55A,-0.8978,0.02799,0.3995,donor
FEM1A,0.1742,0.5937,0.7846,donor
TMEM69,-0.537,0.3031,0.6378,donor
LANCL2,-0.3154,0.7004,0.8505,donor
PHF7,0.5981,0.3079,0.6378,donor
ELAC1,0.0528,0.8892,0.9494,donor
RBBP6,-0.0599,0.9004,0.9552,donor
C9orf156,0.0222,0.9455,0.9766,donor
FAM114A2,-0.2415,0.6128,0.7967,donor
GPD1,1.1501,0.2957,0.6378,donor
HIGD1C,0.2691,0.3335,0.6378,donor
RAD23B,-0.1626,0.7075,0.8541,donor
RAC2,0.1664,0.8462,0.9298,donor
RAB6A,-0.0835,0.7084,0.8547,donor
KDM4C,0.0985,0.7057,0.853,donor
ANKRD36,0.9409,0.02497,0.3868,donor
CBS##1,-0.1129,0.3184,0.6378,donor
GPR111,0.0729,0.3739,0.6378,donor
GPR112,0.0673,0.3739,0.6378,donor
PDZD9,0.0563,0.3739,0.6378,donor
TMEM86B,-0.6295,0.3202,0.6378,donor
C22orf39,-0.2013,0.5504,0.7582,donor
TMEM61,0.2541,0.6075,0.7935,donor
CEP192,1.1325,0.1145,0.5867,donor
LDHD,-0.3397,0.6654,0.8298,donor
CSNK2A1,-0.714,0.03678,0.4276,donor
SPACA3,-0.2154,0.5556,0.7607,donor
ACADS,0.9326,0.113,0.586,donor
C8orf58,0.4796,0.4862,0.717,donor
NSMCE2,-0.7074,0.1579,0.6378,donor
XKR6,1.1114,0.09371,0.557,donor
HSPBP1,0.2812,0.5615,0.7644,donor
ZFPM1,0.1007,0.3298,0.6378,donor
FAM115C,-0.2969,0.7233,0.8647,donor
LINC01587,-0.0205,0.3632,0.6378,donor
ARL10,0.5478,0.3488,0.6378,donor
FAM153A,0.151,0.1342,0.6185,donor
RPUSD3,-0.0453,0.8463,0.9298,donor
ZNF660,-0.0852,0.9203,0.9642,donor
C2orf69,-0.1078,0.6395,0.8136,donor
USH1C,-1.4852,0.1943,0.6378,donor
EOGT,0.4628,0.2247,0.6378,donor
SLC24A4,0.0526,0.3865,0.647,donor
DPM3,0.1987,0.2444,0.6378,donor
IFI44L,-0.1553,0.3705,0.6378,donor
FAM154A,-0.0146,0.9818,0.9921,donor
SETD9,-0.9075,0.02805,0.3995,donor
RNF149,-0.5842,0.03993,0.4325,donor
PLB1,0.6149,0.05521,0.4734,donor
HSPA14,-0.0591,0.8236,0.9194,donor
PITPNC1,-0.44,0.2904,0.6378,donor
PPHLN1,-0.4362,0.01501,0.3349,donor
H2AFV,0.589,0.02761,0.3977,donor
HECTD2-AS1,-0.3548,0.162,0.6378,donor
NCOA3,0.4327,0.1682,0.6378,donor
BRD9,0.2674,0.53,0.7446,donor
CMAHP,0.0912,0.4643,0.7021,donor
FSCN1,-0.7285,0.003977,0.2594,donor
FAM132A,0.0102,0.3739,0.6378,donor
SNCG,0.0408,0.6248,0.8048,donor
SNCB,0.9606,0.01048,0.306,donor
OR5R1,0.0148,0.3739,0.6378,donor
TP53BP2,-0.0285,0.9646,0.9843,donor
TMEM222,-0.1084,0.6372,0.8124,donor
MAGT1,0.0502,0.8842,0.9481,donor
GNB1L,0.3411,0.6004,0.7895,donor
MSMB,0.3891,0.3145,0.6378,donor
CNOT6L,1.0875,0.01099,0.3105,donor
GPR98,0.7077,0.08813,0.5483,donor
USHBP1,-0.1815,0.3632,0.6378,donor
OSR2,-0.0126,0.3632,0.6378,donor
MGME1,-0.0368,0.9514,0.9787,donor
DMRTA2,0.1794,0.3739,0.6378,donor
TTC29,0.0102,0.3739,0.6378,donor
GNG7,-0.1743,0.6362,0.8116,donor
MMAB,0.291,0.4876,0.7177,donor
WDR34,0.4373,0.2099,0.6378,donor
LRRC37B,-0.4368,0.5441,0.7535,donor
SLC2A13,0.4326,0.1094,0.58,donor
SNORD111B,-0.0126,0.3632,0.6378,donor
SLC28A3,0.7694,0.2864,0.6378,donor
PACSIN1,0.2492,0.736,0.873,donor
TRIM22,-0.5935,0.3674,0.6378,donor
CIDEC,0.0351,0.5113,0.7337,donor
TRA2B,0.3635,0.3023,0.6378,donor
PDCD4,-0.178,0.4339,0.6817,donor
BTG1,-1.305,0.004482,0.2594,donor
BTC,0.4454,0.4284,0.6777,donor
BSG,0.7015,0.03195,0.4167,donor
TPRN,0.7968,0.2681,0.6378,donor
SERPINA1,-1.1978,0.193,0.6378,donor
SNORA70D,0.2023,0.4666,0.7029,donor
IFT81,0.5385,0.04404,0.4426,donor
LRRC48,1.8694,0.03631,0.4276,donor
SNORD71,-0.0584,0.5625,0.7649,donor
CA10,0.1654,0.4693,0.7044,donor
C2orf61,0.0952,0.2761,0.6378,donor
MEIOB,0.9475,0.01836,0.3565,donor
MKS1,1.1175,0.1109,0.5826,donor
ITPRIPL1,-0.0126,0.3632,0.6378,donor
EHHADH,0.2423,0.8278,0.9213,donor
TMEM139,-0.0695,0.8889,0.9494,donor
SLC2A11##1,0.5608,0.2859,0.6378,donor
GON4L,0.8022,0.0008806,0.209,donor
CCDC90B,-0.7279,0.05028,0.4623,donor
SREK1IP1,0.1108,0.6165,0.7993,donor
RELL2,0.6964,0.2503,0.6378,donor
TCAIM,-0.5336,0.2587,0.6378,donor
RABL3,-0.9031,0.05517,0.4734,donor
C3orf38,-0.1377,0.4189,0.6709,donor
FAM126B,-0.0481,0.8874,0.949,donor
C3orf33,0.1123,0.8026,0.9094,donor
HARBI1,2.0766,0.02212,0.3682,donor
TTC9C,-0.2273,0.6696,0.832,donor
CSF3R,0.1852,0.2571,0.6378,donor
ZCCHC12,0.2087,0.7211,0.8631,donor
ST3GAL1,-0.8476,0.3101,0.6378,donor
TMEM37,-1.5516,0.07253,0.5146,donor
FAM95C,1.2759,0.1062,0.5743,donor
FCGR2C,0.1929,0.2469,0.6378,donor
NFRKB,0.7995,0.1443,0.6317,donor
NELL2,-2.948,0.01935,0.36,donor
NEUROD2,0.0065,0.9472,0.9771,donor
POLK,0.0447,0.9336,0.9701,donor
HECA,-0.1546,0.703,0.8516,donor
PDAP1,0.4821,0.08929,0.5486,donor
ERAP1,0.244,0.5214,0.7395,donor
EVC,-0.067,0.2126,0.6378,donor
LINC01227,0.0422,0.3739,0.6378,donor
ZNF683,0.0148,0.3739,0.6378,donor
C14orf79,1.0216,0.07515,0.5199,donor
ZFAND4,-0.3802,0.5097,0.7331,donor
NMNAT2,0.0089,0.9846,0.9933,donor
AK5,0.0018,0.9984,0.9993,donor
VN1R5,1.2731,0.1138,0.5863,donor
RASAL2,0.531,0.3052,0.6378,donor
TAC4,0.017,0.6169,0.7996,donor
MINK1,1.2129,0.02708,0.3952,donor
DDX41,0.0648,0.8918,0.9507,donor
CFL2,-0.6955,0.05829,0.48,donor
PILRB,0.5219,0.07699,0.5225,donor
EXOC1,-0.1841,0.6961,0.8479,donor
GREM1,-1.5315,0.3335,0.6378,donor
CYTH1,0.2083,0.6812,0.8387,donor
KIF22,0.4522,0.2469,0.6378,donor
TRPV3,0.3569,0.3185,0.6378,donor
STX3,-0.2554,0.5754,0.7728,donor
SLC4A10,0.1682,0.7825,0.8976,donor
EPT1,0.6584,0.1193,0.5951,donor
TRAPPC9,0.6798,0.3508,0.6378,donor
TMEM54,-1.063,0.1707,0.6378,donor
PRC1,-1.9,0.02834,0.4015,donor
SDR39U1,-0.0757,0.6501,0.8203,donor
URGCP,0.716,0.1807,0.6378,donor
SFT2D2,0.4456,0.243,0.6378,donor
LINC01082,0.0673,0.3739,0.6378,donor
MIEF2,0.0523,0.9509,0.9785,donor
RELN,0.3473,0.1942,0.6378,donor
FLJ30679,0.2896,0.3261,0.6378,donor
GPBAR1,-0.3135,0.3837,0.645,donor
RAD54B,0.2887,0.7165,0.8606,donor
PTGES2,0.0712,0.8711,0.942,donor
L2HGDH,0.8515,0.2729,0.6378,donor
NTNG2,-1.3315,0.01119,0.3119,donor
PPP6R2,0.4966,0.221,0.6378,donor
TRAF2,0.7881,0.1857,0.6378,donor
AAMDC,-1.1586,0.2167,0.6378,donor
COTL1,0.3268,0.5474,0.7563,donor
XRCC5,-0.218,0.3507,0.6378,donor
RTN1,-0.6796,0.4809,0.7128,donor
MRPL23##1,0.1472,0.6862,0.8417,donor
NSUN7,-0.5147,0.5681,0.7683,donor
RNASEL,-0.3068,0.5277,0.7431,donor
ZC3HAV1,0.2332,0.4476,0.6901,donor
THAP9,0.1851,0.8691,0.9413,donor
LOC647323,0.6194,0.03571,0.4276,donor
PCNXL3,1.5706,0.05745,0.4788,donor
KIF18A,0.5154,0.3584,0.6378,donor
COL6A2,1.237,0.09499,0.5588,donor
CNOT7,-0.6802,0.006536,0.2721,donor
EHMT1-IT1,0.2338,0.4629,0.7007,donor
LRRFIP1,-1.0444,0.1001,0.5678,donor
ST3GAL4,0.9686,0.2226,0.6378,donor
S100B,1.2723,0.2306,0.6378,donor
PRKAA1,-0.5928,0.02397,0.3819,donor
ACN9,0.1901,0.6174,0.7998,donor
LARP6,-0.9346,0.1784,0.6378,donor
C5orf22,-1.0525,0.1295,0.6109,donor
ZNF415,0.1622,0.8665,0.9401,donor
RSBN1,-0.365,0.277,0.6378,donor
MIS18BP1,-0.6156,0.2127,0.6378,donor
SNORD68,-0.1588,0.6552,0.8239,donor
SPSB2,0.8034,0.03551,0.4276,donor
CUEDC1,0.4973,0.2359,0.6378,donor
AAR2,0.2182,0.4253,0.6755,donor
POLD1,0.5809,0.4645,0.7021,donor
YTHDF3,-0.0362,0.9177,0.9629,donor
GTF2H3,-0.5202,0.1666,0.6378,donor
DNAJC5B,-0.0106,0.8334,0.9244,donor
STON2,-1.6517,0.002212,0.2294,donor
SLC45A3,-0.5752,0.1902,0.6378,donor
CASP6,-0.2374,0.5467,0.7556,donor
SLC19A3,0.0411,0.85,0.9323,donor
TEN1-CDK3,0.4071,0.1426,0.6293,donor
IL15,-1.1913,0.3277,0.6378,donor
PTPRG-AS1,-0.1651,0.8754,0.9439,donor
SEC23IP,-0.093,0.6092,0.7944,donor
RNASEK##1,0.6113,0.1666,0.6378,donor
RFFL,-0.1542,0.788,0.9015,donor
SAFB,0.8,0.02109,0.3644,donor
ZNF778,-0.9141,0.3,0.6378,donor
ACTG1,-0.7554,0.1958,0.6378,donor
SNX10,-0.503,0.3891,0.6496,donor
ANXA6,0.8562,0.1666,0.6378,donor
DLG4,1.6863,0.004376,0.2594,donor
KLRB1,-0.0791,0.6032,0.7915,donor
CSTF3,-0.2678,0.569,0.7686,donor
CLIC2,0.0242,0.9671,0.9858,donor
CLNS1A,-0.2152,0.2411,0.6378,donor
COX10,0.1818,0.7402,0.875,donor
CCR1,0.0275,0.3739,0.6378,donor
CLDN4,0.238,0.5131,0.7349,donor
PDDC1,1.0398,0.02106,0.3644,donor
DLGAP4,-0.544,0.1595,0.6378,donor
CFAP74,0.0725,0.4443,0.6882,donor
ZNF677,-0.1178,0.8558,0.9349,donor
ANKRD33,-0.7941,0.1433,0.6305,donor
LSMEM1,-0.3533,0.7799,0.8955,donor
ZNF454,0.7824,0.3914,0.6514,donor
HSPB6,1.3418,0.05325,0.4683,donor
YIPF7,-0.185,0.514,0.7354,donor
ACADM,-0.4018,0.1118,0.5837,donor
DTX1,0.0011,0.998,0.9993,donor
MTOR,0.5427,0.2455,0.6378,donor
FXR2,0.9188,0.1011,0.5689,donor
UGT2A3##1,0.0422,0.3739,0.6378,donor
NAB1,-0.52,0.3522,0.6378,donor
EIF5AL1,0.5332,0.01864,0.3569,donor
PAAF1,-0.1243,0.6461,0.8174,donor
AMBRA1,1.3464,0.03258,0.4188,donor
ZFYVE1,0.6168,0.1608,0.6378,donor
ZNF728,0.3058,0.3559,0.6378,donor
GEM,0.6014,0.3467,0.6378,donor
QSOX2,1.193,0.01657,0.3436,donor
KRTAP10-10,0.0288,0.3739,0.6378,donor
KRTAP12-1,0.0228,0.7544,0.8832,donor
KRTAP12-2,0.2781,0.3017,0.6378,donor
DCBLD1,-0.3019,0.291,0.6378,donor
EPHA6,-0.0281,0.6724,0.8337,donor
SLC9A9,-1.2359,0.1263,0.6051,donor
FSIP2,-0.3381,0.5016,0.7267,donor
CCDC141,0.3261,0.228,0.6378,donor
C20orf78,0.1034,0.3739,0.6378,donor
C17orf58,-0.6457,0.3781,0.6409,donor
ZNF804B,0.0148,0.3739,0.6378,donor
CCDC67,0.2377,0.6722,0.8337,donor
MFSD4,-0.3775,0.7284,0.868,donor
SIGLECL1,0.3063,0.3739,0.6378,donor
RTTN,0.4034,0.6063,0.7932,donor
LOC647859,0.4274,0.1282,0.6089,donor
L3MBTL3,-0.0036,0.9955,0.9982,donor
LINC00235##1,-0.0536,0.5176,0.7371,donor
RPS10,-0.3926,0.0511,0.4645,donor
COX16,-0.3311,0.1128,0.586,donor
IL6R,0.1655,0.7029,0.8516,donor
TMEM56,0.382,0.697,0.8485,donor
TYRO3P,0.0563,0.3739,0.6378,donor
C5orf58,0.1218,0.3739,0.6378,donor
LYAR,0.2673,0.3887,0.6493,donor
MICU2,-0.1855,0.5964,0.7868,donor
BRAT1,1.2355,0.007542,0.2823,donor
HIBADH,-0.012,0.9553,0.9804,donor
RSPH9,-0.9177,0.2961,0.6378,donor
NT5DC1,-0.3236,0.1433,0.6305,donor
DENND2D,-0.0213,0.9733,0.9888,donor
PHKG2,0.1254,0.6987,0.8496,donor
TIPARP,-0.6175,0.2319,0.6378,donor
RANBP1,-0.3344,0.2002,0.6378,donor
AVP,-0.0466,0.3632,0.6378,donor
TNRC6B,0.9858,0.01229,0.3168,donor
SRP68,0.4176,0.06725,0.5017,donor
PITPNA-AS1,-0.1271,0.4802,0.7123,donor
ANG,-0.3786,0.5883,0.7803,donor
ZNF202,-0.0329,0.9667,0.9857,donor
KIF21B,0.1994,0.6856,0.8413,donor
RRAGC,-0.5089,0.497,0.7236,donor
MRAS,1.1455,0.2687,0.6378,donor
ZFP37,0.5821,0.5564,0.7613,donor
EIF3I,-0.449,0.1361,0.6196,donor
EIF3H,-0.4367,0.03671,0.4276,donor
PPFIA1,0.4121,0.2942,0.6378,donor
SLC7A6,0.5094,0.4014,0.6587,donor
SNORD91A,0.0258,0.6735,0.8343,donor
PVRL3,-0.3299,0.2241,0.6378,donor
LOC284009,0.757,0.02235,0.3696,donor
SLC25A35,1.144,0.07789,0.5238,donor
PRAP1,0.0276,0.7619,0.8861,donor
OGT,0.4303,0.1999,0.6378,donor
WEE1,-2.3882,0.05032,0.4623,donor
YY1AP1,0.0709,0.8254,0.9203,donor
B9D1,0.7041,0.2204,0.6378,donor
UBASH3A,-0.1615,0.6316,0.8092,donor
SGOL1,-0.2787,0.5598,0.7632,donor
TRIM27,0.603,0.03653,0.4276,donor
SLC39A6,-0.0933,0.7969,0.9063,donor
PLA2G15,0.5896,0.2007,0.6378,donor
KPNA6,0.1829,0.2439,0.6378,donor
STAMBP,-0.6523,0.1803,0.6378,donor
LOC728819,-0.9055,0.3431,0.6378,donor
RGS14,-1.0547,0.2079,0.6378,donor
DYRK2,-0.6909,0.2017,0.6378,donor
AP2B1,0.6849,0.003199,0.2385,donor
ALX3,0.3842,0.2485,0.6378,donor
MCAM,-0.2067,0.4712,0.7056,donor
PHTF1,0.7569,0.04847,0.4562,donor
POGK,0.7115,0.08383,0.5396,donor
BACE1-AS,0.2623,0.5839,0.778,donor
RPRD1A,0.0278,0.9259,0.9661,donor
CDH22,0.6181,0.3499,0.6378,donor
IL20,-0.1512,0.6842,0.8406,donor
WIZ,0.8353,0.1168,0.5919,donor
CEP41,0.8129,0.1292,0.6104,donor
RCC2,-0.1611,0.8072,0.9117,donor
EPS15L1,0.8305,0.09078,0.5516,donor
DNASE2B,0.736,0.2066,0.6378,donor
PRODH2,0.178,0.42,0.6717,donor
CACTIN,0.6928,0.01792,0.3522,donor
PAG1,-0.3677,0.5846,0.7783,donor
UTP6,-0.0264,0.9387,0.9731,donor
GLTPD2,0.0995,0.7166,0.8606,donor
TBC1D5,-0.2191,0.5703,0.7695,donor
SPATC1,-0.0387,0.5126,0.7345,donor
CYBRD1,0.0775,0.2953,0.6378,donor
DDX19B,-0.2019,0.4257,0.6757,donor
C11orf44,0.0102,0.3739,0.6378,donor
FRMD7,0.1434,0.1929,0.6378,donor
PPP1CA,-0.2391,0.6264,0.8054,donor
TCHP,0.2205,0.7832,0.8981,donor
C1orf100,0.0822,0.4463,0.6891,donor
MRC1,-1.1971,0.2034,0.6378,donor
NEK3,1.0676,0.1191,0.5947,donor
GNL1,0.2256,0.6199,0.8016,donor
GNG5,-0.4576,0.01358,0.325,donor
GNB2,-0.0618,0.7024,0.8515,donor
LY86,0.0102,0.3739,0.6378,donor
MED17,0.2948,0.4914,0.7198,donor
P3H4,2.5267,0.009017,0.2929,donor
CRTAP,0.3894,0.2288,0.6378,donor
CHST2,0.9016,0.3287,0.6378,donor
GJB5,0.192,0.3739,0.6378,donor
SEP15,-0.4542,0.1027,0.5705,donor
RECQL5,0.8036,0.02479,0.3868,donor
GCHFR,-1.0306,0.05268,0.4662,donor
KLRF1,0.2555,0.4893,0.7182,donor
CD101,0.295,0.1056,0.5734,donor
TGFBRAP1,0.0087,0.992,0.9965,donor
AKAP10,0.1378,0.6846,0.8409,donor
SAFB2,0.3218,0.1865,0.6378,donor
DZIP3,0.0363,0.934,0.9702,donor
USP17L1,-0.0667,0.3632,0.6378,donor
MTRNR2L8,-0.5145,0.1672,0.6378,donor
GPRC5C,0.5233,0.253,0.6378,donor
GOLGA6B,0.0199,0.6161,0.799,donor
ZKSCAN7,1.6414,0.05106,0.4645,donor
SLC25A36,-1.0674,0.01811,0.3542,donor
CLIC5,1.0137,0.1243,0.6022,donor
TRIAP1,-0.602,0.04458,0.4442,donor
CHMP5,-0.3938,0.05674,0.4777,donor
TEK,0.0647,0.3739,0.6378,donor
ANKRD13D,0.3314,0.4021,0.6591,donor
DCUN1D1,-0.8998,0.0959,0.5606,donor
ALOX12P2,0.8763,0.3562,0.6378,donor
TAB2,0.0882,0.8427,0.9279,donor
RRP1B,0.9294,0.05564,0.4742,donor
PRPH,0.5696,0.2076,0.6378,donor
PROP1,0.1179,0.2497,0.6378,donor
TMEM208,-0.0755,0.8043,0.9104,donor
SCN3A,2.2003,0.005783,0.2658,donor
OPN3,-1.066,0.08975,0.5492,donor
LGALSL,0.4755,0.2842,0.6378,donor
MRPL22,0.1075,0.6195,0.8014,donor
TIMM21,-0.5033,0.1963,0.6378,donor
CALM1,0.432,0.1795,0.6378,donor
ATP5E,-0.4132,0.1111,0.5826,donor
MRPL15,0.0144,0.9712,0.9881,donor
THYN1,-0.0849,0.6175,0.7998,donor
ZFHX3,0.5992,0.05558,0.4741,donor
GTPBP8,-0.9924,0.1604,0.6378,donor
CHMP4A,-0.2818,0.2861,0.6378,donor
MED4,-0.5804,0.1045,0.5734,donor
FXYD5,1.0346,0.3184,0.6378,donor
MRPL18,-0.6524,0.06457,0.4969,donor
CFAP45,1.0266,0.2939,0.6378,donor
ZC3H7A,-0.6863,0.03237,0.4185,donor
WDR91,0.7592,0.204,0.6378,donor
STON1,1.218,0.1662,0.6378,donor
RIPK3,1.3551,0.06374,0.4945,donor
RBPMS,-1.2303,0.2038,0.6378,donor
SH3BGR,-0.4207,0.3604,0.6378,donor
CFAP61,0.5291,0.2744,0.6378,donor
NISCH,1.0022,0.04654,0.4511,donor
MSH5##12,0.0036,0.9564,0.9808,donor
SNORD10,-0.3067,0.1129,0.586,donor
ATP2B2,0.2205,0.7621,0.8861,donor
AGL,0.2542,0.6433,0.8159,donor
ATP1B3,-0.4994,0.127,0.6064,donor
CASP8AP2,0.0698,0.8721,0.9424,donor
PLA1A,-1.6356,0.2368,0.6378,donor
ME2,-0.3709,0.3833,0.6448,donor
CD300LG,0.0524,0.2692,0.6378,donor
SAMD8,-0.4698,0.1161,0.5897,donor
RABEPK,-0.0957,0.8326,0.9241,donor
C15orf57,-0.028,0.8952,0.9525,donor
MYO1C,0.6049,0.1279,0.6087,donor
NMRK2,0.0387,0.3739,0.6378,donor
ABCC8,1.2711,0.03194,0.4167,donor
SCARNA21,-0.0023,0.8894,0.9494,donor
GTF2B,-0.2795,0.2642,0.6378,donor
SLC9A1,0.2234,0.493,0.7209,donor
RRP1,1.749,0.01277,0.3199,donor
OR3A1,1.0126,0.1831,0.6378,donor
OPHN1,0.6914,0.2564,0.6378,donor
PDXK,0.1514,0.4157,0.669,donor
TNFRSF11B,0.8155,0.1667,0.6378,donor
ARHGEF1,0.8916,0.1046,0.5734,donor
POP7,0.4731,0.1044,0.5734,donor
CD58,-0.5143,0.4444,0.6882,donor
SLC22A13,-0.1032,0.5532,0.7596,donor
SUMF2,0.2613,0.5417,0.7516,donor
RPN2,0.5328,0.04398,0.4426,donor
SSTR5,2.1602,0.002219,0.2294,donor
SSTR4,0.6744,0.2958,0.6378,donor
PRR12,1.0135,0.02709,0.3952,donor
CCDC40,2.585,0.008365,0.2853,donor
FKBP14,0.8502,0.07478,0.5193,donor
AGGF1,-0.2836,0.3816,0.6434,donor
LOC100128288,1.3824,0.1291,0.6101,donor
FANCA,0.6422,0.31,0.6378,donor
GLYATL1,-0.394,0.2972,0.6378,donor
FCER2,0.0288,0.3739,0.6378,donor
HEATR4,0.7218,0.2067,0.6378,donor
CRACR2A,0.9739,0.1187,0.5941,donor
ENC1,-0.4198,0.4108,0.666,donor
CD63,0.2316,0.2163,0.6378,donor
SLC35G4,0.0422,0.3739,0.6378,donor
PLCB2,-0.0788,0.7272,0.8671,donor
FZD1,-0.4097,0.6253,0.805,donor
PKNOX1,-0.0646,0.8468,0.9302,donor
PIK3C2G,-0.2503,0.8086,0.9122,donor
PIGH,-0.8039,0.2515,0.6378,donor
PFKFB4,-1.5201,0.1183,0.594,donor
STAU1,0.0216,0.9173,0.9626,donor
CDC45,0.0438,0.4865,0.7173,donor
TMEM187,0.3817,0.1804,0.6378,donor
NAA10,0.2372,0.3334,0.6378,donor
NRIP1,-0.6095,0.5722,0.771,donor
TAF15,0.7136,0.07233,0.5139,donor
GPR68,0.9708,0.1979,0.6378,donor
STC2,-1.2267,0.1565,0.6378,donor
KMT2D,1.2756,0.006012,0.2658,donor
CSRP3,0.0295,0.3739,0.6378,donor
NFKBIE,-0.2321,0.7897,0.9025,donor
CD276,0.6416,0.305,0.6378,donor
RNF39##4,0.1425,0.5252,0.7416,donor
HDGF,0.8245,0.02927,0.4054,donor
LOC102546294,-0.7711,0.3144,0.6378,donor
FLT3LG,-0.2558,0.5716,0.7705,donor
CDRT15P1,0.0529,0.4823,0.7136,donor
COX10-AS1,0.3153,0.5621,0.7647,donor
RARS,-0.2866,0.06635,0.5003,donor
PAK2,-0.5841,0.201,0.6378,donor
JRKL,0.0176,0.9804,0.9917,donor
OTOA,0.2048,0.2097,0.6378,donor
PPP1R32,-0.4999,0.3533,0.6378,donor
AMOT,-0.0581,0.9511,0.9785,donor
ZNF25,-0.7379,0.1057,0.5734,donor
YPEL4,0.374,0.2465,0.6378,donor
ADAM32,0.6694,0.3429,0.6378,donor
MEIS3P1,0.3715,0.2281,0.6378,donor
SMU1,0.1258,0.5876,0.78,donor
CHFR,0.2299,0.5829,0.7773,donor
ENAH,-0.0687,0.8176,0.9166,donor
DNAJC11,0.2038,0.5184,0.7376,donor
RPH3A,0.1932,0.8765,0.9445,donor
RAD21L1,-0.0512,0.48,0.7122,donor
TRMT1,0.9964,0.04432,0.4434,donor
ZBED9,-0.1185,0.8507,0.9325,donor
HOXA4,0.0148,0.3739,0.6378,donor
RBMX,-0.0806,0.6721,0.8337,donor
HPCA,-0.3586,0.457,0.6966,donor
HOXB2,-0.4698,0.608,0.7939,donor
AQP7,0.3399,0.3213,0.6378,donor
AQP8,0.2109,0.3397,0.6378,donor
TMEM214,0.967,0.01086,0.3088,donor
QRICH1,0.3172,0.2131,0.6378,donor
TMEM104,1.3419,0.08831,0.5483,donor
HRC,-0.1348,0.1204,0.5962,donor
HSD17B2,-0.0147,0.3632,0.6378,donor
SNORD49B,0.0254,0.8831,0.9475,donor
SCARNA7,-0.1523,0.3249,0.6378,donor
SNORD65,-0.337,0.06379,0.4946,donor
NQO1,0.2939,0.7047,0.8528,donor
ODF3,-0.0126,0.3632,0.6378,donor
RIC8A,0.5465,0.1947,0.6378,donor
CYFIP1##1,0.1231,0.5111,0.7336,donor
PGK1,-1.7785,0.0001106,0.2059,donor
FAM106CP,-0.0676,0.5368,0.7489,donor
MPRIP,0.8011,0.1283,0.6089,donor
PRSS36,0.2908,0.159,0.6378,donor
SMCR5,1.5319,0.06142,0.4882,donor
ABCC6##1,-0.0721,0.8801,0.9464,donor
SLC25A19,0.1258,0.8463,0.9298,donor
GFPT1,-0.1689,0.5183,0.7376,donor
CSAD,0.7425,0.03852,0.429,donor
POU2F3,0.025,0.1873,0.6378,donor
HARS,0.2264,0.4701,0.7048,donor
THNSL2,-0.6086,0.5709,0.77,donor
TP53I11,0.6846,0.4951,0.7222,donor
ECT2,-0.1764,0.6047,0.7925,donor
MCF2L,0.7686,0.05348,0.4684,donor
USP32P2,0.5148,0.3645,0.6378,donor
CCDC6,-0.1947,0.5323,0.7456,donor
FOXO3B,0.4887,0.4296,0.6786,donor
SDK1,0.5916,0.2327,0.6378,donor
CCL18,-0.1857,0.4668,0.7029,donor
FLNA,-0.1729,0.8603,0.9372,donor
INTS5,1.1756,0.2358,0.6378,donor
DEPTOR,-2.3259,0.03026,0.4102,donor
TRAF3IP1,1.1382,0.09234,0.5549,donor
PSEN2,-0.0017,0.9966,0.9988,donor
CLCA1,-0.0677,0.7997,0.9079,donor
WAS,0.0009,0.9827,0.9925,donor
SNORD3A,0.0663,0.1858,0.6378,donor
AP1M1,0.3548,0.3033,0.6378,donor
DRAM2,-0.751,0.01508,0.335,donor
MIR1180,0.0102,0.3739,0.6378,donor
TWF1,-0.7862,0.02718,0.3959,donor
SETD5,0.2618,0.537,0.7489,donor
TSPAN14,0.8163,0.3957,0.6545,donor
PLSCR4,-1.2047,0.147,0.6359,donor
ITGBL1,1.0659,0.1606,0.6378,donor
SPINK2,-1.2547,0.04212,0.4372,donor
NRM##3,-0.675,0.4019,0.6591,donor
PDCD6IP,-0.0517,0.7066,0.8535,donor
SNX12,0.557,0.1703,0.6378,donor
CCDC144CP,0.1684,0.5953,0.7859,donor
ZCCHC3,0.134,0.8458,0.9297,donor
LINC01340,0.0148,0.3739,0.6378,donor
HPX,-2.5254,0.008964,0.2929,donor
C17orf51,1.9291,0.04899,0.458,donor
C3orf17,-0.2663,0.3133,0.6378,donor
LHFPL3-AS1,0.1106,0.3739,0.6378,donor
MEGF6,-0.3497,0.2629,0.6378,donor
PYY2,-0.2828,0.2204,0.6378,donor
GADD45A,-1.1213,0.005799,0.2658,donor
DDB1,0.4511,0.07638,0.5216,donor
PBK,-0.0535,0.3632,0.6378,donor
GTF2A1,0.2146,0.5895,0.7813,donor
C8orf89,-0.1954,0.2238,0.6378,donor
CYP4F3,0.2263,0.2543,0.6378,donor
PSMC5,0.2082,0.2924,0.6378,donor
C4A+C4B+C4B_2##4,0.2491,0.3964,0.6548,donor
GRB7,-0.504,0.3521,0.6378,donor
FBXO3,-0.4758,0.1701,0.6378,donor
RAB20,-1.2433,0.1144,0.5867,donor
VSIG4,0.0725,0.4448,0.6883,donor
TMC6,0.2845,0.3102,0.6378,donor
SDAD1,-0.4359,0.406,0.6619,donor
DALRD3,0.1892,0.4395,0.6859,donor
GLTSCR2,-0.4448,0.2176,0.6378,donor
C19orf73,-0.2464,0.5232,0.7404,donor
GPKOW,0.6111,0.09331,0.5564,donor
C9orf40,-0.6929,0.1867,0.6378,donor
SNORD42B,-0.1158,0.3598,0.6378,donor
SNORD4A,0.2016,0.2188,0.6378,donor
SNORD42A,-0.2937,0.1667,0.6378,donor
SNORD4B,-0.0494,0.09967,0.5675,donor
CRABP2,-0.9719,0.1688,0.6378,donor
LOC100506127,-0.1156,0.7766,0.8937,donor
PLS3,-1.7823,0.06511,0.4977,donor
NUDT22,0.2637,0.08822,0.5483,donor
KLLN,0.4365,0.5937,0.7846,donor
TUBE1,-0.3615,0.1984,0.6378,donor
TUBD1,0.055,0.7803,0.8958,donor
MEDAG,0.0148,0.3739,0.6378,donor
CHSY1,-0.3337,0.6748,0.8351,donor
NTNG1,2.9497,0.03669,0.4276,donor
METAP1,-0.5216,0.2227,0.6378,donor
KDM4B,0.7778,0.1545,0.6378,donor
HSD17B14,-0.369,0.4555,0.6953,donor
TMEM38B,-0.4909,0.1666,0.6378,donor
DOK4,0.1961,0.8243,0.9196,donor
MTPAP,-0.2465,0.4119,0.6668,donor
GSPT2,-0.4225,0.5186,0.7376,donor
SLC52A1,0.0189,0.8123,0.9137,donor
IPO9,0.3409,0.1706,0.6378,donor
GAD2,1.5156,0.009413,0.2967,donor
GAD1,0.8297,0.2588,0.6378,donor
CHML,-0.5035,0.4587,0.698,donor
GABRG2,-0.259,0.8198,0.9176,donor
HEPACAM2,-0.1558,0.8342,0.9247,donor
SH3GL1P2,0.2593,0.3526,0.6378,donor
FGA,0.8691,0.4139,0.6677,donor
DPRXP4,0.6061,0.3739,0.6378,donor
UBP1,0.6228,0.301,0.6378,donor
SH3GL1P1,0.0442,0.8891,0.9494,donor
WDR38,0.2066,0.2631,0.6378,donor
AKR1B15,0.0938,0.1863,0.6378,donor
FAM178A,0.4654,0.1181,0.5939,donor
RUSC2,0.2383,0.6956,0.8477,donor
TMEM229A,0.0148,0.3739,0.6378,donor
LOC100129518,0.9491,0.279,0.6378,donor
ASB13,0.1973,0.6188,0.8008,donor
UCHL5,-0.0055,0.9863,0.9941,donor
ARGFXP2,0.1517,0.3552,0.6378,donor
ARNTL2,-0.1231,0.3666,0.6378,donor
MGMT,0.1324,0.646,0.8174,donor
JAK1,0.2494,0.3777,0.6403,donor
IVD,1.2394,6.749e-05,0.2059,donor
SUPV3L1,0.0444,0.8864,0.9485,donor
SUPT6H,1.0053,0.05204,0.466,donor
MTHFR,1.2243,0.009891,0.299,donor
MTHFD1,-0.0587,0.9351,0.9709,donor
NMUR1,0.0288,0.3739,0.6378,donor
MT2A,-2.474,0.02646,0.3928,donor
TCIRG1,1.9733,0.001107,0.209,donor
DSCR3,0.185,0.5845,0.7783,donor
UBE4B,0.377,0.3849,0.6457,donor
TCEB2,0.1231,0.4415,0.6867,donor
CD200,-0.4537,0.1579,0.6378,donor
DNAJC3,0.2733,0.3962,0.6547,donor
FNDC8,-0.372,0.2734,0.6378,donor
PEAR1,0.4467,0.4962,0.723,donor
SNX2,0.1098,0.6036,0.7917,donor
DMC1,-0.1063,0.4702,0.7049,donor
SNORD7,-0.0337,0.7049,0.8528,donor
CAPG,-0.6943,0.354,0.6378,donor
NELFE,0.1527,0.4571,0.6966,donor
AZIN2,-0.7068,0.3199,0.6378,donor
CRYBB1,-0.0267,0.6159,0.799,donor
CRHR2,0.0346,0.8189,0.9172,donor
MASP1,0.2788,0.3739,0.6378,donor
SYT1,2.159,0.03613,0.4276,donor
SARDH,1.9283,0.04075,0.434,donor
LRCH1,0.9044,0.1941,0.6378,donor
SMIM15,-1.035,0.005268,0.2594,donor
ETV4,0.4977,0.5275,0.7429,donor
OST4,-0.2695,0.2096,0.6378,donor
FLOT1##1,-0.8468,0.08826,0.5483,donor
KHDC1,0.7697,0.1255,0.6035,donor
MTA1,0.2131,0.5458,0.755,donor
PLIN3,-1.5662,0.1023,0.5704,donor
ZNHIT3,-0.3517,0.0327,0.419,donor
IL20RB,-0.0771,0.9015,0.9555,donor
NEXN,0.8977,0.07204,0.513,donor
SLC23A3,-0.2246,0.718,0.8611,donor
IRS1,1.297,0.059,0.4822,donor
GJC1,0.2855,0.4126,0.6672,donor
SMC4,-0.203,0.4883,0.7181,donor
FAM8A1,0.1164,0.7459,0.878,donor
EPHB6##1,0.0008,0.9915,0.9962,donor
EPHB4,0.0549,0.7299,0.8689,donor
EPHB2,-0.4076,0.4429,0.6875,donor
ELAVL2,0.5037,0.155,0.6378,donor
EPHA2,-0.2842,0.5753,0.7728,donor
EFNA1,-0.1404,0.8398,0.9267,donor
SH2D3A,0.7505,0.178,0.6378,donor
HLA-B##2,0.6249,0.186,0.6378,donor
TOM1L1,-0.8742,0.05804,0.4797,donor
LRP2,0.4156,0.2775,0.6378,donor
PIGK,-0.041,0.8931,0.9515,donor
MED16,0.5072,0.2849,0.6378,donor
TROAP,0.6412,0.3095,0.6378,donor
INSL5,0.0088,0.9709,0.988,donor
DVL3,0.7465,0.06415,0.4961,donor
DVL2,0.467,0.1727,0.6378,donor
TGFBR1,-0.3371,0.5345,0.7472,donor
SREBF2,0.6541,0.1341,0.6185,donor
YWHAEP7,-0.0866,0.3021,0.6378,donor
DOCK9,0.5061,0.1769,0.6378,donor
PHACTR1,0.085,0.732,0.8704,donor
ZNF385C,-0.7024,0.3031,0.6378,donor
RBBP5,0.2852,0.3311,0.6378,donor
UNKL,1.4244,0.008502,0.2886,donor
KLF2,0.0764,0.07589,0.5216,donor
ATG14,-0.785,0.4076,0.663,donor
FZR1,0.7546,0.246,0.6378,donor
MLKL,0.0563,0.5936,0.7846,donor
ZNF746,-0.3438,0.4145,0.6683,donor
EIF4E1B,1.3777,0.07072,0.5095,donor
LINC00672,-0.1191,0.1404,0.6248,donor
GJB6,0.0148,0.3739,0.6378,donor
FAT1,0.7085,0.4345,0.6821,donor
RAB8A,-0.5529,0.3629,0.6378,donor
SMAD4,-0.0906,0.8116,0.9133,donor
ETS2,0.0446,0.9231,0.9656,donor
ETS1,2.0431,0.02424,0.3839,donor
TNK1,0.1974,0.7225,0.8642,donor
AMMECR1L,0.2342,0.8281,0.9216,donor
NRXN2,-0.0104,0.9518,0.979,donor
GRID2,0.055,0.3739,0.6378,donor
CEACAM1,-0.6738,0.4836,0.7147,donor
JAM3,0.2108,0.2699,0.6378,donor
RIMS4,-0.0394,0.3632,0.6378,donor
VASH1,2.3023,0.001138,0.209,donor
DOLK,0.5786,0.05491,0.4728,donor
FRMPD1,2.3379,0.02997,0.4095,donor
ZNF652,0.3201,0.3948,0.6538,donor
CEP162,0.2563,0.5093,0.7328,donor
AADAT,-0.6268,0.2378,0.6378,donor
PPM1G,0.1781,0.4087,0.6639,donor
LOXL3,0.8604,0.1134,0.5863,donor
LYZ,-0.8466,0.03544,0.4276,donor
SLC9A5,0.7537,0.2813,0.6378,donor
ABCB11,0.3961,0.5736,0.7717,donor
MAD1L1,1.1553,0.03627,0.4276,donor
SFSWAP,1.0035,0.1592,0.6378,donor
HIST1H3H,0.02,0.3739,0.6378,donor
SUSD1,-0.101,0.8089,0.9122,donor
MROH8,0.6341,0.4669,0.7029,donor
LOC102723968,0.0148,0.3739,0.6378,donor
C9orf172,-0.0927,0.822,0.9187,donor
REP15,0.6168,0.1109,0.5826,donor
ALKBH6,0.3415,0.4109,0.666,donor
PACRGL,-0.5016,0.5815,0.7764,donor
DOC2A,-0.2997,0.2512,0.6378,donor
AMIGO2,0.0515,0.5476,0.7564,donor
GRM2,0.1106,0.3739,0.6378,donor
GRINA,-0.2957,0.1243,0.6022,donor
GRIN2D,-0.1906,0.714,0.8588,donor
MR1,-0.0975,0.8407,0.9271,donor
POGZ,0.3455,0.277,0.6378,donor
PEG10,1.9832,0.001142,0.209,donor
RRAS2,-1.7324,0.01976,0.3603,donor
PPP1R21,-0.0885,0.7237,0.8651,donor
DPY19L4,-0.982,0.3817,0.6434,donor
HKR1,0.7912,0.04513,0.445,donor
YIPF6,-0.2895,0.2754,0.6378,donor
BTLA,-0.0982,0.2952,0.6378,donor
ZFP41,0.9327,0.03577,0.4276,donor
CEP57L1,-0.4383,0.3427,0.6378,donor
SLC36A3,0.1108,0.3014,0.6378,donor
ZNF233,-0.8833,0.4314,0.6799,donor
SLC25A26,-0.7006,0.2077,0.6378,donor
DPY19L2,0.9627,0.1352,0.6188,donor
NEGR1,0.7246,0.2649,0.6378,donor
FUNDC1,-0.1271,0.7725,0.8914,donor
SPATA12,0.2497,0.3418,0.6378,donor
ANKRD37,-1.6805,0.03795,0.4277,donor
METTL2A,0.2981,0.4414,0.6867,donor
TMEM119,0.0275,0.3739,0.6378,donor
MICU3,-0.3556,0.3967,0.655,donor
FOXR1,0.0102,0.3739,0.6378,donor
AQPEP,-0.0874,0.8799,0.9464,donor
CENPV,0.7317,0.2783,0.6378,donor
CECR1,0.1531,0.8295,0.9222,donor
IL11,0.5265,0.5009,0.7266,donor
CD40,0.172,0.8655,0.9396,donor
IL13RA2,0.6954,0.261,0.6378,donor
VTN,0.8972,0.4094,0.6647,donor
GSR,-0.0761,0.8613,0.9377,donor
SOD2,-0.2616,0.5673,0.7678,donor
CXCR1,-0.0465,0.3632,0.6378,donor
RHOG,-0.4771,0.2274,0.6378,donor
ITGAM,-0.0219,0.9701,0.9874,donor
ARF5,-0.4376,0.1114,0.5827,donor
ARL4D,-2.219,0.0735,0.5166,donor
TRIM23,-0.0284,0.9466,0.977,donor
NCF4,-0.0468,0.3632,0.6378,donor
AQP6,-0.0569,0.3632,0.6378,donor
CYP27B1,1.8195,0.04976,0.4609,donor
APOD,2.8376,0.0003001,0.209,donor
INO80E,-0.5214,0.2155,0.6378,donor
PODNL1,-0.3496,0.3574,0.6378,donor
ZC3H14,0.1455,0.4752,0.7091,donor
CCDC134,0.3467,0.6247,0.8047,donor
GNB4,0.1792,0.7725,0.8914,donor
PDLIM2,-0.478,0.483,0.7142,donor
ENPP5,-0.4712,0.1618,0.6378,donor
MYOZ1,0.317,0.6312,0.809,donor
TMEM184C,-0.4562,0.06219,0.4895,donor
SBDS,-0.4326,0.003674,0.2522,donor
LSR,-0.5647,0.009301,0.2955,donor
POMP,-0.2907,0.191,0.6378,donor
ZDHHC9,-0.4325,0.08317,0.537,donor
POM121L2,0.1479,0.7653,0.8877,donor
FBXO9,0.6888,0.1446,0.632,donor
ZNF257,-0.1925,0.8332,0.9244,donor
NFKBIZ,-1.8419,0.05628,0.4773,donor
FAM110A,-0.3789,0.6414,0.8147,donor
CHST9,0.5184,0.08686,0.5442,donor
TTC21B,0.5785,0.0681,0.5045,donor
SCARNA2,-0.1523,0.6062,0.7931,donor
BAK1,0.594,0.3231,0.6378,donor
C10orf10,-0.086,0.8992,0.9548,donor
AZGP1,0.1997,0.3347,0.6378,donor
IGFBP6,0.7191,0.2345,0.6378,donor
IFNA5,0.0295,0.3739,0.6378,donor
LUM,-0.165,0.08936,0.5486,donor
ATP6AP1,0.5846,0.02585,0.3909,donor
KLRD1,0.2961,0.2219,0.6378,donor
KDR,0.4921,0.3125,0.6378,donor
IRAK1,0.6757,0.1258,0.6043,donor
NDUFA4,-0.5801,0.006105,0.2668,donor
INPPL1,1.2878,0.03178,0.4161,donor
PFKL,0.2516,0.4797,0.7121,donor
TNFRSF9,1.2102,0.05799,0.4797,donor
IL13RA1,-0.1607,0.5701,0.7694,donor
CXCR2,0.0275,0.3739,0.6378,donor
C5,-0.1419,0.8782,0.9456,donor
EN2,0.3115,0.3739,0.6378,donor
RGS7,-0.1414,0.6553,0.8239,donor
BBOX1,0.344,0.2985,0.6378,donor
ITSN1,0.8695,0.2207,0.6378,donor
CIAO1,-0.3173,0.191,0.6378,donor
EYA4,-0.0057,0.8256,0.9203,donor
RGS1,0.2956,0.1964,0.6378,donor
RGR,0.079,0.3739,0.6378,donor
SNAPC2,0.4306,0.3905,0.6507,donor
SNAPC1,-0.2345,0.4136,0.6675,donor
SFTPD,-0.4511,0.6476,0.8183,donor
RFX1,0.2012,0.6962,0.848,donor
CSRP1,0.1831,0.5639,0.766,donor
FAM215A,0.0297,0.5312,0.7454,donor
SH3BGRL,-0.2991,0.4416,0.6867,donor
GPX4,0.2234,0.3496,0.6378,donor
ETFB,0.5362,0.04018,0.4339,donor
GPX3,1.661,0.03839,0.4289,donor
ERCC1,0.2033,0.3843,0.6454,donor
GRK6,0.6052,0.2421,0.6378,donor
IL17A,0.0422,0.3739,0.6378,donor
IHH,0.079,0.3739,0.6378,donor
VPS36,-0.483,0.2153,0.6378,donor
SUV39H1,0.0893,0.8883,0.9494,donor
NCAPH,0.0486,0.8341,0.9247,donor
AKT3##1,0.0306,0.9472,0.9771,donor
MTDH,-0.2707,0.209,0.6378,donor
FZD2,0.176,0.3739,0.6378,donor
PRKCE,0.3199,0.6006,0.7896,donor
PDCL,-0.3181,0.2722,0.6378,donor
NPRL2,0.2947,0.1247,0.6023,donor
NUP98,-0.3937,0.2979,0.6378,donor
NNAT,-0.3957,0.3581,0.6378,donor
GLRX3,-0.294,0.3395,0.6378,donor
NCL,0.4088,0.07202,0.513,donor
TMEM251,-0.0045,0.9932,0.997,donor
MRPL45##1,-0.6665,0.04064,0.434,donor
TRIM3,1.0713,0.06923,0.507,donor
APEX1,-0.137,0.5412,0.7514,donor
CDCP2,0.02,0.3739,0.6378,donor
PRDX1,-0.4755,0.07277,0.5151,donor
UBE2E1-AS1,-0.0013,0.9892,0.9953,donor
MED8,0.0486,0.8816,0.947,donor
GOLGA8N##1,0.1298,0.7622,0.8861,donor
PTK6,0.0226,0.878,0.9455,donor
CRHR1-IT1,-0.5245,0.3435,0.6378,donor
OCIAD1,-0.4814,0.08622,0.5432,donor
MAPT-AS1,0.1979,0.753,0.8824,donor
TSC1,0.6891,0.05711,0.4783,donor
MAPT-IT1,-0.257,0.7044,0.8526,donor
CCDC81,0.1565,0.3727,0.6378,donor
KDM4E,0.3069,0.5163,0.7364,donor
LY6E,0.3536,0.503,0.7275,donor
PCDHGA3,-1.0623,0.01963,0.3603,donor
MANEA,-1.1475,0.3027,0.6378,donor
ZNF322,-0.3032,0.1711,0.6378,donor
GRHL2,-0.0369,0.902,0.9558,donor
GAL3ST4,-0.2555,0.306,0.6378,donor
CCNO,-0.2922,0.3405,0.6378,donor
MST1,0.9479,0.02852,0.4017,donor
CACNA1H,0.8833,0.1113,0.5827,donor
MRPS12,-0.69,0.1641,0.6378,donor
C22orf29,0.7,0.3544,0.6378,donor
FAM118B,0.6825,0.1851,0.6378,donor
SLCO1A2,1.4243,0.225,0.6378,donor
SPINT2,0.6717,0.03103,0.4122,donor
HFE2,0.0288,0.3739,0.6378,donor
GPHB5,0.0425,0.4892,0.7182,donor
MEN1,0.5501,0.4729,0.7072,donor
COX6B2,0.0243,0.553,0.7594,donor
CCDC43,-0.0546,0.9218,0.965,donor
LRRC28,-0.6482,0.1041,0.5734,donor
CYB5D1,-0.0988,0.8859,0.9483,donor
PRRC2A##6,0.8729,0.1318,0.6136,donor
C8B,0.3063,0.4021,0.6591,donor
ATG101,0.1418,0.7711,0.8906,donor
SLC16A6,-0.2062,0.7624,0.8862,donor
ATP6V0D1,-0.0318,0.8284,0.9218,donor
KCNC3,0.3474,0.3579,0.6378,donor
ABCG2,0.0868,0.6727,0.8338,donor
CYP7B1,0.3739,0.3639,0.6378,donor
VARS2##4,1.5406,0.02197,0.3682,donor
SLC16A5,0.0102,0.3739,0.6378,donor
FAM49B,-0.4131,0.05227,0.466,donor
GOLGA8J,-0.066,0.2637,0.6378,donor
IL36B,0.0323,0.7452,0.8776,donor
LAYN,0.6327,0.3651,0.6378,donor
GATS,1.9502,0.001441,0.2239,donor
C7orf34,0.0148,0.3739,0.6378,donor
SPATA31E1,0.5525,0.3456,0.6378,donor
MRPL52,0.5115,0.06367,0.4945,donor
CMTM1,0.4152,0.09464,0.5584,donor
ABCA5,0.374,0.2124,0.6378,donor
WDR17,0.568,0.2362,0.6378,donor
SCYL3,1.2891,0.0912,0.5525,donor
MAMDC4,1.476,0.01785,0.3521,donor
ZACN,-0.0463,0.7807,0.8962,donor
GPR180,0.2275,0.7011,0.8508,donor
ST6GAL1,3.2235,0.02306,0.3745,donor
PPP2R5D,0.0869,0.9118,0.9601,donor
SNRNP35,0.0828,0.831,0.9234,donor
CMTM8,-1.2398,0.03109,0.4122,donor
NPAS4,-0.1882,0.8495,0.9321,donor
NR4A3,-0.3659,0.5181,0.7376,donor
PIAS2,-0.7775,0.09077,0.5516,donor
NBR1,0.5917,0.04052,0.434,donor
CEACAM5,0.2277,0.1892,0.6378,donor
LINC01192,0.0148,0.3739,0.6378,donor
OPN5,0.1599,0.1778,0.6378,donor
LOC729970,0.308,0.6012,0.79,donor
MIR940,-0.0558,0.3409,0.6378,donor
DDX49,-0.2606,0.6005,0.7896,donor
RD3,0.2963,0.3739,0.6378,donor
THEMIS,0.0148,0.3739,0.6378,donor
SLC35F4,-1.1783,0.02202,0.3682,donor
APOBEC3C,-1.5718,0.008878,0.2929,donor
MCAT,0.6836,0.02182,0.3669,donor
ZNF638,0.571,0.009965,0.2999,donor
TNRC6A,1.1427,0.007287,0.2797,donor
UTP20,1.315,0.07717,0.5226,donor
ZNF516,0.7331,0.03449,0.4253,donor
SSR3,0.206,0.3353,0.6378,donor
UBE2S,-0.242,0.4997,0.7257,donor
UBL3,-0.4418,0.2399,0.6378,donor
SLC19A2,-0.8076,0.2711,0.6378,donor
NDUFV1,0.4994,0.09131,0.5527,donor
ZNF544,0.0958,0.9236,0.9657,donor
ADAMDEC1,0.4303,0.3941,0.6534,donor
TP53TG5,0.2303,0.06079,0.486,donor
TMEM199,0.2198,0.4822,0.7136,donor
ATP5I,-0.0777,0.6677,0.8311,donor
TGDS,-0.2406,0.4375,0.6846,donor
DIMT1,-0.0392,0.9229,0.9655,donor
SPINK4,-0.0024,0.8859,0.9483,donor
SOBP,0.1347,0.749,0.8804,donor
VENTX,-0.0468,0.4535,0.6941,donor
SULT1B1,0.0148,0.3739,0.6378,donor
TINAG,0.0102,0.3739,0.6378,donor
LSM3,-0.4886,0.0164,0.3436,donor
LSM1,0.0485,0.8163,0.9159,donor
CSDC2,-0.0763,0.4133,0.6674,donor
WDHD1,1.2621,0.2379,0.6378,donor
PTP4A3,2.1368,0.03825,0.4286,donor
RNF113A,0.0168,0.9768,0.9905,donor
GPR162,-0.0113,0.9799,0.9914,donor
ARHGEF16,-0.4029,0.6235,0.8041,donor
SERP1,-0.2162,0.3826,0.6442,donor
IL17B,0.02,0.3739,0.6378,donor
SIGLEC8,-0.0183,0.5057,0.7294,donor
SIGLEC9,0.0789,0.4952,0.7222,donor
KAT7,0.4812,0.1395,0.6239,donor
NAAA,0.0259,0.9611,0.9825,donor
CDC37,0.7109,0.07952,0.5287,donor
PALD1,0.0028,0.9623,0.9833,donor
ZNF22,-0.7046,0.0568,0.4777,donor
KPTN,1.286,0.05678,0.4777,donor
CPNE7,-0.0276,0.6798,0.8381,donor
ZNF16,-0.5315,0.5718,0.7707,donor
AS3MT,0.0792,0.194,0.6378,donor
DKK4,-0.074,0.9112,0.9601,donor
HP1BP3,0.267,0.1894,0.6378,donor
DCXR,-0.384,0.3945,0.6536,donor
NOTCH1,-0.0684,0.7607,0.8861,donor
TRAP1,0.3982,0.2064,0.6378,donor
CRBN,-0.792,0.005337,0.2594,donor
POLR3K,-0.48,0.2704,0.6378,donor
BET1L,-0.0521,0.896,0.953,donor
DNAJB11,0.7618,0.02078,0.364,donor
PECR,-0.7349,0.4435,0.6879,donor
IMPACT,0.7166,0.02212,0.3682,donor
FBXO6,0.0004,0.9993,0.9995,donor
HEMGN,0.1244,0.3739,0.6378,donor
ALLC,-0.1026,0.2199,0.6378,donor
RNF130,-0.2454,0.4649,0.7021,donor
KDM3A,-0.7877,0.04172,0.4364,donor
SOWAHB,-1.342,0.03641,0.4276,donor
PVR,-0.1164,0.7084,0.8547,donor
TEP1,2.3661,0.005256,0.2594,donor
LRRC23,0.156,0.5193,0.7381,donor
REEP4,0.0027,0.9929,0.9968,donor
PNPLA3,0.5129,0.1398,0.6239,donor
CPEB4,-0.4473,0.3886,0.6493,donor
DGCR6L,0.165,0.4552,0.6953,donor
MSX2P1,0.0275,0.3739,0.6378,donor
DDHD2,-0.3307,0.3339,0.6378,donor
NUP133,-0.6658,0.5473,0.7563,donor
HNRNPL,0.3022,0.1848,0.6378,donor
BMP7,0.1502,0.3739,0.6378,donor
HDAC2,-0.718,0.01561,0.3396,donor
HCRTR2,0.0966,0.2326,0.6378,donor
HCRT,-0.1116,0.4341,0.6819,donor
FAM47A,0.0422,0.3739,0.6378,donor
BZRAP1-AS1,0.6233,0.5274,0.7429,donor
FBXO40,0.1335,0.8572,0.9357,donor
PCYOX1,-0.1425,0.382,0.6436,donor
RNF11,-1.044,0.0006709,0.209,donor
GPR160,-0.4939,0.5778,0.7741,donor
TMEM60,-0.1327,0.5995,0.7891,donor
GAL3ST3,-0.0464,0.8408,0.9271,donor
MT4,0.0288,0.3739,0.6378,donor
PPM1M,0.9182,0.1422,0.6285,donor
CCDC13,-0.5346,0.2835,0.6378,donor
SPICE1,-0.0265,0.9396,0.9734,donor
KLHL23,0.0987,0.681,0.8386,donor
RGN,0.2534,0.5695,0.769,donor
WTAP,-0.5028,0.05127,0.4645,donor
IGLL1,0.0074,0.762,0.8861,donor
LRRC71,0.4996,0.3828,0.6443,donor
NLRP12,0.1328,0.4374,0.6846,donor
TMC4,0.6455,0.1622,0.6378,donor
PDIK1L,-0.5313,0.3649,0.6378,donor
GNB3,1.3768,0.009028,0.2929,donor
MGAT5B,0.3683,0.3883,0.6492,donor
CYB5D2,0.6778,0.2833,0.6378,donor
ARHGAP8,0.0148,0.3739,0.6378,donor
SCARNA20,-0.0126,0.3632,0.6378,donor
RPF2,-1.2249,0.0003969,0.209,donor
CALB2,0.0527,0.3858,0.6464,donor
B4GALNT1,1.0411,0.3691,0.6378,donor
GABBR1##3,0.6853,0.4327,0.6808,donor
P2RX4,-0.2456,0.47,0.7048,donor
KCNS3,-1.9402,0.046,0.4489,donor
CMIP,0.9034,0.1434,0.6308,donor
KCNH7,1.352,0.06748,0.502,donor
KCNH6,-0.1428,0.8382,0.9259,donor
RCCD1,2.7775,0.0004853,0.209,donor
MFN1,0.0913,0.7626,0.8863,donor
MAP2,0.5574,0.01715,0.3475,donor
HNRNPU,-0.2404,0.2539,0.6378,donor
B3GNT9,1.1106,0.01583,0.3406,donor
MRFAP1,-0.4874,0.005218,0.2594,donor
TPGS1,0.1174,0.8357,0.9252,donor
DISP2,0.9056,0.01348,0.325,donor
YPEL3,-0.3512,0.3315,0.6378,donor
SESN2,-0.4363,0.5978,0.7879,donor
RNF219,0.3976,0.6504,0.8204,donor
NCKAP1L,0.1146,0.4038,0.6604,donor
ZNF430,-0.8508,0.3716,0.6378,donor
ZNF701,-1.9394,0.004724,0.2594,donor
PARD3,0.4496,0.2998,0.6378,donor
ATF3,-0.0634,0.8816,0.947,donor
C19orf47,0.6502,0.09747,0.5644,donor
TRMT10A,-0.6485,0.2767,0.6378,donor
OC90,0.0647,0.3739,0.6378,donor
ZNF433,-0.817,0.279,0.6378,donor
C15orf62,0.9119,0.1043,0.5734,donor
SNORD104,-0.2556,0.1758,0.6378,donor
SNORA76C,-0.0628,0.5149,0.7358,donor
GPR137,0.0773,0.7727,0.8914,donor
LY6K,-0.7205,0.1353,0.6189,donor
LEPROT,-0.3659,0.2304,0.6378,donor
CSF1,-0.6727,0.5067,0.7302,donor
EPM2A,-0.2935,0.6629,0.8287,donor
CLOCK,0.3742,0.2717,0.6378,donor
CEPT1,-0.8237,0.06213,0.4892,donor
TUBB4B,0.3903,0.3976,0.6559,donor
PRDX6,-0.3757,0.1201,0.5962,donor
IK,0.0279,0.8658,0.9397,donor
NDUFAB1,0.224,0.2326,0.6378,donor
NDUFA9,0.0383,0.8515,0.9327,donor
TSPAN31,-0.7612,0.1501,0.6378,donor
S100A13,0.8147,0.1238,0.6022,donor
NDUFA7,-0.1718,0.337,0.6378,donor
NDUFA5,-0.6329,0.03708,0.4276,donor
APOBEC3B,-0.2793,0.2973,0.6378,donor
ATP5J2,-0.0032,0.9762,0.9902,donor
AGFG2,0.5261,0.1608,0.6378,donor
RASA4,0.2641,0.08426,0.5399,donor
MMP11,0.1055,0.8182,0.9169,donor
FOXO4,1.6183,0.04389,0.4426,donor
ENO1,-1.396,0.0002013,0.209,donor
EN1,-0.1036,0.2687,0.6378,donor
EMP3,-0.2674,0.66,0.8273,donor
DPH3,-0.1042,0.8136,0.9144,donor
VOPP1,0.1426,0.5665,0.7673,donor
TCEA2,0.4277,0.2963,0.6378,donor
TBCC,-0.3883,0.1913,0.6378,donor
TFAM,-0.2821,0.5402,0.7507,donor
MPG,0.7338,0.07462,0.5192,donor
TAF9,-1.1676,0.01446,0.3308,donor
TAF4,0.3452,0.5368,0.7489,donor
RARRES1,0.0701,0.9349,0.9709,donor
PRKACA,0.8099,0.09691,0.5631,donor
MMP7,-0.3426,0.1359,0.6196,donor
P2RX1,0.1778,0.1943,0.6378,donor
MTMR1,-0.681,0.2252,0.6378,donor
SQRDL,-1.3066,0.003036,0.2385,donor
ENOPH1,-0.4702,0.03649,0.4276,donor
SLC30A1,-2.9101,0.003749,0.255,donor
ZNF410,0.1364,0.6148,0.7983,donor
LOC101928371,0.281,0.1039,0.5734,donor
LOC101928222,-1.4519,0.001051,0.209,donor
ATP6V1B1-AS1,-0.1292,0.4841,0.7153,donor
KCNJ2-AS1,0.9591,0.2554,0.6378,donor
TM9SF2,0.2083,0.5172,0.7371,donor
RCOR3,-0.4464,0.1378,0.6216,donor
MIR3917,0.0764,0.7185,0.8615,donor
MIR3916,-0.0014,0.992,0.9965,donor
MIR3911,0.1099,0.2957,0.6378,donor
MGC16275,-0.11,0.8292,0.9221,donor
CCP110,0.1638,0.5266,0.7425,donor
DOPEY1,0.6538,0.08039,0.5314,donor
SRGAP1,1.6581,0.02549,0.3887,donor
RPTOR,0.762,0.03029,0.4102,donor
ARHGAP31,-0.2994,0.3353,0.6378,donor
PA2G4,-0.2448,0.312,0.6378,donor
TRPC7,0.1534,0.2497,0.6378,donor
SYNM,-0.2996,0.7459,0.878,donor
CES5A##1,0.1306,0.2116,0.6378,donor
TOR1AIP1,-0.3358,0.3607,0.6378,donor
EPN3,0.1908,0.3278,0.6378,donor
SAMD4A,-0.8975,0.2312,0.6378,donor
MIR6514,0.0897,0.4037,0.6604,donor
MIR6515,0.2537,0.3972,0.6554,donor
MIR6512,0.1055,0.2441,0.6378,donor
MIR6510,0.0387,0.3739,0.6378,donor
MIR6508,0.1419,0.1624,0.6378,donor
MIR6505,0.4105,0.1488,0.6378,donor
MIR6503,0.0148,0.3739,0.6378,donor
MIR6165,-0.0024,0.8859,0.9483,donor
MIR6134,0.02,0.3739,0.6378,donor
MIR6132,0.0046,0.979,0.9911,donor
MIR6129,0.0998,0.2934,0.6378,donor
MIR378J,0.407,0.2733,0.6378,donor
TMCO4,-1.4166,0.1575,0.6378,donor
LLGL2,-0.2378,0.612,0.7962,donor
SLC3A1,-0.6087,0.2917,0.6378,donor
ID4,-0.5103,0.3216,0.6378,donor
FABP7,-0.0918,0.6212,0.8024,donor
H3F3A,-0.4644,0.2136,0.6378,donor
DSG2,-0.639,0.0256,0.3893,donor
ARHGEF33,-1.0373,0.1182,0.594,donor
FNBP1,0.7458,0.1911,0.6378,donor
LIMCH1,-0.2691,0.3716,0.6378,donor
ZMYM1,0.4253,0.3149,0.6378,donor
MFHAS1,0.4392,0.4303,0.6792,donor
CDH1,0.1001,0.7325,0.8707,donor
AURKB,-0.0701,0.7245,0.8657,donor
RRAS,-0.4187,0.5485,0.7571,donor
RANBP2,0.6271,0.04817,0.4551,donor
ZNF286A,-0.5755,0.44,0.6861,donor
CFTR,1.1868,0.2471,0.6378,donor
RPE65,0.0288,0.3739,0.6378,donor
KIF15,-0.1737,0.77,0.89,donor
MPP6,-0.4226,0.2799,0.6378,donor
CDC42SE1,-0.4922,0.06055,0.4854,donor
RHBDF1,0.0148,0.3739,0.6378,donor
INCENP,0.9256,0.1057,0.5734,donor
SLC13A1,0.156,0.3739,0.6378,donor
DTWD1,-0.4759,0.4648,0.7021,donor
PPAN,0.0922,0.6387,0.8134,donor
LOC100132215,1.0823,0.06788,0.5037,donor
USP34,0.3425,0.1721,0.6378,donor
PCNX,1.3403,0.06849,0.5051,donor
GNA13,-0.433,0.4948,0.7221,donor
SPO11,0.0288,0.3739,0.6378,donor
SNORD1C,0.0295,0.3739,0.6378,donor
SNORD1B,0.0476,0.1849,0.6378,donor
SNORD1A,0.1034,0.3739,0.6378,donor
ZNF736,0.2362,0.4468,0.6895,donor
ODC1,-0.8473,0.008144,0.2835,donor
SERTAD1,-0.256,0.6832,0.84,donor
GPSM2,0.9378,0.1143,0.5867,donor
SLBP,-0.7539,0.01059,0.3063,donor
WNT6,-0.0944,0.3632,0.6378,donor
CCDC14,0.8302,0.1738,0.6378,donor
MARC1,-0.432,0.6615,0.8281,donor
IPPK,-0.1494,0.8256,0.9203,donor
SAA4,-0.0572,0.3632,0.6378,donor
RSC1A1,1.1885,0.06645,0.5003,donor
MB,0.3114,0.6614,0.8281,donor
MAGEA11,0.0527,0.3739,0.6378,donor
MIR570,0.7334,0.1204,0.5962,donor
MIR569,0.0422,0.3739,0.6378,donor
MIR551B,0.0102,0.3739,0.6378,donor
MIR566,0.0148,0.3739,0.6378,donor
MIR578,0.5228,0.1227,0.6008,donor
MIR564,-0.1646,0.4001,0.6578,donor
MIR561,0.015,0.6383,0.8133,donor
MIR555,-0.0313,0.7942,0.9049,donor
MIR563,0.0288,0.3739,0.6378,donor
MIR574,0.0737,0.4549,0.6949,donor
MIR558,-0.0359,0.3632,0.6378,donor
MIR553,-0.0069,0.8866,0.9485,donor
MIR554,-0.0143,0.6069,0.7932,donor
MIR376A2,0.0275,0.3739,0.6378,donor
MIR539,0.0074,0.762,0.8861,donor
MIR450A2,-0.0569,0.3632,0.6378,donor
MIR611,-0.0946,0.5368,0.7489,donor
MIR573,-0.0169,0.6119,0.7962,donor
MIR503,0.0148,0.3739,0.6378,donor
SH3RF3-AS1,0.0148,0.3739,0.6378,donor
LOC100133315,-0.2719,0.6844,0.8408,donor
MIR516B1,0.0102,0.3739,0.6378,donor
MIR518B,0.02,0.3739,0.6378,donor
MIR519D,0.0295,0.3739,0.6378,donor
PTGER3,-0.1552,0.5806,0.776,donor
MIR496,-0.0037,0.9137,0.9606,donor
ZNF833P,-0.805,0.1977,0.6378,donor
PART1,0.4947,0.1864,0.6378,donor
UGT2B15##1,-0.0394,0.3632,0.6378,donor
SMTNL1,-0.0704,0.4297,0.6787,donor
FBXO5,-1.3312,0.1838,0.6378,donor
MIER1,-0.0822,0.8139,0.9146,donor
DENND1A,0.9092,0.09656,0.562,donor
MIR5004,0.0406,0.682,0.8392,donor
MIR5006,0.1868,0.173,0.6378,donor
MIR1268B,0.0148,0.3739,0.6378,donor
BNIP3,-2.2439,0.0005423,0.209,donor
ZC3H10,1.5226,0.06639,0.5003,donor
C6orf47,-0.5531,0.3435,0.6378,donor
CARD14,0.1839,0.6592,0.8265,donor
FAM213B##1,1.536,0.007799,0.2823,donor
MYBPHL,-0.681,0.1802,0.6378,donor
CYB5R1,-0.0581,0.7384,0.8742,donor
MAST2,1.3981,0.03286,0.419,donor
ANAPC7,0.4289,0.3253,0.6378,donor
ANAPC5,0.4711,0.08563,0.542,donor
ACSL5,0.199,0.5303,0.7446,donor
PADI3,0.3948,0.1791,0.6378,donor
PLIN1,-0.2985,0.555,0.7603,donor
BFSP1,1.2449,0.1978,0.6378,donor
BMP4,0.0102,0.3739,0.6378,donor
BMPR1B,-0.3649,0.6145,0.7979,donor
CYTH2,0.2754,0.4205,0.6718,donor
TNFRSF17,-0.0928,0.4117,0.6667,donor
BCL2L1,-0.1515,0.4677,0.7035,donor
BMP2,-1.3792,0.01196,0.3142,donor
RGS17,-0.2557,0.6928,0.846,donor
FARS2,0.4584,0.4146,0.6683,donor
FGL2,0.7577,0.1835,0.6378,donor
RUVBL2,0.0263,0.9426,0.9753,donor
RANBP6,-0.1599,0.5857,0.7788,donor
PNOC,0.391,0.2309,0.6378,donor
MLLT4,0.812,0.045,0.4445,donor
SURF1,-0.3971,0.2148,0.6378,donor
SULT2A1,-0.1106,0.175,0.6378,donor
EEF2KMT,1.2753,0.007326,0.2799,donor
ITGA1,-1.3386,0.04696,0.4526,donor
GLDN,0.0539,0.5374,0.7491,donor
SLC46A3,0.1653,0.6649,0.8298,donor
TMTC3,0.2078,0.5194,0.7381,donor
SLC36A2,-0.0443,0.4862,0.717,donor
HSD11B1,-0.0508,0.5324,0.7456,donor
FFAR4,-3.2022,0.01671,0.3436,donor
CRTC2,0.5136,0.3242,0.6378,donor
TPGS2,0.4166,0.2689,0.6378,donor
GOLGA8J##1,-0.0224,0.6569,0.8248,donor
ATP4B,0.1366,0.3799,0.6425,donor
GRIA2,1.4039,0.01701,0.3466,donor
IKBIP,-0.734,0.04865,0.4566,donor
ZMYM3,0.3362,0.4292,0.6784,donor
C2orf73,-0.0129,0.9872,0.9944,donor
HEBP2,-0.328,0.3389,0.6378,donor
TWSG1,-0.4747,0.2787,0.6378,donor
JPH1,-0.1504,0.8947,0.9522,donor
ANKRD7,0.4701,0.5853,0.7786,donor
C11orf16,0.1676,0.2982,0.6378,donor
EQTN,-0.0859,0.3632,0.6378,donor
C14orf119,-0.4567,0.1207,0.5962,donor
ACADVL,1.1447,0.02042,0.3616,donor
RBM28,0.5444,0.1489,0.6378,donor
PPFIA4,-0.5488,0.5518,0.7586,donor
DMP1,0.2497,0.2678,0.6378,donor
GCSAML,-0.0857,0.286,0.6378,donor
LOC101928162,-0.0023,0.8894,0.9494,donor
PLXND1,1.3875,0.01658,0.3436,donor
METTL15,-0.0523,0.9227,0.9653,donor
FANCB,-0.3988,0.1258,0.6043,donor
SLPI,-0.4695,0.2151,0.6378,donor
S100A8,-0.0482,0.2308,0.6378,donor
S100A7,-0.1293,0.3632,0.6378,donor
SLIT3,0.0102,0.3739,0.6378,donor
SBSN,-0.0205,0.3632,0.6378,donor
GSTM5,0.2077,0.4762,0.7099,donor
GSTM2,-0.046,0.9591,0.9815,donor
CYBA,1.1617,0.2617,0.6378,donor
CSTB,-0.2625,0.3031,0.6378,donor
COL1A2,0.3063,0.7012,0.8509,donor
NFIB,0.6411,0.3146,0.6378,donor
CPT1A,0.4068,0.4488,0.6911,donor
DPYSL3,1.6756,0.00229,0.2294,donor
SNED1,0.1645,0.7343,0.8721,donor
LEKR1,0.1143,0.8732,0.9427,donor
SIRT6,0.5642,0.1293,0.6106,donor
SEMA4A,-0.1899,0.666,0.8301,donor
SLC24A2,2.1053,0.0589,0.4818,donor
TTC36,0.1961,0.3756,0.6389,donor
LOC493754,-0.3478,0.3413,0.6378,donor
CRYGN,0.0675,0.2568,0.6378,donor
RNF145,-0.0053,0.9913,0.9961,donor
ZMAT2,0.0915,0.8676,0.9404,donor
SPEF2,0.9517,0.1901,0.6378,donor
LINC01586,-0.1515,0.8381,0.9259,donor
LOC101928880,-0.2386,0.3312,0.6378,donor
FOXA1,-0.1364,0.7782,0.8945,donor
HMX2,-0.0773,0.3632,0.6378,donor
HMGN2,0.041,0.8601,0.9371,donor
NDUFA3##8,0.0531,0.884,0.9481,donor
ACSL3,-0.3944,0.1551,0.6378,donor
ACSL4,-0.8143,0.04829,0.4557,donor
FLOT2,-0.6125,0.119,0.5944,donor
SORBS1,0.0175,0.9844,0.9933,donor
FGD1,0.7526,0.2776,0.6378,donor
CAB39,0.0977,0.8503,0.9324,donor
ETV5,0.8563,0.01669,0.3436,donor
ERH,0.3423,0.2691,0.6378,donor
ESRRA,-0.0344,0.963,0.9836,donor
ETFDH,-0.476,0.181,0.6378,donor
ESRRB,-0.0629,0.3269,0.6378,donor
PRKAA2,-0.5628,0.4974,0.7239,donor
KRT1,0.26,0.2292,0.6378,donor
FAM27E2,0.322,0.07464,0.5192,donor
SYTL1,0.6131,0.2281,0.6378,donor
C11orf94,0.1404,0.3973,0.6556,donor
IGSF5,-0.9813,0.0617,0.4887,donor
LRRC3C,-0.2181,0.236,0.6378,donor
TERT,-0.0372,0.4036,0.6604,donor
PTPRB,0.1546,0.4558,0.6953,donor
SELT,-0.2883,0.3056,0.6378,donor
TOB2,0.4415,0.1789,0.6378,donor
R3HDM2,0.8235,0.01519,0.3353,donor
CCDC37,0.1131,0.2373,0.6378,donor
IGJ,0.1989,0.2301,0.6378,donor
CNPY4,-0.0144,0.9883,0.9948,donor
CSRNP1,-0.3822,0.3198,0.6378,donor
TRIM33,-0.5852,0.2423,0.6378,donor
MGAT5,-0.4514,0.6413,0.8147,donor
MEIS2,0.3108,0.3474,0.6378,donor
MEIS1,0.4241,0.1965,0.6378,donor
WIPF1,-0.5838,0.3334,0.6378,donor
MLLT10,0.3009,0.2954,0.6378,donor
SLC38A4,-0.9682,0.47,0.7048,donor
EPX,0.158,0.3283,0.6378,donor
C1QB,0.0438,0.2863,0.6378,donor
FBL,-0.2665,0.3959,0.6546,donor
MARCH6,-0.3873,0.03942,0.4295,donor
CORO2B,1.0273,0.1963,0.6378,donor
ZNF207,0.2261,0.3749,0.6383,donor
CCK,0.0477,0.3739,0.6378,donor
MEIG1,-0.4883,0.2617,0.6378,donor
NHS,0.679,0.1249,0.6023,donor
UTP14A,-0.7333,0.4723,0.7066,donor
HOOK2,0.5935,0.2181,0.6378,donor
TK2,0.8261,0.03244,0.4185,donor
AOAH,0.1947,0.5607,0.7639,donor
TNNT1,-0.3494,0.2372,0.6378,donor
TRABD,0.5169,0.1421,0.6285,donor
SPSB1,0.066,0.9067,0.9584,donor
CENPT,1.5844,0.005349,0.2594,donor
TM4SF19,-0.0125,0.3632,0.6378,donor
PTPRU,-0.2791,0.6058,0.793,donor
C9orf116,0.5342,0.5153,0.7361,donor
KRTCAP3,1.0961,0.03302,0.4197,donor
HMGB3,-1.0406,0.08583,0.5425,donor
CGGBP1,-0.5985,0.044,0.4426,donor
XPNPEP3,0.7643,0.1483,0.6376,donor
OLIG2,0.1012,0.3739,0.6378,donor
HSF5,0.1727,0.6047,0.7925,donor
UQCC1,0.2997,0.3231,0.6378,donor
VIPAS39,-0.1076,0.8729,0.9427,donor
CALCRL,0.1021,0.4053,0.6613,donor
ZNF181,-0.2469,0.4375,0.6846,donor
TXNRD3,1.5683,0.06371,0.4945,donor
TSFM,0.0962,0.7559,0.884,donor
CTAGE9,0.0252,0.8238,0.9195,donor
RBCK1,-0.8445,0.03046,0.4103,donor
KLHL17,0.8503,0.1181,0.5938,donor
ZNF79,0.3696,0.717,0.8608,donor
RNASE4,-0.2835,0.646,0.8174,donor
IGFBP7,-0.5353,0.3159,0.6378,donor
IFNGR1,-0.7673,0.02645,0.3928,donor
ADM,-1.2409,0.3129,0.6378,donor
MAP3K11,0.4484,0.3916,0.6515,donor
CCNB2,-0.1311,0.6559,0.8243,donor
TNFSF11,0.0423,0.2028,0.6378,donor
AKR7A2,-0.3652,0.2384,0.6378,donor
HDAC3,-0.2753,0.3372,0.6378,donor
NMI,-0.1584,0.6766,0.8364,donor
LOC727896,0.0587,0.8945,0.9522,donor
MEX3D,-0.4278,0.05026,0.4623,donor
KCTD7,0.4198,0.3576,0.6378,donor
TIMM17B,0.0158,0.938,0.9728,donor
PYCR2,-0.1885,0.4918,0.7201,donor
DLGAP1-AS1,0.3674,0.6472,0.818,donor
TRIM25,0.8883,0.05052,0.4623,donor
WDR35,0.6342,0.1564,0.6378,donor
SLC48A1,0.5991,0.07814,0.5245,donor
LRRFIP2,0.3369,0.4776,0.7106,donor
EIF1B,-0.758,0.001864,0.2294,donor
P3H2,-1.1943,0.09746,0.5644,donor
RUNDC3B,-0.4881,0.5854,0.7787,donor
CRX,0.2216,0.3739,0.6378,donor
WRN,0.5999,0.2112,0.6378,donor
ADH5,-0.3869,0.07931,0.5278,donor
TGFB1,0.7972,0.16,0.6378,donor
KCNA4,-0.3815,0.5242,0.7411,donor
PLA2G1B,0.2005,0.7641,0.8869,donor
IFIT2,0.1213,0.9172,0.9626,donor
TSC2,1.7785,0.002096,0.2294,donor
TMEM246,-0.0093,0.9817,0.9921,donor
IFIH1,0.1923,0.7211,0.8631,donor
XYLT2,0.8783,0.1057,0.5734,donor
HCN4,-0.0594,0.9329,0.9697,donor
ACP2,0.9863,0.1063,0.5744,donor
LOC103344931,0.5069,0.4284,0.6777,donor
NOD2,0.0288,0.3739,0.6378,donor
MOAP1,-0.1552,0.5962,0.7867,donor
ANKRD36B,0.6063,0.07181,0.5129,donor
SRSF8,-0.449,0.0992,0.5672,donor
TNMD,0.0148,0.3739,0.6378,donor
KIAA0125,0.0288,0.3739,0.6378,donor
ANP32A-IT1,1.7754,0.06647,0.5003,donor
LINC00202-1,0.2661,0.2266,0.6378,donor
LINC00271,0.9259,0.04916,0.4584,donor
LINC00202-2,0.1361,0.2024,0.6378,donor
LINC00264,0.025,0.1873,0.6378,donor
DKK3,3.428,0.01322,0.3232,donor
HIC2,-0.2151,0.7955,0.9057,donor
ATP10B,0.2978,0.2172,0.6378,donor
NUBPL,-0.3302,0.3785,0.6411,donor
COQ10B,-0.2878,0.2582,0.6378,donor
RBM26,0.7841,0.04251,0.4383,donor
TSPYL2,0.835,0.1646,0.6378,donor
PRDM16,0.2788,0.7496,0.8809,donor
TBL1Y,0.5151,0.4432,0.6876,donor
MRPS36,-0.4583,0.1921,0.6378,donor
SEC11C,1.1039,0.0007064,0.209,donor
XRCC6BP1,0.5955,0.3928,0.6524,donor
ZNF479,-0.0147,0.3632,0.6378,donor
BTBD6,0.5006,0.5901,0.7816,donor
GRIP1,-0.0378,0.9751,0.9897,donor
SLC12A3,-0.1018,0.2395,0.6378,donor
CALCOCO2,0.0208,0.8996,0.9549,donor
IARS2,0.0505,0.787,0.9007,donor
ICE1,0.6793,0.05025,0.4623,donor
SIN3B,0.7495,0.05121,0.4645,donor
SMG1,0.8305,0.189,0.6378,donor
OSTCP1,-0.0095,0.9552,0.9803,donor
ECEL1P2,-0.4959,0.2049,0.6378,donor
SLMO1,-0.7507,0.2372,0.6378,donor
CD164,-0.7763,0.01919,0.3593,donor
POU2F1,0.1933,0.6878,0.8425,donor
TUFT1,0.2344,0.5854,0.7787,donor
PPL,1.0301,0.03094,0.412,donor
GATA6-AS1,-0.0357,0.3632,0.6378,donor
CTAGE1,0.4918,0.01822,0.3548,donor
SLCO4A1,0.7647,0.1723,0.6378,donor
ZDHHC2,-0.6462,0.03093,0.412,donor
ZHX2,-0.5146,0.6153,0.7988,donor
TBC1D9B,0.5936,0.09362,0.557,donor
NEK1,-0.1229,0.7307,0.8694,donor
TRAF3,0.9463,0.02845,0.4017,donor
ARHGAP23,-0.3002,0.6055,0.7928,donor
PLA2G12A,-0.0138,0.9012,0.9555,donor
USP48,-0.2386,0.4342,0.6819,donor
MRPL53,-0.3157,0.1249,0.6023,donor
UCN3,-0.0572,0.9161,0.9619,donor
ARHGAP33,0.1691,0.7541,0.883,donor
NOSTRIN,-0.2044,0.7569,0.8844,donor
TMEM203,-1.0448,0.1166,0.5916,donor
SLA2,0.0217,0.9734,0.9888,donor
RBM33,0.2817,0.5268,0.7425,donor
COMMD7,-0.1648,0.6471,0.8179,donor
GBP4,0.0288,0.3739,0.6378,donor
ARID5B,-0.2859,0.31,0.6378,donor
ANTXR1,0.101,0.8365,0.9255,donor
ATG4A,0.4382,0.1685,0.6378,donor
NT5C3B,0.5611,0.01936,0.36,donor
NLRC5,1.287,0.09169,0.5541,donor
TSGA13,0.0829,0.4726,0.7069,donor
TOMM20,-0.6272,0.1364,0.6198,donor
B3GAT3,0.8541,0.04426,0.4434,donor
RANBP3,0.3103,0.2601,0.6378,donor
PSEN1,0.224,0.2627,0.6378,donor
C2orf82,-0.0941,0.647,0.8179,donor
CCDC18,0.5673,0.2504,0.6378,donor
DDO,-0.1924,0.7976,0.9067,donor
PTPRJ,0.9718,0.006141,0.2673,donor
WASF1,-0.3179,0.4079,0.6634,donor
PTPRG,-0.4225,0.3277,0.6378,donor
PTPRD,0.5552,0.6417,0.8148,donor
NNT-AS1,-0.0674,0.8665,0.9401,donor
HSBP1L1,-1.4794,0.008703,0.2918,donor
NLRP2##6,1.6395,0.05821,0.4798,donor
LAIR1##4,0.0459,0.685,0.8411,donor
PAFAH2,0.4165,0.2181,0.6378,donor
KIF6,0.276,0.3535,0.6378,donor
SLFN12,-0.0125,0.3632,0.6378,donor
MAG,0.0425,0.4901,0.7184,donor
CD200R1L,0.079,0.3739,0.6378,donor
SLC7A2,0.2151,0.5005,0.7263,donor
ZNF271P,0.3027,0.4285,0.6777,donor
ZNF865,0.2176,0.6512,0.8212,donor
ARL14EPL,0.0102,0.3739,0.6378,donor
FAM179B,0.7425,0.2118,0.6378,donor
FSCN2,-0.037,0.201,0.6378,donor
RAB3GAP2,-0.1605,0.6278,0.8063,donor
NFASC,1.3256,0.004125,0.2594,donor
SVOP,0.7341,0.08427,0.5399,donor
CUL9,1.7703,0.02634,0.3927,donor
QPCT,0.0933,0.7889,0.902,donor
PTPN22,0.5152,0.101,0.5686,donor
DDN,0.4438,0.296,0.6378,donor
CEP131,1.6636,0.02984,0.4089,donor
LINC00669,0.0752,0.1976,0.6378,donor
SNORA15,0.0053,0.8371,0.9258,donor
KIAA1328,1.3228,0.0448,0.4445,donor
FAM45A,0.1931,0.4256,0.6757,donor
NUFIP2,0.0368,0.8829,0.9475,donor
PDZD8,-1.0462,0.07887,0.5259,donor
CGN,1.9179,0.01714,0.3475,donor
KCTD16,-0.0967,0.9133,0.9604,donor
CYP39A1,-1.2833,0.08497,0.5404,donor
HACD3,0.0249,0.8935,0.9517,donor
ZWILCH,0.0514,0.9632,0.9836,donor
C1orf64,-0.0205,0.3632,0.6378,donor
HEATR1,0.8315,0.2161,0.6378,donor
CASKIN1,-0.1086,0.358,0.6378,donor
SSBP3,0.1937,0.5161,0.7364,donor
ATP10D,0.672,0.09257,0.5551,donor
CHD7,0.1396,0.687,0.8421,donor
NFXL1,1.7271,0.03406,0.4248,donor
FAM219B,-0.044,0.852,0.9329,donor
ACTR3B,-0.0684,0.8777,0.9454,donor
TBX2-AS1,1.4191,0.05961,0.4837,donor
LINC01435,0.1722,0.2129,0.6378,donor
DLEU1-AS1,0.0563,0.3739,0.6378,donor
ABL1,0.6572,0.1712,0.6378,donor
LINC01461,0.1154,0.7509,0.8814,donor
LINC01046,-0.0359,0.3632,0.6378,donor
AASDHPPT,-0.7107,0.007357,0.2799,donor
DCAF13,-0.0169,0.9307,0.9687,donor
ORC6,0.0187,0.9776,0.9907,donor
SPEF1,0.8518,0.3381,0.6378,donor
HECW1,0.3635,0.3225,0.6378,donor
DUSP13,-0.4497,0.3963,0.6547,donor
DIS3,-0.4485,0.2244,0.6378,donor
CHD2,0.4279,0.3803,0.6428,donor
RPL38,-0.3038,0.2314,0.6378,donor
RGS19,0.1533,0.7884,0.9017,donor
BCAS2,-0.6161,0.06581,0.4998,donor
COX7A2L,-0.5919,0.000685,0.209,donor
DGKI,0.1322,0.4283,0.6777,donor
BET1,-0.2307,0.5527,0.7593,donor
PRSS16,0.3612,0.6639,0.8294,donor
FAM98A,0.7523,0.02361,0.3793,donor
PCSK7,1.0515,0.03424,0.4253,donor
CTDP1,0.9175,0.1457,0.6337,donor
PURA,-0.3536,0.01043,0.306,donor
FSTL3,-0.7934,0.3169,0.6378,donor
ZMPSTE24,0.383,0.1057,0.5734,donor
RAMP3,3.23,0.00697,0.2751,donor
RAMP2,-0.297,0.1108,0.5826,donor
HGS,0.6434,0.157,0.6378,donor
CHD3,0.7577,0.3261,0.6378,donor
IGSF6,0.134,0.226,0.6378,donor
FAM50A,0.3798,0.1031,0.5713,donor
TMEM257,-0.0126,0.3632,0.6378,donor
PDCD5,-0.8682,0.01761,0.3503,donor
PRPF3,0.4138,0.124,0.6022,donor
PKN2,-0.2188,0.6964,0.8481,donor
SRRM1,-0.2853,0.2105,0.6378,donor
HAAO,0.2435,0.7634,0.8866,donor
MYLPF,-0.0552,0.6599,0.8272,donor
RACGAP1,0.7249,0.3866,0.6471,donor
DNAI1,2.0014,0.01677,0.3439,donor
SNORA37,-0.0245,0.3632,0.6378,donor
ACTN3,-0.0826,0.2357,0.6378,donor
NDUFC1,-0.358,0.07372,0.517,donor
PTBP2,0.5323,0.1112,0.5826,donor
CAMK2G,0.4124,0.3523,0.6378,donor
NDUFS5,-0.0575,0.7605,0.886,donor
DAPK2,0.899,0.07954,0.5287,donor
ABI3BP,0.4745,0.07276,0.5151,donor
ZNF473,0.834,0.2997,0.6378,donor
POLR1A,1.6705,0.005122,0.2594,donor
TOR3A,0.6317,0.1289,0.6097,donor
SLC6A20,-0.0619,0.8891,0.9494,donor
SMYD2,-2.179,0.07503,0.5199,donor
POPDC3,0.4384,0.3937,0.6532,donor
TFB2M,-0.3696,0.355,0.6378,donor
MRPS22,-0.2623,0.3734,0.6378,donor
NT5M,0.9075,0.01592,0.3407,donor
RELA,-0.2719,0.4186,0.6707,donor
SLC2A6,1.0014,0.1636,0.6378,donor
MTRNR2L1,-4.3825,0.05339,0.4683,donor
P3H1,0.8115,0.03702,0.4276,donor
SLC28A1,0.3313,0.4542,0.6945,donor
FLJ45513,0.2713,0.6436,0.816,donor
ZNF790,-0.577,0.4239,0.6745,donor
BRF1,0.9102,0.2442,0.6378,donor
OR7E5P,-0.0126,0.3632,0.6378,donor
NPBWR1,-0.1852,0.1753,0.6378,donor
GPR6,0.7154,0.5126,0.7345,donor
GPR4,0.022,0.8589,0.9364,donor
GPR1,-0.0126,0.3632,0.6378,donor
GPM6B,-0.0099,0.9877,0.9945,donor
CHST3,-0.7117,0.4023,0.6592,donor
LDB1,0.334,0.4715,0.7057,donor
NHP2L1,-0.124,0.4133,0.6675,donor
RNU6-39P,0.025,0.1873,0.6378,donor
WSB2,-0.0942,0.6875,0.8425,donor
JARID2,0.6108,0.2014,0.6378,donor
LINC00909,-0.8913,0.004582,0.2594,donor
GRIN1,0.4657,0.2665,0.6378,donor
EIF4A3,-0.267,0.2016,0.6378,donor
KIAA0195,1.124,0.04584,0.4477,donor
ZNF385B,0.0563,0.3739,0.6378,donor
LRRC31,0.0808,0.3739,0.6378,donor
ZNF621,0.5666,0.1752,0.6378,donor
ITM2C,1.2218,0.03592,0.4276,donor
KCNA1,0.1085,0.8614,0.9377,donor
GPC1,1.394,0.03856,0.4291,donor
MIR3128,-0.0482,0.2311,0.6378,donor
GLP1R,0.5121,0.3117,0.6378,donor
TBCE,-0.3457,0.5936,0.7846,donor
NSG1,-1.3592,0.00902,0.2929,donor
ZDHHC16,0.1045,0.7127,0.8581,donor
COL4A3,-0.1243,0.8529,0.9333,donor
WBP11,-0.0985,0.6412,0.8147,donor
LCMT1,-0.0423,0.8548,0.9345,donor
RORA,-0.9971,0.01282,0.3203,donor
SLC12A6,0.4099,0.5441,0.7535,donor
MRPL33,-0.2797,0.2681,0.6378,donor
IL1RAP,0.1123,0.8534,0.9335,donor
ATP9A,0.5219,0.01189,0.3142,donor
RHOV,0.1644,0.2044,0.6378,donor
SPESP1,0.2185,0.8141,0.9146,donor
CCSAP,0.3121,0.6275,0.8063,donor
HPCAL1,-0.5857,0.4628,0.7007,donor
WFDC5,0.0148,0.3739,0.6378,donor
MRPL35,-0.2034,0.6082,0.794,donor
APOL3,-0.4019,0.3646,0.6378,donor
CYGB,-0.0497,0.5625,0.7649,donor
ASNS,-1.1627,0.0217,0.3666,donor
ATP7A,0.0835,0.8685,0.941,donor
BAIAP2,1.0868,0.0177,0.3513,donor
FOPNL,-1.1945,0.04493,0.4445,donor
TRDMT1,-1.0799,0.2592,0.6378,donor
DYNC1I1,0.5411,0.3551,0.6378,donor
TRHR,0.0323,0.7361,0.873,donor
DDX10,0.6737,0.1148,0.587,donor
TNFRSF13B,-0.0205,0.3632,0.6378,donor
NF2,0.383,0.4336,0.6815,donor
RCOR2,-0.1851,0.1933,0.6378,donor
USP33,-0.4604,0.4808,0.7127,donor
ALAS2,0.0043,0.9798,0.9914,donor
ALAD,0.6513,0.04672,0.4524,donor
CALCB,-2.0938,0.09785,0.5649,donor
AGXT,-0.0394,0.3632,0.6378,donor
CACNB1,1.2436,0.04953,0.4601,donor
ADA,0.0788,0.4923,0.7203,donor
ACVRL1,-0.0245,0.3632,0.6378,donor
PTPN12,-0.312,0.4071,0.6627,donor
C11orf68,0.3933,0.4706,0.7052,donor
TCF12,0.0783,0.8536,0.9337,donor
NFE2L1,0.5282,0.114,0.5863,donor
TBP,-0.6116,0.03108,0.4122,donor
TCF7,0.4994,0.02028,0.3616,donor
MIR7706,-0.0376,0.07559,0.5212,donor
HOXC4,0.0903,0.3739,0.6378,donor
BRINP1,0.2171,0.8149,0.9152,donor
WDR47,0.2331,0.4628,0.7007,donor
TMEM63A,0.1945,0.4453,0.6884,donor
GSE1,0.5075,0.1755,0.6378,donor
PSME4,0.4766,0.2858,0.6378,donor
FAF2,-0.1085,0.7497,0.8809,donor
FAM120A,-0.0021,0.9954,0.9982,donor
ADAL,0.7982,0.1145,0.5867,donor
TPI1,-1.7177,0.0005951,0.209,donor
ATP6V1F,0.1271,0.6083,0.794,donor
HRH3,-0.0468,0.3632,0.6378,donor
ZMYM6,-0.0791,0.7957,0.9057,donor
NLGN1,-1.0842,0.2902,0.6378,donor
MYO15A,-1.0296,0.167,0.6378,donor
DAD1,0.3528,0.07044,0.5094,donor
SNN,-0.1358,0.8997,0.9549,donor
IRF8,0.7498,0.1489,0.6378,donor
MTX1,0.1234,0.6715,0.8333,donor
PDZK1,-0.7486,0.05937,0.4831,donor
LATS2,0.2868,0.5269,0.7425,donor
EVL,0.0214,0.9615,0.9828,donor
PARP16,0.8784,0.04769,0.4534,donor
SRRM2,1.1491,0.008117,0.2835,donor
ATAD2B,1.3949,0.01792,0.3522,donor
INPP5F,0.2597,0.495,0.7222,donor
ENDOD1,-0.5829,0.04195,0.4367,donor
PLEKHA6,1.1046,0.000736,0.209,donor
HERC5,-0.2626,0.5116,0.734,donor
DEFB118,0.02,0.3739,0.6378,donor
GALNT15,-0.066,0.3632,0.6378,donor
HRASLS5,0.0148,0.3739,0.6378,donor
CARD11,-0.7261,0.309,0.6378,donor
MRGPRX4,-0.0569,0.3632,0.6378,donor
SLC35G5,0.0163,0.6233,0.8041,donor
PROK1,-0.3639,0.3632,0.6378,donor
C2orf40,-0.2225,0.6616,0.8282,donor
COL27A1,1.1122,0.1402,0.6246,donor
FCRL3,-0.1543,0.4044,0.6606,donor
BAZ1B,1.006,0.05216,0.466,donor
WNK4,-1.0064,0.1316,0.6136,donor
HPS3,-0.4313,0.3051,0.6378,donor
MGAT4B,-0.479,0.2143,0.6378,donor
COG8,-0.1225,0.7009,0.8508,donor
TEKT1,0.2071,0.7504,0.8814,donor
WFIKKN1,0.8946,0.03112,0.4122,donor
SH2D1B,-0.0569,0.3632,0.6378,donor
FAM167A,0.3432,0.1762,0.6378,donor
ELOF1,0.1702,0.5101,0.7333,donor
CST13P,0.0102,0.3739,0.6378,donor
OR7E91P,-0.0125,0.3632,0.6378,donor
SNORD22,0.0144,0.9724,0.9885,donor
PRSS57,0.0148,0.3739,0.6378,donor
RPLP1,0.0755,0.5924,0.7838,donor
SLC25A29,0.0005,0.9992,0.9995,donor
GANAB,0.5793,0.1233,0.602,donor
ZP1,1.6905,0.0315,0.4148,donor
CHEK1,0.3447,0.3847,0.6457,donor
FLJ40288,0.0102,0.3739,0.6378,donor
FGD5-AS1,-0.0783,0.6608,0.8279,donor
RPS16P5,-0.6308,0.2913,0.6378,donor
CPB2-AS1,1.4302,0.03956,0.4303,donor
CLIP1-AS1,0.5845,0.1948,0.6378,donor
SNX29P1,0.1908,0.2686,0.6378,donor
OR10V2P,-0.0126,0.3632,0.6378,donor
ZNF559,0.2269,0.6204,0.802,donor
LOC100128573,0.0153,0.9068,0.9584,donor
CAB39L,0.7857,0.1283,0.6089,donor
BTNL10,-0.3324,0.3826,0.6441,donor
D2HGDH,1.9179,0.009036,0.2929,donor
PPP2R2C,0.7604,0.2609,0.6378,donor
KRTAP10-7,0.3725,0.3591,0.6378,donor
SRPK2,-0.0499,0.8117,0.9134,donor
APAF1,1.0616,0.2287,0.6378,donor
ACOT7,-1.0901,0.1297,0.6112,donor
ACSM3,-1.1419,0.1026,0.5705,donor
ZSCAN22,1.7433,0.00648,0.2712,donor
MANSC4,0.2961,0.4743,0.7082,donor
CHRNA5,-0.535,0.6306,0.8087,donor
CHRNA4,0.003,0.9563,0.9808,donor
UNC5B,1.7747,0.0512,0.4645,donor
LOC102724784,1.0836,0.0005608,0.209,donor
LOC102724957,0.0884,0.3739,0.6378,donor
KCNN2,0.0838,0.3812,0.6434,donor
IPMK,0.0732,0.9214,0.9649,donor
TAS1R2,0.1316,0.3739,0.6378,donor
PGBD2,0.2537,0.6352,0.811,donor
AK9,0.4485,0.1421,0.6285,donor
SCHIP1##1,0.2472,0.6698,0.832,donor
SEPP1,0.0049,0.9906,0.9958,donor
PODXL,0.6255,0.2526,0.6378,donor
MET,-0.2174,0.2765,0.6378,donor
ZNF812,0.9421,0.1781,0.6378,donor
ZNF41,0.6031,0.2114,0.6378,donor
ZNF354C,-1.1251,0.1473,0.6363,donor
CDR2L,0.5349,0.5058,0.7294,donor
VCP,0.7564,0.01665,0.3436,donor
PIK3R4,0.7805,0.000646,0.209,donor
KCNIP1,0.0438,0.2857,0.6378,donor
EHD2,0.1021,0.2899,0.6378,donor
SKIDA1,0.1595,0.7797,0.8955,donor
SNORD105,-0.0535,0.3632,0.6378,donor
THBD,1.3246,0.02545,0.3884,donor
TGM1,0.1449,0.6221,0.803,donor
ARHGAP26,1.7737,0.01213,0.3149,donor
CLHC1,0.4536,0.4676,0.7034,donor
IL27RA,-1.1159,0.07209,0.513,donor
REPS2,0.4485,0.2865,0.6378,donor
MED18,-0.0888,0.8234,0.9194,donor
ICAM4,0.1863,0.428,0.6777,donor
CHST12,0.4546,0.3239,0.6378,donor
PRKCA,0.4707,0.2927,0.6378,donor
CDK5R1,0.7933,0.1058,0.5734,donor
HHEX,0.5853,0.4976,0.7239,donor
TIMP2,0.0277,0.9605,0.9823,donor
PRKACG,0.1193,0.4782,0.7109,donor
PREP,0.1269,0.7636,0.8867,donor
WISP2,-0.0057,0.8256,0.9203,donor
SLC26A1,0.6499,0.1247,0.6023,donor
SLC26A9,0.3574,0.2185,0.6378,donor
FUK,1.5828,0.0008142,0.209,donor
SKA1,0.1082,0.7485,0.8799,donor
WHSC1,1.3589,0.0118,0.3142,donor
CDC42EP5##2,0.0102,0.3739,0.6378,donor
ILF3-AS1,0.4192,0.1429,0.6295,donor
SYNJ1,-0.5584,0.5542,0.76,donor
NT5C2,0.3341,0.2932,0.6378,donor
TREML1,0.075,0.2344,0.6378,donor
TCEB3,0.252,0.2945,0.6378,donor
ARG1,0.4385,0.3815,0.6434,donor
APOH,0.935,0.1267,0.606,donor
XRCC6,-0.0692,0.5861,0.779,donor
LAMB2P1,0.4969,0.3622,0.6378,donor
SNORA72,-0.1025,0.7493,0.8806,donor
LINC00261,0.6563,0.2305,0.6378,donor
AOX2P,-0.169,0.3632,0.6378,donor
IL17RA,0.2586,0.6181,0.8003,donor
TTTY15,0.8309,0.6398,0.8137,donor
HLA-DRB6,-0.1759,0.5684,0.7685,donor
HNRNPA1P10,-0.1321,0.1114,0.5827,donor
RGS10,0.0808,0.3739,0.6378,donor
SSTR1,0.2081,0.7512,0.8814,donor
TFPI,-1.2081,0.166,0.6378,donor
SLC39A2,0.0288,0.3739,0.6378,donor
MGLL,0.2148,0.3256,0.6378,donor
LOC100130539,0.0468,0.537,0.7489,donor
TEC,1.1809,0.1669,0.6378,donor
TEAD3,0.0473,0.9468,0.9771,donor
HDLBP,0.6621,0.0443,0.4434,donor
NPPA,0.7943,0.004324,0.2594,donor
LYSMD2,-0.0353,0.8765,0.9445,donor
TMEM81,-0.8031,0.3393,0.6378,donor
ZNF784,0.3253,0.5176,0.7371,donor
FIBIN,-0.0125,0.3632,0.6378,donor
FAM212A,-0.2164,0.5592,0.763,donor
ODF3L2,0.0295,0.3739,0.6378,donor
LYPD5,-0.0052,0.9935,0.9971,donor
NSUN6,0.0935,0.8938,0.9519,donor
SHC4,0.2962,0.7744,0.8926,donor
GKN2,-0.0468,0.3632,0.6378,donor
TPTE,-0.1685,0.3632,0.6378,donor
TDRD10,0.0288,0.3739,0.6378,donor
SERTAD3,0.1146,0.7184,0.8614,donor
ZNF428,0.2185,0.5723,0.771,donor
KRT26,-0.0126,0.3632,0.6378,donor
KRT80,0.7292,0.1581,0.6378,donor
MAGEB10,0.0102,0.3739,0.6378,donor
CCDC38,-0.0101,0.9541,0.9798,donor
C9orf85,-0.1746,0.7244,0.8657,donor
MYLK3,1.3301,0.1207,0.5962,donor
USP12,-0.5843,0.2644,0.6378,donor
STK16,0.1806,0.7787,0.8947,donor
C9orf131,0.3252,0.5737,0.7718,donor
KCNQ1,0.9091,0.1906,0.6378,donor
AASDH,-0.5052,0.3295,0.6378,donor
CERS2,-0.1191,0.5798,0.7754,donor
YEATS2,0.045,0.8957,0.9528,donor
RBMXL1,-0.1996,0.6192,0.8012,donor
CAND2,0.758,0.03284,0.419,donor
HLA-A,0.3763,0.2711,0.6378,donor
LIME1,0.5219,0.322,0.6378,donor
RPP25,0.1146,0.7613,0.8861,donor
DUS2,0.1849,0.5619,0.7646,donor
PAIP2B,0.201,0.8172,0.9164,donor
THAP11,-0.3744,0.4999,0.7258,donor
MIR639,0.0091,0.8216,0.9184,donor
RLF,0.33,0.5628,0.7651,donor
CLDN16,0.0148,0.3739,0.6378,donor
RSU1,-0.6521,0.09621,0.5612,donor
MIR5695,-0.0357,0.3632,0.6378,donor
MIR5700,0.015,0.6396,0.8136,donor
MIR5699,-0.0468,0.3632,0.6378,donor
MIR5690,0.0563,0.3739,0.6378,donor
MIR5692C2,0.0443,0.208,0.6378,donor
MIR5682,0.1092,0.6996,0.8499,donor
MIR5590,0.0102,0.3739,0.6378,donor
MIR5585,0.007,0.843,0.9279,donor
MIR548AU##1,0.0275,0.3739,0.6378,donor
MIR5587,0.0102,0.3739,0.6378,donor
MIR548AR,-0.0663,0.5175,0.7371,donor
MIR5572,0.0044,0.8674,0.9403,donor
MIR5190,0.2486,0.1888,0.6378,donor
MIR5188,-0.0402,0.3889,0.6495,donor
MIR5094,0.0297,0.5318,0.7456,donor
MIR5091,-0.0072,0.9407,0.9741,donor
MIR5011,0.02,0.3739,0.6378,donor
MIR5088,-0.1818,0.1583,0.6378,donor
MIR5010,-0.0096,0.7451,0.8776,donor
MIR4999,-0.1431,0.4329,0.6809,donor
LOC101927132,0.02,0.3739,0.6378,donor
LOC101926892,0.0527,0.3739,0.6378,donor
UCA1,-0.0498,0.799,0.9075,donor
COL16A1,0.5254,0.4102,0.6654,donor
ZNF345,0.4102,0.4907,0.719,donor
PCIF1,0.5269,0.07688,0.5225,donor
ZNF277,-0.5895,0.02504,0.3869,donor
ARL15,-0.9285,0.162,0.6378,donor
TNN,-0.0245,0.3632,0.6378,donor
NPRL3,1.1074,0.01429,0.3296,donor
GALNT12,-0.5204,0.5148,0.7358,donor
HADH,0.4332,0.08667,0.544,donor
PFKP,-1.2906,0.02313,0.375,donor
DHX33,0.9419,0.02838,0.4015,donor
RGS5,0.1919,0.7453,0.8776,donor
BCAR3,0.5853,0.4697,0.7047,donor
APBB3,0.4069,0.5153,0.7361,donor
BRWD1,-0.0868,0.7569,0.8844,donor
CNTNAP3,0.3562,0.3121,0.6378,donor
RPL36,-0.2844,0.02569,0.3898,donor
FBXW11,0.174,0.5043,0.7283,donor
HLA-DPA1##7,0.0522,0.9499,0.9781,donor
DYNLRB2,0.439,0.4698,0.7047,donor
SNAP25,0.3805,0.2233,0.6378,donor
COX7B2,-0.0147,0.3632,0.6378,donor
OTUD7A##1,0.0984,0.8339,0.9247,donor
COL21A1,0.1453,0.443,0.6875,donor
ANKRD13C,-0.3733,0.4712,0.7055,donor
TXNDC5,-0.146,0.6656,0.8299,donor
FAM49A,-0.3931,0.64,0.8138,donor
HYAL2,-0.1417,0.8248,0.92,donor
TDRD3,0.2564,0.656,0.8243,donor
DCSTAMP,-0.0126,0.3632,0.6378,donor
CGB7,-0.0468,0.3632,0.6378,donor
MAP3K9,-0.1173,0.8348,0.9248,donor
CLPTM1L,1.1421,0.02867,0.4028,donor
SLC25A32,-0.5961,0.09982,0.5675,donor
CNP,0.6406,0.08974,0.5492,donor
ZIC5,-0.0205,0.3632,0.6378,donor
WNT5B,-0.8277,0.353,0.6378,donor
TUBB1,-1.013,0.1456,0.6337,donor
ILKAP,-0.166,0.6534,0.8226,donor
AKNA,-0.3478,0.4782,0.7109,donor
CABS1,0.0148,0.3739,0.6378,donor
BCL2L14,-0.2091,0.3004,0.6378,donor
NKD1,0.5567,0.275,0.6378,donor
HMGN5,0.1026,0.8506,0.9325,donor
WNT4,-0.6108,0.3147,0.6378,donor
NRBF2,-0.5316,0.07155,0.5122,donor
ZCRB1,-0.1774,0.2119,0.6378,donor
TMX1,-0.7214,0.09414,0.5577,donor
RRP36,0.137,0.7179,0.8611,donor
SAA2,0.0148,0.3739,0.6378,donor
WNT3,1.1289,0.1516,0.6378,donor
B9D2,0.2765,0.4679,0.7035,donor
SEC13,0.2967,0.192,0.6378,donor
DEDD,0.2801,0.3929,0.6525,donor
CPSF1,1.1384,0.06212,0.4892,donor
ZNF826P,-1.0453,0.1058,0.5734,donor
NOL7,-0.5982,0.09802,0.5651,donor
RSAD1,0.5644,0.1358,0.6195,donor
MTMR2,-1.2609,0.029,0.4054,donor
SPTLC3,-0.722,0.3758,0.639,donor
RARB,0.2974,0.4078,0.6632,donor
PBRM1,0.3518,0.245,0.6378,donor
LOC641367,0.0132,0.9585,0.9814,donor
ZNF730,0.0416,0.9189,0.9634,donor
ANKRD30A,0.0028,0.9717,0.9882,donor
POFUT2,0.283,0.2891,0.6378,donor
VAX1,0.0025,0.9409,0.9741,donor
HAVCR1P1,-0.0082,0.8351,0.9249,donor
CELSR2,0.8462,0.4004,0.6581,donor
TXLNG,-0.245,0.6007,0.7896,donor
DMBT1,-0.0019,0.9813,0.9919,donor
DHX36,-0.1927,0.6403,0.8139,donor
GPATCH2L,0.5016,0.3486,0.6378,donor
PRPF31##7,0.4218,0.2454,0.6378,donor
LOC101927683,-1.1281,0.09227,0.5549,donor
DNAJC2,-0.2243,0.2633,0.6378,donor
GPR108,0.5408,0.05654,0.4774,donor
DDX17,0.1738,0.4035,0.6604,donor
RPS20,-0.3733,0.04013,0.4339,donor
PAPOLA,-0.5136,0.06132,0.4877,donor
BACH2,0.9249,0.3667,0.6378,donor
TMEM216,-0.0381,0.88,0.9464,donor
WTIP,0.0221,0.9275,0.9671,donor
SCGB1B2P,0.5094,0.08069,0.532,donor
TNRC18,1.0799,0.02914,0.4054,donor
SCGB2B3P,0.1074,0.2688,0.6378,donor
MED20,-0.596,0.04258,0.4383,donor
IL4,0.0758,0.7054,0.853,donor
IL2,0.0563,0.3739,0.6378,donor
UBE3A,-0.0933,0.6458,0.8173,donor
CYP27A1,-0.0617,0.8074,0.9117,donor
SERPINA5,-0.1714,0.1016,0.5693,donor
LIPG,0.7497,0.5309,0.7452,donor
BDKRB2,-1.8144,0.02934,0.4059,donor
APCS,-0.0682,0.251,0.6378,donor
ST7-AS2##1,0.4675,0.3529,0.6378,donor
ST7-OT4,-0.1843,0.6612,0.828,donor
PIPSL,-0.0312,0.8694,0.9413,donor
CATSPER2P1,0.6965,0.1477,0.637,donor
DLEU2L,0.317,0.4702,0.7049,donor
PMS2CL,0.1949,0.617,0.7996,donor
GTF2IP1##1,-0.0147,0.3632,0.6378,donor
COA6,0.0616,0.8694,0.9413,donor
PERM1,0.2975,0.2676,0.6378,donor
SNORD45A,-0.076,0.6278,0.8063,donor
SNORD45B,-0.0001,0.9996,0.9997,donor
SNORD47,-0.3181,0.3607,0.6378,donor
SNORD48##2,-0.2294,0.1741,0.6378,donor
RRP7B,0.85,0.1352,0.6188,donor
MBL1P,0.0318,0.939,0.9733,donor
TOP1P1,0.3043,0.09365,0.557,donor
MYH16,0.1509,0.2035,0.6378,donor
TPTEP1,-0.0822,0.1792,0.6378,donor
MIR5196,-0.0059,0.9692,0.9868,donor
ZYG11B,0.52,0.2229,0.6378,donor
LGALS9,0.0541,0.1715,0.6378,donor
TARDBP,0.3418,0.09525,0.5593,donor
SIX6,1.4312,0.07007,0.5091,donor
SHOC2,-0.5438,0.1429,0.6295,donor
PLA2R1,0.8213,0.1096,0.5804,donor
PADI2,0.2814,0.3739,0.6378,donor
NID2,-0.8292,0.1167,0.5919,donor
CEP350,0.2207,0.6011,0.79,donor
SWT1,0.3057,0.5457,0.7549,donor
LOC339666,-0.1459,0.6283,0.8068,donor
LINC01095,0.1308,0.1849,0.6378,donor
NUP50-AS1,0.0637,0.9011,0.9554,donor
LL22NC01-81G9.3,0.1501,0.3739,0.6378,donor
RNASEH1-AS1,-0.229,0.6849,0.841,donor
LOC157273,-0.0126,0.3632,0.6378,donor
LOC151475,-0.0205,0.3632,0.6378,donor
LOC729950,1.0294,0.4028,0.6598,donor
LEMD1-AS1,-0.2212,0.6733,0.8343,donor
LINC00624,0.0729,0.3739,0.6378,donor
LOC339975,-0.1009,0.67,0.8321,donor
LINC01310,0.0673,0.3739,0.6378,donor
ISM1-AS1,0.0956,0.2899,0.6378,donor
PTOV1-AS1,1.1501,0.01219,0.3156,donor
LOC100507250,-1.1307,0.09794,0.5649,donor
DNM3OS,1.2399,0.1052,0.5734,donor
LOC100288181,0.461,0.3124,0.6378,donor
LOC100131655,-0.246,0.5937,0.7846,donor
FGF13-AS1,-0.0244,0.3632,0.6378,donor
LINC01539,0.055,0.3739,0.6378,donor
ERVK13-1,1.4296,0.01025,0.3039,donor
LOC100507387,0.2417,0.3263,0.6378,donor
LOC100631378,0.3157,0.51,0.7333,donor
LOC284933,0.0102,0.3739,0.6378,donor
PRR7-AS1,0.4732,0.1352,0.6188,donor
LINC00886,0.3171,0.7798,0.8955,donor
LINC01125,0.2848,0.6799,0.8381,donor
LOC100287792,-0.2592,0.01995,0.3603,donor
LOC643770,-0.2727,0.5048,0.7287,donor
TSC22D1-AS1,0.2446,0.7779,0.8943,donor
SLC7A11-AS1,0.3772,0.1718,0.6378,donor
DNAJC9-AS1,0.9837,0.03421,0.4253,donor
LINC01541,0.0102,0.3739,0.6378,donor
MIF-AS1,-0.6536,0.001579,0.2293,donor
APTR,-0.2844,0.5517,0.7586,donor
SPTY2D1-AS1,-0.1527,0.6728,0.8338,donor
ZSWIM8-AS1,0.6314,0.1055,0.5734,donor
LOC100506314,-0.6357,0.3791,0.6417,donor
LOC400620,0.0153,0.9041,0.957,donor
FAM153C,-0.0729,0.8106,0.9129,donor
ENO1-AS1,-0.484,0.3654,0.6378,donor
MAGI2-AS3,-0.0129,0.951,0.9785,donor
STK4-AS1,-0.5449,0.3415,0.6378,donor
JAKMIP2-AS1,0.0437,0.487,0.7174,donor
OSER1-AS1,-0.3399,0.4317,0.6801,donor
LOC339166,-0.1616,0.1822,0.6378,donor
LOC728752,-0.2156,0.6993,0.8498,donor
ARG2,-2.5543,0.001391,0.2225,donor
ARMS2,0.435,0.0715,0.512,donor
TM9SF4,0.3024,0.4116,0.6667,donor
MMD2,0.0102,0.3739,0.6378,donor
ALG11,-0.1789,0.5229,0.7402,donor
LINC00658,0.0422,0.3739,0.6378,donor
AP5B1,0.6113,0.372,0.6378,donor
ISPD,-0.5857,0.3484,0.6378,donor
ZNF883,-1.3268,0.134,0.6183,donor
LOC644554,0.258,0.5648,0.7665,donor
ATP11A,-0.3323,0.6588,0.8263,donor
GABARAPL2,-0.17,0.4846,0.7156,donor
TWF2,0.3188,0.4813,0.7132,donor
RNF13,-0.3354,0.0303,0.4102,donor
U2AF2,0.3488,0.2352,0.6378,donor
OIP5,0.1059,0.814,0.9146,donor
CTRC,0.4299,0.2378,0.6378,donor
PLEKHA1,-0.2151,0.5901,0.7816,donor
SMLR1,0.3042,0.4832,0.7143,donor
SEPHS1,0.5341,0.08374,0.5392,donor
SEH1L,-0.1931,0.5855,0.7787,donor
CABLES2,1.0151,0.275,0.6378,donor
ABHD17A,0.3643,0.3145,0.6378,donor
SLC25A28,0.6499,0.5148,0.7358,donor
SLIRP,-0.2906,0.1787,0.6378,donor
QTRT1,1.1865,0.01753,0.3503,donor
OTUB2,-0.2436,0.6909,0.8449,donor
RAB1B,0.3731,0.159,0.6378,donor
WDR73,0.2029,0.4695,0.7046,donor
PABPC3,0.3826,0.09694,0.5631,donor
ARPC5L,-0.5596,0.1737,0.6378,donor
SHARPIN,-0.0583,0.8503,0.9324,donor
SFXN3,0.4263,0.2662,0.6378,donor
KRTAP1-1,0.0387,0.3739,0.6378,donor
ST6GALNAC5,-0.8609,0.3165,0.6378,donor
CAPN10,0.833,0.3259,0.6378,donor
COA7,-0.2577,0.8,0.908,donor
SPACA1,0.1106,0.3739,0.6378,donor
C5orf42,0.6726,0.214,0.6378,donor
ADAMTS12,-0.5827,0.2211,0.6378,donor
TIGD6,-0.5409,0.2318,0.6378,donor
ZNF672,0.4936,0.3257,0.6378,donor
CDT1,0.0741,0.8733,0.9427,donor
PPP1R14C,-0.9453,0.2091,0.6378,donor
ZFP69B,-0.8243,0.1292,0.6104,donor
SIGLEC1,0.141,0.3739,0.6378,donor
FOXL2,0.0102,0.3739,0.6378,donor
FGFR3,-0.0071,0.95,0.9781,donor
DNAI2,0.4093,0.1614,0.6378,donor
TTC16,-0.0558,0.5936,0.7846,donor
MYOF,2.467,0.03644,0.4276,donor
FAM91A1,-0.3955,0.1777,0.6378,donor
ARMC2,1.7707,0.03492,0.4267,donor
RBM46,-0.6977,0.3125,0.6378,donor
GAPVD1,0.526,0.1377,0.6216,donor
PAK1IP1,-0.1839,0.4668,0.7029,donor
TRMU,0.6706,0.08388,0.5397,donor
TMEM158,0.6173,0.1811,0.6378,donor
CNOT10,0.5292,0.09728,0.5641,donor
MTCH1,-0.3652,0.08426,0.5399,donor
MTHFD1L,0.0146,0.9783,0.9909,donor
CCDC28A,-0.418,0.2904,0.6378,donor
AIPL1,0.0377,0.233,0.6378,donor
INVS,0.0414,0.9454,0.9765,donor
SLC7A11,0.2837,0.7671,0.8885,donor
PPP1R15A,0.234,0.7556,0.8839,donor
RND2,1.0854,0.07743,0.5229,donor
NCAN,0.4399,0.2312,0.6378,donor
PIAS3,0.5344,0.08513,0.5404,donor
MALL,-0.0337,0.759,0.8853,donor
CBX7,0.6082,0.1558,0.6378,donor
MRPS9,-0.8221,0.01943,0.3603,donor
SLC6A18,0.079,0.3739,0.6378,donor
UAP1L1,1.1321,0.06663,0.5006,donor
WDR53,0.0594,0.9232,0.9656,donor
C2orf48,0.1502,0.3739,0.6378,donor
SKA2,-0.9194,0.1347,0.6188,donor
MAMSTR,1.2048,0.02378,0.38,donor
UBL4B,0.1862,0.3442,0.6378,donor
TMPRSS11A,0.0165,0.9587,0.9814,donor
MBLAC1,0.1984,0.7146,0.8593,donor
MBLAC2,0.6341,0.4639,0.7018,donor
CBLN2,-0.0125,0.3632,0.6378,donor
SPC24,0.3348,0.2456,0.6378,donor
FITM1,0.187,0.3399,0.6378,donor
TCTE1,-0.0165,0.9084,0.9591,donor
KRT28,-0.142,0.3632,0.6378,donor
RBM12B,0.0246,0.921,0.9646,donor
UBE2G2,0.0507,0.8514,0.9327,donor
C2orf50,0.2233,0.2004,0.6378,donor
UBE2E1,-0.1148,0.8362,0.9254,donor
LOC285762,0.8102,0.2627,0.6378,donor
CYP2B7P,0.4136,0.1074,0.576,donor
CSNK2A3,-0.8277,0.01361,0.325,donor
CCKAR,0.0422,0.3739,0.6378,donor
WDFY3,0.9348,0.04615,0.4496,donor
NDUFB6,-0.3684,0.1952,0.6378,donor
PLCB1,-2.5764,0.03872,0.4295,donor
APOBEC4,1.8141,0.02114,0.3644,donor
PPAPDC2,0.1381,0.7389,0.8742,donor
DDX53,0.0903,0.3739,0.6378,donor
TMEM255B,-0.2604,0.2712,0.6378,donor
UBE2H,0.7379,0.07584,0.5216,donor
AFTPH,-0.1555,0.5899,0.7816,donor
ASCL4,0.0102,0.3739,0.6378,donor
IER5L,-0.6866,0.1581,0.6378,donor
IQCF2,0.0422,0.3739,0.6378,donor
LHFPL5,-0.3861,0.5657,0.767,donor
PROX2,-0.0759,0.8398,0.9267,donor
SLC25A23,-0.2816,0.6896,0.844,donor
DEDD2,0.3237,0.5202,0.7388,donor
CCDC86,0.6539,0.2677,0.6378,donor
TRAPPC6A,0.0087,0.9868,0.9941,donor
ALG12,0.5324,0.2527,0.6378,donor
GSDMC,-0.0126,0.3632,0.6378,donor
WDR77,0.273,0.6617,0.8282,donor
GABARAPL1,0.1281,0.6317,0.8092,donor
ELOVL6,0.1715,0.813,0.9141,donor
TRPM8,-0.0372,0.6621,0.8283,donor
CSMD3,0.1246,0.4687,0.7041,donor
OR10A6,0.0903,0.3739,0.6378,donor
TRIM37,0.4165,0.2143,0.6378,donor
JUND,-0.0179,0.9809,0.9919,donor
ARHGEF5,0.0008,0.9988,0.9994,donor
MAF,-0.1684,0.5569,0.7614,donor
SKIL,-0.8814,0.02327,0.3759,donor
MPL,0.4611,0.62,0.8016,donor
IMMP1L,-1.2411,0.01913,0.3592,donor
EVI2B,0.1366,0.7553,0.8839,donor
EBF4,0.2097,0.809,0.9122,donor
BCS1L,1.0105,0.005453,0.2594,donor
SYMPK,0.2916,0.3752,0.6385,donor
NAPA,-0.0702,0.7021,0.8515,donor
DDX23,-0.0516,0.9091,0.9592,donor
SNAP23,-0.597,0.1252,0.6026,donor
TNFRSF6B,0.0262,0.5497,0.7575,donor
RIPK2,1.0907,0.1764,0.6378,donor
CDS2,0.179,0.2454,0.6378,donor
BAP1,0.4288,0.3256,0.6378,donor
TXNIP,0.7845,0.3067,0.6378,donor
NMT2,0.2397,0.5103,0.7333,donor
ADAM7,0.4596,0.1182,0.594,donor
POLR2D,-0.0395,0.9006,0.9552,donor
NPC1,-0.1233,0.7411,0.8754,donor
TMED3,1.05,0.01519,0.3353,donor
TIMM8A,-1.0224,0.1677,0.6378,donor
SH2D4B,-0.1665,0.6744,0.835,donor
BNIP3L,-1.124,0.0005823,0.209,donor
TCF3,-0.0072,0.9914,0.9962,donor
MAP3K7,-0.2469,0.5551,0.7603,donor
TAF2,-0.4105,0.5574,0.7617,donor
SYP,1.1463,0.02627,0.3925,donor
PFN1P2,0.4196,0.2355,0.6378,donor
TNFRSF10B,-0.9854,0.3428,0.6378,donor
AKAP8L,0.1635,0.588,0.7801,donor
SRPK3,0.2957,0.2996,0.6378,donor
LOC100126784,1.2085,0.04112,0.434,donor
TP53TG1,-0.0028,0.9924,0.9967,donor
ZNF674-AS1,0.2113,0.6632,0.829,donor
PAX8-AS1,-1.2077,0.3498,0.6378,donor
LINC00200,0.3629,0.5081,0.7316,donor
PGD,0.5101,0.05293,0.4671,donor
LOC101928034,0.2567,0.3739,0.6378,donor
LOC441204,-0.7101,0.4871,0.7174,donor
WDFY3-AS2,-0.6636,0.06084,0.486,donor
LINC00643,1.0626,0.03519,0.4276,donor
PCA3,2.3149,0.01264,0.3191,donor
LOC440896,0.0649,0.3816,0.6434,donor
LINC01184,-1.2257,0.08579,0.5424,donor
MILR1,0.3056,0.1921,0.6378,donor
SCAND2P,1.1682,0.05389,0.4695,donor
EGOT,-0.1738,0.6742,0.8349,donor
SEC1P,0.1545,0.1719,0.6378,donor
SCARNA10,-0.078,0.4852,0.7161,donor
SOX2-OT,0.4751,0.3743,0.6379,donor
ZDHHC8P1,-0.423,0.6416,0.8148,donor
LOC644145,0.0148,0.3739,0.6378,donor
PPIEL,-0.0251,0.9735,0.9888,donor
CHIAP2,0.0102,0.3739,0.6378,donor
KCNQ1-AS1,-0.0928,0.4847,0.7156,donor
OOSP1,0.5931,0.3739,0.6378,donor
UOX,-0.1639,0.7173,0.8609,donor
GUCY1B2,0.4536,0.2867,0.6378,donor
LOC389705,-0.347,0.418,0.6703,donor
NBPF22P,0.4895,0.3739,0.6378,donor
SNORA70C,-0.0671,0.3632,0.6378,donor
SNHG15,-0.1224,0.8152,0.9154,donor
SNORA84,-0.3301,0.1252,0.6026,donor
SNORD126,-0.0062,0.896,0.953,donor
SCARNA27,-0.008,0.7715,0.8908,donor
SNORD127,-0.0394,0.3632,0.6378,donor
SNORD58C,-0.1338,0.7768,0.8938,donor
PPP2R1A,0.1002,0.5812,0.7763,donor
MRVI1,0.0148,0.3739,0.6378,donor
ZNF32,0.2999,0.19,0.6378,donor
KMT2A,0.6406,0.08738,0.5451,donor
HHLA2,-0.0147,0.3632,0.6378,donor
TMPRSS11E,0.2107,0.3739,0.6378,donor
HIGD1A,-0.3375,0.3891,0.6496,donor
TMEM14A,-0.8775,0.001876,0.2294,donor
MKL2,-0.2281,0.5093,0.7328,donor
C19orf53,-0.3436,0.08952,0.5492,donor
MRPS18B,-0.3315,0.1364,0.6198,donor
LRP10,0.15,0.7116,0.8571,donor
UNC50,0.0503,0.7784,0.8945,donor
ZBTB33,-0.2669,0.1435,0.6308,donor
GMPR,1.0102,0.07468,0.5192,donor
SYNGAP1,1.4786,0.02441,0.3846,donor
PNMAL1,0.0944,0.814,0.9146,donor
TMEM170B,0.087,0.9249,0.9657,donor
CALM3,-0.4257,0.06118,0.4872,donor
ARHGEF17,1.8073,0.04211,0.4372,donor
ARHGEF11,1.8892,0.01546,0.3381,donor
HAVCR1,0.134,0.5545,0.7602,donor
URB2,0.2415,0.8109,0.913,donor
SNAR-E,-0.0768,0.1055,0.5734,donor
ZNHIT6,1.0189,0.02366,0.3793,donor
CAGE1,0.8725,0.1618,0.6378,donor
CDK8,0.3097,0.5247,0.7414,donor
MIR3190,-0.0147,0.3632,0.6378,donor
FCHO1,0.2632,0.4644,0.7021,donor
ZNF829,0.9695,0.1954,0.6378,donor
PCDH20,-4.3694,0.000228,0.209,donor
DMRTA1,1.0876,0.155,0.6378,donor
SNORD23,0.242,0.3359,0.6378,donor
PEX2,-0.561,0.01045,0.306,donor
MYO3A,0.1425,0.7511,0.8814,donor
RPAP3,0.0574,0.9002,0.9551,donor
HTATSF1,0.3901,0.3644,0.6378,donor
EID1,-0.0618,0.8532,0.9334,donor
CADM1,-0.3133,0.3965,0.6549,donor
BRD7,0.1482,0.6388,0.8134,donor
ACSBG1,-0.4717,0.244,0.6378,donor
SGK3,0.0262,0.9379,0.9727,donor
TBK1,-0.2524,0.2935,0.6378,donor
RCOR1,0.2094,0.7196,0.8618,donor
CLEC5A,0.2282,0.4187,0.6708,donor
TAC3,-0.0474,0.8126,0.9138,donor
HTRA2,0.0972,0.4451,0.6883,donor
ORAI1,-1.3975,0.1277,0.6079,donor
SNX27,0.0139,0.9625,0.9834,donor
NADK,1.2436,0.01291,0.3214,donor
LBH,-0.1378,0.9202,0.9642,donor
GPBP1,-0.5798,0.06909,0.5066,donor
REEP1,0.6462,0.3706,0.6378,donor
TRIM8,0.2188,0.5341,0.7468,donor
MARCKSL1,-1.6232,0.03099,0.4122,donor
HAPLN4,1.9211,0.1374,0.6212,donor
ZNF696,-0.1159,0.8731,0.9427,donor
CENPH,1.1472,0.1682,0.6378,donor
ACTR8,-0.1169,0.5359,0.7483,donor
TBRG4,0.4065,0.1481,0.6372,donor
OR2H1,0.079,0.3739,0.6378,donor
NT5DC2,0.6772,0.1559,0.6378,donor
RTN4R,0.2256,0.7093,0.8553,donor
PAPOLG,0.0081,0.9864,0.9941,donor
ZNF442,-2.3119,0.01064,0.3063,donor
SNAR-G1,0.0527,0.3739,0.6378,donor
C22orf23,-0.7323,0.2518,0.6378,donor
TRIM34,0.0822,0.1997,0.6378,donor
ASB12,0.3296,0.4768,0.71,donor
COLEC12,-0.1025,0.7583,0.885,donor
WAC,-0.1822,0.6058,0.793,donor
DGUOK,0.0338,0.8356,0.9252,donor
TREX2,-0.0584,0.5416,0.7516,donor
TAF6,0.1241,0.7374,0.8738,donor
CDC26,-0.099,0.7831,0.8981,donor
RAB40A,0.2052,0.3369,0.6378,donor
ASB5,1.1169,0.03573,0.4276,donor
LGI4,-0.0405,0.8627,0.9383,donor
PPTC7,1.1346,0.1891,0.6378,donor
RHOXF1,-0.2558,0.1927,0.6378,donor
DPCR1,0.2971,0.36,0.6378,donor
SNORD32A,-0.0806,0.7342,0.872,donor
SNORD33,0.1333,0.1852,0.6378,donor
SNORD34,0.1685,0.4199,0.6717,donor
SNORD35A,0.3225,0.09712,0.5633,donor
SNORD35B,-0.0951,0.7016,0.8511,donor
OLR1,0.1283,0.1782,0.6378,donor
POLR2J3,0.502,0.08445,0.5401,donor
THUMPD3,-0.1806,0.2981,0.6378,donor
ARMCX5-GPRASP2,0.0279,0.9428,0.9753,donor
BEND7,-0.0122,0.9771,0.9906,donor
GLIPR1L1,0.274,0.4604,0.6992,donor
C4orf36,0.2423,0.5254,0.7416,donor
CCDC110,-0.0303,0.9465,0.977,donor
TMEM196,0.1494,0.7351,0.8726,donor
TCTEX1D2,0.7583,0.1299,0.6115,donor
BTBD16,0.0148,0.3739,0.6378,donor
C19orf26,-0.1029,0.4409,0.6867,donor
C8orf46,1.1035,0.08283,0.5363,donor
SESN3,-0.8878,0.02104,0.3644,donor
PSMA8,0.2542,0.3424,0.6378,donor
TCP10L,-0.0869,0.8678,0.9406,donor
MIR1302-6,-0.0286,0.3632,0.6378,donor
MIR548F3##1,0.0422,0.3739,0.6378,donor
MIR1304,-0.0613,0.7529,0.8824,donor
MIR1303,-0.0126,0.3632,0.6378,donor
MIR1302-7##2,0.0148,0.3739,0.6378,donor
MIR1302-3,-0.0251,0.1747,0.6378,donor
MIR548L,0.0605,0.5505,0.7582,donor
MIR1294,0.055,0.3739,0.6378,donor
MIR1299,0.2614,0.09175,0.5543,donor
MIR1289-2,0.1012,0.3739,0.6378,donor
MIR548J,-0.0286,0.3632,0.6378,donor
MIR1226,0.26,0.2802,0.6378,donor
MIR1231,0.0514,0.439,0.6857,donor
MIR1238,0.0632,0.7635,0.8866,donor
MIR1200,0.0111,0.9493,0.9781,donor
MIR1179,0.0422,0.3739,0.6378,donor
MIR670,0.0291,0.539,0.7501,donor
MIR320C1,-0.0592,0.3407,0.6378,donor
MIR425,0.2479,0.1026,0.5705,donor
SIGLEC16,-0.1195,0.3632,0.6378,donor
GPR17,-0.0205,0.3632,0.6378,donor
BTF3,-0.4203,0.02539,0.388,donor
CGNL1,-0.2241,0.4878,0.7177,donor
CEBPG,-1.1259,0.03656,0.4276,donor
PRDM11,0.7732,0.2714,0.6378,donor
MBL2,0.1045,0.5175,0.7371,donor
RPL30,-0.2054,0.2795,0.6378,donor
RPL27,0.0545,0.8184,0.917,donor
ZNF511,-0.3422,0.2241,0.6378,donor
CXorf57,-0.0179,0.9668,0.9858,donor
PARPBP,-0.4894,0.1813,0.6378,donor
GPR146,-1.3729,0.1115,0.5831,donor
ARGLU1,-0.139,0.1836,0.6378,donor
RMND1,-0.457,0.5353,0.7478,donor
YIF1A,-0.0294,0.8552,0.9346,donor
WDR45B,-0.4366,0.1995,0.6378,donor
IRGC,-0.0126,0.3632,0.6378,donor
CPXM1,0.0698,0.4892,0.7182,donor
MEF2C,0.0423,0.2028,0.6378,donor
MRPS18A,-0.1164,0.8055,0.9106,donor
SLC13A3,0.601,0.3511,0.6378,donor
ARMC6,0.6749,0.1791,0.6378,donor
RAD52,0.5951,0.1334,0.6173,donor
SNORD88B,-0.0359,0.7473,0.879,donor
SNORD88C,0.0639,0.5197,0.7382,donor
MGC45922,0.4473,0.07064,0.5094,donor
FBXL17,0.7131,0.0499,0.4609,donor
RAPSN,0.3882,0.1809,0.6378,donor
CBLN4,-1.4811,0.05835,0.48,donor
IFITM4P##5,0.0214,0.852,0.9329,donor
WFDC3,0.2708,0.6624,0.8284,donor
RAB11B,0.4919,0.1185,0.5941,donor
IFITM1,-0.0251,0.1747,0.6378,donor
EIF4G2,-0.0986,0.417,0.6697,donor
SLC12A2,0.2406,0.6444,0.8165,donor
PRPF38A,-0.8669,0.001753,0.2293,donor
CAV2,-1.0288,0.2239,0.6378,donor
RTCA,-1.3393,0.05676,0.4777,donor
POMK,-0.8056,0.1141,0.5863,donor
RAB43,-0.2449,0.2624,0.6378,donor
CNOT2,-0.5235,0.2372,0.6378,donor
CRMP1,0.3041,0.4061,0.6619,donor
MLF2,0.0726,0.6197,0.8014,donor
UGT3A2,0.0148,0.3739,0.6378,donor
ALG13,-0.4253,0.1812,0.6378,donor
ZNF528,-0.7203,0.3858,0.6464,donor
LOC100130451,0.6698,0.2681,0.6378,donor
THOC2,-0.469,0.09641,0.5617,donor
ZNF99,0.1271,0.244,0.6378,donor
ZNF137P,0.0274,0.9672,0.9858,donor
DSE,1.321,0.1189,0.5944,donor
LINC01519,0.192,0.3739,0.6378,donor
MYCL,-1.7918,0.03671,0.4276,donor
TRIM4,-0.4465,0.088,0.5481,donor
MAFG,0.1535,0.8163,0.9159,donor
CNDP1,-0.2626,0.4323,0.6806,donor
CCM2L,-0.1248,0.6272,0.8061,donor
ZNF702P,-1.7382,0.09331,0.5564,donor
ALPK1,-0.9142,0.1563,0.6378,donor
CCL17,-0.0126,0.3632,0.6378,donor
PCDHGB5,-0.6818,0.2144,0.6378,donor
PCDHGB4,0.4081,0.6882,0.8429,donor
SH3BGRL2,0.1838,0.5489,0.7573,donor
CCDC109B,-0.2875,0.5583,0.7624,donor
FLVCR2,-0.0568,0.3632,0.6378,donor
ZNF525,0.1032,0.9243,0.9657,donor
TTR,-0.8073,0.2119,0.6378,donor
ZNF761,0.338,0.515,0.7359,donor
IFITM10,0.2119,0.6607,0.8279,donor
SLC15A5,-0.0071,0.8813,0.947,donor
RGS16,0.0826,0.9128,0.9603,donor
PPP1CC,0.2832,0.2012,0.6378,donor
RING1##5,0.6582,0.1093,0.5799,donor
NEO1,0.2922,0.3499,0.6378,donor
RAP2B,-0.2298,0.519,0.7379,donor
PRSS23,-0.0198,0.9393,0.9734,donor
CTDSPL2,-0.189,0.7165,0.8606,donor
ENOSF1,0.642,0.06256,0.4905,donor
IFT57,0.4698,0.2063,0.6378,donor
VWA8,1.125,0.06438,0.4961,donor
LOC100507389,0.0673,0.3739,0.6378,donor
ARHGEF26-AS1,-0.1944,0.7191,0.8617,donor
STX18-AS1,0.6269,0.2421,0.6378,donor
TMEM147-AS1,0.8221,0.3333,0.6378,donor
LOC100506801,1.114,0.1519,0.6378,donor
LINC01426,0.0,0.9985,0.9993,donor
LOC100506178,-0.9246,0.08507,0.5404,donor
LOC100131047,-0.0359,0.3632,0.6378,donor
LOC100505912,-0.0237,0.8591,0.9366,donor
LOC728084,0.0102,0.3739,0.6378,donor
NSUN2,0.1909,0.4586,0.6978,donor
SLFNL1-AS1,0.352,0.2426,0.6378,donor
STX16,0.9221,0.04882,0.4574,donor
PPT2-EGFL8,0.0155,0.9498,0.9781,donor
PIR-FIGF,0.4918,0.1474,0.6363,donor
MIR137HG,0.4155,0.3765,0.6396,donor
LOC101928043,-0.0366,0.7516,0.8817,donor
LOC254896,-0.0625,0.4606,0.6993,donor
MIRLET7DHG,-0.8955,0.1816,0.6378,donor
NBPF11,0.3905,0.3034,0.6378,donor
RNASEH2B-AS1,0.7424,0.1042,0.5734,donor
DLEU7-AS1,0.501,0.2158,0.6378,donor
FLJ46284,-0.0244,0.3632,0.6378,donor
LINC01123,0.086,0.3783,0.641,donor
LINC01123##2,0.025,0.1873,0.6378,donor
CYP11A1,0.2881,0.09162,0.554,donor
NR1H3,0.0598,0.9256,0.966,donor
UNC5D,-1.8002,0.1505,0.6378,donor
COL2A1,0.2705,0.4733,0.7075,donor
CAPN10-AS1,0.8405,0.1268,0.6063,donor
LOC100130691,0.7284,0.4963,0.723,donor
TMEM39A,0.1011,0.7568,0.8844,donor
RBM24,-0.625,0.443,0.6875,donor
OPRM1,0.2233,0.1882,0.6378,donor
MTMR14,-0.2528,0.5282,0.7435,donor
NANOGNB,0.0652,0.2891,0.6378,donor
ASPN,0.386,0.5034,0.7276,donor
GNG10,-0.4174,0.1384,0.6227,donor
HIP1R,1.5453,0.03462,0.4253,donor
DDT##1,-0.0535,0.3632,0.6378,donor
SERPINB8,-0.562,0.3075,0.6378,donor
GPR133,0.3055,0.2823,0.6378,donor
BCAS4,0.5614,0.04792,0.4544,donor
C20orf196,0.2217,0.6221,0.803,donor
TDRD1,0.65,0.2605,0.6378,donor
VKORC1,0.2381,0.1653,0.6378,donor
KRTAP10-12,0.009,0.8088,0.9122,donor
KRTAP12-4,-0.2704,0.3869,0.6475,donor
KRTAP10-3,0.025,0.1873,0.6378,donor
KRTAP10-8,-0.0359,0.3632,0.6378,donor
FAM71E2,-0.0126,0.3632,0.6378,donor
TC2N##1,-1.6801,0.09213,0.5549,donor
ZNF438,0.0701,0.9461,0.9769,donor
MCM10,0.1109,0.7676,0.8888,donor
MCM4,0.3667,0.3743,0.6379,donor
SENP1,0.1714,0.6566,0.8247,donor
GNAI1,0.3516,0.239,0.6378,donor
PDE1B,0.3566,0.5661,0.7672,donor
USF2,0.9295,0.04623,0.4499,donor
UQCRC1,-0.2743,0.4649,0.7021,donor
HES1,-1.6063,0.05021,0.4623,donor
HOXA11,0.0673,0.3739,0.6378,donor
AFG3L2,-0.1177,0.8626,0.9382,donor
ZNF230,-1.6788,0.05649,0.4774,donor
THY1,-0.1873,0.3275,0.6378,donor
LGI1,1.5476,0.1372,0.6209,donor
TESK1,0.0119,0.9819,0.9921,donor
TAF10,0.0431,0.8298,0.9224,donor
NEDD9,-0.805,0.2379,0.6378,donor
MIMT1,0.6924,0.3674,0.6378,donor
IGFL2,-0.3779,0.2104,0.6378,donor
CACNA1S,0.1175,0.4814,0.7132,donor
TRAPPC2B,-0.4316,0.1394,0.6239,donor
LCTL,-0.3949,0.3041,0.6378,donor
IQCE,0.7747,0.1123,0.585,donor
NEURL1-AS1,0.0622,0.2122,0.6378,donor
C12orf56,0.3875,0.2905,0.6378,donor
ZNF134,-1.4421,0.1951,0.6378,donor
CEP78,0.0612,0.9462,0.9769,donor
NELL1,0.0288,0.3739,0.6378,donor
FUNDC2,-0.0734,0.6156,0.7989,donor
LRFN4,0.3023,0.5945,0.7853,donor
ZNF551,1.0551,0.1478,0.637,donor
WDR54,0.2632,0.3932,0.6528,donor
CORO1A,0.1239,0.6236,0.8041,donor
CYP11B2,-0.0885,0.3632,0.6378,donor
KITLG,-0.2007,0.4902,0.7185,donor
NEBL,-1.5608,0.004046,0.2594,donor
ARHGEF9,1.1302,0.02909,0.4054,donor
ANPEP,0.3462,0.3535,0.6378,donor
SLC25A4,-0.8649,0.0007858,0.209,donor
SLC25A5,0.1344,0.5335,0.7463,donor
ANXA5,-0.3007,0.1435,0.6308,donor
G3BP2,0.4554,0.1231,0.6016,donor
MPDZ,-0.2232,0.5533,0.7596,donor
CENPBD1P1,0.3842,0.3857,0.6464,donor
ECSIT,0.4835,0.4013,0.6586,donor
SLC37A4,-0.4172,0.5185,0.7376,donor
SLC15A2,0.8117,0.45,0.6921,donor
TMA16,-0.4469,0.2322,0.6378,donor
FGD6,1.4265,0.003989,0.2594,donor
OR56A5,-0.0667,0.3632,0.6378,donor
MRPL42,-0.5307,0.1231,0.6016,donor
HMGA1P7,0.1106,0.3739,0.6378,donor
FAM95A,0.3182,0.1779,0.6378,donor
P2RX5-TAX1BP3,0.3474,0.5513,0.7583,donor
BSCL2##1,-0.355,0.4211,0.6724,donor
LINC00525,-0.3239,0.1469,0.6355,donor
STAU2-AS1,0.0017,0.9717,0.9882,donor
UBOX5-AS1,0.3325,0.3389,0.6378,donor
CHMP3,-0.5547,0.04844,0.4561,donor
TECR,-0.6297,0.07437,0.5191,donor
PLIN2,-0.6841,0.4374,0.6846,donor
POLA2,1.3133,0.1124,0.5851,donor
ARHGAP19-SLIT1,0.0263,0.905,0.9576,donor
UBE2F-SCLY,0.055,0.3739,0.6378,donor
TMCC1-AS1,-0.2272,0.7902,0.9027,donor
RTFDC1,-0.0848,0.5222,0.7396,donor
COX14,-0.2399,0.19,0.6378,donor
ICA1L,0.114,0.6867,0.842,donor
POLG,1.3368,0.08954,0.5492,donor
COX17,-0.4417,0.03199,0.4167,donor
EPSTI1,-0.465,0.5133,0.7351,donor
NT5C1B,-0.1083,0.5174,0.7371,donor
RPL13,-0.0055,0.959,0.9814,donor
ZBED6,0.204,0.6967,0.8484,donor
LOC100505625,-0.1526,0.551,0.7583,donor
TSEN2,0.6963,0.5419,0.7518,donor
FFAR3,0.3331,0.3525,0.6378,donor
CBWD1,-0.1025,0.7518,0.8818,donor
MKLN1,-0.5132,0.2246,0.6378,donor
KDM8,0.3839,0.6249,0.8048,donor
RICTOR,-0.5866,0.1209,0.5964,donor
HINFP,-0.2263,0.7715,0.8908,donor
C8orf87,0.1612,0.4066,0.6622,donor
GYPC,0.1168,0.4262,0.6762,donor
ZNF365,1.5825,0.106,0.5736,donor
GGA2,0.6946,0.01324,0.3232,donor
RBPMS-AS1,-0.811,0.1242,0.6022,donor
FAM198A,1.2654,0.0934,0.5564,donor
PLXNB1,2.0103,0.02404,0.3821,donor
KRBOX4,-1.4113,0.1106,0.5826,donor
KIAA0922,1.8464,0.04434,0.4434,donor
NFE2L2,-0.9527,0.01231,0.317,donor
PRKACB,0.179,0.6993,0.8498,donor
SLIT1,-0.2657,0.7979,0.9068,donor
CCT8,-0.787,0.0005696,0.209,donor
C17orf80,-0.3245,0.4136,0.6675,donor
FOXJ3,-0.0552,0.8763,0.9443,donor
LAG3,0.0729,0.3739,0.6378,donor
AFF3,0.1802,0.7926,0.9038,donor
STX16-NPEPL1,0.043,0.777,0.8938,donor
PHF20L1,0.4528,0.1591,0.6378,donor
FTSJ1,0.4044,0.1067,0.5749,donor
DCTN3,0.0876,0.3976,0.6559,donor
STX10,0.2887,0.4602,0.6992,donor
PCMTD1,-0.4871,0.3035,0.6378,donor
SYNPO,-1.0312,0.3249,0.6378,donor
THADA,0.0167,0.9414,0.9744,donor
LAMA4,-0.6609,0.2385,0.6378,donor
KPNA5,-0.3283,0.2329,0.6378,donor
DHX15,0.0005,0.9986,0.9994,donor
LINC00673,-0.8297,0.04134,0.435,donor
DENND5A,0.8964,0.1347,0.6188,donor
HEY1,-1.2954,0.114,0.5863,donor
PRTFDC1,-1.497,0.2207,0.6378,donor
C8orf88,-0.3324,0.3038,0.6378,donor
KCNB2,1.5973,0.03145,0.4146,donor
LRRC16A,0.2529,0.4966,0.7231,donor
ANHX,-0.0284,0.7238,0.8652,donor
SLC39A7##2,0.8022,0.02687,0.3947,donor
EMC1,0.5104,0.1228,0.6008,donor
FLNC,0.0288,0.3739,0.6378,donor
DHODH,0.0578,0.9477,0.9774,donor
DECR1,0.185,0.5135,0.7352,donor
NOXRED1,-0.5288,0.3532,0.6378,donor
C16orf91,-0.1583,0.5688,0.7685,donor
CDH4##1,-0.008,0.905,0.9576,donor
GOLGA8N##2,-0.0535,0.3632,0.6378,donor
ZBTB20,0.2762,0.203,0.6378,donor
SCOC,-0.6659,0.05393,0.4695,donor
RIN2,-0.0118,0.9808,0.9919,donor
SETD1B,0.8168,0.09863,0.5669,donor
DGKQ,0.8596,0.3327,0.6378,donor
SRD5A3-AS1,0.0123,0.9713,0.9881,donor
C1QTNF3-AMACR,0.33,0.136,0.6196,donor
PLSCR3,0.2749,0.1056,0.5734,donor
AKT2,0.7873,0.1455,0.6335,donor
CNPY2,0.3454,0.1215,0.5972,donor
SRSF11,0.0925,0.5685,0.7685,donor
BATF2,0.0854,0.8994,0.9549,donor
IQCD,0.6167,0.287,0.6378,donor
SLC25A18,-0.4163,0.3016,0.6378,donor
GLCCI1,-0.2856,0.5998,0.7892,donor
CABLES1,0.1057,0.8796,0.9463,donor
NUDT2,-0.1513,0.4871,0.7174,donor
C9orf24,1.5035,0.04798,0.4546,donor
PWWP2B,0.7742,0.1974,0.6378,donor
PRELID2,-1.4016,0.1479,0.6371,donor
ZNF529-AS1,-0.2906,0.7235,0.8649,donor
MTOR-AS1,0.0527,0.3739,0.6378,donor
IGSF11-AS1,0.0855,0.8024,0.9093,donor
SRA1,0.1393,0.4518,0.6931,donor
CHRM3-AS1,0.156,0.3739,0.6378,donor
LINC00659,0.0477,0.3739,0.6378,donor
KLHL7-AS1,0.6623,0.3675,0.6378,donor
MGC27345,1.1348,0.007713,0.2823,donor
SHANK2-AS1,0.131,0.3739,0.6378,donor
EFCAB6-AS1,0.1558,0.1831,0.6378,donor
LOC339622,0.0102,0.3739,0.6378,donor
CHMP1A,0.5734,0.07729,0.5228,donor
ITLN2,-0.2451,0.3632,0.6378,donor
C9orf163,0.0615,0.8778,0.9454,donor
C17orf77,0.1017,0.2272,0.6378,donor
DUSP19,0.1315,0.8119,0.9134,donor
LINC01006,-0.4701,0.454,0.6944,donor
EDNRB-AS1,0.0275,0.3739,0.6378,donor
SMIM13,-1.4913,0.0228,0.3736,donor
SLC5A9,0.1095,0.3553,0.6378,donor
FRY,0.563,0.4496,0.6918,donor
WDR43,-0.4224,0.3631,0.6378,donor
BTD,0.7319,0.1397,0.6239,donor
TRIM32,-0.9857,0.406,0.6619,donor
SLC34A3,0.2094,0.3416,0.6378,donor
DOK3,0.8673,0.2136,0.6378,donor
DENND4A,0.4669,0.0339,0.4237,donor
SH3D19,0.6912,0.3403,0.6378,donor
CD53,-0.1557,0.3042,0.6378,donor
TREM1,-1.1137,0.1378,0.6216,donor
HMG20A,-0.1038,0.7169,0.8608,donor
DNAH5,0.2414,0.5267,0.7425,donor
LINC01116,1.3326,0.2856,0.6378,donor
LINC01289,-0.0391,0.1905,0.6378,donor
LINC00482,-0.033,0.1901,0.6378,donor
UBR5,0.0052,0.989,0.9952,donor
TRPM6,0.3683,0.5786,0.7747,donor
WFDC11,-0.0331,0.1897,0.6378,donor
ANKRD18A,0.3935,0.5261,0.742,donor
HAS3,0.0351,0.9524,0.9792,donor
MMP21,-0.0592,0.6355,0.811,donor
CERS5,-0.004,0.9838,0.993,donor
H2AFY,0.5231,0.06053,0.4854,donor
EXOC3L2,0.3957,0.4151,0.6687,donor
GLS2,0.4294,0.09926,0.5673,donor
THRB-AS1,0.4152,0.3346,0.6378,donor
LOC642366,0.7842,0.2145,0.6378,donor
FTH1P18,-0.0359,0.3632,0.6378,donor
MGA,1.1703,0.0391,0.4295,donor
PMFBP1,1.3427,0.07406,0.518,donor
GFOD1,0.2888,0.7553,0.8839,donor
PRKD2,0.3423,0.5017,0.7268,donor
LINC01518,-0.2562,0.4327,0.6808,donor
LBR,-1.0833,0.3763,0.6394,donor
GPR39,-0.0289,0.8283,0.9217,donor
LINC01348,0.1439,0.3739,0.6378,donor
CCDC42,-0.0205,0.3632,0.6378,donor
TMEM52B,0.007,0.843,0.9279,donor
CHN1,0.4648,0.06965,0.5086,donor
DSN1,-0.9112,0.4672,0.7032,donor
NACA,-0.4314,0.01148,0.3139,donor
CHM,-0.3418,0.328,0.6378,donor
ARHGEF2,-0.0014,0.9988,0.9994,donor
ANKRD61,0.2232,0.5653,0.7666,donor
SNX18,-0.2784,0.552,0.7586,donor
YBX3,-1.0034,0.1419,0.6279,donor
ZNF716,-0.0439,0.3768,0.6397,donor
TTC28,-0.236,0.5247,0.7414,donor
RPAIN,-0.1897,0.3817,0.6434,donor
MBOAT7##9,0.147,0.7232,0.8647,donor
DIP2A,0.4728,0.1973,0.6378,donor
GABRR1,0.141,0.3739,0.6378,donor
C2orf74,0.0371,0.9294,0.9681,donor
LIPT2,1.1035,0.02998,0.4095,donor
GFRA1,-0.3159,0.6614,0.8281,donor
MANEAL,-0.4691,0.5028,0.7275,donor
FGGY,-0.3831,0.608,0.7939,donor
OSBPL5,0.2534,0.6665,0.8304,donor
SCNN1A,-0.0163,0.981,0.9919,donor
PFKFB3,-0.6287,0.2053,0.6378,donor
SNORA23,-0.0359,0.3632,0.6378,donor
LILRP2##18,0.055,0.3739,0.6378,donor
RGS4,-1.0138,0.09468,0.5584,donor
MRRF,0.5028,0.2309,0.6378,donor
PLS1,0.009,0.9771,0.9906,donor
ADTRP,1.399,0.1232,0.6016,donor
TUBA4B,0.007,0.9126,0.9601,donor
SNORA28,-0.1472,0.613,0.7968,donor
NBPF15,0.5339,0.4183,0.6706,donor
ACOT13,-0.0081,0.9621,0.9833,donor
TRPT1,0.163,0.5952,0.7859,donor
B4GALNT2,0.1117,0.3739,0.6378,donor
FAM25A,0.0148,0.3739,0.6378,donor
AP1S2,-0.8306,0.2602,0.6378,donor
ZNF772,-0.1901,0.751,0.8814,donor
NCR1##10,0.1728,0.4045,0.6607,donor
CCT4,-0.8053,0.01644,0.3436,donor
DEFB121,0.0387,0.3739,0.6378,donor
NGLY1,-0.2798,0.6208,0.8021,donor
RAI14,1.1372,0.07758,0.5232,donor
PRICKLE1,0.4429,0.252,0.6378,donor
FAM186A,0.6849,0.289,0.6378,donor
RPS26,-0.1332,0.7993,0.9076,donor
PLA2G5,0.02,0.3739,0.6378,donor
SNORA29,0.0023,0.9835,0.9928,donor
SNORD84##6,-0.0842,0.1798,0.6378,donor
RAPGEF3,0.5808,0.235,0.6378,donor
BEND4,0.0563,0.3739,0.6378,donor
BEGAIN,0.1389,0.8397,0.9267,donor
BANF2,0.204,0.3739,0.6378,donor
CIB1,-0.7851,0.005466,0.2594,donor
SNORA34,0.3315,0.01488,0.3349,donor
ETV3,-0.5745,0.3682,0.6378,donor
SLC1A5,-0.2609,0.7625,0.8863,donor
ALOXE3,0.1922,0.7405,0.8752,donor
CHUK,-0.5447,0.2784,0.6378,donor
CHKA,-0.0542,0.9248,0.9657,donor
MST1L,0.9631,0.06179,0.4887,donor
ZNF846,-1.8867,0.07851,0.5246,donor
SLC30A7,-0.4905,0.03953,0.4301,donor
PWRN4,0.4708,0.06517,0.4977,donor
MC2R,0.0148,0.3739,0.6378,donor
CAPN14,0.1464,0.2678,0.6378,donor
MSANTD3,0.0356,0.9119,0.9601,donor
ASCC1,-0.2215,0.3843,0.6454,donor
RTL1,1.9205,0.0117,0.3139,donor
TRIM45,2.2687,0.006602,0.2721,donor
AKAP2,0.249,0.3158,0.6378,donor
PI4KB,0.5529,0.08546,0.5412,donor
CSNK1A1,-0.3595,0.1695,0.6378,donor
SRRM5,-0.1993,0.6244,0.8046,donor
C1orf228,-0.0172,0.9756,0.9899,donor
ANKRD65,0.1962,0.5218,0.7395,donor
OGG1,0.213,0.7881,0.9016,donor
KRTAP16-1,0.2002,0.3739,0.6378,donor
ZNF720,0.254,0.5574,0.7617,donor
SMIM20,-0.8359,0.02042,0.3616,donor
SETDB1,-0.4066,0.7207,0.8628,donor
ZBTB14,1.4212,0.06724,0.5017,donor
NUDT7,-0.0938,0.639,0.8135,donor
MUC22,-0.0245,0.3632,0.6378,donor
TLR5,-0.2283,0.8748,0.9435,donor
FANCI,0.5039,0.5915,0.7829,donor
ASAH2,-0.0925,0.6002,0.7894,donor
RAB37,0.638,0.2528,0.6378,donor
ECHDC1,-0.4714,0.01194,0.3142,donor
PPP1R13L,-0.763,0.3442,0.6378,donor
INTS12,-0.0719,0.9148,0.9612,donor
NSMAF,0.5918,0.1133,0.5862,donor
FRAS1,3.2284,0.009834,0.299,donor
SNORA71E,0.027,0.6675,0.831,donor
SNORA38##6,0.055,0.3739,0.6378,donor
HTR2C,0.0725,0.4448,0.6883,donor
C6orf141,-0.0662,0.4282,0.6777,donor
SNORA80E,0.2744,0.3958,0.6546,donor
SNORA40,0.3866,0.1875,0.6378,donor
C8orf37-AS1,-0.0522,0.4334,0.6813,donor
U2AF1L4,-0.6243,0.2004,0.6378,donor
MKNK1-AS1,0.3589,0.3602,0.6378,donor
LYPLA2P2,0.1329,0.3785,0.6412,donor
POU5F1P4,0.0729,0.3739,0.6378,donor
MIR4306,0.0727,0.5042,0.7283,donor
MIR4308,0.025,0.1873,0.6378,donor
TMEM50B,0.4323,0.07874,0.5256,donor
TRPM2,0.2104,0.8594,0.9368,donor
KCNC4,-0.6026,0.3654,0.6378,donor
CRNDE,-0.4674,0.243,0.6378,donor
FTCDNL1,-0.1858,0.8131,0.9141,donor
VEZT,-0.0919,0.6321,0.8092,donor
UBR7,0.3171,0.2638,0.6378,donor
FLJ41278,0.9688,0.206,0.6378,donor
SNHG16,0.0611,0.6845,0.8408,donor
PLEKHA7,1.7327,0.0176,0.3503,donor
MDH1B,-0.3679,0.6086,0.7942,donor
ATP2A1-AS1,0.1069,0.3994,0.6572,donor
LOC729683,-0.3441,0.351,0.6378,donor
PKN2-AS1,0.1956,0.3739,0.6378,donor
FLJ38576,0.7338,0.154,0.6378,donor
ZBTB7B,0.6179,0.324,0.6378,donor
FAR2P2,0.2929,0.545,0.7542,donor
GM140,0.0624,0.2483,0.6378,donor
FOXQ1,1.1894,0.08818,0.5483,donor
CAMK2N2,-0.6371,0.04926,0.4587,donor
FAM160B1,0.607,0.1249,0.6023,donor
SNORA44,0.2321,0.5375,0.7491,donor
CEP44,0.4229,0.6312,0.809,donor
BTG3##1,-0.1692,0.4609,0.6996,donor
SUPT20HL1,-0.0757,0.4149,0.6685,donor
VSTM1##9,0.02,0.3739,0.6378,donor
CSH1,-0.0126,0.3632,0.6378,donor
DBP,-0.7015,0.3837,0.645,donor
BNC1,0.0288,0.3739,0.6378,donor
DPH2,0.3862,0.2061,0.6378,donor
DPAGT1,-0.3426,0.5808,0.776,donor
UAP1,0.0148,0.9509,0.9785,donor
ASPRV1,0.7526,0.2853,0.6378,donor
MED29,0.3803,0.196,0.6378,donor
NSMCE4A,0.7106,0.003545,0.2497,donor
GCKR,0.2059,0.3739,0.6378,donor
GATM,1.442,0.176,0.6378,donor
CDH20,-0.2764,0.3993,0.6572,donor
SNORD116-30,-0.0244,0.3632,0.6378,donor
THSD4-AS2,0.4599,0.4522,0.6934,donor
CRIP1,0.2647,0.7535,0.8827,donor
CSNK1G2,0.1793,0.5698,0.7692,donor
GNRHR,1.0184,0.1983,0.6378,donor
NUDT21,-1.3495,0.01987,0.3603,donor
LINC01122,-0.1243,0.4488,0.6911,donor
SOAT1,-0.8616,0.1074,0.576,donor
KPNA4,-0.341,0.2955,0.6378,donor
KPNA2,-0.2306,0.5143,0.7355,donor
ISY1,-0.3101,0.2896,0.6378,donor
TGM4,0.2885,0.3114,0.6378,donor
KPNA1,-0.0337,0.8777,0.9454,donor
NR2E3,0.1497,0.5413,0.7514,donor
LOC101929586,0.0102,0.3739,0.6378,donor
CLSPN,0.4619,0.2848,0.6378,donor
NAPRT##1,0.0926,0.8816,0.947,donor
C3orf35,-0.1579,0.8038,0.9101,donor
PDCL3P4,0.3736,0.486,0.7169,donor
LIX1,0.6028,0.1844,0.6378,donor
NATD1,0.6933,0.1514,0.6378,donor
PIGM,0.3935,0.2582,0.6378,donor
NADK2,-1.1287,0.03078,0.4112,donor
LINC00960,0.2262,0.5716,0.7705,donor
LINC00958,0.2239,0.6591,0.8265,donor
RAB30-AS1,-0.5615,0.1351,0.6188,donor
TEX26-AS1,-0.0126,0.3632,0.6378,donor
LOC401320,0.8048,0.1989,0.6378,donor
LOC100132781,-0.0236,0.9223,0.9653,donor
LOC643339,0.7872,0.2211,0.6378,donor
LINC00951,0.0731,0.9253,0.9659,donor
LOC152578,0.1069,0.1902,0.6378,donor
MYT1L-AS1,0.5573,0.2086,0.6378,donor
WDR92,0.5546,0.4518,0.6931,donor
LOC729737,0.2172,0.7051,0.8528,donor
LINC00639,-0.0775,0.229,0.6378,donor
LINC01004,0.5854,0.2789,0.6378,donor
CMPK2,0.4365,0.6306,0.8087,donor
SEC24B-AS1,-0.8654,0.2331,0.6378,donor
VWA8-AS1,0.0321,0.9489,0.9779,donor
MIR5096##1,0.0148,0.3739,0.6378,donor
MGAT3,0.0422,0.3739,0.6378,donor
NSDHL,0.243,0.4532,0.694,donor
TFB1M,0.5552,0.09869,0.567,donor
RHOQ,-0.2419,0.6619,0.8282,donor
AGPAT2,-1.1485,0.0732,0.5161,donor
ROGDI,0.1642,0.8294,0.9221,donor
CACNG4,-0.3873,0.2519,0.6378,donor
GBAP1,-0.4659,0.433,0.681,donor
APOM##1,1.0152,0.1524,0.6378,donor
LINC00963,0.4517,0.3602,0.6378,donor
RPARP-AS1,0.8142,0.04585,0.4477,donor
OXCT1-AS1,0.0768,0.8235,0.9194,donor
LPP-AS1,0.253,0.2907,0.6378,donor
KCNAB1-AS1,-0.1338,0.4105,0.6656,donor
ALOX12-AS1,-0.9941,0.006859,0.2744,donor
LINC01298,0.3312,0.3739,0.6378,donor
CBR3-AS1,-0.6519,0.3095,0.6378,donor
TUNAR,1.051,0.01105,0.3107,donor
HOTAIRM1,0.0148,0.3739,0.6378,donor
CACNA1C-AS1,0.0996,0.7416,0.8757,donor
LOC374443,0.077,0.8252,0.9203,donor
OR51B5,-0.0113,0.9625,0.9834,donor
SNORA80B,1.0969,0.06558,0.4983,donor
HEPHL1,1.3607,0.1248,0.6023,donor
TNS1,0.5001,0.2634,0.6378,donor
PDC,-0.3992,0.298,0.6378,donor
VPS16,0.1334,0.7171,0.8608,donor
GIGYF1,1.6066,0.001314,0.2196,donor
GPR135,0.7975,0.2329,0.6378,donor
CLEC7A,-0.0125,0.3632,0.6378,donor
MESDC1,-0.2026,0.67,0.8321,donor
APCDD1L,-1.2143,0.2449,0.6378,donor
ZNF791,-0.245,0.2506,0.6378,donor
SLC16A11,0.2851,0.1879,0.6378,donor
ZNF626,-0.1037,0.9082,0.9591,donor
RTKN2,0.8363,0.2375,0.6378,donor
SLC25A43,-0.9812,0.247,0.6378,donor
GPR125,1.2371,0.223,0.6378,donor
LOC101928804##53,0.0275,0.3739,0.6378,donor
ENPP6,0.2122,0.354,0.6378,donor
ATXN7L2,0.9007,0.04207,0.4372,donor
PUSL1,0.4989,0.2459,0.6378,donor
NKX2-3,0.0102,0.3739,0.6378,donor
FAM122B,-0.2185,0.5418,0.7518,donor
SLC25A48,0.0148,0.3739,0.6378,donor
ERI1,-1.1998,0.1988,0.6378,donor
KCTD6,-0.7102,0.1855,0.6378,donor
ZNF563,-0.4476,0.5466,0.7556,donor
MIR4482,0.2049,0.3567,0.6378,donor
RARG,0.6013,0.2381,0.6378,donor
HOTAIR,0.0288,0.3739,0.6378,donor
ZNF732,-0.5523,0.4896,0.7184,donor
FLJ22447,-0.1836,0.4313,0.6799,donor
UPP2,0.0127,0.985,0.9935,donor
PAQR4,0.1375,0.8442,0.9289,donor
TTLL12,-0.3844,0.6616,0.8282,donor
ZNF423,0.6057,0.1528,0.6378,donor
CIC,0.8607,0.1025,0.5705,donor
OR7E12P,-0.0569,0.4383,0.6852,donor
HCG25,0.3209,0.2566,0.6378,donor
BUB3,-0.4535,0.03617,0.4276,donor
PRDM2,-0.1071,0.7647,0.8874,donor
GAS6-AS1,0.02,0.3739,0.6378,donor
GAS6-AS2,0.3163,0.3361,0.6378,donor
LINC00229,0.4007,0.3091,0.6378,donor
LINC01346,0.0387,0.3739,0.6378,donor
LOC100507564,-0.6687,0.4378,0.6848,donor
SH3GLB1,-0.7545,0.00964,0.299,donor
TPM2,0.3139,0.3948,0.6538,donor
LOC101929378,0.7644,0.2819,0.6378,donor
TAP1##7,-0.5314,0.6352,0.811,donor
CCR6,-0.2046,0.3632,0.6378,donor
CLCN2,0.3937,0.4058,0.6617,donor
PHF2,0.6506,0.04752,0.4527,donor
ISG15,-1.1802,0.0508,0.4636,donor
CDC25B,0.4558,0.2615,0.6378,donor
SPTLC1,-0.4596,0.2299,0.6378,donor
DTX3,0.7488,0.05712,0.4783,donor
KIRREL,0.6366,0.3754,0.6387,donor
SLC2A14,0.0242,0.9412,0.9744,donor
C2##5,0.5913,0.5337,0.7465,donor
GBGT1,0.0657,0.9339,0.9702,donor
PGRMC1,-1.2035,0.001349,0.2224,donor
GNAI2,0.1059,0.7386,0.8742,donor
LOC100996351,0.1232,0.4165,0.6693,donor
SRPX,-0.0358,0.3632,0.6378,donor
KIR3DL3##3,0.2425,0.3408,0.6378,donor
STXBP6,0.0363,0.9395,0.9734,donor
LOC100128554,-0.0671,0.3632,0.6378,donor
FGD4,0.0816,0.86,0.9371,donor
C11orf53,-0.0205,0.3632,0.6378,donor
MMP8,-0.0024,0.8859,0.9483,donor
GPR26,0.3361,0.3739,0.6378,donor
ZNF493,0.0224,0.9711,0.988,donor
LRIG3,0.9662,0.08076,0.5321,donor
CCDC96,1.166,0.1422,0.6285,donor
FTH1P3,0.0796,0.8051,0.9106,donor
COLCA2,-1.2053,0.158,0.6378,donor
ANKRD46,-0.036,0.9271,0.9668,donor
NOL4L,-0.1663,0.6834,0.8402,donor
GABRB2,0.0148,0.3739,0.6378,donor
GABRB1,0.6087,0.2344,0.6378,donor
BRE-AS1,0.4466,0.5719,0.7708,donor
FIP1L1,0.4121,0.1103,0.5822,donor
BRCA2,-1.521,0.08924,0.5486,donor
BACE2,-1.5455,0.1637,0.6378,donor
OLIG1,-0.4033,0.4891,0.7182,donor
MAPKAPK5,-0.4633,0.6315,0.8092,donor
FAM175A,-0.6075,0.1623,0.6378,donor
DNER,0.3784,0.4155,0.669,donor
SNORD92,0.0148,0.3739,0.6378,donor
SOX9-AS1,-0.3471,0.4218,0.6729,donor
LINC00342,2.4335,0.0007442,0.209,donor
LINC00877,-0.0559,0.8918,0.9507,donor
LINC00506,0.0564,0.178,0.6378,donor
LOC100996447,0.285,0.5877,0.78,donor
LINC01510,0.1034,0.3739,0.6378,donor
PNLIPRP2,0.2334,0.1891,0.6378,donor
LINC00528,0.0238,0.9238,0.9657,donor
LINC00970,0.156,0.3739,0.6378,donor
LINC01246,0.0022,0.9124,0.9601,donor
ARL13A,0.2776,0.1905,0.6378,donor
TSPEAR-AS1,0.5756,0.1799,0.6378,donor
LINC00367,0.0477,0.3739,0.6378,donor
HYDIN2,1.0116,0.0006067,0.209,donor
LIFR-AS1,0.8365,0.3023,0.6378,donor
LINC00945,0.0431,0.7978,0.9067,donor
LUCAT1,-1.5734,0.1178,0.5936,donor
FER1L6-AS2,0.1059,0.469,0.7043,donor
SPECC1L-ADORA2A,0.0252,0.4294,0.6786,donor
BLACE,-0.0057,0.8256,0.9203,donor
SSBP3-AS1,1.1696,0.1861,0.6378,donor
IBA57-AS1,0.3031,0.4303,0.6792,donor
NEXN-AS1,-0.2854,0.4098,0.6651,donor
DMGDH,-0.622,0.4444,0.6882,donor
GOLGA1,0.8981,0.01618,0.3424,donor
CRHBP,0.1925,0.705,0.8528,donor
EGR1,0.8267,0.3448,0.6378,donor
CDK9,0.4755,0.07325,0.5161,donor
CDC20,-0.0885,0.5308,0.7451,donor
ALDH5A1,1.0689,0.0404,0.434,donor
GNAZ,0.6606,0.01646,0.3436,donor
RPL23,-0.5345,0.09537,0.5593,donor
CELA1,0.1599,0.1778,0.6378,donor
ALDH1A3,-0.6998,0.2155,0.6378,donor
MYADML,-0.3441,0.02965,0.4079,donor
LOC100288911,0.1502,0.8364,0.9255,donor
ZNF260,0.773,0.1048,0.5734,donor
ECHDC2,0.6395,0.06032,0.4853,donor
SYTL3,-0.3609,0.6776,0.8371,donor
UBD##2,-0.3672,0.1285,0.6093,donor
AGPAT1,-0.065,0.7507,0.8814,donor
BATF,0.1513,0.2687,0.6378,donor
PLCB3,0.2496,0.5939,0.7848,donor
ARHGAP22,0.8087,0.3515,0.6378,donor
GAB1,-0.2058,0.8036,0.9101,donor
LYN,-0.4265,0.3203,0.6378,donor
DPT,0.0102,0.3739,0.6378,donor
KDSR,-0.585,0.04888,0.4577,donor
SERHL2,0.2112,0.3651,0.6378,donor
KLF11,-1.1432,0.1065,0.5747,donor
LOC100507140,0.1109,0.7146,0.8593,donor
SGK223,-0.3078,0.4253,0.6755,donor
TMEM120B,1.6173,0.06705,0.5014,donor
ECT2L,1.9408,0.01568,0.3396,donor
TCN2,-0.5841,0.4738,0.7079,donor
CASC11,0.1306,0.2116,0.6378,donor
CINP,0.064,0.7509,0.8814,donor
RPF1,-0.4353,0.03756,0.4276,donor
CCDC170,0.0886,0.816,0.9158,donor
DPYD,1.822,0.1541,0.6378,donor
C6orf7,0.055,0.3739,0.6378,donor
DYRK4,-0.1838,0.7336,0.8716,donor
SCIMP,1.4496,0.09781,0.5649,donor
RSRC1,0.061,0.8523,0.933,donor
POM121,0.9033,0.04771,0.4534,donor
DLGAP2,0.3888,0.3078,0.6378,donor
LINC01118,0.1657,0.7247,0.8657,donor
LINC01538,0.0624,0.2483,0.6378,donor
CFLAR,0.2529,0.3917,0.6515,donor
GUCY1A3,0.9594,0.02652,0.3928,donor
CNBP,-0.6506,0.0147,0.3332,donor
BCYRN1,-0.0273,0.1764,0.6378,donor
MIR559,-0.0357,0.3632,0.6378,donor
HMGCR,0.0642,0.8396,0.9267,donor
IMMP2L,-1.13,0.2831,0.6378,donor
PREPL,-0.4693,0.2095,0.6378,donor
LOC400867,-0.0394,0.3632,0.6378,donor
RHOA,-0.4655,0.005302,0.2594,donor
ZC3H12D,-0.1011,0.4083,0.6637,donor
IGFL1,0.0148,0.3739,0.6378,donor
TMEM205,0.0836,0.7081,0.8545,donor
ZNF699,-0.0503,0.9569,0.981,donor
C19orf45,0.1935,0.5773,0.7739,donor
C19orf35,0.7393,0.1495,0.6378,donor
ATP9B,0.0619,0.8296,0.9222,donor
MXRA7,-0.4597,0.163,0.6378,donor
HDDC3,0.4341,0.0891,0.5486,donor
RPL23AP32,0.5393,0.3363,0.6378,donor
RPS6KB1,-0.0469,0.8799,0.9464,donor
GDNF,-0.543,0.2477,0.6378,donor
LOC100652758,0.06,0.8647,0.9394,donor
COL5A1,0.1549,0.4405,0.6865,donor
SCML4,0.2451,0.7917,0.9033,donor
SUMO3,-0.0379,0.8552,0.9346,donor
GGA1,0.7273,0.1942,0.6378,donor
ZNF223,-1.6389,0.04231,0.4378,donor
PKN3,0.0273,0.9028,0.9562,donor
TBX21,-0.0359,0.3632,0.6378,donor
SCN8A,0.773,0.1731,0.6378,donor
RPA4,-0.8386,0.2312,0.6378,donor
HPGDS,0.0295,0.3739,0.6378,donor
MOCS3,-0.0453,0.8893,0.9494,donor
ALG6,-0.5381,0.4151,0.6687,donor
ALG5,-0.1074,0.6786,0.8374,donor
GMPPA,0.5206,0.08644,0.5437,donor
INSM1,-0.2164,0.5569,0.7614,donor
CAMK2B,0.9656,0.01429,0.3296,donor
CA9,-0.3982,0.1583,0.6378,donor
C1QBP,-0.1838,0.1856,0.6378,donor
BUB1B,0.4579,0.4225,0.6732,donor
SUSD6,-0.656,0.03824,0.4286,donor
SLC38A3,0.1471,0.4315,0.68,donor
C3orf80,0.2528,0.1962,0.6378,donor
MIR4651,-0.0126,0.3632,0.6378,donor
MIR4663,0.0377,0.233,0.6378,donor
CLPS,0.301,0.7947,0.9052,donor
CEBPB,-1.0149,0.1458,0.6337,donor
CDKN3,-0.1715,0.8347,0.9248,donor
CD80,0.0976,0.5739,0.7719,donor
MECP2,0.7641,0.06896,0.5061,donor
ZRSR2,-0.3689,0.5644,0.7662,donor
IFRD2,-0.4712,0.5685,0.7685,donor
LIMS1,-0.2426,0.6059,0.793,donor
SSPN,0.7242,0.2385,0.6378,donor
PRKCQ,0.4441,0.3908,0.651,donor
ANGPTL7,0.5493,0.3683,0.6378,donor
MAPRE3,0.5536,0.03349,0.4214,donor
RFPL2,0.2556,0.7444,0.877,donor
RFPL3,0.1203,0.4439,0.6881,donor
INPP5B,-0.1123,0.7835,0.8983,donor
STAT2,0.2795,0.2493,0.6378,donor
YES1,-0.8978,0.05525,0.4735,donor
LOC101929468,0.1337,0.4675,0.7034,donor
TTLL1,-0.791,0.2664,0.6378,donor
SPRR3,0.3623,0.3739,0.6378,donor
SLC20A1,-0.1349,0.7673,0.8886,donor
CDH10,-1.594,0.01562,0.3396,donor
SLC2A1-AS1,0.3858,0.5686,0.7685,donor
FASLG,0.0563,0.3739,0.6378,donor
ADORA2A-AS1,0.2068,0.2427,0.6378,donor
SHISA4,0.3868,0.3847,0.6457,donor
MIR4746,0.4698,0.01617,0.3424,donor
MIR4737,0.0238,0.7789,0.8948,donor
MIR4745,-0.0972,0.3632,0.6378,donor
MIR4734,-0.0045,0.8055,0.9106,donor
MIR4730,0.02,0.3739,0.6378,donor
MIR4729,0.1862,0.1246,0.6022,donor
MIR4726,0.0148,0.3739,0.6378,donor
MIR4716,0.0377,0.233,0.6378,donor
MIR4714,-0.0735,0.4509,0.6924,donor
MIR4712,0.8851,0.05969,0.484,donor
LOC101928161,-0.1893,0.6273,0.8062,donor
PRSS37,0.2037,0.3884,0.6492,donor
GCA,-0.7516,0.2444,0.6378,donor
C1QTNF5+MFRP,-0.3531,0.2279,0.6378,donor
MON2,0.2992,0.4149,0.6685,donor
CCL8,-0.0147,0.3632,0.6378,donor
LAMA5,2.3993,0.0006612,0.209,donor
HINT3,-0.3777,0.1027,0.5705,donor
ARL8B,-0.7957,0.006481,0.2712,donor
TRIM24,-0.408,0.7387,0.8742,donor
DPPA4,0.0148,0.3739,0.6378,donor
CHADL,0.5064,0.1701,0.6378,donor
ZNF251,0.6942,0.3029,0.6378,donor
PCBP1-AS1,-0.0354,0.9487,0.9778,donor
C22orf46,0.2432,0.7749,0.8927,donor
LOC100133985,0.0261,0.9461,0.9769,donor
CENPL,-0.3569,0.6647,0.8298,donor
AP3S1,-0.7997,0.05495,0.4728,donor
EMX2,-0.0317,0.6726,0.8338,donor
SH3BP5-AS1,-0.1564,0.8454,0.9296,donor
LINC00297,0.0148,0.3739,0.6378,donor
PINK1-AS,1.1484,0.005006,0.2594,donor
ALOX15P1,0.2628,0.2385,0.6378,donor
SNORD49A,0.7734,0.02113,0.3644,donor
FYB,0.02,0.3739,0.6378,donor
CHODL,-3.4094,0.02225,0.3686,donor
ERCC8,-0.5869,0.4304,0.6794,donor
ANKS3,1.4566,0.05736,0.4788,donor
MBD1,0.5019,0.02488,0.3868,donor
LIPF,0.079,0.3739,0.6378,donor
LRMP,0.2888,0.0884,0.5483,donor
MOB4##1,-0.0359,0.3632,0.6378,donor
AP2A2##2,0.0971,0.8604,0.9372,donor
CD302,-0.096,0.1961,0.6378,donor
C16orf95,-0.6076,0.3362,0.6378,donor
SEMA5B,0.2675,0.4062,0.6619,donor
TGM3,0.1773,0.2508,0.6378,donor
NCBP1,0.1539,0.6491,0.8194,donor
IPO5,0.2848,0.2649,0.6378,donor
THBS4,0.374,0.3212,0.6378,donor
C2orf78,0.1439,0.3739,0.6378,donor
GART,0.4878,0.3079,0.6378,donor
COA1,0.5175,0.06025,0.4852,donor
NDUFAF1,0.0727,0.8365,0.9255,donor
FAM135B,1.536,0.01582,0.3406,donor
PARVA,0.4679,0.1359,0.6196,donor
MOB1A,-1.5438,0.08282,0.5363,donor
CCDC87,1.4539,0.06067,0.4856,donor
USP40,0.3541,0.2784,0.6378,donor
EDEM2,0.531,0.2892,0.6378,donor
ZDHHC6,-1.0843,0.0173,0.3484,donor
PI4K2A,0.8661,0.08242,0.5356,donor
LRRC1,0.4457,0.07243,0.5144,donor
RAVER2,-0.3868,0.5628,0.7651,donor
ARFGAP1,1.9662,0.02485,0.3868,donor
WDR12,0.3903,0.09011,0.5497,donor
MECR,-0.7581,0.4353,0.6827,donor
ZC2HC1A,-0.2251,0.4743,0.7082,donor
NBAS,0.1475,0.7782,0.8945,donor
WDPCP,0.334,0.5355,0.7481,donor
ZBTB7A,-0.0626,0.88,0.9464,donor
LAP3,-0.5931,0.08629,0.5433,donor
HIST1H2BJ,0.6674,0.05105,0.4645,donor
USE1,-0.5598,0.1181,0.5938,donor
ABHD5,-1.3108,0.02612,0.3914,donor
TPM4,-0.9832,0.004607,0.2594,donor
LOC100507431,0.0076,0.9323,0.9695,donor
FAM167B,0.3896,0.3352,0.6378,donor
TTYH2,0.1314,0.8516,0.9327,donor
CCDC152,-0.6769,0.2799,0.6378,donor
PLS3-AS1,-0.34,0.3632,0.6378,donor
BRWD1-AS1,0.1111,0.5592,0.763,donor
ZFX-AS1,-0.0391,0.533,0.7459,donor
ATP11A-AS1,0.343,0.5433,0.7528,donor
LY6H,-0.2512,0.2414,0.6378,donor
EHBP1,-0.4468,0.2682,0.6378,donor
SPINK6,0.0698,0.1902,0.6378,donor
PPP5D1,-0.0692,0.8898,0.9496,donor
TMEM178B,1.4609,0.09187,0.5548,donor
KRBOX1,0.0404,0.9518,0.979,donor
PRSS46,0.7662,0.07814,0.5245,donor
LOC100630918,-0.2244,0.7961,0.9058,donor
SEC61A2,0.441,0.47,0.7048,donor
SMURF1,1.4488,0.01609,0.342,donor
SLC44A2,-2.8819,0.01106,0.3107,donor
ADCK1,1.0401,0.2291,0.6378,donor
PKHD1,0.2011,0.2119,0.6378,donor
FOXO6,-0.0924,0.5498,0.7575,donor
SNORD94,-0.3719,0.1798,0.6378,donor
PCDH12,1.3061,0.06207,0.4892,donor
CLASP2,-0.0919,0.7556,0.8839,donor
RAB6B,-0.4183,0.4604,0.6992,donor
KLHDC10,0.0994,0.7633,0.8865,donor
ATG2A,1.2832,0.01067,0.3064,donor
COA4,-0.46,0.1184,0.5941,donor
CEND1,0.0102,0.3739,0.6378,donor
BFAR,-0.2919,0.2337,0.6378,donor
SCAND1,0.0456,0.6801,0.8382,donor
CECR3,-0.2022,0.1317,0.6136,donor
SMARCD2,1.1376,0.04271,0.4383,donor
COX5B,-0.2426,0.08676,0.544,donor
RPL39,-0.6596,0.05229,0.466,donor
TBC1D12,0.3401,0.6423,0.8152,donor
POMT2,0.4333,0.3004,0.6378,donor
EXOC6B,-0.2541,0.7736,0.8918,donor
NRN1,0.0275,0.3739,0.6378,donor
CAMTA2,1.004,0.02405,0.3821,donor
TXLNGY,0.7273,0.6067,0.7932,donor
RAET1E-AS1,0.5811,0.07295,0.5152,donor
LOC101054525,0.0106,0.981,0.9919,donor
KCNIP2-AS1,-0.0055,0.9815,0.992,donor
LOC100133920,0.0148,0.3739,0.6378,donor
CFLAR-AS1,0.1859,0.4247,0.6751,donor
DDX11-AS1,0.1718,0.7593,0.8854,donor
SFTPC,-0.0126,0.3632,0.6378,donor
TEAD2,-0.0125,0.3632,0.6378,donor
FAHD2CP,0.9134,0.05293,0.4671,donor
ZNF280C,-0.5341,0.1009,0.5686,donor
ZNF286B,0.1407,0.8067,0.9113,donor
SLCO3A1,1.1026,0.09033,0.5507,donor
PDE4A,0.3849,0.3508,0.6378,donor
ECE1,0.5928,0.1781,0.6378,donor
TRIM39,-0.0313,0.9529,0.9794,donor
TNFSF14,-0.0433,0.4602,0.6992,donor
CBWD2,-0.4768,0.13,0.6115,donor
HSCB,0.0044,0.9899,0.9956,donor
SGPP2,-1.1764,0.3338,0.6378,donor
PPARG,0.0148,0.3739,0.6378,donor
LRRC10,0.0477,0.3739,0.6378,donor
ADSSL1,0.8101,0.08833,0.5483,donor
TBX15,-0.4395,0.1782,0.6378,donor
MYOM3,0.1172,0.2439,0.6378,donor
GPR97,0.6783,0.3997,0.6574,donor
MAB21L3,0.3623,0.6125,0.7966,donor
RAVER1,1.08,0.005734,0.2658,donor
FAM129A,-3.0102,0.02306,0.3745,donor
AGAP11,0.3549,0.285,0.6378,donor
ZNF524,-0.1533,0.6888,0.8432,donor
GNG2,0.1859,0.5762,0.7731,donor
ZNF526,0.4154,0.4853,0.7161,donor
GPT2,-0.066,0.8945,0.9522,donor
LOC103191607,0.1316,0.3739,0.6378,donor
ENOX1-AS2,0.02,0.3739,0.6378,donor
MRPL11,-0.3468,0.2306,0.6378,donor
LOC101928069,-0.0571,0.893,0.9514,donor
LOC101929089,0.5617,0.03961,0.4305,donor
LOC102724301,-0.0773,0.3632,0.6378,donor
LOC101929340,-0.4455,0.4354,0.6828,donor
TOP1MT,-0.7045,0.2676,0.6378,donor
C8orf34,0.0148,0.3739,0.6378,donor
CCND1,1.4014,0.01176,0.3142,donor
THEM4,-0.0726,0.9252,0.9658,donor
CATSPER1,0.1106,0.3739,0.6378,donor
TADA1,-0.9032,0.01995,0.3603,donor
DNTTIP1,0.1331,0.8131,0.9141,donor
OR1C1,0.0884,0.3739,0.6378,donor
NTSR2,0.1072,0.2214,0.6378,donor
CCNI,-0.275,0.1662,0.6378,donor
GLRA3,0.2877,0.6942,0.8471,donor
BAMBI,-1.5721,0.025,0.3868,donor
TBL2,0.0502,0.9402,0.9737,donor
TFPI2,0.1752,0.4451,0.6883,donor
ZNF217,-0.2769,0.3092,0.6378,donor
DYNLT3,-1.1718,0.01244,0.3181,donor
SLC16A2,0.8318,0.07897,0.5259,donor
MYO1F,0.2824,0.2228,0.6378,donor
MYLK,-0.2828,0.5009,0.7266,donor
FHAD1,0.2582,0.6264,0.8054,donor
PRRT2,1.7134,0.006313,0.2687,donor
MIR4633,0.0629,0.286,0.6378,donor
MIR3978,0.0422,0.3739,0.6378,donor
MIR3975,-0.0394,0.3632,0.6378,donor
MIR5090,-0.0245,0.3632,0.6378,donor
SNORD89,0.1258,0.3182,0.6378,donor
CACNB3,-0.5396,0.4763,0.7099,donor
SERINC4,-0.0402,0.9453,0.9765,donor
CHMP2B,-0.6809,0.04841,0.4561,donor
LINC01127,0.0148,0.3739,0.6378,donor
VAV2,2.1352,0.01662,0.3436,donor
SFXN1,-0.5041,0.1552,0.6378,donor
RETN,0.0275,0.3739,0.6378,donor
ZNF574,0.405,0.4806,0.7126,donor
GAREM,-0.3898,0.3892,0.6497,donor
FAM160B2,1.1329,0.08577,0.5424,donor
STXBP5,-0.3833,0.4305,0.6794,donor
SPTY2D1,0.0529,0.8939,0.9519,donor
MTFMT,0.4819,0.06202,0.4892,donor
POC5,-0.2804,0.2319,0.6378,donor
LINC01102,0.0676,0.1839,0.6378,donor
CDIP1,-0.2718,0.3051,0.6378,donor
MIR1273G,0.0986,0.3176,0.6378,donor
MIR1273F,-0.0126,0.3632,0.6378,donor
MIR5047,0.9659,0.041,0.434,donor
MIR4803,-0.1053,0.4746,0.7085,donor
MIR4802,-0.0417,0.3632,0.6378,donor
MIR4798,0.0102,0.3739,0.6378,donor
MIR4793,0.02,0.3739,0.6378,donor
BTN2A1,0.6817,0.05742,0.4788,donor
WARS2,-0.3965,0.4314,0.6799,donor
CDC42EP2,-0.1972,0.6812,0.8387,donor
SMO,0.0948,0.2243,0.6378,donor
INMT,0.0297,0.3699,0.6378,donor
DDX18,-0.3801,0.1399,0.6239,donor
SLCO2A1,0.0295,0.3739,0.6378,donor
TRAIP,-0.7694,0.2122,0.6378,donor
LMO4,0.1621,0.7679,0.8889,donor
SGK1,0.9476,0.2836,0.6378,donor
SRSF4,-0.0244,0.9401,0.9737,donor
SDCBP,-0.8678,0.005407,0.2594,donor
LAMA1,0.4308,0.5376,0.7492,donor
IFNGR2,-0.1733,0.5398,0.7505,donor
RTN2,0.094,0.8404,0.9271,donor
KIF2C,0.1712,0.6429,0.8155,donor
CCDC85A,-0.613,0.3986,0.6568,donor
ARHGEF7,0.5707,0.1384,0.6227,donor
CPSF4,1.0128,0.07376,0.5171,donor
RGSL1,-0.0205,0.3632,0.6378,donor
EBP,0.6071,0.03291,0.4191,donor
BIRC3,-0.3424,0.6704,0.8323,donor
LGALS4,0.1929,0.5481,0.7568,donor
CDK12,0.5437,0.2692,0.6378,donor
CDCA7L,0.0949,0.2976,0.6378,donor
CCDC82,-0.7324,0.03777,0.4276,donor
ZFHX4,0.7649,0.3031,0.6378,donor
TTC39A-AS1,-0.4523,0.2713,0.6378,donor
TXNDC15,0.1864,0.3665,0.6378,donor
GTF3C4,0.6586,0.3424,0.6378,donor
PNMA2,0.2131,0.2799,0.6378,donor
PRICKLE3,0.9315,0.0147,0.3332,donor
SNAPIN,0.1162,0.6275,0.8063,donor
SHC2,1.1299,0.05507,0.4734,donor
DCTN6,-0.3654,0.08362,0.5388,donor
MGAT4C,-1.6761,0.07616,0.5216,donor
LAMC3,1.1376,0.2269,0.6378,donor
SEC22A,0.009,0.9634,0.9836,donor
TMEM132C,1.6945,0.02772,0.3987,donor
FCRLB,-0.425,0.2872,0.6378,donor
RNF212B,-0.1287,0.8422,0.9278,donor
MIR4435-1HG,0.0133,0.9771,0.9906,donor
BCL2,0.1978,0.2684,0.6378,donor
MTFP1,-1.8389,0.09799,0.565,donor
GPR83,-0.1383,0.8346,0.9248,donor
ZNF581,-0.5591,0.3101,0.6378,donor
PBDC1,-0.7758,0.01247,0.3181,donor
CEP152,0.8698,0.4206,0.6719,donor
RAB8B,-0.8401,0.02678,0.3947,donor
SYT17,0.5791,0.2451,0.6378,donor
C9orf78,-0.191,0.5224,0.7398,donor
PIPOX,-0.128,0.6866,0.842,donor
VPS54,-0.0083,0.9769,0.9905,donor
HMGXB3,0.6397,0.113,0.586,donor
SCLY,0.1797,0.1588,0.6378,donor
CDKL3,-0.2022,0.5183,0.7376,donor
FLJ42351,0.4091,0.2411,0.6378,donor
TMEM5,0.0534,0.8341,0.9247,donor
MS4A15,0.0422,0.3739,0.6378,donor
TSPAN6,-0.7562,0.351,0.6378,donor
COG1,0.24,0.1746,0.6378,donor
MAPK11,-0.7223,0.1971,0.6378,donor
EFNA2,-0.5222,0.06324,0.4926,donor
LTA##6,-0.3362,0.4589,0.6981,donor
CMA1,-0.0507,0.5395,0.7504,donor
C8G,0.2793,0.2219,0.6378,donor
SIK1,0.1669,0.1643,0.6378,donor
PROSER2,-0.2239,0.6747,0.8351,donor
LINC01137,0.4913,0.3331,0.6378,donor
LOC100506746,0.1172,0.766,0.8878,donor
LINC00693,-0.3074,0.5673,0.7678,donor
LINC01281,0.2107,0.3739,0.6378,donor
LOC100506585,0.3087,0.2692,0.6378,donor
LINC01207,0.2974,0.3739,0.6378,donor
SNCA-AS1,0.156,0.3739,0.6378,donor
EFEMP2,-0.1396,0.5791,0.7749,donor
LOC399715,-0.2102,0.6066,0.7932,donor
GNG12-AS1,0.1278,0.7929,0.904,donor
LOC284865,0.1046,0.4238,0.6745,donor
TOB1-AS1,0.7273,0.08515,0.5404,donor
LOC100506136,0.6048,0.4068,0.6624,donor
LINC01531,-0.6992,0.2552,0.6378,donor
NAPA-AS1,0.0493,0.888,0.9492,donor
UBL7-AS1,0.9513,0.02757,0.3976,donor
PPP1R26-AS1,-0.3283,0.6676,0.831,donor
SLC8A1-AS1,0.9354,0.09053,0.5512,donor
CACNA1G-AS1,0.0148,0.3739,0.6378,donor
RHBG,-0.0572,0.3632,0.6378,donor
DEPDC1,-0.1652,0.3899,0.6502,donor
ZBTB47,-0.074,0.9112,0.9601,donor
MAP2K5,0.1582,0.519,0.7379,donor
TMEM174,0.0884,0.3739,0.6378,donor
DACT3,-0.0729,0.8619,0.9378,donor
DRC1,0.5204,0.6128,0.7967,donor
KIF19,1.074,0.04222,0.4373,donor
USP43,-0.4788,0.4505,0.6923,donor
IQCK,0.1702,0.5848,0.7783,donor
ADAM33,0.0759,0.4415,0.6867,donor
EDF1,-0.1208,0.4335,0.6814,donor
TSPEAR,1.3055,0.05494,0.4728,donor
ALG14,-0.5309,0.4201,0.6718,donor
ZNF597,-0.2637,0.5392,0.7503,donor
NUDT10,-0.8599,0.3122,0.6378,donor
CXorf38,0.321,0.3814,0.6434,donor
ZDHHC15,-0.4811,0.5776,0.774,donor
PELI3,0.9384,0.03523,0.4276,donor
NLRP11,0.3093,0.2394,0.6378,donor
CATSPERD,0.1342,0.3541,0.6378,donor
NIFK-AS1,-0.6379,0.2534,0.6378,donor
C12orf5,0.2134,0.5756,0.7728,donor
ASPHD2,-0.7398,0.4042,0.6605,donor
SALL4,1.6161,0.03048,0.4103,donor
CCDC136,0.6322,0.5666,0.7674,donor
GJC2,-0.0825,0.7422,0.8757,donor
JPH2,0.055,0.3739,0.6378,donor
LPPR2,0.5632,0.06225,0.4895,donor
GOPC,-0.4283,0.2053,0.6378,donor
PCDH9,0.521,0.5201,0.7387,donor
RAB25,-1.0602,0.2252,0.6378,donor
CLDN2,-0.4536,0.4307,0.6795,donor
SLC17A6,-0.3659,0.6835,0.8402,donor
ANAPC1,0.2022,0.398,0.6563,donor
AFAP1L2,-0.0126,0.3632,0.6378,donor
TBC1D9,0.7665,0.0505,0.4623,donor
GDE1,-0.4327,0.5133,0.7351,donor
AHSP,-0.1153,0.8155,0.9155,donor
PAXBP1,0.3341,0.5538,0.7597,donor
ALMS1,1.7141,0.007514,0.2823,donor
PHF21A,0.9359,0.06224,0.4895,donor
SLC25A37,0.4493,0.3197,0.6378,donor
ZZEF1,0.8506,0.07329,0.5161,donor
SNX13,-0.3152,0.2167,0.6378,donor
FKBP11,1.2855,0.1249,0.6023,donor
FAR2P1,0.4942,0.08099,0.5328,donor
SUCLG1,-0.9875,0.1714,0.6378,donor
EXO1,0.1794,0.2178,0.6378,donor
PEX11A,0.7027,0.02486,0.3868,donor
TNFRSF10A,-0.0741,0.788,0.9015,donor
MED26,-0.0839,0.8903,0.9499,donor
MATN4,0.0148,0.3739,0.6378,donor
SIGLEC5,-0.1421,0.5584,0.7625,donor
RGS9,0.7783,0.05241,0.466,donor
DLK1,0.2152,0.7289,0.8683,donor
HSPA8,-1.0533,0.001926,0.2294,donor
FCN3,-0.0984,0.3632,0.6378,donor
SIK1##1,0.3324,0.3046,0.6378,donor
PYGO2,0.4441,0.2406,0.6378,donor
SPTSSA,-0.3131,0.2158,0.6378,donor
ARMC9,0.9179,0.2363,0.6378,donor
ECM2,0.4498,0.1397,0.6239,donor
GP1BA,-0.0959,0.7795,0.8954,donor
USP6,-0.2242,0.6669,0.8307,donor
SPP1,1.1396,0.5899,0.7816,donor
SUOX,0.0038,0.9941,0.9974,donor
ABHD8,0.2348,0.6015,0.7902,donor
WTH3DI,0.0688,0.8037,0.9101,donor
CSF1R,0.4212,0.2876,0.6378,donor
LOC401010,0.3868,0.08985,0.5493,donor
ZCCHC14,0.8183,0.1463,0.6343,donor
CRNKL1,0.0146,0.9731,0.9888,donor
THEM6,0.4324,0.3682,0.6378,donor
ZNF771,1.5582,0.03352,0.4214,donor
FRMD4B,-1.0064,0.1377,0.6216,donor
OTX1,0.0387,0.3739,0.6378,donor
RRM1,0.0925,0.6696,0.832,donor
PRKCB,0.0707,0.4384,0.6853,donor
CHI3L2,0.0148,0.3739,0.6378,donor
DIAPH1,0.1629,0.561,0.7642,donor
RNF219-AS1,-0.0752,0.1821,0.6378,donor
HM13-AS1,-0.2401,0.5847,0.7783,donor
ZNRF3-AS1,0.3071,0.3391,0.6378,donor
SMIM2-IT1,0.0477,0.3739,0.6378,donor
EPN2-IT1,0.7945,0.1791,0.6378,donor
LINC01014,-0.9468,0.1877,0.6378,donor
LOC101927164,0.0457,0.8912,0.9505,donor
PRRT3-AS1,0.0533,0.8785,0.9458,donor
HCG9,0.4562,0.1437,0.631,donor
ZNF32-AS1,0.2267,0.5064,0.7297,donor
SGOL1-AS1,0.2143,0.5444,0.7538,donor
MYCBP2-AS1,0.0747,0.3975,0.6558,donor
MANEA-AS1,-0.2596,0.673,0.834,donor
STARD13-AS,0.1397,0.3088,0.6378,donor
LINC00559,0.0663,0.1858,0.6378,donor
MAGI2-AS2,0.0478,0.748,0.8795,donor
LINC00854,0.166,0.2327,0.6378,donor
ST3GAL6-AS1,-0.4556,0.3083,0.6378,donor
LRRC3-AS1,0.0477,0.3739,0.6378,donor
P4HA2-AS1,-1.3062,0.01359,0.325,donor
LINC00492,0.0884,0.3739,0.6378,donor
HIF1A-AS1,-0.2381,0.3632,0.6378,donor
LINC00358,0.0148,0.3739,0.6378,donor
SYP-AS1,0.0714,0.6879,0.8426,donor
LINC00381,-0.0714,0.3126,0.6378,donor
LINC00332,0.2963,0.3739,0.6378,donor
FAM155A-IT1,0.3581,0.4331,0.681,donor
AGBL4-IT1,-0.183,0.4847,0.7156,donor
ANKRD44-IT1,0.6309,0.2032,0.6378,donor
RNF216-IT1,0.0387,0.3739,0.6378,donor
KCNAB1-AS2,0.0102,0.3739,0.6378,donor
ALDH1L1-AS1,0.0295,0.3739,0.6378,donor
LNX1-AS2,0.5613,0.4202,0.6718,donor
NTM-IT,0.1013,0.4559,0.6953,donor
ERI3-IT1,-0.3464,0.06292,0.4917,donor
SYNJ2-IT1,0.118,0.2001,0.6378,donor
RPS6KA2-IT1,0.4307,0.3554,0.6378,donor
KCND3-IT1,-0.3255,0.312,0.6378,donor
HAO2-IT1,0.0808,0.3739,0.6378,donor
DSCAM-IT1,0.408,0.3005,0.6378,donor
ALMS1-IT1,-0.0246,0.959,0.9814,donor
USP12-AS2,0.477,0.3549,0.6378,donor
KCNC4-AS1,0.0598,0.5491,0.7574,donor
GPC6-AS2,0.0647,0.3739,0.6378,donor
MACC1-AS1,0.0663,0.1858,0.6378,donor
AGBL5-AS1,-0.0484,0.2316,0.6378,donor
MED4-AS1,0.1875,0.3173,0.6378,donor
CFAP44-AS1,0.1714,0.1327,0.6156,donor
IPO9-AS1,0.0174,0.8508,0.9325,donor
PRICKLE2-AS3,0.0984,0.354,0.6378,donor
ARRB2,0.4163,0.2793,0.6378,donor
HS6ST2-AS1,-0.0526,0.7671,0.8885,donor
C4orf46,0.2212,0.651,0.821,donor
ARMCX4,0.5771,0.03973,0.4313,donor
PABPC1P2,-0.0376,0.3802,0.6428,donor
GLB1,0.0943,0.7602,0.886,donor
TTLL3,0.859,0.03027,0.4102,donor
GS1-24F4.2,0.1316,0.3739,0.6378,donor
LOC100652768,0.3883,0.2417,0.6378,donor
LOC100507373,0.8612,0.09354,0.5569,donor
DPH6-AS1,-0.3271,0.5527,0.7593,donor
NDRG3,0.6654,0.04211,0.4372,donor
PSMC3IP,-0.8856,0.2101,0.6378,donor
BOLA3-AS1,0.2031,0.7441,0.8769,donor
SMARCAD1,-0.0994,0.6707,0.8326,donor
UQCRB,-0.4381,0.07603,0.5216,donor
NABP1,-0.5867,0.3216,0.6378,donor
NFU1,-0.1975,0.3409,0.6378,donor
MND1,0.1876,0.7488,0.8802,donor
PDE10A,1.7069,0.05744,0.4788,donor
SAP30L-AS1,0.8131,0.3242,0.6378,donor
LOC100506023,-0.2768,0.6463,0.8175,donor
HOTTIP,0.1012,0.3739,0.6378,donor
PIWIL3,0.0758,0.5477,0.7564,donor
DIP2A-IT1,0.3485,0.2326,0.6378,donor
URI1,0.335,0.246,0.6378,donor
ZNF724P,-0.0346,0.7707,0.8903,donor
MTUS2-AS1,0.2155,0.758,0.8849,donor
LOC646626,0.0495,0.8186,0.917,donor
FAAHP1,0.3876,0.5169,0.7371,donor
LOC101928404,-0.1409,0.4346,0.6821,donor
HIF1A-AS2,-1.506,0.04742,0.4527,donor
PM20D2,0.1901,0.5757,0.7728,donor
SIN3A,-0.0821,0.8415,0.9272,donor
TXNDC5##1,0.0075,0.7591,0.8853,donor
FAM133DP,-0.0533,0.2027,0.6378,donor
C2CD4D,0.1172,0.5769,0.7736,donor
FER1L5,1.5382,0.004056,0.2594,donor
SLC4A7,0.7876,0.01357,0.325,donor
MGC72080,-0.2144,0.6073,0.7934,donor
LOC400927,0.2728,0.1999,0.6378,donor
SNORA2A,-0.0245,0.3632,0.6378,donor
MRPS31P5,-0.0466,0.8788,0.946,donor
TPTE2P6,0.0288,0.3739,0.6378,donor
NPHP3-AS1,0.0845,0.2027,0.6378,donor
LINC01089,0.8962,0.09377,0.5571,donor
TOB2P1,-0.1186,0.8121,0.9135,donor
SNORD6,-0.0465,0.3632,0.6378,donor
NAPSB,0.3071,0.3483,0.6378,donor
SNORA16A,-0.0032,0.9857,0.9939,donor
FAM13A-AS1,0.2333,0.7136,0.8585,donor
RPL13P5,-0.5074,0.4344,0.6821,donor
HTR7P1,-0.0817,0.921,0.9646,donor
PDE6D,0.3705,0.09763,0.5647,donor
RNU2-2P,0.2239,0.2211,0.6378,donor
RNU5A-1,-0.0045,0.8055,0.9106,donor
RNU5D-1,0.0873,0.2518,0.6378,donor
RNU5F-1,0.1602,0.1159,0.589,donor
LOC101927765,-0.4877,0.02659,0.393,donor
LOC101928673,-0.5046,0.4348,0.6823,donor
LOC101928650,-0.0649,0.3762,0.6393,donor
UBE2Q1-AS1,0.0511,0.6224,0.8033,donor
SNORD44,-0.049,0.8854,0.9483,donor
RNF126P1,0.044,0.7952,0.9054,donor
LOC400927-CSNK1E,-0.0205,0.3632,0.6378,donor
NPY6R,0.4299,0.2464,0.6378,donor
SNHG6,-1.1243,0.004613,0.2594,donor
DLEU1,-0.786,0.1168,0.5919,donor
TPTE2P3,-0.1426,0.4787,0.7114,donor
SETD1A,1.1039,0.04749,0.4527,donor
MIAT,0.8824,0.1244,0.6022,donor
CD27-AS1,-1.7255,0.09794,0.5649,donor
GOLGA6L2,0.0845,0.4946,0.722,donor
LOC613037,0.0155,0.8409,0.9271,donor
SMG1P2,-0.0548,0.871,0.9419,donor
SMG1P5,0.1626,0.1514,0.6378,donor
LOC100505984,-0.057,0.3632,0.6378,donor
NOTO,0.0102,0.3739,0.6378,donor
NXPE3,0.1851,0.3838,0.645,donor
SEPT8,0.6829,0.01143,0.3139,donor
NUP205,0.6671,0.1335,0.6175,donor
LOC100288637,0.6081,0.3426,0.6378,donor
LINC00840,0.6061,0.3739,0.6378,donor
TMIGD3,0.0725,0.4448,0.6883,donor
IRAIN,0.1533,0.6488,0.8192,donor
SOCS2-AS1,0.1759,0.5628,0.7651,donor
MIR210HG,-3.1138,0.002182,0.2294,donor
TPTE2P5,-0.1615,0.8541,0.9341,donor
LINC00943,-0.0024,0.8859,0.9483,donor
KLK2,-0.1029,0.3632,0.6378,donor
C5orf56,-0.1186,0.6758,0.8359,donor
NRP1,-0.2232,0.865,0.9394,donor
HCP5,0.547,0.5627,0.7651,donor
SNORA70F,0.0836,0.7421,0.8757,donor
ZNF554,0.0633,0.9456,0.9767,donor
SLC35G6,0.0488,0.1869,0.6378,donor
TMEM185A,0.2722,0.5667,0.7674,donor
CEACAM18,0.0422,0.3739,0.6378,donor
SLC38A1,-0.5849,0.5216,0.7395,donor
SCAP,0.9215,0.0186,0.3569,donor
LOC100506124,1.2779,0.08517,0.5404,donor
NAV3,1.77,0.0379,0.4277,donor
TTC21B-AS1,-0.006,0.9711,0.988,donor
MYSM1,-0.6656,0.4529,0.6939,donor
TCTN3,0.4208,0.1241,0.6022,donor
P4HA2,-1.691,0.01804,0.3537,donor
VSX1,-0.4879,0.4236,0.6744,donor
CXCL1,-0.1727,0.04053,0.434,donor
ACOT2,0.1016,0.6703,0.8323,donor
E2F5,0.815,0.2663,0.6378,donor
LONRF3,0.8718,0.2014,0.6378,donor
ADSS,-0.0583,0.8603,0.9372,donor
PRKCSH,0.6554,0.01301,0.3222,donor
PTOV1-AS2,1.264,0.01062,0.3063,donor
LOC101928844,0.0247,0.8646,0.9394,donor
UBLCP1,-0.1573,0.5728,0.7712,donor
OSCP1,0.4778,0.2394,0.6378,donor
PI4KA,1.2239,0.002266,0.2294,donor
AMOTL1,1.309,0.2051,0.6378,donor
CENPBD1,-0.5084,0.5276,0.743,donor
PRKCDBP,-0.0308,0.9679,0.9863,donor
CEP112,0.4756,0.05248,0.466,donor
PPP1R35,0.3586,0.1351,0.6188,donor
SPATS1,1.4,0.02481,0.3868,donor
PHF10,-1.1505,0.08863,0.5484,donor
LRP4-AS1,0.1832,0.4051,0.6611,donor
C18orf21,-0.5986,0.09931,0.5673,donor
EDN1,-0.1748,0.3182,0.6378,donor
SMARCD1,0.9357,0.04363,0.4414,donor
RARRES2,0.5858,0.07029,0.5091,donor
HIST1H2BE,0.011,0.9662,0.9854,donor
HIST1H2BF,-0.4265,0.0849,0.5404,donor
ZAN,0.0844,0.7175,0.8611,donor
HOXB3,0.1166,0.5991,0.7889,donor
POLR2L,0.0717,0.7591,0.8853,donor
EEF1B2,0.0882,0.3813,0.6434,donor
CNTROB,1.0946,0.05979,0.4843,donor
WDFY2,-0.7801,0.0582,0.4798,donor
KIAA0907,-0.7928,0.09516,0.5592,donor
FAM46B,-0.6869,0.3093,0.6378,donor
TMEM123,-0.7821,0.05694,0.478,donor
KLHL29,1.1751,0.02624,0.3924,donor
PRPSAP2,0.2094,0.3851,0.6459,donor
ZNF726,-0.5773,0.1426,0.6293,donor
ADAM23,0.7445,0.2734,0.6378,donor
SLC22A14,0.1701,0.1836,0.6378,donor
TNFSF9,0.0422,0.3739,0.6378,donor
PPIG,-0.5387,0.07713,0.5226,donor
RNMT,0.254,0.5739,0.7719,donor
FAM134A,0.4535,0.1253,0.6028,donor
MUL1,0.1487,0.7628,0.8863,donor
MTCL1,0.7593,0.1246,0.6022,donor
KIAA0355,0.217,0.6809,0.8386,donor
ZHX1,-0.3069,0.3401,0.6378,donor
LUZP6+MTPN,-0.5171,0.1208,0.5962,donor
DGKB,1.9296,0.0199,0.3603,donor
H3F3AP4##1,-0.4432,0.4008,0.6586,donor
HEBP1,-1.0204,0.3012,0.6378,donor
CRLF3,-0.3083,0.4867,0.7174,donor
TMEM40,0.6729,0.2567,0.6378,donor
TMEM140,-0.2078,0.8347,0.9248,donor
ATP6V1D,-0.6379,0.04565,0.4474,donor
SAR1B,0.0178,0.9523,0.9792,donor
C1QA,0.0171,0.7025,0.8515,donor
KLHL5,-1.3728,0.04312,0.4401,donor
SCNM1,-0.1864,0.3846,0.6456,donor
ISCU,-0.4869,0.01165,0.3139,donor
UPK1B,-0.1033,0.3632,0.6378,donor
VPS41,-0.446,0.3893,0.6498,donor
DAPP1,-0.1478,0.7394,0.8744,donor
MORN3,0.3182,0.3992,0.6571,donor
BMP8A,0.611,0.441,0.6867,donor
ANKRD29,-0.5692,0.3568,0.6378,donor
OR2W5,-0.0205,0.3632,0.6378,donor
DCDC1,-0.0531,0.9487,0.9778,donor
TTBK2,0.8325,0.07328,0.5161,donor
FMO4,-0.6521,0.4669,0.7029,donor
GPR142,0.4169,0.5576,0.7617,donor
LINC00645,0.3454,0.3739,0.6378,donor
MIR4473,-0.0568,0.3632,0.6378,donor
MIR4469,-0.031,0.3489,0.6378,donor
MIR4467,0.0348,0.1842,0.6378,donor
LOC100507577,0.3546,0.1079,0.5775,donor
HMGN3-AS1,-0.0169,0.9781,0.9909,donor
MIR378H,0.0288,0.3739,0.6378,donor
MIR4461,-0.0996,0.7325,0.8707,donor
MIR4459##1,-0.0126,0.3632,0.6378,donor
MIR4452,0.0148,0.3739,0.6378,donor
MIR4450,0.156,0.3739,0.6378,donor
MIR4449,-0.0051,0.8474,0.9307,donor
MIR4439,-0.0147,0.3632,0.6378,donor
MIR4438,0.039,0.2369,0.6378,donor
MIR4510,0.0275,0.3739,0.6378,donor
MIR4434,0.246,0.1518,0.6378,donor
MIR4428,0.1197,0.1797,0.6378,donor
MIR4427,-0.0024,0.8859,0.9483,donor
MIR4431,0.02,0.3739,0.6378,donor
MIR548AC,0.0422,0.3739,0.6378,donor
MIR4419A,-0.0859,0.3632,0.6378,donor
CARD8-AS1,0.9392,0.3185,0.6378,donor
MIR378D1,0.0148,0.3739,0.6378,donor
STAG3L4,-0.0042,0.9902,0.9957,donor
STAG3L2,0.1917,0.5438,0.7532,donor
STAG3L1,0.2458,0.2515,0.6378,donor
STAG3L3,-0.2132,0.3693,0.6378,donor
LOC100506472,0.6957,0.1767,0.6378,donor
LOC100506384,0.0422,0.3739,0.6378,donor
AKR7L,0.0807,0.8791,0.9461,donor
LOC283214,-0.0179,0.7523,0.882,donor
CHN2,0.122,0.8563,0.9351,donor
ANKRD62P1-PARP4P3,0.192,0.3739,0.6378,donor
ANKRD20A5P,0.1618,0.1723,0.6378,donor
A2MP1,0.131,0.3739,0.6378,donor
PCAT19##1,-0.0331,0.1897,0.6378,donor
LINC01505,-0.1794,0.3878,0.6487,donor
ANKRD34C-AS1,1.3712,0.003372,0.2453,donor
ADPGK-AS1,1.0059,0.00215,0.2294,donor
SNRK-AS1,-0.6226,0.3284,0.6378,donor
USP30-AS1,-0.2384,0.3689,0.6378,donor
ZNF663P,2.1076,0.006329,0.2687,donor
MIR646HG,0.3578,0.5436,0.753,donor
LINC00327,-0.0126,0.3632,0.6378,donor
LOC100506990,-0.1965,0.7832,0.8981,donor
LOC285819,0.1588,0.5987,0.7886,donor
RBM26-AS1,0.25,0.5293,0.7442,donor
KLHDC3,0.2364,0.24,0.6378,donor
PRICKLE2-AS1,0.0563,0.3739,0.6378,donor
ENTPD3-AS1,0.2081,0.7401,0.8749,donor
CYP21A1P,-0.3131,0.0439,0.4426,donor
DENND5B-AS1,0.1334,0.2869,0.6378,donor
TRG-AS1,0.0102,0.3739,0.6378,donor
TGFB2-AS1,-0.0572,0.3632,0.6378,donor
LINC01013,0.0148,0.3739,0.6378,donor
HTT-AS,0.0822,0.1997,0.6378,donor
PCAT1,0.0477,0.3739,0.6378,donor
LOC100652999,0.0043,0.9121,0.9601,donor
LOC400684,0.5088,0.3675,0.6378,donor
KIRREL3-AS3,0.0907,0.7274,0.8673,donor
MORF4L2-AS1,-0.7721,0.2398,0.6378,donor
MLLT10P1,0.021,0.7683,0.8893,donor
LINC01239,0.2099,0.6715,0.8333,donor
CTAGE7P,0.1551,0.2565,0.6378,donor
PVRL3-AS1,-0.4789,0.4061,0.6619,donor
LOC100129617,2.6762,0.01164,0.3139,donor
LOC339874,0.9889,0.2411,0.6378,donor
CHRAC1,-0.3234,0.4382,0.6852,donor
LRRC75A-AS1,-0.2338,0.08113,0.5328,donor
TNRC6C-AS1,0.8275,0.1245,0.6022,donor
LOXL1-AS1,-1.001,0.03104,0.4122,donor
SMG7-AS1,0.2804,0.4745,0.7085,donor
SRP14-AS1,-0.1972,0.6684,0.8314,donor
RAD51-AS1,0.9624,0.09953,0.5675,donor
LOC283683,-0.6288,0.2186,0.6378,donor
IQCH-AS1,0.5845,0.4349,0.6823,donor
FCGR1B,0.1708,0.3231,0.6378,donor
LARGE-AS1,0.3309,0.5044,0.7284,donor
ISPD-AS1,0.0512,0.5613,0.7643,donor
LINC00648,0.3675,0.3739,0.6378,donor
ZNF629,1.0155,0.1508,0.6378,donor
SHB,-0.1085,0.8011,0.9087,donor
TNFRSF18,0.5963,0.218,0.6378,donor
FBXO32,-0.2701,0.667,0.8307,donor
LOC93432,0.3621,0.6224,0.8033,donor
CBLB,1.0239,0.001702,0.2293,donor
TRAF3IP2,0.0271,0.8416,0.9272,donor
TMIE,0.0952,0.862,0.9378,donor
FAM110B,-1.5324,0.03079,0.4112,donor
DCTPP1,-0.0067,0.9864,0.9941,donor
DECR2##1,1.1289,0.02805,0.3995,donor
H2AFX,0.2739,0.3684,0.6378,donor
PRB3,0.0647,0.3739,0.6378,donor
GRIK5,0.9749,0.04904,0.458,donor
ZNF229,0.0723,0.9496,0.9781,donor
KIAA1377,1.3316,0.0364,0.4276,donor
MOB2,-0.1576,0.6418,0.8148,donor
TMEM231,0.3638,0.464,0.7018,donor
UBE2F,-0.1917,0.3561,0.6378,donor
LOC101593348,-0.6164,0.4365,0.6836,donor
PRAMEF19,0.0425,0.4901,0.7184,donor
SIX3-AS1,2.6965,0.04479,0.4445,donor
CDK5RAP2,1.0677,0.1085,0.5782,donor
CAND1.11,-0.5175,0.3795,0.642,donor
LINC01443,0.0148,0.3739,0.6378,donor
LOC338694##1,0.055,0.3739,0.6378,donor
LOC101928386,0.0501,0.8042,0.9103,donor
MIR4641,0.0173,0.6754,0.8356,donor
MIR4636,0.1734,0.1779,0.6378,donor
MIR4637,0.5527,0.05445,0.4715,donor
MIR4639,-0.1155,0.3053,0.6378,donor
MIR4661,0.204,0.3739,0.6378,donor
MIR4646,0.156,0.3739,0.6378,donor
MIR4644,0.0124,0.5551,0.7603,donor
MIR4640##2,0.2215,0.2473,0.6378,donor
FAM171B,0.3124,0.3799,0.6424,donor
EIF4E2,0.1066,0.5157,0.7362,donor
CCDC94,-0.9338,0.3078,0.6378,donor
GADD45B,-0.7451,0.2068,0.6378,donor
SRBD1,0.1156,0.8611,0.9376,donor
RGS22,0.7216,0.2137,0.6378,donor
IFT172,1.5998,0.01414,0.3288,donor
ABCA12,0.1634,0.1865,0.6378,donor
RBM17,0.2134,0.2674,0.6378,donor
UBASH3B,0.2573,0.4873,0.7176,donor
TNS4,-0.0705,0.1264,0.6056,donor
DISP1,-0.2217,0.7704,0.8901,donor
ADRB2,-0.7197,0.3215,0.6378,donor
BAIAP3,1.7515,0.01234,0.317,donor
TEX9,0.4857,0.3615,0.6378,donor
DHX32,-0.1194,0.7076,0.8542,donor
ZNF532,1.3075,0.06544,0.4983,donor
MIR4713,0.0288,0.3739,0.6378,donor
MIR4703,0.0527,0.3739,0.6378,donor
MIR4701,0.0102,0.3739,0.6378,donor
MIR4691,0.3972,0.07364,0.5167,donor
MIR4678,0.2401,0.1518,0.6378,donor
MIR3064,0.4612,0.1925,0.6378,donor
MIR4787,-0.0017,0.9695,0.987,donor
MIR2467,0.1804,0.1443,0.6317,donor
MIR4784,0.254,0.157,0.6378,donor
MIR4779,0.0903,0.3739,0.6378,donor
MIR4780,0.0148,0.3739,0.6378,donor
MIR4777,0.0348,0.5233,0.7404,donor
MIR4772,0.0148,0.3739,0.6378,donor
MIR4767,-0.0147,0.3632,0.6378,donor
MIR4766,0.0541,0.5438,0.7532,donor
MIR4755,0.0971,0.2873,0.6378,donor
MIR4754,-0.0671,0.4274,0.6772,donor
MIR4743,0.0,0.9985,0.9993,donor
MIR4742,-0.0331,0.1897,0.6378,donor
MIR548AT,-0.0289,0.4546,0.6947,donor
MIR4749,0.0336,0.8179,0.9168,donor
MIR4748,0.0148,0.3739,0.6378,donor
MIR4740,0.0629,0.517,0.7371,donor
SLC26A3,0.0648,0.5635,0.7656,donor
SLC26A2,-0.1122,0.8508,0.9325,donor
SLC25A12,0.3074,0.124,0.6022,donor
SATB2-AS1,-0.0106,0.8334,0.9244,donor
LOC100289333,0.1975,0.3454,0.6378,donor
LINC01484,0.358,0.1864,0.6378,donor
LOC100128006,-0.0126,0.3632,0.6378,donor
UGCG,-0.6892,0.02003,0.3603,donor
LINC01146,-1.3741,0.06839,0.5051,donor
LOC101928372,-0.1116,0.3632,0.6378,donor
LINC01545,-0.3434,0.2746,0.6378,donor
CLYBL-AS2,-0.0538,0.7597,0.8857,donor
LINC01496,-0.0394,0.3632,0.6378,donor
NLGN4Y-AS1,-0.0244,0.3632,0.6378,donor
RNU6-31P,0.0252,0.4287,0.6778,donor
ATP2B1,0.6162,0.03132,0.4137,donor
ATP6V1B1,0.3426,0.07174,0.5127,donor
OVGP1,1.3705,0.1895,0.6378,donor
BAAT##1,0.2869,0.6585,0.826,donor
ATP2B4,0.6253,0.04902,0.458,donor
IER2,0.8035,0.2347,0.6378,donor
VPS26A,-0.5133,0.05911,0.4822,donor
RPS19BP1,-0.1919,0.5465,0.7556,donor
PROZ,0.1806,0.62,0.8016,donor
C14orf2,0.0369,0.8181,0.9169,donor
NR1I2,0.0194,0.8356,0.9252,donor
SMC5-AS1,0.1437,0.7537,0.8828,donor
MBOAT4,1.8184,0.0346,0.4253,donor
TMEM56-RWDD3,0.052,0.8217,0.9185,donor
DPP9-AS1,-0.078,0.6914,0.8452,donor
LETM2,-0.6185,0.2173,0.6378,donor
MGAT4D,0.0232,0.8419,0.9275,donor
ZNF578,-0.4728,0.4872,0.7175,donor
SNORD70,0.2307,0.1509,0.6378,donor
SNORD11B,-0.1497,0.3278,0.6378,donor
SNORD11,-0.1312,0.3795,0.642,donor
HTR2B,0.3104,0.6548,0.8237,donor
MYH7,0.0231,0.6809,0.8386,donor
ASS1,0.0424,0.9583,0.9814,donor
ASL,0.2184,0.6262,0.8054,donor
ARSE,0.1096,0.9085,0.9591,donor
ARSB,0.3042,0.6042,0.7922,donor
AR,0.1233,0.4549,0.6949,donor
COL1A1,-0.6586,0.09248,0.555,donor
APOC3,0.0102,0.3739,0.6378,donor
AMPD1,0.0867,0.5984,0.7883,donor
ALDOB,3.3703,0.03139,0.414,donor
ALDOA,-1.0385,0.0009881,0.209,donor
GCSHP3,0.08,0.9176,0.9628,donor
FAM195B,0.2965,0.3286,0.6378,donor
TRAPPC13,-0.4547,0.1218,0.598,donor
C19orf38,-0.4763,0.4101,0.6652,donor
SNORD51,-0.0046,0.9884,0.9948,donor
SNORA41,-0.015,0.9537,0.9797,donor
TNRC6C,0.2477,0.6685,0.8315,donor
HGSNAT,0.0019,0.9984,0.9993,donor
CNGA3,-0.0977,0.9223,0.9653,donor
ASPDH,0.1738,0.7933,0.9041,donor
TIGD4,1.0703,0.124,0.6022,donor
APOBEC3A,-0.0205,0.3632,0.6378,donor
CABP4,0.2227,0.4083,0.6637,donor
NUAK2,0.5431,0.1514,0.6378,donor
SPATA17,0.5724,0.5271,0.7427,donor
IFT43,0.3739,0.277,0.6378,donor
USP3,-0.53,0.4252,0.6755,donor
TM7SF3,-0.2495,0.4529,0.6939,donor
IER5,-1.2335,0.05246,0.466,donor
FANCL,-0.2454,0.564,0.7661,donor
PLEKHJ1,-0.0009,0.9983,0.9993,donor
GPN2,0.0275,0.9318,0.9694,donor
VPS37C,0.0732,0.877,0.9448,donor
ANGPTL6,-0.0772,0.836,0.9253,donor
STARD3NL,-0.5484,0.1428,0.6295,donor
HELB,1.2347,0.1973,0.6378,donor
C1QTNF4,-0.4383,0.05221,0.466,donor
ARMC10,-0.9772,0.08935,0.5486,donor
MRPS5,-0.6086,0.03556,0.4276,donor
FGF13,0.0799,0.9051,0.9576,donor
MRPS21,0.193,0.03025,0.4102,donor
ENAM,1.3014,0.1627,0.6378,donor
AGXT2,0.159,0.3739,0.6378,donor
LUZP1,0.1412,0.7975,0.9066,donor
RPL34,-0.2849,0.1774,0.6378,donor
FBXO21,0.2832,0.3327,0.6378,donor
LOC101927851,0.1562,0.3739,0.6378,donor
PCDHA6,0.0144,0.9844,0.9933,donor
ESPN,-0.0125,0.3632,0.6378,donor
TP53RK,-0.2304,0.4665,0.7029,donor
LOC100131626,0.0445,0.6357,0.8112,donor
ASIC3,0.9802,0.0789,0.5259,donor
HTR3A,-0.0045,0.8055,0.9106,donor
FAM90A2P,0.02,0.3739,0.6378,donor
CPS1-IT1,-0.0669,0.3632,0.6378,donor
TPP1,-0.1034,0.7363,0.873,donor
TOR1A,-0.2054,0.419,0.6709,donor
RGPD4,-0.2061,0.2682,0.6378,donor
FBXW5,0.7111,0.1236,0.6022,donor
ERAP2,1.1068,0.1724,0.6378,donor
NCAPG,-0.0888,0.7993,0.9076,donor
NEIL2,-0.36,0.158,0.6378,donor
FAM218A,-0.8573,0.02068,0.3632,donor
ROR1-AS1,1.1322,0.1329,0.6161,donor
MEIS1-AS3,-0.1804,0.3264,0.6378,donor
NREP-AS1,0.3224,0.3739,0.6378,donor
FAM169A,0.0414,0.936,0.9716,donor
CLCN6,0.5782,0.1632,0.6378,donor
LOC649352,0.0488,0.1869,0.6378,donor
SYNPR-AS1,0.0148,0.3739,0.6378,donor
POLD3,0.2574,0.3202,0.6378,donor
FN3KRP,-0.1143,0.8093,0.9123,donor
LOC101927604,0.0292,0.8099,0.9126,donor
LOC100128568,0.675,0.09852,0.5668,donor
ASIC1,-0.2929,0.385,0.6459,donor
PKI55,2.2039,0.01715,0.3475,donor
ALOX12,0.8264,0.07068,0.5094,donor
TUBB2A,-0.1767,0.6871,0.8421,donor
COL4A4,0.6286,0.3322,0.6378,donor
PRRC1,0.1969,0.5595,0.7631,donor
SLC25A30,0.0077,0.9927,0.9968,donor
TEX43,0.0148,0.3739,0.6378,donor
MGAT1,0.6006,0.0676,0.5022,donor
ME1,-0.0571,0.8377,0.9259,donor
MFAP4,0.0643,0.5671,0.7677,donor
VGF,-0.452,0.2992,0.6378,donor
INTS4,0.376,0.4742,0.7082,donor
PTBP1,0.3408,0.1092,0.5799,donor
NACC1,-0.0256,0.9338,0.9702,donor
PPIL3,0.1357,0.7527,0.8824,donor
VPS26B,0.657,0.05599,0.4759,donor
SPATA9,-0.0115,0.9835,0.9929,donor
IGSF8,0.663,0.1379,0.6216,donor
CCNB1,0.6632,0.5321,0.7456,donor
ADAMTSL1,0.2288,0.7907,0.9027,donor
TIFA,-0.2607,0.5005,0.7263,donor
SPATA16,0.079,0.3739,0.6378,donor
LINC00608,0.1385,0.4349,0.6823,donor
THSD1,1.6112,0.06359,0.4942,donor
NCEH1,0.7095,0.03352,0.4214,donor
ATP8B2,0.0491,0.9371,0.9723,donor
FERMT1,0.0723,0.5683,0.7685,donor
UNC45A,-0.198,0.8508,0.9325,donor
MESP1,-0.1153,0.8149,0.9152,donor
USP53,-0.7585,0.1344,0.6186,donor
C9orf114,0.2001,0.7854,0.8996,donor
VRK3,0.2424,0.5463,0.7554,donor
SMPD3,0.3036,0.6522,0.822,donor
PHF20,-0.0431,0.9009,0.9553,donor
BATF3,-0.9247,0.138,0.6217,donor
PXMP2,0.5339,0.3502,0.6378,donor
HGH1,0.0559,0.9559,0.9808,donor
ZNF395,-1.0607,0.02372,0.3798,donor
SLC35E3,-0.2264,0.3655,0.6378,donor
LENEP,0.0808,0.3739,0.6378,donor
GPRC5D,1.199,0.09883,0.5672,donor
RGL4,1.3749,0.09916,0.5672,donor
SPRR4,0.085,0.3739,0.6378,donor
LPCAT4,0.1829,0.6698,0.832,donor
LINC01366,0.1439,0.3739,0.6378,donor
FAM71A,0.7586,0.2217,0.6378,donor
CRYBG3,0.6138,0.1003,0.5678,donor
SLC15A4,-0.8366,0.05298,0.4672,donor
SNORA46,-0.167,0.3769,0.6397,donor
SNORA45B,0.2099,0.419,0.6709,donor
LYRM9,0.6533,0.03892,0.4295,donor
SCG5,0.3969,0.08121,0.5328,donor
NTRK1,-0.1225,0.8132,0.9141,donor
PPFIA3,1.516,0.02567,0.3898,donor
BARX2,-0.0762,0.3632,0.6378,donor
BCAS1,-0.0125,0.3632,0.6378,donor
MGST3,-0.0585,0.7022,0.8515,donor
LIPE,0.0895,0.736,0.873,donor
STK11IP,0.8229,0.01963,0.3603,donor
NPHS2,0.0102,0.3739,0.6378,donor
GH2,-0.0245,0.3632,0.6378,donor
RALGAPA2,-0.2732,0.7203,0.8625,donor
COQ9,0.1964,0.4726,0.7069,donor
COL8A1,0.0946,0.7885,0.9017,donor
AGTRAP,-0.0355,0.9306,0.9687,donor
CPA6,0.1175,0.3739,0.6378,donor
PITHD1,-0.4057,0.1096,0.5804,donor
RPS18,-0.1752,0.1772,0.6378,donor
HCN3##1,0.2124,0.7422,0.8757,donor
HNRNPUL2,-0.2649,0.7171,0.8608,donor
CCDC124,0.4509,0.1663,0.6378,donor
ATAT1##6,-0.3141,0.2423,0.6378,donor
NDFIP2,-0.9511,0.01057,0.3063,donor
KIAA0556,1.0725,0.00603,0.2658,donor
FAM111A,0.8902,0.4416,0.6867,donor
EGLN3,-0.041,0.94,0.9737,donor
MYO19,0.7543,0.01511,0.3351,donor
NSUN3,-0.103,0.7193,0.8618,donor
SH2D4A,-1.4322,0.06963,0.5086,donor
C16orf59,-0.118,0.4678,0.7035,donor
ATF7IP2,1.138,0.004818,0.2594,donor
MYCT1,0.085,0.3739,0.6378,donor
FIZ1,-0.8043,0.2261,0.6378,donor
ALG10,-0.205,0.7371,0.8737,donor
CIRH1A##1,-0.1471,0.6491,0.8194,donor
HECTD4,1.3143,0.005056,0.2594,donor
PTAR1,0.3163,0.5537,0.7597,donor
SPINK7,0.079,0.3739,0.6378,donor
DGAT2,-0.6798,0.3211,0.6378,donor
HES7,-0.0478,0.08496,0.5404,donor
GATA5,-0.0126,0.3632,0.6378,donor
ACTRT2,-0.0569,0.3632,0.6378,donor
AQP10,-0.0147,0.3632,0.6378,donor
HCAR1,0.1659,0.4346,0.6821,donor
DAB2IP,-0.1467,0.7593,0.8854,donor
DPY30,-0.5512,0.03459,0.4253,donor
SPZ1,0.1218,0.3739,0.6378,donor
EBPL,-0.354,0.4289,0.678,donor
CDKN2D,-1.5607,0.1114,0.5827,donor
KISS1R,-1.9307,0.008592,0.2908,donor
S100A16,-0.2549,0.4159,0.669,donor
TTBK1,1.3763,0.008156,0.2835,donor
CPA5,0.1263,0.8395,0.9267,donor
ABCA6,0.9373,0.04449,0.444,donor
ABCA9,0.7141,0.1752,0.6378,donor
ABCA10,0.2347,0.5401,0.7507,donor
FNDC1,0.0865,0.4436,0.6879,donor
CDKN2C,-0.608,0.3565,0.6378,donor
SLC36A1,-0.0273,0.9786,0.991,donor
ELK3,0.106,0.8956,0.9528,donor
GNPTG,0.4094,0.3249,0.6378,donor
BOK,-1.3436,0.1175,0.5927,donor
ARHGAP9,-0.6914,0.1359,0.6196,donor
ACTRT3,-0.4507,0.5609,0.7642,donor
TSR2,0.0533,0.802,0.9091,donor
ZNF354B,-0.7316,0.08541,0.5411,donor
DOT1L,1.7447,0.009087,0.2929,donor
EXOSC6,0.0281,0.9281,0.9675,donor
RPUSD1,1.823,0.006012,0.2658,donor
FAM207A,-0.4382,0.113,0.586,donor
YBEY,-0.2427,0.6397,0.8136,donor
SNORD82,-0.0251,0.1747,0.6378,donor
LINC00471,0.5634,0.3622,0.6378,donor
IFT20,-0.3416,0.1047,0.5734,donor
MIR3115,0.0387,0.3739,0.6378,donor
JMJD7,-0.5607,0.4146,0.6683,donor
PRRT4,0.0275,0.3739,0.6378,donor
ZNF347,-0.1638,0.8572,0.9357,donor
C3AR1,0.0288,0.3739,0.6378,donor
NLGN2,-0.1687,0.6181,0.8002,donor
KLHL14,-0.241,0.5975,0.7877,donor
WDR11,-0.243,0.5378,0.7493,donor
EGF,0.1236,0.253,0.6378,donor
ATXN2,0.8016,0.02637,0.3927,donor
PCNP,-0.705,0.03272,0.419,donor
LRRIQ1,0.2935,0.7207,0.8628,donor
TRIM43B,0.0102,0.3739,0.6378,donor
RSPH1,1.1385,0.09339,0.5564,donor
PTPRE,-0.3405,0.6109,0.7955,donor
CDC14B,0.2179,0.806,0.9109,donor
CAPZA3,-0.0717,0.256,0.6378,donor
CASP4,-0.3917,0.5573,0.7617,donor
CASP1,-0.2058,0.331,0.6378,donor
ASB14,-0.1776,0.7071,0.8537,donor
DCBLD2,0.0866,0.8499,0.9323,donor
MSL3P1,0.3976,0.5822,0.7769,donor
SLC29A3,-0.3584,0.6073,0.7934,donor
PPP1R3B,-1.0102,0.1777,0.6378,donor
SCRT1,-0.365,0.4972,0.7236,donor
EMC6,-0.1828,0.4063,0.6619,donor
RNF208,-0.1117,0.8169,0.9163,donor
RAB33B,-0.2696,0.5119,0.7341,donor
KATNAL2,0.8328,0.2677,0.6378,donor
DOHH,0.3887,0.5182,0.7376,donor
GLT8D2,-0.2436,0.6442,0.8164,donor
NCKAP1,-0.2648,0.2536,0.6378,donor
TICAM1,-0.2229,0.4411,0.6867,donor
ADAMTS9,0.0526,0.4845,0.7155,donor
STEAP3,-0.6928,0.2557,0.6378,donor
C19orf70,0.0767,0.763,0.8865,donor
FAM151B,-0.0339,0.9469,0.9771,donor
LYPD2,-0.0205,0.3632,0.6378,donor
RNF126,-0.3588,0.3849,0.6457,donor
PP14571,0.1171,0.3739,0.6378,donor
DENR,-0.8555,0.04761,0.4531,donor
BLZF1,0.5027,0.1966,0.6378,donor
CRH,-0.0449,0.1766,0.6378,donor
FKTN,-0.4495,0.6964,0.8481,donor
CCNF,0.6894,0.4793,0.7118,donor
SNAPC4,1.6523,0.01182,0.3142,donor
MIR593,0.1524,0.1577,0.6378,donor
CENPA,0.4804,0.2731,0.6378,donor
CDK2,-0.5534,0.3031,0.6378,donor
CEL,0.2231,0.5413,0.7514,donor
CDH11,-0.0354,0.1814,0.6378,donor
CDH5,0.0903,0.2292,0.6378,donor
FGF2,0.085,0.8366,0.9256,donor
CDX1,0.0673,0.3739,0.6378,donor
CTGF,-0.015,0.8964,0.9532,donor
CDO1,-0.5673,0.3942,0.6535,donor
CDC42,-0.0257,0.8657,0.9397,donor
PLAGL2,0.2235,0.454,0.6944,donor
SEPT7,-0.6179,0.06972,0.5086,donor
CDK1,0.1833,0.7661,0.8878,donor
CDA,0.0148,0.3739,0.6378,donor
CD79A,0.7932,0.08619,0.5432,donor
CD69,-0.169,0.3632,0.6378,donor
CRYBA4,-0.0767,0.3632,0.6378,donor
CD37,0.0148,0.3739,0.6378,donor
CD34,-0.0246,0.5785,0.7747,donor
PIK3C2A,-0.1114,0.7408,0.8752,donor
CPS1,-0.4117,0.3632,0.6378,donor
MLLT3,-0.4111,0.2016,0.6378,donor
F11-AS1,0.025,0.1873,0.6378,donor
COPS2,-1.0052,0.01497,0.3349,donor
ZNF235,-1.8086,0.08845,0.5483,donor
MIR5581,0.0798,0.418,0.6703,donor
MIR4677##1,0.2142,0.3345,0.6378,donor
MIR4668,-0.0192,0.749,0.8804,donor
MIR4667,-0.0134,0.9087,0.9591,donor
MIR4666A,0.0125,0.5515,0.7584,donor
MIR4655,0.0102,0.3739,0.6378,donor
MIR4653,0.2087,0.2408,0.6378,donor
COPG2,0.5381,0.2743,0.6378,donor
MAT2A,-0.593,0.08977,0.5492,donor
MANF,1.0148,0.107,0.5755,donor
DTNBP1,-0.9344,0.07603,0.5216,donor
RSPO4,0.2742,0.6484,0.8189,donor
C20orf202,0.3358,0.6683,0.8314,donor
ATP1B4,-0.0257,0.5174,0.7371,donor
ATF5,-0.0614,0.9295,0.9681,donor
BMP2K,0.5348,0.4508,0.6924,donor
CPLX1,-0.0477,0.9199,0.9641,donor
NOXA1,0.624,0.4277,0.6774,donor
PINX1,-0.1479,0.7608,0.8861,donor
LOC100507547,0.8185,0.193,0.6378,donor
STK35,0.8051,0.1102,0.5817,donor
LOC388780,-0.1315,0.3938,0.6532,donor
SUGT1,-0.6849,0.03363,0.4217,donor
TMEM30A,-0.7052,0.1025,0.5705,donor
LRRC8D,0.2546,0.494,0.7215,donor
TRMT12,0.2336,0.5589,0.763,donor
TIMP3,0.1319,0.6114,0.7959,donor
RCBTB2,0.4044,0.4528,0.6939,donor
CD9,2.1417,0.03861,0.4291,donor
MIR1292,0.1763,0.4823,0.7136,donor
SNORD110,-0.039,0.8664,0.9401,donor
SNORA51,0.0903,0.3739,0.6378,donor
SNORD56,-0.1186,0.3208,0.6378,donor
SNORD57,-0.0588,0.7253,0.8661,donor
CDC42EP3,-0.3084,0.1101,0.5815,donor
SURF2,0.1713,0.5743,0.7722,donor
SCN11A,0.1036,0.8744,0.9435,donor
RXRB##1,0.4107,0.4146,0.6683,donor
WDR19,1.2602,0.1009,0.5686,donor
NINL,1.7146,0.05253,0.466,donor
SMOC1,0.8715,0.4325,0.6807,donor
FN3K,0.4749,0.3272,0.6378,donor
MCCC2,-0.0646,0.8098,0.9125,donor
PIGZ,0.5605,0.3643,0.6378,donor
LHPP,0.2348,0.6527,0.8222,donor
WDR26,0.1432,0.5895,0.7813,donor
NRCAM,0.4111,0.1558,0.6378,donor
CAPS,1.4142,0.01985,0.3603,donor
SMARCC1,-0.0811,0.7809,0.8962,donor
S100G,-0.0422,0.5649,0.7665,donor
SELP,0.0295,0.3739,0.6378,donor
CH25H,-0.1027,0.3632,0.6378,donor
SECTM1,-0.108,0.376,0.6391,donor
RBBP8,-1.5458,0.03462,0.4253,donor
LDLRAD1,0.5432,0.6245,0.8046,donor
PVT1,0.079,0.3739,0.6378,donor
ERO1L,-1.9431,0.001168,0.2101,donor
LOC100506603,1.7277,0.001317,0.2196,donor
FBXL4,0.0978,0.7772,0.8939,donor
EMC3-AS1,0.4474,0.2602,0.6378,donor
LINC00545,-0.0417,0.3632,0.6378,donor
INTS6-AS1,0.1222,0.7642,0.887,donor
LINC00540,0.079,0.3739,0.6378,donor
NFIA-AS1,0.0744,0.6159,0.799,donor
TRIM13,-0.022,0.937,0.9723,donor
LOC100128494,0.0159,0.9747,0.9894,donor
LOC101805491,0.0885,0.3739,0.6378,donor
UROC1,-0.098,0.482,0.7134,donor
MIR7161,-0.0995,0.5774,0.774,donor
MIR7155,-0.0126,0.3632,0.6378,donor
MIR7153,0.0102,0.3739,0.6378,donor
MIR7150,-0.0126,0.3632,0.6378,donor
CXXC1,0.4401,0.3296,0.6378,donor
TBCCD1,0.7078,0.1399,0.6239,donor
ARFGEF2,-0.1312,0.7595,0.8856,donor
LINC00539,-0.1951,0.6419,0.8149,donor
FTO-IT1,-0.7251,0.2218,0.6378,donor
CD160,0.2853,0.5857,0.7788,donor
FAM27E3,0.4655,0.03916,0.4295,donor
NRG1-IT1,0.1122,0.5127,0.7346,donor
CCNYL2,1.4044,0.1141,0.5863,donor
LOC102031319,0.0438,0.4865,0.7173,donor
LOC283045,0.8428,0.23,0.6378,donor
NPTN-IT1,-0.492,0.576,0.773,donor
CCDC144NL-AS1,-0.027,0.7441,0.8769,donor
RPL22L1,-0.9535,0.04883,0.4574,donor
ZNF594,0.8102,0.4797,0.7121,donor
WDR76,0.3993,0.6553,0.8239,donor
UHMK1,-0.578,0.08736,0.5451,donor
DCST2,0.4578,0.3739,0.6378,donor
MEX3A,-0.164,0.2718,0.6378,donor
HRH1,-0.6182,0.1875,0.6378,donor
ZNF20,-0.0273,0.1764,0.6378,donor
TET3,-0.6308,0.4216,0.6728,donor
PDCD6,0.1706,0.3694,0.6378,donor
ARFRP1,0.9514,0.07321,0.5161,donor
SMTNL2,0.0563,0.3739,0.6378,donor
FAIM3,-0.2401,0.7776,0.8941,donor
KBTBD6,0.9131,0.009044,0.2929,donor
TIPRL,-0.4141,0.03199,0.4167,donor
LRWD1,1.6618,0.03672,0.4276,donor
PYDC1,-0.0619,0.6975,0.8488,donor
TTC23L,1.0552,0.09635,0.5615,donor
COL24A1,-0.1257,0.8171,0.9164,donor
ANKAR,-1.0149,0.1514,0.6378,donor
LINC00493,-0.6067,0.001409,0.2237,donor
FAM138E,0.0102,0.3739,0.6378,donor
LINC00597,0.3542,0.2714,0.6378,donor
ANXA8L1,0.0884,0.3739,0.6378,donor
PIP5K1B,0.8151,0.09484,0.5584,donor
CRYGC,0.0422,0.3739,0.6378,donor
MYDGF,0.5672,0.04946,0.46,donor
SLC39A12,0.0148,0.3739,0.6378,donor
ANTXRL,0.0288,0.3739,0.6378,donor
ZNF727,-1.5264,0.04277,0.4383,donor
MIR1909,-0.0572,0.3632,0.6378,donor
MYBPC3,-0.0948,0.3632,0.6378,donor
NEFL,2.1962,0.1343,0.6186,donor
SERGEF,-0.2877,0.1618,0.6378,donor
LINC01204,0.0288,0.3739,0.6378,donor
CST8,-0.169,0.3632,0.6378,donor
HTR1F,0.3952,0.5765,0.7733,donor
CYP17A1,0.0792,0.1938,0.6378,donor
DENND3,0.5248,0.2535,0.6378,donor
STYK1,0.0387,0.3739,0.6378,donor
LOC100506674,0.5607,0.3794,0.642,donor
LOC100506860,0.3926,0.3357,0.6378,donor
LINC01279,0.3395,0.1624,0.6378,donor
LOC101929608,0.0288,0.3739,0.6378,donor
LOC100422556,0.6212,0.1562,0.6378,donor
CTB-113P19.1,0.159,0.3739,0.6378,donor
LOC101929125,-0.0582,0.9102,0.9597,donor
LOC100131315,0.2799,0.2874,0.6378,donor
LINC01205,0.159,0.3559,0.6378,donor
LOC100134868,-0.0736,0.5814,0.7764,donor
PSORS1C2,-0.1964,0.3632,0.6378,donor
FAXDC2,0.4297,0.4091,0.6642,donor
PCDHGA5,0.8833,0.1927,0.6378,donor
COPZ1,0.343,0.04861,0.4565,donor
SUGP1,0.2811,0.4225,0.6732,donor
MIR3193,-0.0465,0.3632,0.6378,donor
ILDR1,0.7469,0.5045,0.7284,donor
EPC1,-0.1969,0.5018,0.7268,donor
ALDH1L2,1.5421,0.04326,0.4404,donor
GNAS-AS1,1.4371,0.03534,0.4276,donor
LINC00906,-0.1271,0.5103,0.7333,donor
LINC01126,0.141,0.5632,0.7653,donor
FAM35DP,0.0165,0.7689,0.8896,donor
CDH12,0.6243,0.231,0.6378,donor
ERICH1,0.3253,0.3888,0.6494,donor
COL22A1,0.0547,0.4661,0.7024,donor
FCRL6,0.1175,0.3739,0.6378,donor
FKBP9,0.46,0.2732,0.6378,donor
FAM182A,0.0477,0.3739,0.6378,donor
RPL13AP5,0.1557,0.331,0.6378,donor
CREB3L3,0.0148,0.3739,0.6378,donor
JMJD1C,0.0512,0.8485,0.9315,donor
C14orf180,0.039,0.2369,0.6378,donor
KRT222,-0.7071,0.09882,0.5672,donor
NUP155,-0.4048,0.5485,0.7571,donor
ATPAF2,0.5074,0.1783,0.6378,donor
RNU6-1+RNU6-2+RNU6-7+RNU6-8+RNU6-9##8,0.0102,0.3739,0.6378,donor
RNVU1-6,0.02,0.3739,0.6378,donor
RNVU1-3,-0.0526,0.6583,0.826,donor
RNVU1-15,0.0368,0.7978,0.9067,donor
RNVU1-14,0.1531,0.2593,0.6378,donor
LINC01030,0.0247,0.9533,0.9796,donor
FLG-AS1,0.5822,0.5787,0.7747,donor
STKLD1,0.2496,0.4585,0.6978,donor
CCDC84,0.5784,0.007547,0.2823,donor
HMGB3P1,0.085,0.3739,0.6378,donor
REEP2,1.3873,0.01196,0.3142,donor
RNF141,-0.4624,0.1764,0.6378,donor
ARSG,1.2299,0.1644,0.6378,donor
UFC1,-0.1562,0.6629,0.8287,donor
MMP24-AS1,-0.3179,0.4417,0.6867,donor
AHCY,0.2793,0.382,0.6435,donor
PRKD1,-0.6193,0.3959,0.6546,donor
PKN1,0.2843,0.6355,0.811,donor
MAPK8IP2,0.6868,0.1535,0.6378,donor
LAPTM5,-0.1697,0.2588,0.6378,donor
UGP2,-0.1,0.5607,0.7639,donor
RPS14,-0.0204,0.8877,0.9491,donor
RHEB,-0.7379,0.01376,0.3259,donor
REST,0.8325,0.4193,0.6712,donor
RPL10A,-0.1281,0.3859,0.6465,donor
BTN3A3,0.3676,0.6475,0.8182,donor
NPM3,0.1183,0.8918,0.9507,donor
MMP16,0.8471,0.2214,0.6378,donor
MRC2,-0.0892,0.4309,0.6797,donor
KCNMB4,-0.6116,0.3047,0.6378,donor
SLC6A7,0.0731,0.4891,0.7182,donor
SLC25A15,0.1668,0.8195,0.9175,donor
SMPX,0.0801,0.2964,0.6378,donor
PDSS1,-0.221,0.7452,0.8776,donor
SRGAP2,1.4806,0.009688,0.299,donor
CELSR1,-0.0989,0.823,0.9192,donor
ADAMTS2,1.2256,0.0371,0.4276,donor
EIF2B2,0.2011,0.3962,0.6547,donor
DDX58,0.59,0.1403,0.6248,donor
MLN,0.109,0.1781,0.6378,donor
LOC101927843,-0.1269,0.3632,0.6378,donor
PELP1,-0.0926,0.7725,0.8914,donor
ATP6V1C1,-0.3814,0.1626,0.6378,donor
CIAPIN1,0.0833,0.8499,0.9323,donor
CCDC47,-0.3217,0.1512,0.6378,donor
NCDN,-0.3811,0.4616,0.7002,donor
DNAJC8,-0.3203,0.3243,0.6378,donor
RP2,-0.5756,0.5843,0.7782,donor
LECT1,1.942,0.03441,0.4253,donor
RNF5##1,-0.5627,0.0891,0.5486,donor
C11orf58,-0.6209,0.02117,0.3644,donor
HCST,0.0732,0.818,0.9169,donor
WWP1,-0.6984,0.06324,0.4926,donor
RIT1,0.5129,0.3143,0.6378,donor
RLN1,0.4133,0.5725,0.7712,donor
RASGRF2,0.9637,0.1144,0.5867,donor
SNORA22,-0.065,0.2351,0.6378,donor
SNORA71C,-0.0665,0.428,0.6777,donor
SNORA71D,0.3809,0.1063,0.5743,donor
GBP1P1,-0.0542,0.3632,0.6378,donor
PTCH2,1.2105,0.1062,0.5743,donor
FLRT2,0.2522,0.2892,0.6378,donor
ARHGAP40,0.0884,0.3739,0.6378,donor
SH3BP5,-0.3211,0.4316,0.68,donor
SPAG7,-0.3436,0.4013,0.6586,donor
APBA3,0.2366,0.6608,0.8279,donor
CIR1,-0.8844,0.03875,0.4295,donor
WISP3,0.02,0.3739,0.6378,donor
TMEM59,-0.0904,0.7474,0.8791,donor
GGH,-0.898,0.152,0.6378,donor
GMPS,-0.0781,0.6257,0.805,donor
TBPL1,-0.3919,0.2254,0.6378,donor
CD84,0.0377,0.233,0.6378,donor
GAL3ST1,-0.8492,0.1028,0.5706,donor
SDHAF2,-0.0742,0.7387,0.8742,donor
LPAR5,-0.3106,0.41,0.6652,donor
PTGFRN,-0.2669,0.7648,0.8874,donor
DOLPP1,0.2523,0.6109,0.7955,donor
OSGEP,-0.2498,0.6103,0.7952,donor
PHTF2,0.69,0.1262,0.605,donor
HNF4A-AS1,-0.0143,0.869,0.9413,donor
UBE2K,-0.0733,0.6638,0.8294,donor
NDUFA8,-0.0302,0.8795,0.9463,donor
PLEKHA2,0.3597,0.6703,0.8323,donor
C17orf75,0.0075,0.975,0.9896,donor
HNRNPA0,-0.0189,0.9464,0.977,donor
NELFA,0.3146,0.3506,0.6378,donor
VDAC3,0.202,0.1059,0.5734,donor
GPR75,0.0688,0.9304,0.9686,donor
UFD1L,0.4467,0.2255,0.6378,donor
ANKRD23,1.9462,0.04097,0.434,donor
VWA3B,-0.0308,0.9381,0.9728,donor
FAM69A,-1.0684,0.2546,0.6378,donor
OLIG3,0.9018,0.281,0.6378,donor
SLITRK4,-0.0331,0.1897,0.6378,donor
PROX1,0.5837,0.5043,0.7283,donor
NDUFA12,-0.3855,0.1753,0.6378,donor
WHSC1L1,0.1978,0.5227,0.74,donor
EPPK1,-0.4587,0.5069,0.7303,donor
LOC100131496,0.5561,0.1401,0.6245,donor
LIPN,0.0288,0.3739,0.6378,donor
LOC101927735,0.3475,0.2214,0.6378,donor
MIR6734,0.1541,0.4298,0.6788,donor
LINC00494,-0.0125,0.3632,0.6378,donor
CMSS1,-0.2467,0.6643,0.8298,donor
PI4K2B,-0.9176,0.2159,0.6378,donor
SAYSD1,0.2856,0.1169,0.592,donor
BRIX1,-0.2455,0.4079,0.6633,donor
RLIM,0.0846,0.5966,0.7869,donor
NUB1,-0.3628,0.1639,0.6378,donor
TRPV2,0.015,0.7554,0.8839,donor
KLHL26,1.4498,0.04139,0.435,donor
PAPSS1,0.257,0.4866,0.7174,donor
SNORD12C,0.2176,0.1268,0.6064,donor
CSTF1,-1.5268,0.1945,0.6378,donor
HERPUD2,-0.664,0.03706,0.4276,donor
OCLM,0.0309,0.9446,0.9762,donor
STOX2,0.5611,0.5547,0.7603,donor
FAM20C##1,0.0028,0.9966,0.9988,donor
KRT19P2,0.1218,0.3739,0.6378,donor
LOC440700,0.1763,0.6257,0.805,donor
LSM14A##1,-0.121,0.5729,0.7712,donor
BCKDHB,-1.0986,0.3249,0.6378,donor
TDRD9,1.3605,0.061,0.4865,donor
MIR6747,-0.0417,0.3632,0.6378,donor
MIR6746,0.0148,0.3739,0.6378,donor
MIR6736,0.1506,0.3739,0.6378,donor
MIR6745,0.0387,0.3739,0.6378,donor
MIR6735,0.0425,0.3872,0.6477,donor
MIR6895,0.0884,0.3739,0.6378,donor
MIR8087,0.0757,0.3682,0.6378,donor
MIR6894,0.0102,0.3739,0.6378,donor
MIR8085,0.0247,0.8092,0.9122,donor
MIR6892,-0.0891,0.1715,0.6378,donor
MIR6891,0.0509,0.4898,0.7184,donor
MIR6889,0.0022,0.9124,0.9601,donor
MIR6890,0.0022,0.9124,0.9601,donor
LOC100147773,0.4288,0.5704,0.7697,donor
ZFY,0.2325,0.866,0.9399,donor
OTUD1,-0.561,0.374,0.6378,donor
NPHS1,0.4534,0.5131,0.7349,donor
MIR217,0.055,0.3739,0.6378,donor
LOC100130950,-0.1687,0.7328,0.8709,donor
LGALS17A,0.0288,0.3739,0.6378,donor
C12orf73,0.0261,0.9582,0.9814,donor
GLTP,-0.5286,0.1743,0.6378,donor
TCEB3B,-0.0394,0.3632,0.6378,donor
GTSE1,-0.0168,0.9402,0.9737,donor
PDCD6IPP2,0.2079,0.4798,0.7121,donor
CDADC1,-0.1258,0.7957,0.9057,donor
GPR89A,0.0112,0.9687,0.9866,donor
LOC442028,0.2056,0.3766,0.6396,donor
HERC2P3,0.6282,0.2916,0.6378,donor
MIR4750,0.1084,0.4591,0.6984,donor
MIR3607,0.1865,0.09904,0.5672,donor
MIR3611,-0.0126,0.3632,0.6378,donor
MIR1972-1+MIR1972-2,0.0283,0.6568,0.8248,donor
MIR1972-1+MIR1972-2##1,-0.0041,0.9309,0.9688,donor
MIR4290,0.0148,0.3739,0.6378,donor
C12orf77,0.1192,0.5498,0.7575,donor
MIR4279,-0.0542,0.3632,0.6378,donor
MIR4284,0.6113,0.04906,0.458,donor
MIR4263,0.0759,0.6817,0.839,donor
MIR4325,0.0102,0.3739,0.6378,donor
MIR4326,0.0102,0.3739,0.6378,donor
MIR4257,0.0102,0.3739,0.6378,donor
MIR4256,-0.0125,0.3632,0.6378,donor
MIR4321,0.0148,0.3739,0.6378,donor
MIR4324,0.0288,0.3739,0.6378,donor
MIR4311,0.0295,0.3739,0.6378,donor
MIR4319,-0.0562,0.1936,0.6378,donor
MIR3200,0.0148,0.3739,0.6378,donor
MIR320E,0.0225,0.7714,0.8908,donor
MIR3189,0.0422,0.3739,0.6378,donor
MIR3188,0.0725,0.4448,0.6883,donor
KIF7,0.2881,0.2497,0.6378,donor
BBS9,0.2645,0.6285,0.8069,donor
ARHGDIG,-0.0475,0.872,0.9423,donor
RPS25,-0.2723,0.2523,0.6378,donor
ABCB1,-2.5688,0.03262,0.419,donor
SLC17A5,-0.4284,0.1727,0.6378,donor
MYCBP,0.1331,0.227,0.6378,donor
LGALS8,-0.5469,0.01145,0.3139,donor
MMD,-0.729,0.1811,0.6378,donor
DNAJB9,-0.4905,0.1873,0.6378,donor
GNLY,-0.0159,0.7097,0.8555,donor
VAX2,0.3407,0.2548,0.6378,donor
NEURL3,0.0282,0.9598,0.9819,donor
LOC101929696,0.055,0.3739,0.6378,donor
LOC101927934,-0.631,0.2529,0.6378,donor
PTMA,-0.2595,0.04979,0.4609,donor
PTHLH,0.4474,0.3972,0.6554,donor
PRPF4B,-0.111,0.7273,0.8671,donor
PSMB5,0.0515,0.6287,0.8071,donor
PSMB4,-0.1269,0.5544,0.7602,donor
SLC35D2,-0.3157,0.5608,0.764,donor
LOC440602,0.0288,0.3739,0.6378,donor
ST6GALNAC6,0.4161,0.3967,0.655,donor
MAP2K1,-0.7376,0.06783,0.5036,donor
PLAT,0.0025,0.9875,0.9944,donor
FAM83A,0.2815,0.5838,0.7779,donor
CEP19,2.0643,0.009249,0.2951,donor
HAR1B,-0.6263,0.3429,0.6378,donor
UPK1A,-0.1626,0.3632,0.6378,donor
KCND1,0.2563,0.6918,0.8454,donor
LAGE3,-0.6147,0.0136,0.325,donor
CDC42SE2,-0.6487,0.01813,0.3542,donor
MRPL1,-0.4183,0.2096,0.6378,donor
ADPRM,-1.817,0.09459,0.5584,donor
UCN2,0.4212,0.3739,0.6378,donor
TIGD7,0.1209,0.8267,0.921,donor
LDHAL6B,0.0808,0.3739,0.6378,donor
CNR1,0.5814,0.3739,0.6378,donor
RNF157,1.443,0.01632,0.3436,donor
ESCO1,-0.546,0.1403,0.6248,donor
PLEKHG4B,0.0089,0.9687,0.9866,donor
GPRIN1,1.316,0.05156,0.4652,donor
XKR4,-0.1909,0.8198,0.9176,donor
TMEM132B,0.1839,0.8696,0.9414,donor
MBD6,0.5269,0.3188,0.6378,donor
LOC100132057,0.5493,0.3734,0.6378,donor
LINC00869,0.7796,0.04043,0.434,donor
POT1,-0.4217,0.1309,0.6129,donor
CD3EAP,-0.0008,0.9982,0.9993,donor
ZNF221,0.4159,0.6659,0.8301,donor
MROH7,0.5647,0.06849,0.5051,donor
PSD3,-1.6226,0.01816,0.3542,donor
NUDT6,0.8338,0.05857,0.4812,donor
RNF135,-0.2178,0.3743,0.6379,donor
LOC100505915##1,0.4095,0.2189,0.6378,donor
AP3M2,-0.1539,0.5514,0.7584,donor
COPS8,-0.3736,0.111,0.5826,donor
AP4B1,0.091,0.7675,0.8887,donor
AKIRIN1,-0.1249,0.5293,0.7442,donor
SPCS2,-0.2818,0.2219,0.6378,donor
LINC00176,0.2024,0.458,0.6973,donor
HCFC1R1,-0.3053,0.2824,0.6378,donor
NMB,-0.0408,0.9015,0.9555,donor
TMLHE,-0.4071,0.6216,0.8027,donor
NF1,-0.0265,0.9504,0.9782,donor
PTPN9,-0.7765,0.3204,0.6378,donor
COX6A1,-0.2516,0.2095,0.6378,donor
PTPN6,0.347,0.3899,0.6501,donor
PTPN4,-0.0606,0.8806,0.9468,donor
SRSF3,-0.2784,0.1201,0.5962,donor
QSOX1,-0.3089,0.3734,0.6378,donor
ICOSLG,-0.0986,0.2416,0.6378,donor
PABPC4L,-0.0126,0.3632,0.6378,donor
LOC100507412,-0.0205,0.3632,0.6378,donor
RNA28S5,-0.5078,0.09902,0.5672,donor
NUDT1,-1.2033,0.004128,0.2594,donor
RNA18S5##1,0.0074,0.762,0.8861,donor
RNA45S5,1.6325,0.001094,0.209,donor
PRDX2,-0.0183,0.9362,0.9719,donor
ICOSLG##1,-0.0035,0.9264,0.9664,donor
SP140,0.8854,0.3971,0.6554,donor
COPS7B,-0.2563,0.3751,0.6385,donor
SNRNP40,0.087,0.5915,0.7829,donor
PABPN1,0.4011,0.5326,0.7456,donor
ABCC13,0.375,0.4854,0.7162,donor
CC2D1A,1.0104,0.05039,0.4623,donor
LOC100996693,-0.0811,0.8321,0.9237,donor
OGDH,1.0077,0.03276,0.419,donor
TMCC2,1.6187,0.02099,0.3644,donor
FAM63A,0.6816,0.2397,0.6378,donor
CHODL-AS1,0.0673,0.3739,0.6378,donor
MYBBP1A,1.2033,0.05984,0.4843,donor
LOC100506688,0.0758,0.3739,0.6378,donor
LOC102467073,0.0064,0.9936,0.9972,donor
LINC00845,-0.0357,0.3632,0.6378,donor
RNF139-AS1,-1.2679,0.1894,0.6378,donor
MIR7845,-0.0147,0.3632,0.6378,donor
MIR6516,-0.0147,0.3632,0.6378,donor
LINC00992,-0.8923,0.2007,0.6378,donor
LOC101927446,0.0102,0.3739,0.6378,donor
LOC101927391,0.4571,0.3762,0.6393,donor
LINC00158,-0.1124,0.5288,0.744,donor
SLC10A7,-1.0823,0.2874,0.6378,donor
ETFA,-0.1448,0.7358,0.873,donor
LINC00113,0.1502,0.3923,0.6521,donor
GLI1,0.1792,0.2348,0.6378,donor
TRIP13,0.0383,0.832,0.9237,donor
COX11,-0.6507,0.07476,0.5193,donor
SPEG,-0.1835,0.7184,0.8614,donor
RBFA,0.7488,0.05384,0.4695,donor
HSF4,0.6461,0.1013,0.5691,donor
THBS2,-0.2592,0.5124,0.7344,donor
TVP23C##1,-0.6538,0.1941,0.6378,donor
ITM2A,0.3969,0.6976,0.8488,donor
C9orf171,0.4396,0.1596,0.6378,donor
SNORA80A,0.2862,0.1309,0.6129,donor
BAALC-AS2,-0.3155,0.1362,0.6198,donor
TMEM265,-0.4102,0.4936,0.7212,donor
TMEM252,0.1238,0.2154,0.6378,donor
CILP2,0.1221,0.4885,0.7182,donor
DPYSL4,0.4942,0.2265,0.6378,donor
SLU7,-0.7647,0.04988,0.4609,donor
RABAC1,0.6104,0.0604,0.4854,donor
AKAP3,0.1169,0.8151,0.9154,donor
IL10RB-AS1,0.0107,0.979,0.9911,donor
PRR14L,0.9368,0.007048,0.2757,donor
UNC5CL,-1.0032,0.03449,0.4253,donor
ZNF445,1.6127,0.089,0.5486,donor
RFX6,-0.123,0.7674,0.8886,donor
CFAP126,0.679,0.4735,0.7077,donor
TRIM65,0.8366,0.2457,0.6378,donor
KLHDC8B,0.918,0.3359,0.6378,donor
FUT11,-1.6646,0.08489,0.5404,donor
LINC00310,0.0653,0.5138,0.7354,donor
MAGEB17,0.1622,0.3739,0.6378,donor
TENM2,0.1041,0.5983,0.7882,donor
NBN,-0.0873,0.7955,0.9057,donor
MAST3,0.2833,0.2136,0.6378,donor
PRAF2,0.1705,0.5297,0.7444,donor
EMC2,-0.4253,0.1115,0.5831,donor
UBE3C,0.7895,0.00399,0.2594,donor
POLG2,-0.0648,0.9034,0.9566,donor
SEC63,-0.1033,0.7003,0.8505,donor
FUT4,0.4736,0.3541,0.6378,donor
ETV6,0.3277,0.6278,0.8063,donor
PTPRM,0.2952,0.4661,0.7024,donor
STK38L,-0.5575,0.161,0.6378,donor
PAN2,0.8289,0.1737,0.6378,donor
RAB11FIP3,0.2718,0.3022,0.6378,donor
ABCC3,0.0716,0.9139,0.9608,donor
SLC31A2,-0.9577,0.3191,0.6378,donor
GPR137C,-0.5064,0.3439,0.6378,donor
LRRN3,1.2999,0.05028,0.4623,donor
ARHGAP5,0.0471,0.8631,0.9385,donor
TKT,0.6114,0.1799,0.6378,donor
ZBTB46-AS1,0.1663,0.3886,0.6493,donor
PARD3-AS1,0.0673,0.5954,0.7859,donor
LOC101928002,-0.0788,0.4789,0.7114,donor
LINC00702,0.0477,0.3739,0.6378,donor
CFAP58-AS1,1.2858,0.1311,0.6129,donor
LOC101928075,0.0148,0.6697,0.832,donor
LOC102577426,-0.0948,0.678,0.8373,donor
LINC01574,-0.4585,0.00248,0.23,donor
LOC101927124,0.1086,0.8842,0.9481,donor
LRFN1,0.25,0.6138,0.7975,donor
LINC01551,-0.0394,0.3632,0.6378,donor
ZNF615,-2.1074,0.06696,0.5014,donor
FPGT-TNNI3K##1,0.1366,0.3481,0.6378,donor
ACRBP,-0.8525,0.3497,0.6378,donor
PDZD7,1.6771,0.0004523,0.209,donor
C21orf33,0.0633,0.9209,0.9646,donor
PNPLA4,0.2076,0.3025,0.6378,donor
DISC1-IT1,0.0075,0.7591,0.8853,donor
EMC10,0.3725,0.2669,0.6378,donor
PRDM15,-0.1943,0.8284,0.9217,donor
CPNE9,-2.0869,0.00894,0.2929,donor
CDC6,-0.4185,0.6784,0.8373,donor
CDC5L,-0.0428,0.8511,0.9325,donor
CD68,-0.2232,0.6993,0.8498,donor
GRN,0.3695,0.2296,0.6378,donor
ENTPD5,-0.1313,0.8354,0.9251,donor
ITPKA,-0.1028,0.1988,0.6378,donor
CCNA2,-1.4844,0.0121,0.3147,donor
CASQ2,0.0082,0.8971,0.9538,donor
ITIH2,0.1593,0.4329,0.6809,donor
IRF2,-0.1939,0.5188,0.7377,donor
CAMK2D,-0.1015,0.6428,0.8155,donor
ALDH8A1,0.2293,0.6846,0.8408,donor
ASGR1,-0.1138,0.7137,0.8586,donor
DBNDD2,-0.3445,0.2453,0.6378,donor
NR1H4,0.2344,0.4004,0.6582,donor
HSD17B4,0.0747,0.8243,0.9196,donor
PRDM14,0.2725,0.2897,0.6378,donor
C10orf54,0.0,0.9985,0.9993,donor
NECAB1,-1.1085,0.009351,0.2961,donor
HKDC1,-0.0394,0.3632,0.6378,donor
TMEM134,0.2391,0.3284,0.6378,donor
NR3C2,0.5263,0.3072,0.6378,donor
GUSBP2,0.3427,0.437,0.6843,donor
RRN3P2,0.2576,0.4013,0.6586,donor
SNORD12,0.0296,0.5325,0.7456,donor
DZANK1,0.7788,0.3249,0.6378,donor
FAM47E,-0.5685,0.01387,0.3276,donor
AKAP2##1,-0.0147,0.3632,0.6378,donor
LINC00836,-0.1994,0.3158,0.6378,donor
MCM8-AS1,0.009,0.8344,0.9247,donor
LOC100996437,0.0182,0.9497,0.9781,donor
MAML1,0.6941,0.183,0.6378,donor
TBKBP1,0.2105,0.7326,0.8708,donor
LOC101926960,0.1219,0.3284,0.6378,donor
MIR6858,0.0488,0.1869,0.6378,donor
LOC101928370,-0.0125,0.3632,0.6378,donor
MIR6826,0.5151,0.0104,0.3058,donor
MIR5588,0.0148,0.3739,0.6378,donor
CYR61,0.0867,0.25,0.6378,donor
C14orf142,0.212,0.6353,0.811,donor
KIAA1804,-0.2788,0.4225,0.6732,donor
MIR6087,-0.0125,0.3632,0.6378,donor
MIR6086,0.0102,0.3739,0.6378,donor
MIR6076,0.0102,0.3739,0.6378,donor
MIR6075,0.055,0.3739,0.6378,donor
LINC01429,0.0275,0.3739,0.6378,donor
LOC102546298,0.0189,0.8501,0.9323,donor
LOC102659288,-0.1195,0.3632,0.6378,donor
LOC101926905,-0.065,0.6445,0.8165,donor
LOC101926935,1.34,0.04919,0.4584,donor
LINC00993,0.0148,0.3739,0.6378,donor
LINC01212,0.273,0.3739,0.6378,donor
LOC102546229,-0.1033,0.3632,0.6378,donor
LINC01108,0.0422,0.3739,0.6378,donor
LOC731157,0.4022,0.5039,0.7281,donor
TMEM161B-AS1,0.6154,0.07037,0.5091,donor
LOC101927630,0.353,0.3739,0.6378,donor
LINC01338,0.1004,0.3495,0.6378,donor
RASGRF2-AS1,-0.0139,0.9133,0.9604,donor
LOC102503427,-0.0245,0.3632,0.6378,donor
LOC102477328,-0.2673,0.3632,0.6378,donor
LINC01099,1.5175,0.08525,0.5404,donor
LOC101928618,-0.0147,0.3632,0.6378,donor
LOC101929217,0.0102,0.3739,0.6378,donor
ADNP-AS1,-1.1639,0.0444,0.4438,donor
LOC100506526,0.02,0.3739,0.6378,donor
LOC101926955,-0.0572,0.3632,0.6378,donor
LOC101927190,-0.1408,0.5714,0.7704,donor
SPACA6P-AS,-0.5031,0.3896,0.65,donor
LOC102467213,0.0162,0.6254,0.805,donor
LOC101928569,-0.366,0.6379,0.8129,donor
CD81-AS1,-1.2358,0.01723,0.3475,donor
LINC01372,-0.1469,0.6354,0.811,donor
LOC102467147,0.0563,0.3739,0.6378,donor
LINC01152,-1.1256,0.07854,0.5246,donor
LOC102467080,0.0527,0.3739,0.6378,donor
LOC100507642,0.9737,0.1983,0.6378,donor
LOC100505942,0.5139,0.4125,0.6672,donor
LOC100287592,0.8528,0.1941,0.6378,donor
TOPBP1,-0.1319,0.6902,0.8445,donor
SRCIN1,0.8319,0.07002,0.5091,donor
GUSBP5,0.0845,0.9116,0.9601,donor
NKX2-1,0.0148,0.3739,0.6378,donor
SOX10,0.0639,0.5069,0.7303,donor
ADAMTS5,0.4493,0.6024,0.7908,donor
MACROD2,-0.4524,0.489,0.7182,donor
B3GNT6,0.0377,0.233,0.6378,donor
NDNL2,-0.4975,0.04324,0.4404,donor
CDCA5,-0.387,0.3802,0.6428,donor
MED30,-0.9007,0.03539,0.4276,donor
CRISPLD2,0.0638,0.6921,0.8455,donor
NRIP2,0.9583,0.1325,0.6156,donor
CSMD2,0.0388,0.8821,0.9473,donor
PSMD5-AS1,0.3637,0.5156,0.7361,donor
CTNNB1,0.0701,0.7606,0.886,donor
HCN2,-0.1152,0.3054,0.6378,donor
DGCR5,-0.7017,0.03568,0.4276,donor
DDX39B##6,0.1361,0.2024,0.6378,donor
DGCR11,-0.1404,0.8512,0.9325,donor
LINC01311,0.0086,0.9873,0.9944,donor
LXN,-0.987,0.0682,0.5048,donor
NCLN,1.4685,0.001072,0.209,donor
ITLN1,0.025,0.1873,0.6378,donor
DNAJB8,-0.0569,0.3632,0.6378,donor
PLCXD2,-2.2149,0.004487,0.2594,donor
MEIS3,0.8859,0.03974,0.4313,donor
EAF2,0.0247,0.96,0.982,donor
EXOSC5,0.0779,0.8462,0.9298,donor
EMC7,0.0989,0.6943,0.8471,donor
STRIP2,1.3287,0.2752,0.6378,donor
CIT,1.8776,0.0825,0.5356,donor
NDC80,0.3111,0.3739,0.6378,donor
PHF5A,-0.4965,0.4829,0.7142,donor
HPDL,-0.1608,0.2835,0.6378,donor
RAX2,0.0275,0.3739,0.6378,donor
HDGFRP2,0.7449,0.119,0.5944,donor
KIF1B,0.5473,0.0567,0.4777,donor
TUBG2,0.5064,0.2962,0.6378,donor
EFR3B,0.363,0.3969,0.6551,donor
MYCBP2,0.7912,0.05558,0.4741,donor
CFHR2,0.0295,0.3739,0.6378,donor
MKRN3,0.4596,0.3204,0.6378,donor
LOC388849,0.3597,0.4086,0.6639,donor
LINC00896,0.1366,0.4874,0.7176,donor
PRKCI,0.173,0.6827,0.8398,donor
TLR9,-0.4399,0.3412,0.6378,donor
A4GALT,-0.0358,0.6153,0.7988,donor
POM121L4P,0.2094,0.1877,0.6378,donor
TMEM191A,-0.0476,0.9063,0.9583,donor
PRSS55,-0.0394,0.3632,0.6378,donor
GIMAP6,0.0423,0.2028,0.6378,donor
FRZB,-1.5044,0.131,0.6129,donor
MMP15,0.0599,0.92,0.9641,donor
CBR3,-0.7107,0.2113,0.6378,donor
SLC5A1,-1.874,0.07833,0.5246,donor
P2RX6P,0.1505,0.1362,0.6198,donor
ZNF197,0.0099,0.9745,0.9894,donor
ACTG1P20,-0.0797,0.6896,0.844,donor
TMEM223,-0.4296,0.5302,0.7446,donor
CYP51A1,0.1426,0.6814,0.8389,donor
PI4KAP2,0.7905,0.005873,0.2658,donor
SFTPA2,-0.0917,0.8841,0.9481,donor
DSG1,0.1698,0.3739,0.6378,donor
DARS,-1.1951,0.019,0.3592,donor
B3GALT2,-0.279,0.5845,0.7783,donor
B3GALT4,0.2744,0.3163,0.6378,donor
MRPL40,0.0919,0.4848,0.7157,donor
S1PR4,0.0422,0.3739,0.6378,donor
PFDN4,-0.2234,0.2212,0.6378,donor
SRSF9,-0.5731,0.01019,0.3034,donor
PSAP,0.3917,0.1173,0.5927,donor
PER1,1.3954,0.04868,0.4566,donor
SERPINF1,0.2188,0.1684,0.6378,donor
FABP3,-0.2331,0.6107,0.7955,donor
PDK4,2.7127,0.03932,0.4295,donor
POM121L1P,0.0102,0.3739,0.6378,donor
CES5AP1,-0.1815,0.3632,0.6378,donor
LINC01104,0.0604,0.3084,0.6378,donor
TRIM52-AS1,-1.3601,0.01981,0.3603,donor
NBPF13P,0.0647,0.3739,0.6378,donor
GSTTP2,-0.1524,0.3677,0.6378,donor
IL17RE,0.097,0.8899,0.9496,donor
APOL1,0.248,0.728,0.8677,donor
RGPD2##1,0.39,0.3643,0.6378,donor
STS,0.1574,0.8557,0.9348,donor
ABCA4,0.0616,0.7541,0.883,donor
TNNI3,-0.0371,0.5615,0.7644,donor
TH,0.315,0.5791,0.7749,donor
GPR143,0.2524,0.7391,0.8743,donor
PNP,0.694,0.2851,0.6378,donor
EEF1A2,-1.8249,0.02002,0.3603,donor
FBP1,0.7276,0.5101,0.7333,donor
PTEN,-1.1184,0.02031,0.3616,donor
TRPC5OS,0.0039,0.9913,0.9961,donor
TLR2,0.1074,0.3223,0.6378,donor
VCAM1,0.0035,0.9603,0.9821,donor
RNLS,-1.2585,0.002007,0.2294,donor
LILRB3##1,0.2653,0.2987,0.6378,donor
PPM1N,0.1475,0.7491,0.8805,donor
ZNF878,-0.0219,0.9225,0.9653,donor
DMBX1,0.0548,0.4654,0.7022,donor
ABTB1,1.2499,0.09232,0.5549,donor
MAP2K7,0.9657,0.01193,0.3142,donor
SFI1,1.0145,0.02615,0.3914,donor
OR2V2,-0.0245,0.3632,0.6378,donor
PPP1CB,-0.4707,0.1345,0.6186,donor
CTXN1,0.0919,0.7049,0.8528,donor
TMIGD1,0.0298,0.8331,0.9244,donor
PXMP4,-1.0231,0.2766,0.6378,donor
EML5,-0.1517,0.804,0.9101,donor
CYP26C1,-0.0103,0.6652,0.8298,donor
ADCY5,-0.6169,0.2569,0.6378,donor
BTBD8,0.3671,0.534,0.7467,donor
ROCK1,0.2516,0.266,0.6378,donor
SMOX,-0.0963,0.873,0.9427,donor
GCN1L1,0.8915,0.003207,0.2385,donor
RFPL1S,0.0724,0.8653,0.9394,donor
SLC35A1,-0.379,0.4063,0.662,donor
DNAJC12,-0.8134,0.009577,0.2986,donor
ANKRD28,-0.3667,0.3989,0.657,donor
DCHS2,-0.0394,0.3632,0.6378,donor
REG1P,-0.0045,0.8055,0.9106,donor
KIF23,0.3022,0.1586,0.6378,donor
GRHL3,-0.1242,0.8695,0.9414,donor
OXSR1,-0.5159,0.3273,0.6378,donor
CDK5,0.6812,0.2727,0.6378,donor
NUCB2,0.5984,0.07037,0.5091,donor
PRMT3,-0.9645,0.1846,0.6378,donor
TXNDC9,-0.0573,0.876,0.9443,donor
PPP1R3C,-1.3774,0.06103,0.4865,donor
VNN1,0.0394,0.6924,0.8457,donor
LHFPL2,0.678,0.3236,0.6378,donor
LHFP,-1.7734,0.02215,0.3682,donor
PIK3CD-AS2,-1.0073,0.05555,0.4741,donor
TOP3A,0.169,0.8685,0.941,donor
USP9Y,0.7801,0.718,0.8611,donor
ZNF256,-1.5606,0.2138,0.6378,donor
LPCAT3,0.2936,0.3156,0.6378,donor
USP11,-0.419,0.5101,0.7333,donor
C21orf33##1,-0.067,0.8113,0.9133,donor
NDUFS2,-0.1579,0.2566,0.6378,donor
PLSCR2,0.7761,0.2209,0.6378,donor
COG4,0.3136,0.6295,0.8078,donor
STRADB,0.5482,0.4688,0.7041,donor
RNU6-28P,-0.0244,0.3632,0.6378,donor
USP20,1.5613,0.0167,0.3436,donor
ZBED3-AS1,-0.3834,0.4257,0.6757,donor
NUTM2A-AS1,0.6231,0.2597,0.6378,donor
ADAM6,0.5967,0.3337,0.6378,donor
CASC8,0.1506,0.3739,0.6378,donor
LOC730101,-1.5921,0.1399,0.6239,donor
SNAI3-AS1,0.768,0.184,0.6378,donor
PLEKHM1P,1.0363,0.1145,0.5867,donor
LOC441666,0.7716,0.2269,0.6378,donor
FAM86B3P,0.2263,0.422,0.6732,donor
LINC00086,0.5555,0.3728,0.6378,donor
ZFHX4-AS1,0.0387,0.3739,0.6378,donor
FBLL1,-0.408,0.5105,0.7333,donor
LOC284023,-0.809,0.4062,0.6619,donor
LINC00238,0.3565,0.1698,0.6378,donor
SPACA6P,0.2624,0.6656,0.8299,donor
ZEB1-AS1,0.0774,0.892,0.9508,donor
FLJ37453,-0.7511,0.1312,0.6129,donor
LINC00635,0.1507,0.33,0.6378,donor
SEPT7P2,0.0896,0.8377,0.9259,donor
PCAT18,-0.1202,0.4167,0.6694,donor
FAM86FP,0.836,0.1423,0.6285,donor
FAM86EP,1.2342,0.04778,0.4537,donor
FAM86JP,-0.07,0.8889,0.9494,donor
TSSC2,-0.0184,0.796,0.9058,donor
MUM1,0.4515,0.3968,0.6551,donor
LINC00934,0.0217,0.6604,0.8276,donor
FAM86DP,0.2068,0.7347,0.8724,donor
KBTBD4,0.1682,0.5068,0.7303,donor
MPC2,-0.3188,0.08433,0.5399,donor
APOO,0.1861,0.7095,0.8553,donor
LINC00152,0.2889,0.5129,0.7347,donor
MYBL1,-0.7118,0.1544,0.6378,donor
ARF1,0.0509,0.6859,0.8416,donor
AREG,-0.104,0.3828,0.6443,donor
FES,0.2635,0.3919,0.6518,donor
SHROOM2,1.5538,0.07013,0.5091,donor
KLK3,0.0673,0.3739,0.6378,donor
PPAP2C,2.3046,0.006996,0.2753,donor
NUDT14,-0.553,0.2591,0.6378,donor
PKHD1L1,0.7613,0.182,0.6378,donor
IFNA21,-0.0126,0.3632,0.6378,donor
LUC7L2##1,-0.4741,0.05834,0.48,donor
TFEC,-0.0147,0.3632,0.6378,donor
CDRT4,0.2717,0.08999,0.5496,donor
RRBP1,1.8829,0.004783,0.2594,donor
FCHSD2,0.3313,0.4148,0.6684,donor
GLUD2,0.4422,0.1188,0.5941,donor
MYLIP,-0.585,0.2063,0.6378,donor
HDHD1,-2.0641,0.04112,0.434,donor
CCT5,-0.661,0.0006395,0.209,donor
CD93,-0.0905,0.3939,0.6533,donor
CD300A,0.1744,0.1845,0.6378,donor
GPR176,-0.1151,0.8985,0.9543,donor
SPIN2A,0.2924,0.5776,0.774,donor
PCDHA12,1.0315,0.02083,0.3644,donor
ETAA1,-0.721,0.4341,0.6819,donor
TTC3,0.1795,0.2036,0.6378,donor
TTC1,-0.4188,0.09023,0.5503,donor
LOC102723769,-0.0789,0.65,0.8203,donor
ZNF853,0.8306,0.1088,0.5788,donor
ANKS1A,0.7551,0.07727,0.5228,donor
PPP2R3C,-0.5814,0.1218,0.5979,donor
STK32B,0.0526,0.3865,0.647,donor
MIER2,0.8358,0.1918,0.6378,donor
CNOT11,-0.6394,0.2559,0.6378,donor
HAO1,0.0102,0.3739,0.6378,donor
TYW1B,-0.0671,0.9192,0.9637,donor
RPL32,-0.225,0.1067,0.5749,donor
ACACB,1.9206,0.001533,0.2293,donor
FAM159A,-0.0063,0.9687,0.9866,donor
MSANTD1,0.3498,0.3285,0.6378,donor
CBY1,0.589,0.0596,0.4837,donor
MOB1B,0.1667,0.6588,0.8263,donor
CCDC114,1.191,0.2875,0.6378,donor
DOK6,0.4839,0.1511,0.6378,donor
SFXN5,2.4463,0.0001224,0.2059,donor
MAP3K19,0.2599,0.5692,0.7688,donor
SNORD83B,0.3509,0.08457,0.5404,donor
SNORD83A,0.3078,0.265,0.6378,donor
RNU86,-0.2019,0.6048,0.7925,donor
EMX2OS,0.1595,0.2382,0.6378,donor
TSKU,-2.4986,0.01453,0.332,donor
CD320,0.3842,0.233,0.6378,donor
SULT1A2,0.1945,0.3302,0.6378,donor
CELA2B,0.1874,0.2552,0.6378,donor
TMEM8B,0.4039,0.4141,0.6679,donor
RPGRIP1L,-0.8312,0.3141,0.6378,donor
ZCCHC11,0.1004,0.6364,0.8117,donor
MIOX,0.1746,0.6997,0.85,donor
TRIM44,0.5506,0.04158,0.4364,donor
UBE2Q1,-0.4957,0.1236,0.6022,donor
GRAMD1C,-0.7948,0.3689,0.6378,donor
LOC101928401,0.0673,0.3739,0.6378,donor
B4GALT1-AS1,-0.4359,0.112,0.584,donor
LOC101929241,0.0288,0.3739,0.6378,donor
LOC101927668,-0.0687,0.9233,0.9656,donor
LOC100507468,0.0613,0.612,0.7962,donor
LOC100240728,0.2567,0.3739,0.6378,donor
LOC101929607,0.0275,0.3739,0.6378,donor
LINC01103,0.0845,0.2027,0.6378,donor
CASC18,-0.4796,0.4275,0.6773,donor
IL12A-AS1,0.0799,0.1252,0.6026,donor
OVOL1-AS1,0.4224,0.2601,0.6378,donor
LINC01176,0.13,0.8336,0.9246,donor
LINC01069,0.1218,0.3739,0.6378,donor
ITPR1-AS1,0.1283,0.8584,0.9362,donor
LOC101928937,0.0443,0.208,0.6378,donor
TNKS2-AS1,0.4782,0.5215,0.7395,donor
SHISA8,-0.2761,0.1997,0.6378,donor
CPSF3L,0.6823,0.1373,0.6209,donor
LINC00304,0.1879,0.4624,0.7007,donor
GBA##1,0.4817,0.3342,0.6378,donor
SGSH,0.4522,0.2261,0.6378,donor
MMP14,-0.058,0.3246,0.6378,donor
SLC27A4,1.5106,0.01319,0.3232,donor
RND3,-0.6457,0.5291,0.7441,donor
RALGDS,0.7519,0.1773,0.6378,donor
ANKRD44,1.6869,0.07523,0.5199,donor
TTL,0.7379,0.08438,0.5399,donor
RNU12,-0.0357,0.791,0.9028,donor
ARF6,-0.8562,0.1491,0.6378,donor
ARF3,0.6266,0.03,0.4095,donor
OAZ2,0.037,0.8715,0.9421,donor
PHIP,0.2766,0.1614,0.6378,donor
KDM4D,1.0162,0.1885,0.6378,donor
RPRD2,0.6596,0.0005025,0.209,donor
PREX1,1.3923,0.004258,0.2594,donor
N4BP2,-0.0687,0.8922,0.9509,donor
EVA1B,-0.3705,0.2391,0.6378,donor
RIC8B,0.5144,0.2974,0.6378,donor
FNIP2,-0.6018,0.1807,0.6378,donor
BBS7,0.3925,0.1912,0.6378,donor
ASF1B,0.4616,0.4509,0.6924,donor
ATP10A,0.1175,0.3739,0.6378,donor
LSM10,0.175,0.6242,0.8046,donor
SLC41A1,0.5957,0.2912,0.6378,donor
ZFP28,-0.1586,0.6649,0.8298,donor
LOC101929584,0.0956,0.2899,0.6378,donor
CRAMP1L,2.1568,0.003798,0.2563,donor
LOC101926928,-0.0205,0.3632,0.6378,donor
LOC101926943,0.3955,0.2332,0.6378,donor
LOC101928731,0.4852,0.4134,0.6675,donor
LOC101927550,0.5236,0.2851,0.6378,donor
LOC101928597,-0.0305,0.8377,0.9259,donor
SIRPG-AS1,0.2963,0.3739,0.6378,donor
LOC101927356,1.2631,0.08901,0.5486,donor
LOC101927243,0.3066,0.06323,0.4926,donor
LOC101927021,-0.715,0.3317,0.6378,donor
LINC01441,0.0775,0.3023,0.6378,donor
LOC101927901,-0.5142,0.03655,0.4276,donor
LOC101927045,0.1617,0.7125,0.8579,donor
LINC01234,-0.5916,0.3632,0.6378,donor
DEFB136,0.0729,0.3739,0.6378,donor
LOC101929106,0.055,0.3739,0.6378,donor
LINC00211,-0.0147,0.8404,0.9271,donor
LOC101928992,-0.0125,0.3632,0.6378,donor
MIR24-2,0.0236,0.7511,0.8814,donor
GTSE1-AS1,0.972,0.3003,0.6378,donor
LOC100130705,0.0981,0.8139,0.9146,donor
PLEKHA4,-0.1808,0.7725,0.8914,donor
EI24,-0.3126,0.227,0.6378,donor
TMPO,0.3333,0.3886,0.6493,donor
ZNF646,-0.853,0.2968,0.6378,donor
SH3KBP1,-0.3764,0.5517,0.7586,donor
GNL3,-0.2041,0.7568,0.8844,donor
PRSS56,-0.0989,0.5994,0.7891,donor
PRELP,0.5612,0.2204,0.6378,donor
USP51,-0.1218,0.8823,0.9473,donor
CADPS,0.4026,0.277,0.6378,donor
CRIP3,0.973,0.07003,0.5091,donor
ARL9,0.235,0.6704,0.8323,donor
NRP2,-0.4421,0.5433,0.7528,donor
OSGIN1,-1.0369,0.3209,0.6378,donor
MS4A10,0.1139,0.2405,0.6378,donor
IRF2BP2,-1.0244,0.03209,0.4167,donor
ZDHHC3,-0.1749,0.5601,0.7635,donor
TRABD2A,0.0074,0.762,0.8861,donor
PFDN1,-0.1685,0.1786,0.6378,donor
TRIM72,0.0625,0.3143,0.6378,donor
TFCP2L1,0.4744,0.302,0.6378,donor
CANX,0.0044,0.983,0.9927,donor
CAMK4,1.5375,0.0481,0.455,donor
RPL23AP82,0.5168,0.07771,0.5233,donor
ARRDC5,0.0074,0.762,0.8861,donor
PAICS,-0.3985,0.06677,0.501,donor
SPINK8,0.2255,0.3383,0.6378,donor
SDK2,0.8104,0.3444,0.6378,donor
MYL6B,0.0231,0.9393,0.9734,donor
PNLIPRP1,0.4327,0.2395,0.6378,donor
CPNE2,-0.4721,0.3986,0.6568,donor
ZFYVE27,0.4228,0.2258,0.6378,donor
GTF2E1,-0.2542,0.3303,0.6378,donor
ZNF587B,0.6097,0.3837,0.645,donor
FABP4,-0.0125,0.3632,0.6378,donor
BLMH,-0.0172,0.9714,0.9881,donor
CSNK1E,-0.0834,0.2873,0.6378,donor
MED19,0.3275,0.2724,0.6378,donor
NLRP5,0.1315,0.4498,0.6919,donor
TCOF1,1.0501,0.03204,0.4167,donor
ITGB3,-0.4965,0.2544,0.6378,donor
SLC22A18AS##1,0.3962,0.2491,0.6378,donor
TMEM200B,0.104,0.5455,0.7547,donor
FLI1,0.0488,0.1869,0.6378,donor
MIR4675,-0.0412,0.2129,0.6378,donor
MIR4685,-0.0809,0.2739,0.6378,donor
MIR4676,0.0054,0.9564,0.9808,donor
DYNC1I2,-0.721,0.06166,0.4887,donor
LOC100130357,-0.1155,0.8741,0.9432,donor
FAM92B,0.1562,0.3739,0.6378,donor
LSAMP,2.0719,0.006413,0.2708,donor
BCRP2,0.086,0.3783,0.641,donor
MIR2681,0.055,0.3739,0.6378,donor
MIR2682,0.0148,0.3739,0.6378,donor
MIR378D2,0.0464,0.4731,0.7075,donor
PSENEN,-0.0071,0.9747,0.9894,donor
HERC6,-0.8006,0.5127,0.7346,donor
RNASEH2C,0.2223,0.4815,0.7133,donor
MIR2276,-0.0512,0.48,0.7122,donor
MIR2117,-0.0147,0.3632,0.6378,donor
MIR3151,0.0102,0.3739,0.6378,donor
MIR1973,0.3354,0.4203,0.6718,donor
MIR1914,-0.0257,0.5174,0.7371,donor
MIR320D1,-0.0126,0.3632,0.6378,donor
MIR1908,-0.0125,0.3632,0.6378,donor
MIR544B,-0.0358,0.3632,0.6378,donor
ADAMTS9-AS1,0.0288,0.3739,0.6378,donor
LOC100506071,0.1095,0.4238,0.6745,donor
LOC100505658,0.1366,0.7373,0.8738,donor
MSH5-SAPCD1,0.3046,0.2221,0.6378,donor
MACROD2-AS1,-0.0869,0.898,0.9543,donor
ITGB2-AS1,-0.0359,0.3632,0.6378,donor
NPPA-AS1,1.517,0.002612,0.2306,donor
ZNF321P,-0.0785,0.2825,0.6378,donor
MFI2-AS1,-0.776,0.1673,0.6378,donor
ZNF625-ZNF20,-0.1593,0.6341,0.8105,donor
LOC100505716,1.6252,0.02524,0.3879,donor
LOC100507194,0.0903,0.3739,0.6378,donor
TMEM256-PLSCR3,0.0892,0.4623,0.7005,donor
RNASEK-C17orf49,0.02,0.3739,0.6378,donor
RASA3,1.4081,0.1106,0.5826,donor
RALY,0.0556,0.8568,0.9354,donor
STK4,0.9029,0.1113,0.5827,donor
CIDECP,0.0731,0.9018,0.9557,donor
MARK4,0.6749,0.3038,0.6378,donor
CELA2A,0.3806,0.5338,0.7466,donor
LINC00852,0.4528,0.3276,0.6378,donor
CRYBB2,0.2903,0.3657,0.6378,donor
FMO5,-1.5473,0.05244,0.466,donor
IMPDH2,-0.6806,0.1605,0.6378,donor
GH1,-0.0325,0.8176,0.9166,donor
LINC00189,0.0658,0.4417,0.6867,donor
MYOM1,3.4804,0.01786,0.3521,donor
TSHZ3,-0.2628,0.4995,0.7255,donor
CABP5,-0.2287,0.5543,0.76,donor
KIAA1468,0.2117,0.2582,0.6378,donor
MAGEH1,0.2582,0.2582,0.6378,donor
RGCC,1.0594,0.264,0.6378,donor
SNRPE,-0.6699,0.01876,0.3569,donor
GPR115,0.0884,0.3739,0.6378,donor
GPR114,0.2089,0.4878,0.7177,donor
CREG2,-0.1409,0.9059,0.958,donor
GPR113,-0.8502,0.1092,0.5799,donor
FIBCD1,-0.0762,0.3632,0.6378,donor
ATP6V1G2,-0.4112,0.5836,0.7777,donor
LHFPL3-AS2,0.4711,0.2255,0.6378,donor
ATP2C2,0.9866,0.1823,0.6378,donor
TPRXL,-0.5341,0.3632,0.6378,donor
ARHGAP19,1.9096,0.05464,0.4718,donor
MYO7B,0.1189,0.3328,0.6378,donor
HS2ST1,-0.3649,0.4819,0.7134,donor
KLHL6,0.4413,0.2725,0.6378,donor
FAM177B,-0.1363,0.8368,0.9257,donor
C1orf174,-0.2512,0.466,0.7024,donor
MAP10,-0.7374,0.4445,0.6882,donor
SIX4,0.2394,0.7666,0.8882,donor
HES2,-0.066,0.3632,0.6378,donor
RBM27,0.1385,0.7292,0.8685,donor
ERMAP,0.4966,0.2945,0.6378,donor
GSDMB,1.2519,0.1186,0.5941,donor
TACO1,-0.2601,0.3369,0.6378,donor
DCDC2,-0.0277,0.9543,0.98,donor
CPA4,0.58,0.2066,0.6378,donor
LRRC59,0.8017,0.03419,0.4253,donor
MAD2L2,-0.1089,0.6107,0.7955,donor
GRM8,0.5843,0.3914,0.6514,donor
CBX5,0.3045,0.1192,0.5948,donor
BRI3BP,0.5285,0.3257,0.6378,donor
B3GAT2,0.0629,0.286,0.6378,donor
TSNARE1,1.1585,0.08719,0.5447,donor
CD180,-0.086,0.7469,0.8788,donor
MYBPC2,-0.2245,0.3505,0.6378,donor
PRR23A,-0.0126,0.3632,0.6378,donor
ZNF662,0.7883,0.124,0.6022,donor
LOC283710,0.2297,0.2044,0.6378,donor
SLC38A2,-0.4304,0.3548,0.6378,donor
SEPSECS,0.8154,0.1539,0.6378,donor
PDE11A,0.2244,0.6108,0.7955,donor
SGTB,-0.8482,0.3722,0.6378,donor
GPR27,0.4521,0.2387,0.6378,donor
WDR5B,0.3189,0.3857,0.6464,donor
F11R,-0.3398,0.2774,0.6378,donor
SNTG1,-0.2097,0.764,0.8869,donor
SHC3,-0.1822,0.7572,0.8847,donor
NECAB2,0.3158,0.6894,0.8439,donor
KCTD21-AS1,-0.0767,0.8733,0.9427,donor
ZNF33BP1,0.7767,0.2815,0.6378,donor
ZNF197-AS1,0.4901,0.4879,0.7177,donor
LOC101927296,0.375,0.2978,0.6378,donor
GCC1,0.3889,0.4291,0.6783,donor
FA2H,1.0053,0.08707,0.5444,donor
HIST1H2AE,0.4728,0.4565,0.6959,donor
KIAA1614,1.4076,0.06653,0.5003,donor
CCDC149,0.496,0.3458,0.6378,donor
DCAF4,0.3212,0.3154,0.6378,donor
DEGS2,-1.1109,0.09786,0.5649,donor
TPH2,0.7208,0.3394,0.6378,donor
FBXL2,-0.0264,0.9494,0.9781,donor
C17orf107,1.0604,0.1575,0.6378,donor
UBAP1L,1.5319,0.04139,0.435,donor
IFT46,0.0226,0.9503,0.9781,donor
PRTN3,-0.1656,0.1457,0.6337,donor
PRPS1,0.2346,0.4749,0.7088,donor
NAT8,0.1674,0.4263,0.6762,donor
BTBD19,1.2903,0.02133,0.3644,donor
SLC39A1,-0.5296,0.09645,0.5617,donor
ZMAT1,-0.5528,0.3548,0.6378,donor
ZNF165,1.3965,0.1603,0.6378,donor
ZNF157,0.4205,0.6572,0.8249,donor
MN1,0.2998,0.3018,0.6378,donor
MMP13,0.0563,0.3739,0.6378,donor
ZNF141,-0.3954,0.4458,0.6887,donor
ZNF136,-0.3994,0.2975,0.6378,donor
ZNF132,-0.8434,0.4223,0.6732,donor
MMP10,-0.0125,0.3632,0.6378,donor
LOC101928441,0.0102,0.3739,0.6378,donor
LOC101928471,0.0102,0.3739,0.6378,donor
PF4V1,0.0422,0.3739,0.6378,donor
ZNF37A,0.1815,0.5426,0.7524,donor
ZNF35,1.1641,0.09446,0.5584,donor
PEX13,-0.9296,0.116,0.5897,donor
PEX10,0.5947,0.2947,0.6378,donor
MMP1,-0.0542,0.8132,0.9141,donor
UTF1,-0.0205,0.3632,0.6378,donor
YWHAH,-1.1572,0.002364,0.2294,donor
PDGFRB,-0.0986,0.3547,0.6378,donor
SMG5,0.5258,0.1466,0.6348,donor
SGK494,1.8752,0.02191,0.3681,donor
CHL1-AS1,-0.0876,0.6002,0.7894,donor
ADHFE1,0.0056,0.9862,0.9941,donor
PACERR,-0.2931,0.6534,0.8226,donor
SNORA6,0.2016,0.5969,0.7872,donor
SNORA62,0.4079,0.2466,0.6378,donor
LHX4,0.6697,0.04482,0.4445,donor
VPS13A,0.6228,0.07615,0.5216,donor
DPCD,-0.3081,0.1158,0.589,donor
TXNDC8,0.0074,0.762,0.8861,donor
OTOF,0.0,0.9985,0.9993,donor
AHSG,0.0321,0.7508,0.8814,donor
CLDND1,-0.3444,0.1748,0.6378,donor
GRAMD1A,0.2425,0.4648,0.7021,donor
C5orf49,-0.5525,0.4602,0.6992,donor
CNTLN,1.2081,0.103,0.5709,donor
TMEM132D,-0.7934,0.2508,0.6378,donor
GRIN3A,-0.2094,0.5542,0.76,donor
ACKR3,0.0647,0.3739,0.6378,donor
BRWD3,-0.5289,0.3038,0.6378,donor
ZNF146,0.0623,0.8559,0.935,donor
LRRC2-AS1,-0.079,0.344,0.6378,donor
C14orf80,1.7014,0.001787,0.2293,donor
DYNLL1,-0.3371,0.09389,0.5571,donor
KCND3,0.748,0.3626,0.6378,donor
NUMB,-0.3424,0.5147,0.7358,donor
NCOA1,0.3861,0.1773,0.6378,donor
ST6GAL2,0.2107,0.3739,0.6378,donor
AMH,0.2921,0.6349,0.811,donor
HGF,1.2219,0.04836,0.456,donor
EIF1AX,-0.3857,0.2436,0.6378,donor
EIF3K,0.0338,0.8614,0.9377,donor
HMGA2,0.0,0.9985,0.9993,donor
CUL5,-0.6383,0.02154,0.3659,donor
CTBS,-0.8148,0.01049,0.306,donor
TLR1,-0.8072,0.3937,0.6532,donor
SEC62,-0.3723,0.01525,0.3355,donor
TIMP1,-0.3744,0.3731,0.6378,donor
SYNE1,1.7017,0.003151,0.2385,donor
VPS25,-0.205,0.328,0.6378,donor
ZNF397,-0.8337,0.3411,0.6378,donor
DDI2,-0.3917,0.4391,0.6858,donor
UQCC2,0.2686,0.3955,0.6545,donor
GINS4,-0.2636,0.4971,0.7236,donor
UTP23,0.1052,0.7065,0.8535,donor
NTPCR,-0.5302,0.3363,0.6378,donor
NICN1,0.3702,0.3837,0.645,donor
CS,-0.0233,0.873,0.9427,donor
SQLE,0.573,0.07447,0.5192,donor
SPR,-0.2369,0.4736,0.7078,donor
SP4,-0.8194,0.03352,0.4214,donor
COX8A,-0.2423,0.2058,0.6378,donor
SDC2,-0.2663,0.1934,0.6378,donor
PLK3,0.5131,0.3266,0.6378,donor
CMKLR1,0.3685,0.1801,0.6378,donor
BTAF1,0.5311,0.2028,0.6378,donor
TMEM184B,0.5182,0.08641,0.5436,donor
GPR33,0.0961,0.3739,0.6378,donor
PBX1,0.8733,0.03811,0.4285,donor
FDX1,-0.2139,0.4424,0.6872,donor
SLC34A1,0.261,0.2608,0.6378,donor
SLC10A1,0.301,0.1373,0.6209,donor
RPL15,-0.1925,0.2161,0.6378,donor
SMARCB1,-0.1069,0.6793,0.8378,donor
CDKL5,1.2689,0.07267,0.5151,donor
ROS1,0.0801,0.2964,0.6378,donor
EMX1,0.2327,0.2758,0.6378,donor
EIF4EBP2,0.0506,0.8257,0.9203,donor
SIM2,-0.1165,0.8385,0.9259,donor
SPI1,0.0156,0.8086,0.9122,donor
LARP4B,-0.528,0.08661,0.544,donor
PHF3,0.1968,0.4907,0.719,donor
GPD1L,-0.1741,0.7291,0.8684,donor
SLC35D1,0.1514,0.8826,0.9474,donor
PRKAR2A-AS1,1.5993,0.03476,0.4255,donor
SUCLG2-AS1,-0.161,0.8852,0.9483,donor
LOC101927239,-0.0057,0.9687,0.9866,donor
LOC101927237,0.0809,0.8601,0.9371,donor
LOC101928882,0.2838,0.3927,0.6524,donor
LOC101927211,0.2456,0.5259,0.7419,donor
ZIM2-AS1,-0.4875,0.3211,0.6378,donor
LOC100506700,0.0288,0.3739,0.6378,donor
TIMM23B,0.1513,0.7518,0.8818,donor
LOC100506476,0.3893,0.5847,0.7783,donor
NRSN2-AS1,-1.3661,0.03624,0.4276,donor
LOC100507661,0.7853,0.1776,0.6378,donor
ZNF75D,-0.894,0.3334,0.6378,donor
OTUD4,0.2481,0.424,0.6746,donor
HIC1,-0.1568,0.2835,0.6378,donor
ZNF836,0.7256,0.2397,0.6378,donor
RASSF7,0.2153,0.6197,0.8014,donor
DAGLB,-0.1941,0.8027,0.9095,donor
ALKBH1,-1.0068,0.2221,0.6378,donor
TXNL1,-0.6322,0.01064,0.3063,donor
HCAR3,0.1879,0.2205,0.6378,donor
KATNB1,1.3462,0.06334,0.4928,donor
SNAP29,-0.4536,0.2181,0.6378,donor
VAMP3,-0.2883,0.2733,0.6378,donor
PTGDR2,1.019,0.1369,0.6203,donor
MED1,0.5746,0.1173,0.5927,donor
MMP20,0.0148,0.3739,0.6378,donor
MZT2A,-0.4326,0.1037,0.5731,donor
KCP,0.1212,0.2843,0.6378,donor
PPM1F,0.309,0.6242,0.8046,donor
MAP4K1,0.1861,0.6089,0.7944,donor
STRAP,-0.2752,0.08308,0.5367,donor
C14orf1,0.311,0.2358,0.6378,donor
TAAR2,0.0102,0.3739,0.6378,donor
S100A6,1.2006,0.0408,0.434,donor
MEA1,-0.6124,0.0682,0.5048,donor
ADGB,0.052,0.3809,0.6432,donor
CCAR2,0.8605,0.05681,0.4777,donor
GATAD1,0.6288,0.2353,0.6378,donor
RHBDL2,0.4106,0.3127,0.6378,donor
CROT,0.6198,0.2152,0.6378,donor
RBM5-AS1,0.2578,0.7511,0.8814,donor
RPS6KA1,0.1913,0.8211,0.9182,donor
RPS2,-0.4687,0.05713,0.4783,donor
MRPL12,0.5247,0.1004,0.5679,donor
FAIM,-0.6271,0.1505,0.6378,donor
MBNL1,-0.0812,0.6605,0.8277,donor
DHX57,0.6536,0.4404,0.6864,donor
SEMA3G,0.2126,0.4268,0.6767,donor
LIN7B,-0.221,0.616,0.799,donor
C1GALT1,-1.1129,0.002659,0.2306,donor
SACS-AS1,-0.0359,0.3632,0.6378,donor
ZNF192P1,-0.2964,0.6195,0.8014,donor
TRAM2-AS1,-0.5697,0.3133,0.6378,donor
RBFADN,0.5761,0.4017,0.659,donor
C8orf49,0.0295,0.3739,0.6378,donor
GSN-AS1,2.5578,0.001199,0.2138,donor
TMEM75,0.192,0.3739,0.6378,donor
LINC01024,-0.6606,0.588,0.7801,donor
LINC00911,0.0102,0.3739,0.6378,donor
DBH-AS1,0.4399,0.2208,0.6378,donor
STPG2-AS1,0.0682,0.4915,0.7199,donor
LINC00678,0.342,0.2327,0.6378,donor
MOGS,0.8971,0.1028,0.5706,donor
GSK3B,0.5509,0.2782,0.6378,donor
EFNB3,1.1524,0.2171,0.6378,donor
IQCF3,0.1106,0.3739,0.6378,donor
RRP9,1.1309,0.1026,0.5705,donor
FAM53C,0.4392,0.3092,0.6378,donor
TARBP1,1.4441,0.09901,0.5672,donor
EIF3M,-0.0151,0.8916,0.9507,donor
NOP2,0.5994,0.2793,0.6378,donor
TERF2,0.2344,0.573,0.7712,donor
CPN1,0.025,0.1873,0.6378,donor
FKBP6,0.2713,0.2429,0.6378,donor
GALNT4,-0.1459,0.5317,0.7456,donor
UBE2D1,-0.107,0.7935,0.9042,donor
KIF3C,-0.1313,0.8287,0.9218,donor
CHRNA2,-0.1603,0.3632,0.6378,donor
CHRM4,0.0552,0.8867,0.9485,donor
CHRM3,-1.6701,0.05175,0.4659,donor
NPAS2,-0.2956,0.601,0.79,donor
NOV,0.8445,0.4203,0.6718,donor
NME3,0.2479,0.5865,0.7792,donor
GPNMB,-0.2566,0.6373,0.8124,donor
PVRL2,0.387,0.3076,0.6378,donor
MT1F,-2.4104,0.03532,0.4276,donor
NGFR,-1.125,0.2095,0.6378,donor
NDST2,0.3804,0.4668,0.7029,donor
CNTNAP1,0.9955,0.1112,0.5826,donor
NDUFS8,0.5149,0.05461,0.4718,donor
PRKCG,0.4269,0.1706,0.6378,donor
NDUFS4,-0.5109,0.09914,0.5672,donor
PKP4,0.8499,0.348,0.6378,donor
SMIM4,0.3232,0.3194,0.6378,donor
KIAA1549,0.9951,0.3398,0.6378,donor
SNORD19,-0.1203,0.7023,0.8515,donor
SNORD69,0.3403,0.2,0.6378,donor
CDH19,0.7548,0.3739,0.6378,donor
LOC100144595,0.4716,0.3238,0.6378,donor
LRRC69,0.4871,0.3192,0.6378,donor
DCT,0.3403,0.6656,0.83,donor
GTF2H5,-0.4859,0.01965,0.3603,donor
RNF216,0.3955,0.527,0.7427,donor
ASTN1,1.9665,0.09169,0.5541,donor
WASIR2,0.1171,0.3739,0.6378,donor
FIBP,-0.2411,0.1775,0.6378,donor
SPAG17,0.3806,0.1474,0.6363,donor
PGM1,-0.1069,0.6924,0.8457,donor
FGD2,0.3631,0.3117,0.6378,donor
ERC2-IT1,0.0673,0.3739,0.6378,donor
MDH2,-0.5862,0.1351,0.6188,donor
KRT19,-0.6952,0.2012,0.6378,donor
HSPB7,0.0522,0.4696,0.7046,donor
ZNF318,0.1245,0.784,0.8986,donor
TRPM5,1.5982,0.01416,0.3288,donor
NCS1,1.3257,0.2456,0.6378,donor
TTC26,1.2785,0.06025,0.4852,donor
MRPL34,-0.0042,0.9874,0.9944,donor
MOSPD3,0.3127,0.3224,0.6378,donor
CHID1,0.7758,0.04976,0.4609,donor
CAMKV,-0.3464,0.2073,0.6378,donor
DDX50,-0.2097,0.5505,0.7582,donor
MS4A5,0.02,0.3739,0.6378,donor
KCNT1,0.4568,0.1358,0.6195,donor
DBNDD1,-0.2563,0.4755,0.7093,donor
METRN,0.9747,0.1473,0.6363,donor
CUEDC2,0.2461,0.5052,0.729,donor
RASL11B,-0.517,0.199,0.6378,donor
C19orf43,-0.5209,0.1835,0.6378,donor
PDIA2,0.5637,0.1379,0.6216,donor
OSBPL10,-0.5214,0.189,0.6378,donor
TMEM179,1.5342,0.02165,0.3663,donor
CFAP47,0.8745,0.2332,0.6378,donor
TRIM56,0.7004,0.2194,0.6378,donor
LRRN1,-0.3755,0.5316,0.7456,donor
RASSF8-AS1,1.3639,0.01393,0.3277,donor
LOC146513,-0.6466,0.002771,0.2306,donor
LINC00637,0.7197,0.3739,0.6378,donor
LINC01268,0.3986,0.2298,0.6378,donor
LYPLAL1-AS1,0.0984,0.8647,0.9394,donor
LOC644838,-0.6915,0.1961,0.6378,donor
LOC100506474,0.176,0.3739,0.6378,donor
MAGI1-AS1,0.3381,0.1178,0.5937,donor
DNAJB14,-0.1799,0.6861,0.8417,donor
ASTN2-AS1,0.4293,0.3739,0.6378,donor
LHX2,-0.0126,0.3632,0.6378,donor
DNAJB5-AS1,0.4298,0.237,0.6378,donor
LINC01251,-0.0249,0.7614,0.8861,donor
LOC102606465,0.8942,0.1049,0.5734,donor
LOC101928269,0.0348,0.1842,0.6378,donor
LINC01476,-0.0719,0.7331,0.8711,donor
ZNF30-AS1,0.6042,0.1974,0.6378,donor
LOC101928797,0.0729,0.3739,0.6378,donor
RAP2C-AS1,-1.0069,0.2626,0.6378,donor
LOC101927847,-0.3171,0.3632,0.6378,donor
LOC100506985,0.3618,0.3752,0.6385,donor
LOC101927502,-0.1464,0.6999,0.8501,donor
LOC101927450,0.308,0.2908,0.6378,donor
LOC100287098,0.0102,0.3739,0.6378,donor
LINC01508,0.1145,0.6855,0.8413,donor
LINC01436,-0.037,0.2018,0.6378,donor
LOC101927780,-0.033,0.1899,0.6378,donor
LINC01186,0.0148,0.3739,0.6378,donor
LOC101928495,-0.0126,0.3632,0.6378,donor
MIR133A1HG,0.925,0.1313,0.6131,donor
LOC400794,-0.0332,0.639,0.8135,donor
CDK7,-0.5604,0.1234,0.6022,donor
GPR116,-0.8267,0.3632,0.6378,donor
TTK,-0.1299,0.7865,0.9005,donor
SCARB2,-0.3538,0.2038,0.6378,donor
MIR1284,0.0359,0.4031,0.6601,donor
C4orf51,0.1937,0.3901,0.6503,donor
PSORS1C1,-0.0905,0.4558,0.6953,donor
LOC101927592,0.5547,0.3657,0.6378,donor
CENPI,-0.0126,0.3632,0.6378,donor
REPIN1,0.5243,0.2481,0.6378,donor
C1orf115,-0.006,0.9919,0.9965,donor
ECHDC3,0.1643,0.7254,0.8662,donor
CA5B,-0.2314,0.8267,0.921,donor
ST18,0.4162,0.3896,0.65,donor
DHX34,1.108,0.01816,0.3542,donor
DOCK10,1.3942,0.1208,0.5962,donor
KIAA0100,0.4517,0.1585,0.6378,donor
PUM1,0.2961,0.5041,0.7282,donor
ARL14,0.355,0.3584,0.6378,donor
FAM192A,0.4618,0.04016,0.4339,donor
MTBP,-0.1454,0.8603,0.9372,donor
OAS3,0.212,0.8224,0.9191,donor
C10orf88,0.4117,0.3525,0.6378,donor
FLJ36000,0.2216,0.3739,0.6378,donor
MIR93,0.0439,0.6611,0.828,donor
PHLDB3,0.6846,0.1905,0.6378,donor
SIAH3,0.0377,0.233,0.6378,donor
ZPBP2,0.0466,0.8547,0.9345,donor
FAM120AOS,-0.7407,0.02534,0.388,donor
SIRT3,0.9583,0.07521,0.5199,donor
OR10J3,0.1012,0.3739,0.6378,donor
PRR25,0.0032,0.933,0.9697,donor
ANP32E,-0.3484,0.3503,0.6378,donor
PLA2G7,0.1046,0.2306,0.6378,donor
ZNF530,0.0029,0.9979,0.9993,donor
CCDC146,1.0189,0.138,0.6217,donor
NONO,0.2965,0.1394,0.6239,donor
RNU6-26P,0.0452,0.8447,0.9292,donor
MCM6,-1.3325,0.1204,0.5962,donor
RAB11FIP4,1.139,0.02535,0.388,donor
MC5R,0.1562,0.3739,0.6378,donor
MAP1B,0.1319,0.4519,0.6931,donor
SOS2,0.0545,0.8675,0.9404,donor
PTPN21,1.4976,0.007966,0.2835,donor
ZNF682,0.2615,0.6943,0.8471,donor
CDH15,0.0422,0.3739,0.6378,donor
ZBTB11-AS1,-0.6444,0.4069,0.6625,donor
MTAP,0.3038,0.5367,0.7489,donor
AP1G1,0.2286,0.5548,0.7603,donor
RRS1,0.1878,0.7699,0.8899,donor
DNAJC27-AS1,-0.556,0.4884,0.7182,donor
LOC389247,0.5471,0.0345,0.4253,donor
LINC00535,0.8659,0.1463,0.6343,donor
LOC100288974,0.2969,0.4452,0.6884,donor
FLJ43315,0.1921,0.4181,0.6705,donor
RGS2,-1.5845,0.03629,0.4276,donor
NKX2-2,1.0268,0.02296,0.3739,donor
NID1,-0.3388,0.2806,0.6378,donor
LINC00636,-0.088,0.3632,0.6378,donor
DCAKD,0.8738,0.01844,0.3566,donor
DSTNP2,-0.2361,0.7724,0.8914,donor
MIR142,-0.0147,0.3632,0.6378,donor
MIR1281,-0.0205,0.3632,0.6378,donor
SLC9A7P1,0.7934,0.1847,0.6378,donor
HSD3BP4,0.2217,0.7621,0.8861,donor
TEX21P,-0.1655,0.1841,0.6378,donor
TMED11P,0.6531,0.03317,0.4199,donor
PIAS4,0.7778,0.09279,0.5554,donor
MIR141,0.1037,0.6646,0.8298,donor
ATP5S,-0.1791,0.6501,0.8203,donor
ATP5L,-0.1271,0.5696,0.769,donor
CBX3P2,0.4398,0.4695,0.7046,donor
LRRC37A11P,-0.0045,0.8055,0.9106,donor
CES1P2,0.0387,0.3739,0.6378,donor
LINC00210,0.0102,0.3739,0.6378,donor
SGSM3,1.4856,0.02025,0.3616,donor
SAMHD1,-0.153,0.856,0.9351,donor
WWTR1,-0.0142,0.9629,0.9836,donor
SOSTDC1,0.158,0.3128,0.6378,donor
ATL3,-0.1766,0.4645,0.7021,donor
NELFB,0.9832,0.101,0.5686,donor
CFC1B,-0.0456,0.08851,0.5483,donor
FBXO16,-0.2254,0.8359,0.9252,donor
KCNJ3,0.3372,0.6948,0.8472,donor
ANO3,-0.0205,0.3632,0.6378,donor
TRIM47,0.901,0.3003,0.6378,donor
FCHSD1,0.6458,0.144,0.6317,donor
SLC36A4,-0.4011,0.2416,0.6378,donor
GABRR3,0.0527,0.3739,0.6378,donor
MYO16-AS1,0.1443,0.2802,0.6378,donor
LOC101928445,0.4517,0.3335,0.6378,donor
PCCA-AS1,-0.209,0.2969,0.6378,donor
UGDH-AS1,0.1781,0.7408,0.8752,donor
FAM173B,0.3602,0.4516,0.6929,donor
SPAG16,-0.1858,0.5095,0.7329,donor
MEG9,0.2114,0.6371,0.8123,donor
LOC101927318,-0.0245,0.3632,0.6378,donor
LINC00907,0.5744,0.4453,0.6884,donor
DIRC3,0.1946,0.4745,0.7085,donor
INE1,1.0224,0.08721,0.5447,donor
KRT72,0.0961,0.3739,0.6378,donor
AIRN,0.1316,0.3739,0.6378,donor
CYLD,0.4364,0.08935,0.5486,donor
LINC01477,-0.0793,0.7027,0.8516,donor
KIAA1715,-0.9655,0.02524,0.3879,donor
SLC25A24,-0.7278,0.04278,0.4383,donor
ARL6IP6,-0.2703,0.3948,0.6538,donor
SH3BP1,-0.0331,0.1897,0.6378,donor
KRBA1,1.2719,0.005017,0.2594,donor
DUSP16,1.0343,0.1411,0.6264,donor
EAF1,-0.1461,0.5559,0.7608,donor
N4BP3,-0.0517,0.9115,0.9601,donor
KNTC1,-0.998,0.1351,0.6188,donor
SLC4A2,0.4284,0.4331,0.681,donor
LOC339862,-0.0103,0.6652,0.8298,donor
LOC148709,0.8407,0.2501,0.6378,donor
ZNF705E,-0.2566,0.1513,0.6378,donor
SLC12A9,0.8095,0.1497,0.6378,donor
MGAT3-AS1,-0.0394,0.3632,0.6378,donor
FOXP1-AS1,0.1901,0.1656,0.6378,donor
ZNF606,0.9394,0.01823,0.3548,donor
NUP210,1.2791,0.008934,0.2929,donor
FRMD1,-0.0205,0.3632,0.6378,donor
GAN,-1.7127,0.01981,0.3603,donor
FKBP10,1.5986,0.06842,0.5051,donor
FBXW4,1.4029,0.004895,0.2594,donor
TIA1,0.214,0.346,0.6378,donor
MIIP,0.466,0.4986,0.7246,donor
KLHL18,0.4744,0.1769,0.6378,donor
FANCE,-0.1055,0.8867,0.9485,donor
SCT,-0.0995,0.08351,0.5383,donor
LINC00222,-0.1122,0.6417,0.8148,donor
TIPARP-AS1,-1.061,0.08411,0.5399,donor
FAM35BP,0.025,0.1873,0.6378,donor
CLDN15,-0.7482,0.157,0.6378,donor
TGM6,0.0162,0.6254,0.805,donor
LOC100129550,1.2021,0.1047,0.5734,donor
FAM228B,-0.1834,0.6641,0.8296,donor
EAPP,-0.2439,0.3099,0.6378,donor
MTM1,0.0132,0.9752,0.9897,donor
RNF220,0.4361,0.3683,0.6378,donor
SLC6A16,0.2636,0.262,0.6378,donor
SNX24,-1.4095,0.1652,0.6378,donor
METTL7A,1.1719,0.09301,0.5557,donor
SLC27A6,-0.3267,0.5014,0.7267,donor
ENTPD7,0.0826,0.8945,0.9522,donor
ZMIZ1,0.144,0.6968,0.8484,donor
PXDN,-0.5616,0.2652,0.6378,donor
SACM1L,0.2684,0.4224,0.6732,donor
DEXI,0.3022,0.564,0.7661,donor
ZCCHC6,-0.0323,0.9633,0.9836,donor
NCAM2,-0.6098,0.232,0.6378,donor
NAP1L3,-0.5958,0.4084,0.6637,donor
NIT1,0.1799,0.7079,0.8544,donor
PRKRIP1,0.1314,0.4733,0.7075,donor
C8orf76,-0.4139,0.1583,0.6378,donor
ZNF534,-0.0895,0.8437,0.9285,donor
EVX2,0.0295,0.3739,0.6378,donor
BEND3,-0.5336,0.492,0.7201,donor
BBS2,-0.2394,0.4355,0.6828,donor
RASSF4,-0.5636,0.1524,0.6378,donor
PLA2G4A,0.1881,0.8899,0.9496,donor
CCDC37-AS1,0.0387,0.3739,0.6378,donor
DLGAP3,1.0573,0.1264,0.6056,donor
NLRC3,0.687,0.2776,0.6378,donor
MDGA1,0.272,0.655,0.8237,donor
ZNF503-AS1,1.4183,0.1499,0.6378,donor
PROSER2-AS1,0.1469,0.1688,0.6378,donor
SAMD12-AS1,-0.3593,0.2724,0.6378,donor
UROD,0.3147,0.1566,0.6378,donor
PODXL2,0.202,0.7915,0.9032,donor
VIPR2,0.1873,0.1191,0.5946,donor
IKBKAP,0.6495,0.08008,0.5308,donor
VEGFB,0.0072,0.9752,0.9897,donor
MRPL28,0.1455,0.5203,0.7388,donor
HYAL4,-0.3849,0.3912,0.6512,donor
TM9SF3,-0.2025,0.5142,0.7355,donor
KCNH4,0.0179,0.9616,0.9828,donor
HACL1,0.1104,0.4833,0.7144,donor
HBP1,-0.379,0.2034,0.6378,donor
ZNF212,1.0984,0.1262,0.605,donor
XRN2,-0.2063,0.4306,0.6794,donor
SLC27A5,-0.1446,0.8113,0.9133,donor
C1orf109,0.5649,0.08031,0.5314,donor
TIGIT,0.8677,0.1873,0.6378,donor
SNORA7B,0.0553,0.5541,0.7599,donor
ERN1,0.2661,0.707,0.8537,donor
AES,-0.002,0.9953,0.9982,donor
ELF4,-1.0668,0.05519,0.4734,donor
TIAL1,-0.4239,0.1456,0.6337,donor
FAM86HP,0.6236,0.1861,0.6378,donor
PDE9A,-1.8808,0.008272,0.285,donor
BHMT,-0.1975,0.4793,0.7118,donor
BGN,-0.044,0.4755,0.7093,donor
CFB,0.5362,0.2947,0.6378,donor
JAG1,-0.1974,0.7897,0.9025,donor
PCDHGC3,0.5826,0.4409,0.6867,donor
PBX2,0.3462,0.4484,0.6908,donor
MAPK6,-0.2846,0.4789,0.7114,donor
PALM,0.1841,0.6553,0.8239,donor
AXL,-0.0809,0.92,0.9641,donor
OPN1SW,0.2483,0.3739,0.6378,donor
PAFAH1B3,-0.0634,0.9184,0.963,donor
AUH,-0.2613,0.3829,0.6443,donor
TAP2##6,-0.7662,0.4442,0.6882,donor
OR7E2P,0.2553,0.3313,0.6378,donor
OR7E14P,0.2309,0.4493,0.6916,donor
ACTR3BP5,0.1797,0.2491,0.6378,donor
LOC100506083,0.1653,0.7581,0.885,donor
LINC00536,0.1322,0.2573,0.6378,donor
MIR4458HG,-0.2605,0.3849,0.6458,donor
LOC100130899,1.0057,0.2154,0.6378,donor
NUDT16P1,0.3177,0.7302,0.869,donor
SNORA58,0.0899,0.1788,0.6378,donor
ZNF711,0.6228,0.4951,0.7222,donor
ZNF335,0.8157,0.1115,0.5831,donor
ASCC3,0.1582,0.5631,0.7652,donor
JUP,0.6218,0.0885,0.5483,donor
GUF1,-0.3508,0.1996,0.6378,donor
LOC100505715,-0.7478,0.3291,0.6378,donor
STX17-AS1,-1.0798,0.04568,0.4474,donor
LINC01354,-0.2968,0.3849,0.6457,donor
ARMC1,-0.226,0.4824,0.7136,donor
PEX7,-0.0674,0.8809,0.9469,donor
PEX6,0.1325,0.9144,0.9609,donor
CCDC153,1.1851,0.0354,0.4276,donor
ARL6IP5,-0.4777,0.02694,0.3947,donor
PRB2,0.0624,0.2483,0.6378,donor
LANCL1,-0.311,0.3841,0.6452,donor
RTF1,0.0745,0.7932,0.9041,donor
EFR3A,-0.6816,0.05175,0.4659,donor
AHCYL2,0.0641,0.9227,0.9653,donor
STAB1,0.6407,0.1695,0.6378,donor
LOC100190940,0.0547,0.4661,0.7024,donor
FLJ41941,-0.6832,0.3244,0.6378,donor
LOC100287225,-0.0808,0.09531,0.5593,donor
LOC100506281,0.5033,0.1517,0.6378,donor
LINC01280,-0.1983,0.4936,0.7212,donor
PIGO,0.131,0.7413,0.8754,donor
CRTAC1,0.4403,0.5143,0.7355,donor
GORASP2,0.019,0.931,0.9689,donor
PISRT1,0.0295,0.3739,0.6378,donor
EME1,0.2596,0.5756,0.7728,donor
IL1B,0.0527,0.3739,0.6378,donor
SOD1,-0.5455,0.01501,0.3349,donor
DPH1,0.5026,0.05642,0.4774,donor
SLC5A5,-0.4575,0.1757,0.6378,donor
DOK1,-0.024,0.9795,0.9913,donor
CLSTN2-AS1,0.2242,0.3479,0.6378,donor
LINC01272,0.0288,0.3739,0.6378,donor
LOC100130370,-0.0394,0.3632,0.6378,donor
GABRA2,-4.1562,0.0001046,0.2059,donor
RAD21,-0.5811,0.1072,0.5758,donor
PPP2R5B,0.2927,0.4896,0.7184,donor
PPEF1,-0.1116,0.3632,0.6378,donor
LCMT1-AS2,0.3558,0.3531,0.6378,donor
LINC01501,0.0892,0.3117,0.6378,donor
LOC440028,-0.9987,0.2738,0.6378,donor
MFGE8,0.031,0.4649,0.7021,donor
C4orf47,-0.9943,0.04349,0.4414,donor
ORMDL1,-0.3233,0.1983,0.6378,donor
LOC100289361,0.2839,0.5616,0.7645,donor
CFAP97,-0.5081,0.06585,0.5,donor
TXNDC16,0.0236,0.9743,0.9892,donor
RARS2,-0.4581,0.0812,0.5328,donor
C5orf28,0.0564,0.8815,0.947,donor
GZF1,-0.0412,0.9376,0.9726,donor
ARAP3,0.1415,0.8099,0.9126,donor
WBSCR17,0.1792,0.4215,0.6728,donor
C10orf107,0.8469,0.1513,0.6378,donor
TBC1D13,0.8734,0.04411,0.4426,donor
VPS18,0.9742,0.2179,0.6378,donor
RCBTB1,0.2521,0.4686,0.7041,donor
ZNF474,0.3611,0.2668,0.6378,donor
MAPK13,0.6147,0.09975,0.5675,donor
LOC100128770,-0.1873,0.3031,0.6378,donor
LOC286370,-0.2496,0.5496,0.7575,donor
LINC00547,0.2072,0.3739,0.6378,donor
WWTR1-AS1,0.039,0.2369,0.6378,donor
SPAG5-AS1,-0.3238,0.6594,0.8268,donor
LOC728175,0.2822,0.4548,0.6948,donor
LOC100506393,-0.0106,0.8334,0.9244,donor
SPATS2,0.7509,0.06191,0.489,donor
CLRN1-AS1,0.1244,0.3739,0.6378,donor
FBXO48,0.0168,0.9838,0.993,donor
SIAH1,-0.8768,0.004913,0.2594,donor
RASD1,1.0288,0.01341,0.3243,donor
LOC286437,1.0553,0.06553,0.4983,donor
LINC01532,0.025,0.1873,0.6378,donor
LOC100507424,0.92,0.06295,0.4917,donor
LDLRAD4-AS1,1.5481,0.01587,0.3406,donor
DSG2-AS1,-0.5692,0.0445,0.444,donor
LINGO1-AS1,0.5931,0.3739,0.6378,donor
LOC100506321,0.3339,0.01662,0.3436,donor
ZNF790-AS1,-0.3502,0.3275,0.6378,donor
WSCD2,1.2115,0.135,0.6188,donor
SLC41A3,-0.1081,0.8154,0.9155,donor
FNBP1L,-0.1255,0.6091,0.7944,donor
TRAM2,0.323,0.7278,0.8675,donor
CGRRF1,-0.8329,0.004062,0.2594,donor
CCT2,-0.3143,0.1239,0.6022,donor
AK4,-2.3452,0.01384,0.3275,donor
ZNF346,0.0619,0.901,0.9553,donor
LOC388942,0.0295,0.3739,0.6378,donor
PMEL,-0.5044,0.5162,0.7364,donor
PA2G4P4,0.607,0.3589,0.6378,donor
PIGB,-1.1877,0.01162,0.3139,donor
ONECUT2,2.7601,0.01161,0.3139,donor
FGF18,-0.0493,0.9369,0.9723,donor
DPM1,-0.8936,0.005593,0.2629,donor
GALR2,0.0288,0.3739,0.6378,donor
LOC101928804##70,0.0972,0.3739,0.6378,donor
SCFD2,1.0393,0.06431,0.4961,donor
FGD5,0.2664,0.345,0.6378,donor
EIF5A2,-0.6744,0.09847,0.5668,donor
CACYBP,-1.64,0.0003995,0.209,donor
LOC100379224,-0.1262,0.8402,0.9269,donor
CTBP1-AS2,0.3196,0.6144,0.7979,donor
TMEM70,-0.7152,0.01114,0.3107,donor
PEF1,0.0553,0.7959,0.9057,donor
NSUN5P2,-0.0318,0.8363,0.9255,donor
NSUN5P1,0.9836,0.04706,0.4527,donor
LURAP1,0.2428,0.5047,0.7286,donor
TPRG1L,0.5251,0.1047,0.5734,donor
FAM19A4,-2.3483,0.007056,0.2757,donor
ACSM4,0.055,0.3739,0.6378,donor
LOC338963,0.3618,0.2562,0.6378,donor
HTT,1.3259,0.02784,0.3995,donor
CENPN,0.0006,0.9994,0.9995,donor
GLA,0.1764,0.6531,0.8225,donor
TRIM38,-0.0386,0.9529,0.9794,donor
PEX3,-0.2297,0.4595,0.6987,donor
SLC25A47,0.1947,0.2668,0.6378,donor
CCDC62,-0.2631,0.6682,0.8314,donor
FBXW12,-0.0424,0.5013,0.7266,donor
C16orf74,-0.0446,0.8615,0.9377,donor
LTK,0.1862,0.4284,0.6777,donor
SNORD14E,-0.0946,0.8879,0.9491,donor
PGAP3,0.8844,0.02242,0.3697,donor
NRAS,-0.7556,0.2037,0.6378,donor
CHST11,-0.031,0.9634,0.9836,donor
UACA,0.8566,0.4323,0.6806,donor
LINC01208,0.0425,0.4901,0.7184,donor
AGPAT5,0.1963,0.6784,0.8373,donor
MCTP2,-0.6807,0.09456,0.5584,donor
MYL7,0.1034,0.7229,0.8644,donor
LY6G5B,0.3183,0.6187,0.8008,donor
MDP1,0.1428,0.5677,0.768,donor
TOPORS,0.1449,0.6772,0.8368,donor
MIR3117,0.5166,0.1039,0.5734,donor
LOC101928336,-0.1928,0.4814,0.7132,donor
LOC101928335,-1.4069,0.111,0.5826,donor
FXR1,-0.4321,0.1054,0.5734,donor
THOC3,-0.0404,0.7907,0.9027,donor
CACNG5,0.7667,0.3755,0.6389,donor
SLC16A14,-1.842,0.01548,0.3381,donor
KANSL1L,0.4402,0.2249,0.6378,donor
TTC30B,-0.2441,0.5252,0.7416,donor
COMMD1,-0.5148,0.1016,0.5693,donor
ENTHD1,0.5521,0.2042,0.6378,donor
HORMAD2,-0.024,0.8025,0.9094,donor
LCA5L,0.2339,0.7758,0.8931,donor
CNIH3,0.4597,0.143,0.6295,donor
ABCC5-AS1,0.4307,0.1347,0.6188,donor
LIF,0.0405,0.6279,0.8063,donor
MYC,0.2714,0.4153,0.6689,donor
MX2,0.4422,0.6383,0.8133,donor
LCP1,0.1498,0.2854,0.6378,donor
LAMC1,1.8187,0.02012,0.3611,donor
LAMB2,1.4225,0.1392,0.6239,donor
TPP2,0.0776,0.8219,0.9187,donor
LECT2,-0.0394,0.3632,0.6378,donor
LDHC,-0.0138,0.6796,0.8379,donor
LAMB1,-0.0677,0.935,0.9709,donor
TPD52L1,0.9004,0.2141,0.6378,donor
TNR,-0.3531,0.5321,0.7456,donor
TNP1,0.0102,0.3739,0.6378,donor
ERICH3,1.5942,0.1663,0.6378,donor
TNNC2,0.0925,0.4941,0.7215,donor
AIP,-0.4375,0.2213,0.6378,donor
DIS3L,0.8043,0.0684,0.5051,donor
DCST1,0.1273,0.3304,0.6378,donor
LINC00254,0.1844,0.198,0.6378,donor
LOC100128593,0.0148,0.3739,0.6378,donor
MATN1-AS1,-0.4608,0.3242,0.6378,donor
SNHG8,-0.6095,0.0322,0.4174,donor
MIR195,-0.0245,0.3632,0.6378,donor
MIR184,0.0148,0.3739,0.6378,donor
FLJ43879,0.2567,0.3739,0.6378,donor
LINC00881,-0.204,0.3632,0.6378,donor
LOC100288069,0.0693,0.819,0.9172,donor
MIR193A,-0.0244,0.3632,0.6378,donor
LINC00880,-0.4639,0.476,0.7098,donor
LOC642236,-0.3029,0.5224,0.7398,donor
TRIM34##1,0.1863,0.1861,0.6378,donor
PCDHGA10,0.0995,0.8715,0.9421,donor
PCDHGA9,0.772,0.206,0.6378,donor
PCDHGB6,0.1873,0.6734,0.8343,donor
CHST6,-0.0068,0.8846,0.9483,donor
LBHD1,0.4401,0.4449,0.6883,donor
TM4SF20,-0.1415,0.3632,0.6378,donor
ZNF669,0.2365,0.6445,0.8165,donor
FAM57A,-0.3789,0.3139,0.6378,donor
BCR,0.2087,0.7248,0.8658,donor
ADCY1,0.4305,0.5349,0.7475,donor
BARX1,1.2854,0.05849,0.4809,donor
ZDHHC11,0.1355,0.843,0.9279,donor
ZBTB3,0.4372,0.3238,0.6378,donor
PRPH2,-0.7476,0.3528,0.6378,donor
ITPK1-AS1##1,0.219,0.5713,0.7703,donor
MS4A13,0.0477,0.3739,0.6378,donor
GXYLT1,0.0134,0.9798,0.9914,donor
FBXL5,0.4028,0.02655,0.3928,donor
APITD1,-0.7315,0.06551,0.4983,donor
ZNF890P,0.0377,0.233,0.6378,donor
LINC00607,0.02,0.3739,0.6378,donor
USP2-AS1,0.7725,0.1722,0.6378,donor
LINC01530,0.8883,0.08935,0.5486,donor
TM4SF19-TCTEX1D2,-0.0171,0.4199,0.6717,donor
OVAAL,0.085,0.3739,0.6378,donor
FLJ42393,1.0225,0.1473,0.6363,donor
QRSL1,0.0199,0.94,0.9737,donor
ADI1,-0.8864,0.09939,0.5673,donor
USP29,-0.0222,0.4681,0.7036,donor
ZBBX,0.5576,0.409,0.6642,donor
FAM72C,-0.0542,0.3632,0.6378,donor
AK1,0.7504,0.02022,0.3616,donor
NPY,2.9678,0.0565,0.4774,donor
NQO2,0.0778,0.8302,0.9227,donor
RPLP2,0.0396,0.8576,0.936,donor
LHB,-0.0147,0.3632,0.6378,donor
KLKB1,1.916,0.03432,0.4253,donor
CPE,-0.3834,0.1494,0.6378,donor
CPB2,-0.1949,0.6635,0.8291,donor
CPB1,1.1434,0.2062,0.6378,donor
CCER2,-0.0029,0.9847,0.9933,donor
GCK,0.3187,0.5392,0.7503,donor
OPA1-AS1,0.304,0.3027,0.6378,donor
LINC00887,0.5228,0.1635,0.6378,donor
MYO5C,0.3299,0.456,0.6954,donor
ARHGAP4,1.1259,0.03117,0.4126,donor
LINC00862,0.27,0.289,0.6378,donor
GTF3C2-AS1,-0.0221,0.9019,0.9557,donor
XXYLT1-AS2,-0.0359,0.3632,0.6378,donor
TRAFD1,0.0833,0.8427,0.9279,donor
C12orf65,-0.3553,0.1531,0.6378,donor
PKP1,0.0182,0.6916,0.8453,donor
CASR,0.8511,0.06887,0.5058,donor
SDHAP1,0.493,0.3357,0.6378,donor
GRK5,0.8337,0.2578,0.6378,donor
MTX2,-0.1094,0.6568,0.8248,donor
PITPNB,-0.0892,0.7233,0.8648,donor
WASF3,0.6591,0.2561,0.6378,donor
PRND,0.2395,0.3684,0.6378,donor
KIAA0141,-0.3828,0.6241,0.8046,donor
RNU6-42P,-0.0667,0.3632,0.6378,donor
NCBP2-AS2,-0.2555,0.3079,0.6378,donor
TOR1B,-0.3025,0.4534,0.694,donor
ZNF770,0.0695,0.8425,0.9279,donor
PTOV1,-0.2233,0.5934,0.7846,donor
WBP11P1,-0.1254,0.6425,0.8154,donor
SLED1,0.0148,0.3739,0.6378,donor
ZNF658B,0.4519,0.2889,0.6378,donor
MYH8,-0.0205,0.3632,0.6378,donor
MYH6,0.0447,0.4688,0.7041,donor
STX7,-0.8607,0.1392,0.6239,donor
EEA1,0.1102,0.5834,0.7777,donor
MYH3,0.461,0.4132,0.6674,donor
FAM157A,-0.039,0.8467,0.9302,donor
LOC100128531,0.0826,0.4853,0.7161,donor
SH3PXD2A-AS1,0.2954,0.7255,0.8662,donor
MIPEPP3,-1.4844,0.182,0.6378,donor
LOC100287015,0.9644,0.03986,0.4324,donor
LOC100129175,-0.6039,0.5944,0.7852,donor
LOC100132078,0.0148,0.3739,0.6378,donor
SLC22A2,0.0563,0.3739,0.6378,donor
ANXA7,-0.2981,0.03431,0.4253,donor
PTS,-0.2073,0.5207,0.739,donor
BMP3,0.3534,0.3739,0.6378,donor
PTH1R,-0.1967,0.3339,0.6378,donor
BDKRB1,-0.2324,0.08331,0.5373,donor
ERCC2,0.0139,0.9739,0.989,donor
S100A10,-2.7413,0.002238,0.2294,donor
S100A5,0.0998,0.2934,0.6378,donor
FAM20B,0.1429,0.8234,0.9194,donor
APLN,-0.809,0.1263,0.6051,donor
EFCAB14,-0.0864,0.8033,0.91,donor
KIFC2,1.4153,0.0251,0.387,donor
HLA-C##3,0.3084,0.4542,0.6945,donor
HLA-DOA##6,0.2848,0.2095,0.6378,donor
TBC1D23,0.0785,0.8455,0.9296,donor
HLA-DOB##4,0.3014,0.2458,0.6378,donor
ZNF876P,-2.3927,0.0295,0.4065,donor
ABCA11P,0.4847,0.3756,0.6389,donor
ZNF721,-0.1737,0.5652,0.7665,donor
UGT2B4,0.0527,0.3739,0.6378,donor
IDH1-AS1,-0.2293,0.6136,0.7973,donor
PRICKLE2-AS2,0.2159,0.3739,0.6378,donor
NDFIP2-AS1,0.0295,0.3739,0.6378,donor
CDK4,-0.3861,0.3555,0.6378,donor
CD3G,0.1533,0.3739,0.6378,donor
FUCA1,0.3692,0.5285,0.7437,donor
POLR3C,-0.3817,0.5728,0.7712,donor
PPAP2B,0.3603,0.7029,0.8516,donor
LOC100130872,1.0448,0.1272,0.6065,donor
C1QTNF9,-0.0475,0.7603,0.886,donor
C11orf97,0.0421,0.8636,0.9388,donor
CD48,0.0148,0.3739,0.6378,donor
SNORA18,-0.2009,0.6369,0.8122,donor
LRP12,-0.4862,0.3967,0.655,donor
LOC101927905,0.2993,0.386,0.6465,donor
OTUD3,-0.712,0.542,0.7518,donor
KIAA1024,0.8065,0.4288,0.678,donor
THSD7A,-0.0761,0.9576,0.9814,donor
GSAP,-0.6617,0.5212,0.7393,donor
PGPEP1,1.3342,0.02606,0.3914,donor
UHRF1BP1,0.2895,0.3337,0.6378,donor
NAT14,-1.0996,0.076,0.5216,donor
LPPR1,-0.534,0.4877,0.7177,donor
AVEN,-0.1988,0.7887,0.9019,donor
UTP3,-0.0497,0.917,0.9626,donor
CWC25,-0.1764,0.7807,0.8962,donor
ST7L,-0.4544,0.2005,0.6378,donor
CBWD3,-0.039,0.4606,0.6993,donor
WDR70,-0.1473,0.7974,0.9065,donor
TTC38,0.0797,0.8666,0.9401,donor
COG2,-0.1847,0.6419,0.8149,donor
MMRN1,0.8106,0.3327,0.6378,donor
PHLDA1,0.4139,0.5748,0.7725,donor
VPS4A,0.0694,0.8101,0.9126,donor
OLFM4,-1.2081,0.03286,0.419,donor
KIF27,0.0489,0.9484,0.9777,donor
FHOD1,0.0843,0.9155,0.9614,donor
UNC13B,0.5014,0.3045,0.6378,donor
MGEA5,0.5934,0.118,0.5938,donor
LOC93622,-0.6018,0.4161,0.6691,donor
TIMELESS,0.2944,0.7958,0.9057,donor
TIAF1,0.7114,0.1045,0.5734,donor
FEN1,-0.157,0.6423,0.8152,donor
CPNE6,0.085,0.3739,0.6378,donor
PHGDH,0.8018,0.3982,0.6565,donor
ARHGAP29,-0.1674,0.7358,0.873,donor
KL,-0.4647,0.5577,0.7617,donor
ABCG1,-0.3011,0.2723,0.6378,donor
KIF3B,0.2689,0.2682,0.6378,donor
HS6ST1,0.4415,0.4272,0.677,donor
PDPN,0.0148,0.3739,0.6378,donor
TBCD##1,0.1449,0.786,0.9002,donor
PNMA1,-0.0443,0.8275,0.9212,donor
PTCD3,-0.156,0.6206,0.802,donor
VAC14,0.3648,0.3956,0.6545,donor
ZBTB34,-0.1126,0.9247,0.9657,donor
PCMTD2,0.2719,0.3086,0.6378,donor
FBRS,1.106,0.05906,0.4822,donor
C4orf19,-0.8316,0.08411,0.5399,donor
ZNF518B,0.4392,0.3637,0.6378,donor
HLA-DPB1##6,0.5813,0.4832,0.7143,donor
CPEB2-AS1,-0.3363,0.2674,0.6378,donor
GOLGA8M##2,-0.1512,0.4891,0.7182,donor
RAD51AP1,0.6244,0.2744,0.6378,donor
NNMT,-1.4228,0.3334,0.6378,donor
NKX6-1,2.0379,0.02628,0.3925,donor
SMIM18,-0.3398,0.6208,0.8021,donor
GBAS,-0.2769,0.3948,0.6538,donor
ACTA2,-1.607,0.06533,0.4983,donor
ACADSB,-0.5064,0.4031,0.6601,donor
ACADL,-0.3258,0.5537,0.7597,donor
CD19,0.1941,0.277,0.6378,donor
MYL5,0.6495,0.237,0.6378,donor
MYL4,0.0148,0.3739,0.6378,donor
MAF1,-0.0154,0.9583,0.9814,donor
TRAF7,0.5446,0.05915,0.4822,donor
PALB2,-0.3607,0.7269,0.867,donor
LIN28A,0.3028,0.3475,0.6378,donor
CHTF18,0.2377,0.6936,0.8466,donor
TMSB15A,-0.2584,0.4321,0.6805,donor
ALG1,0.8472,0.03699,0.4276,donor
KLKP1,-0.2215,0.08188,0.5342,donor
ABHD13,-1.0027,0.01414,0.3288,donor
SEPSECS-AS1,-0.1224,0.8318,0.9237,donor
CD163L1,0.2644,0.3384,0.6378,donor
MFAP1,-0.0468,0.8388,0.9262,donor
NOD1,1.593,0.02574,0.39,donor
SNAI1,-0.5771,0.03167,0.4161,donor
SIX1,0.5192,0.3561,0.6378,donor
CITED2,-1.9063,0.03605,0.4276,donor
LPHN3,0.3877,0.2064,0.6378,donor
RAB39A,-2.323,0.01599,0.3412,donor
TRIM2,0.5538,0.07026,0.5091,donor
PRUNE2,0.8953,0.04118,0.434,donor
TMED9,0.9292,0.1617,0.6378,donor
DNMBP,1.4516,0.07411,0.5181,donor
TMEM161A,0.9233,0.05407,0.4699,donor
UBQLN3,0.0408,0.7793,0.8953,donor
KAZN,0.8356,0.3473,0.6378,donor
FBXO17,-0.9382,0.02154,0.3659,donor
NAIF1,1.1349,0.1208,0.5962,donor
APOBEC3G,-1.0561,0.01596,0.3411,donor
PRDM5,-0.4225,0.5995,0.7891,donor
CCDC15,-0.1973,0.7657,0.8878,donor
NUDT4,0.3031,0.2507,0.6378,donor
SYNDIG1,0.9238,0.1396,0.6239,donor
DNAJC22,-1.3034,0.3419,0.6378,donor
NAT8L,1.7153,0.002221,0.2294,donor
SLC9C2,0.1049,0.7188,0.8616,donor
SVIL,-0.6042,0.07765,0.5232,donor
SLC35E1,0.9296,0.05988,0.4843,donor
AVPI1,-0.8202,0.186,0.6378,donor
NR1D1,-0.5564,0.3995,0.6573,donor
ADM2,-0.9358,0.2176,0.6378,donor
MPP4,0.3974,0.3287,0.6378,donor
LINC00682,0.079,0.3739,0.6378,donor
TMEM240,-0.0147,0.7844,0.8989,donor
SNRNP25,0.4379,0.327,0.6378,donor
ARSJ,-0.5577,0.3992,0.6571,donor
HDHD2,-0.5581,0.1487,0.6378,donor
POLH,0.1542,0.7728,0.8914,donor
PCDH11X,-0.0125,0.3632,0.6378,donor
NYAP1,-0.2286,0.2017,0.6378,donor
FAM217A,-0.0126,0.3632,0.6378,donor
DANCR,0.3063,0.138,0.6217,donor
LINC00112,0.0295,0.3739,0.6378,donor
SNORA26,-0.8141,0.1298,0.6113,donor
JAKMIP3,-0.2525,0.8246,0.9199,donor
TMEM221,0.481,0.3625,0.6378,donor
SGCE,0.7741,0.009602,0.2989,donor
LNX1-AS1,-0.0466,0.3632,0.6378,donor
MCOLN3,-0.2341,0.6306,0.8087,donor
KCNK13,-0.0147,0.3632,0.6378,donor
ZBTB4,0.6623,0.05795,0.4797,donor
PCDHA5,0.7074,0.115,0.5876,donor
RBP5,0.6718,0.08299,0.5366,donor
PCDHA4,0.7438,0.2209,0.6378,donor
L3MBTL2,0.6021,0.1101,0.5815,donor
GRWD1,0.1871,0.7267,0.8669,donor
GNPTAB,-0.0451,0.9182,0.963,donor
ATG10,0.3256,0.155,0.6378,donor
LINC00346,0.8027,0.3274,0.6378,donor
MIR300,0.1957,0.3816,0.6434,donor
MIR3907,0.0148,0.3739,0.6378,donor
WLS,0.7181,0.1344,0.6186,donor
IGFBP7-AS1,-0.4889,0.07288,0.5151,donor
STRN4,0.4262,0.4218,0.6729,donor
LDLRAP1,1.3243,0.0008343,0.209,donor
RAB3IL1,-0.4788,0.223,0.6378,donor
LMTK2,0.5104,0.1557,0.6378,donor
UBA6-AS1,-0.8435,0.102,0.5697,donor
FAM84A,-0.1592,0.8135,0.9144,donor
DNAJB7,0.3573,0.1363,0.6198,donor
DIRAS1,0.2211,0.6089,0.7943,donor
WDR63,-0.0323,0.9484,0.9777,donor
GMNC,0.3156,0.3264,0.6378,donor
UBA1,-0.0012,0.9975,0.9991,donor
LURAP1L,-0.9528,0.08892,0.5486,donor
MTRF1,0.5907,0.1548,0.6378,donor
SSRP1,0.0288,0.8926,0.9512,donor
SSR2,0.033,0.8548,0.9345,donor
RIN1,1.9076,0.01644,0.3436,donor
FAM131B,0.6477,0.1224,0.6,donor
CCDC103,0.2679,0.561,0.7642,donor
IL20RA,0.1279,0.8269,0.921,donor
RHBDL1,-0.813,0.05142,0.465,donor
NUTM2A,0.0148,0.3739,0.6378,donor
NR2C2,0.1155,0.8185,0.917,donor
RNF222,0.1074,0.4963,0.723,donor
LOC100505918,0.067,0.5031,0.7275,donor
COLEC10,0.0905,0.4397,0.686,donor
FMNL2,1.3222,0.08411,0.5399,donor
PLEKHH1,0.3292,0.3699,0.6378,donor
NACAD,0.8674,0.3465,0.6378,donor
ETV1,0.5959,0.3456,0.6378,donor
REEP6,0.0915,0.8815,0.947,donor
DHRS1,0.4947,0.6055,0.7928,donor
ZSWIM1,0.5934,0.1342,0.6185,donor
CCDC167,-0.299,0.5519,0.7586,donor
COLQ,0.7862,0.3102,0.6378,donor
GAB2,0.5749,0.2569,0.6378,donor
GLI4,0.2713,0.5814,0.7764,donor
SDCBP2##2,-0.037,0.2415,0.6378,donor
FOXP4,0.3907,0.2926,0.6378,donor
PIGU,0.2899,0.2934,0.6378,donor
NXNL1,0.0102,0.3739,0.6378,donor
LINC01088,0.6098,0.2417,0.6378,donor
TMEM147,-0.0765,0.811,0.9131,donor
PHYHIPL,-0.3377,0.0905,0.5512,donor
SLCO2B1,0.0148,0.3739,0.6378,donor
AKR1C3,-1.6858,0.07617,0.5216,donor
PHKB,-0.6901,0.2956,0.6378,donor
PRKD3,-0.0428,0.813,0.9141,donor
RPA3,0.0269,0.9056,0.958,donor
VBP1,-0.7722,0.02201,0.3682,donor
ADAM17,-0.2102,0.5018,0.7268,donor
SERTAD2,1.0517,0.1813,0.6378,donor
SEC14L5,0.4194,0.5221,0.7396,donor
STK17B,0.8046,0.1999,0.6378,donor
TRIP11,0.3751,0.2081,0.6378,donor
TMOD1,-0.0911,0.745,0.8776,donor
ITGA2B,0.5567,0.3628,0.6378,donor
KEL##1,0.0379,0.6747,0.8351,donor
FOXP3,0.2728,0.1987,0.6378,donor
SRPX2,-0.0517,0.09498,0.5588,donor
FST,0.0613,0.5317,0.7456,donor
PPIP5K2,-0.04,0.8346,0.9248,donor
ZNF224,0.0701,0.8214,0.9183,donor
MOCOS,0.179,0.6799,0.8381,donor
HSPA2,0.0885,0.8771,0.945,donor
OPTN,-0.3659,0.1217,0.5977,donor
ST14,0.272,0.5847,0.7783,donor
PABPN1L,-0.0762,0.3632,0.6378,donor
MYADML2,0.3558,0.2325,0.6378,donor
PEX12,-0.1026,0.8792,0.9461,donor
SGCB,-0.5393,0.2077,0.6378,donor
RPL24,-0.4417,0.04912,0.4584,donor
RPL23A,-0.1543,0.4841,0.7153,donor
PAH,-2.2025,0.01197,0.3142,donor
LAMB3,-0.0762,0.8416,0.9272,donor
PDE5A,1.3969,0.002236,0.2294,donor
FBXO34,0.2595,0.5547,0.7603,donor
NBPF1,0.7902,0.1132,0.586,donor
ZNF451,-0.0417,0.9077,0.9587,donor
ATG2B,0.4656,0.239,0.6378,donor
SLC38A7,0.6682,0.2968,0.6378,donor
GNG4,0.0978,0.6809,0.8386,donor
TCL1A,0.0102,0.3739,0.6378,donor
C15orf61,-0.2145,0.4109,0.666,donor
RNU6-34P,-0.0125,0.3632,0.6378,donor
ATCAY,-0.2667,0.206,0.6378,donor
MUC5AC,-0.3345,0.5013,0.7266,donor
CXorf58,-0.4336,0.5371,0.749,donor
PSMB7,-0.049,0.8241,0.9196,donor
SLC7A5,-0.244,0.6011,0.79,donor
PSMC6,-0.1968,0.3453,0.6378,donor
SFRP2,-0.2116,0.3185,0.6378,donor
FYN,-0.0658,0.7889,0.902,donor
PSMC1,-0.118,0.2367,0.6378,donor
LOC101928696,0.2455,0.4012,0.6586,donor
LOC102724601,-0.1487,0.5422,0.752,donor
NDST3,-0.0594,0.6667,0.8305,donor
CRADD,0.4094,0.3344,0.6378,donor
RIPK1,0.2929,0.2184,0.6378,donor
TCEAL1,-0.3414,0.2409,0.6378,donor
KHNYN,0.8462,0.1054,0.5734,donor
B4GALT6,0.4005,0.2506,0.6378,donor
NREP,-0.4502,0.5833,0.7777,donor
MBTPS1,0.0818,0.7178,0.8611,donor
TMEM63C,1.4861,0.009495,0.2969,donor
NOC3L,-0.6673,0.2126,0.6378,donor
EPB41L4B,0.0795,0.8301,0.9227,donor
SPATA7,-0.3271,0.5429,0.7525,donor
CLDN6,-0.0345,0.7808,0.8962,donor
SEMA6C,0.194,0.6757,0.8358,donor
ACE,1.5239,0.08291,0.5366,donor
ALG1L,0.0195,0.9287,0.9677,donor
LEF1-AS1,0.0422,0.3739,0.6378,donor
PTGS2,-2.1112,0.1954,0.6378,donor
AHCYL1,0.015,0.9701,0.9874,donor
NANOG,-0.0366,0.4763,0.7099,donor
RAD18,0.4568,0.6095,0.7947,donor
PALLD,-0.6716,0.135,0.6188,donor
HMP19,0.5309,0.4537,0.6943,donor
TAF9B,0.0262,0.9295,0.9681,donor
MIR576,-0.0125,0.3632,0.6378,donor
CCDC175,-0.1555,0.6496,0.8199,donor
RELL1,-0.0638,0.8457,0.9296,donor
RNU6-35P,-0.0103,0.6652,0.8298,donor
MIRLET7G,0.1513,0.1587,0.6378,donor
TCP11,0.0103,0.7609,0.8861,donor
MAPK8IP3,2.1565,0.004771,0.2594,donor
LRFN3,0.4047,0.5124,0.7344,donor
ZBED2,0.0884,0.3739,0.6378,donor
GBA2,0.568,0.09592,0.5606,donor
DHH,0.0673,0.3739,0.6378,donor
CPNE5,0.0419,0.8696,0.9414,donor
WNT2B,1.2129,0.03734,0.4276,donor
HOXD1,-0.0394,0.3632,0.6378,donor
GPAM,1.1615,0.2439,0.6378,donor
USP37,1.1509,0.02991,0.4094,donor
PMS2P1,-0.4182,0.2475,0.6378,donor
TERC,-0.0365,0.5619,0.7646,donor
TAF4B,-0.1582,0.7475,0.8791,donor
TUBA3FP,0.5707,0.1348,0.6188,donor
RPSAP58,0.1174,0.7396,0.8745,donor
FAM92A1P2,0.0639,0.1204,0.5962,donor
BMS1P5,1.0502,0.04396,0.4426,donor
CDC14C,-0.0557,0.2205,0.6378,donor
MYO15B,0.4896,0.3281,0.6378,donor
KAT2B,0.7691,0.1987,0.6378,donor
SNORA24,-0.0529,0.896,0.953,donor
HECTD1,0.363,0.3946,0.6537,donor
LOC100129203,-0.777,0.0696,0.5086,donor
LINC01284,-0.2563,0.5787,0.7747,donor
LOC101929234,-0.2895,0.583,0.7775,donor
LOC101929295,0.181,0.5788,0.7747,donor
LOC101928103,-0.0205,0.3632,0.6378,donor
LOC101927987,0.079,0.3739,0.6378,donor
SLC1A4,0.4568,0.1606,0.6378,donor
SECISBP2L,0.3895,0.1117,0.5834,donor
GTF2H2C##1,0.0275,0.3739,0.6378,donor
RMST,0.3685,0.5468,0.7557,donor
LRRC37BP1,0.1545,0.6427,0.8155,donor
GSTO1,-0.0208,0.9313,0.9691,donor
TGFBI,-0.2848,0.2118,0.6378,donor
PATE1,0.1841,0.3739,0.6378,donor
CAPN7,0.0777,0.87,0.9414,donor
LINC00499,0.0102,0.3739,0.6378,donor
LLGL1,0.5491,0.3915,0.6514,donor
FCGRT,0.5688,0.1716,0.6378,donor
CC2D1B,1.1389,0.005243,0.2594,donor
MEGF10,0.1512,0.3373,0.6378,donor
SLX4,0.9226,0.07673,0.5225,donor
C6orf118,0.257,0.3739,0.6378,donor
NSMCE1,-0.4366,0.16,0.6378,donor
ZNF564,-0.5872,0.555,0.7603,donor
SLFN5,1.3441,0.2115,0.6378,donor
CCDC122,-0.1197,0.7606,0.886,donor
DENND5B,0.5054,0.07781,0.5236,donor
SMAD1-AS2,0.1908,0.2875,0.6378,donor
TCP11X2,0.0275,0.3739,0.6378,donor
LYSMD3,-0.0796,0.7943,0.905,donor
DNAJC21,-0.8934,0.1695,0.6378,donor
REV1,0.2175,0.6256,0.805,donor
BDP1,0.4097,0.08773,0.5469,donor
LRP2BP,-0.2265,0.659,0.8264,donor
CLCA2,0.5831,0.2067,0.6378,donor
MAFB,-0.1014,0.8645,0.9394,donor
GABBR2,0.1376,0.4122,0.6669,donor
INPP5A,0.3341,0.3769,0.6397,donor
TVP23A,-0.0724,0.7387,0.8742,donor
TSPAN11,0.2764,0.1306,0.6129,donor
MIR3140,-0.3322,0.06551,0.4983,donor
DKFZP434I0714,0.0252,0.9603,0.9821,donor
GAS5,-0.8765,0.005652,0.2651,donor
C12orf4,0.7579,0.3142,0.6378,donor
RMDN3,0.1407,0.8244,0.9197,donor
RNF31,1.3437,0.01112,0.3107,donor
MRPS10,0.0605,0.8047,0.9106,donor
CEP72,0.5235,0.3848,0.6457,donor
CENPQ,-1.7859,0.0886,0.5484,donor
CEP55,0.0689,0.8965,0.9534,donor
SHQ1,-0.4654,0.1447,0.6322,donor
USP17L10,0.0102,0.3739,0.6378,donor
AP1M2,0.2924,0.5613,0.7643,donor
XRCC2,0.4911,0.512,0.7341,donor
FIG4,-0.6737,0.3929,0.6525,donor
WNT1,0.02,0.3739,0.6378,donor
CAPN9,0.3778,0.1862,0.6378,donor
VAV1,0.2175,0.09556,0.5598,donor
GRAP,0.1172,0.4205,0.6719,donor
LOC284294,0.0244,0.5509,0.7583,donor
FRMPD2B,0.1835,0.2923,0.6378,donor
MIR1322,0.0527,0.3739,0.6378,donor
NLE1,-0.6142,0.4375,0.6846,donor
ZDHHC4,-0.241,0.2968,0.6378,donor
TMEM248,-0.7633,0.03859,0.4291,donor
WDR74,-0.3391,0.5234,0.7405,donor
LRRC37A8P,0.0895,0.3335,0.6378,donor
DESI1,0.1539,0.7569,0.8844,donor
NETO2,-0.8025,0.2882,0.6378,donor
WWC3,1.0055,0.06235,0.4895,donor
NECAP2,-0.7482,0.1207,0.5962,donor
PDPR,0.1799,0.7325,0.8707,donor
SCYL2,-0.7036,0.2202,0.6378,donor
FAM90A1,0.0962,0.8259,0.9203,donor
CPSF2,0.4575,0.08619,0.5432,donor
ZBTB25,-0.0838,0.7521,0.882,donor
PCGF2##1,0.0593,0.9017,0.9557,donor
WDR36,0.2412,0.6431,0.8157,donor
ORMDL3,1.4116,0.03257,0.4188,donor
HHLA1,0.0102,0.3739,0.6378,donor
CCDC85C,-0.0589,0.9131,0.9603,donor
GK3P,-0.2272,0.1797,0.6378,donor
SLC18A3,-0.0154,0.9741,0.9891,donor
STXBP1,0.7446,0.004643,0.2594,donor
DHCR7,0.405,0.1608,0.6378,donor
GC,1.1282,0.21,0.6378,donor
B4GALT3,0.0354,0.8848,0.9483,donor
TUB,1.7777,0.00354,0.2497,donor
CHAD,-0.118,0.2803,0.6378,donor
CDC123,0.0851,0.6668,0.8307,donor
GALNT1,-0.0797,0.8377,0.9259,donor
FGF23,-0.1118,0.3858,0.6465,donor
GDF3,0.079,0.3739,0.6378,donor
VN1R1,-0.0138,0.9852,0.9936,donor
ATP6V0A4,0.4073,0.2671,0.6378,donor
CSH2,-0.0394,0.3632,0.6378,donor
APMAP,0.5154,0.1645,0.6378,donor
GKN1,-0.4523,0.2722,0.6378,donor
CCT6P3,-0.6861,0.1521,0.6378,donor
WWC2-AS2,0.0148,0.3739,0.6378,donor
FOXE1,-1.6072,0.002831,0.2306,donor
ASCL1,-1.9471,0.1532,0.6378,donor
LRP5,0.4639,0.5505,0.7582,donor
MUC19,0.7633,0.3537,0.6378,donor
CREBRF,-0.1396,0.7582,0.885,donor
METTL10,-0.8092,0.01731,0.3484,donor
MYOCD,-0.4282,0.3,0.6378,donor
COG7,0.7238,0.01846,0.3567,donor
KIF13B,0.7475,0.06984,0.5089,donor
GTPBP2,-0.9136,0.119,0.5944,donor
RBAK,-0.6354,0.4538,0.6943,donor
UBC,-0.2128,0.1903,0.6378,donor
PARL,0.032,0.8985,0.9543,donor
GPALPP1,-0.3902,0.3834,0.6448,donor
LRP1B,0.473,0.09956,0.5675,donor
LINC01060,0.0725,0.4445,0.6882,donor
TMEM106B,0.0993,0.7475,0.8791,donor
SALRNA2,0.0102,0.3739,0.6378,donor
MCC,0.4803,0.2752,0.6378,donor
GBF1,1.0475,0.004177,0.2594,donor
C17orf98##1,0.1114,0.7661,0.8878,donor
SYCN,0.0709,0.6674,0.8309,donor
FBXO46,0.0936,0.8057,0.9106,donor
CCDC68,-1.2418,0.2049,0.6378,donor
BTBD17,1.2264,0.1441,0.6317,donor
ZNF697,-0.0341,0.9469,0.9771,donor
SLC2A9,-0.892,0.04711,0.4527,donor
KCNS2,0.3602,0.3586,0.6378,donor
FAM35A,0.0849,0.9179,0.9629,donor
LRRC14B,0.0275,0.3739,0.6378,donor
HBD,0.1734,0.1779,0.6378,donor
TNF##6,-0.1472,0.6374,0.8125,donor
GSTA4,-0.09,0.6973,0.8486,donor
ANKRD52,1.1972,0.01563,0.3396,donor
KSR2,2.3038,0.003956,0.2594,donor
LMNTD2##1,0.4158,0.3138,0.6378,donor
LOC101928886,0.079,0.3739,0.6378,donor
MACROD1,-0.2531,0.7194,0.8618,donor
LOC728613,0.4731,0.2872,0.6378,donor
ECEL1,-2.9453,0.04453,0.4441,donor
KIF20A,0.3453,0.1597,0.6378,donor
LOC101927181,0.6295,0.1682,0.6378,donor
LINC01020,0.0295,0.3739,0.6378,donor
LOC102546226,-0.3042,0.1806,0.6378,donor
LOC100505878,-0.2427,0.3632,0.6378,donor
LINC01018,-0.1303,0.9067,0.9584,donor
MMP12,-0.033,0.1899,0.6378,donor
ATP4A,-0.1052,0.2709,0.6378,donor
LEPROTL1,-0.3187,0.5273,0.7428,donor
LINC01028,0.1764,0.1974,0.6378,donor
NUP160,-0.21,0.1587,0.6378,donor
IMMT,0.3354,0.3137,0.6378,donor
MIR6126,-0.1027,0.1827,0.6378,donor
MIR6124,0.0102,0.3739,0.6378,donor
MIR6732,0.029,0.4502,0.6923,donor
SNHG18,-0.0331,0.973,0.9888,donor
CXCL2,0.4415,0.628,0.8064,donor
SPATA4,1.1641,0.2467,0.6378,donor
LIN37,0.3343,0.4652,0.7022,donor
DSCAML1,-0.5323,0.3366,0.6378,donor
ROPN1L-AS1,1.1007,0.1138,0.5863,donor
ZNF513,-0.2146,0.5891,0.7812,donor
LRRTM1,0.253,0.6987,0.8496,donor
PLD6,1.0163,0.1729,0.6378,donor
MAP3K14-AS1,0.9821,0.05003,0.4617,donor
UBQLN2,-0.6096,0.01334,0.3236,donor
PILRA,0.586,0.1839,0.6378,donor
KIAA1107,-0.7287,0.02417,0.3834,donor
CSTF2T,0.6055,0.05191,0.466,donor
RAX,-0.0205,0.3632,0.6378,donor
MTUS2,0.2532,0.6054,0.7928,donor
IQSEC3##1,1.7834,0.009073,0.2929,donor
LOC100130744,0.3011,0.6342,0.8105,donor
LOC101928435,0.0148,0.3739,0.6378,donor
MIR6754,-0.0686,0.5492,0.7575,donor
MIR6752,-0.0917,0.6317,0.8092,donor
MIR6740,0.1237,0.5534,0.7597,donor
MIR6750,0.0102,0.3739,0.6378,donor
MIR6739,0.0182,0.8277,0.9213,donor
MIR6748,-0.1411,0.6196,0.8014,donor
MIR6767,-0.0125,0.3632,0.6378,donor
MIR6765,0.0148,0.3739,0.6378,donor
MIR6764,0.3531,0.01509,0.335,donor
MIR6762,0.086,0.3933,0.6529,donor
MIR6761,0.0398,0.7101,0.8558,donor
MIR6759,0.0421,0.683,0.8399,donor
MIR6758,0.4675,0.1151,0.5877,donor
MIR6757,0.0586,0.5326,0.7456,donor
DCTD,0.0656,0.8476,0.9309,donor
PARP4,-0.0375,0.918,0.963,donor
LSP1P3,-0.1144,0.05537,0.474,donor
MIR8066,0.0022,0.9124,0.9601,donor
MIR6873,-0.0244,0.3632,0.6378,donor
MIR6871,-0.0126,0.3632,0.6378,donor
MIR6869,0.0215,0.8349,0.9248,donor
MIR8063,0.3092,0.1492,0.6378,donor
MIR6866,-0.1267,0.3283,0.6378,donor
MIR6865,-0.0305,0.5894,0.7813,donor
MIR6864,0.4275,0.1313,0.6131,donor
MIR8055,0.1648,0.1273,0.6067,donor
MIR6861,0.0663,0.1858,0.6378,donor
MIR6769B,0.0074,0.762,0.8861,donor
CHP2,-0.0125,0.3632,0.6378,donor
GPSM3##6,0.0885,0.3739,0.6378,donor
UGGT2,0.4899,0.2271,0.6378,donor
TRHDE,0.3371,0.3502,0.6378,donor
OXCT2,0.5997,0.1769,0.6378,donor
PRSS22,-0.2735,0.4882,0.718,donor
FKBPL,0.0422,0.9557,0.9807,donor
LINC00922,0.301,0.3739,0.6378,donor
CEACAM22P,0.0808,0.3739,0.6378,donor
HHATL,-1.3971,0.1117,0.5834,donor
ITPRIPL2,0.1332,0.7949,0.9053,donor
CREBZF,0.0961,0.8241,0.9196,donor
OR5E1P,0.2245,0.3493,0.6378,donor
TAPT1-AS1,1.1187,0.05423,0.4706,donor
SLC9A3R1,-0.3281,0.4319,0.6803,donor
FGF12,-0.623,0.1811,0.6378,donor
NDUFB11,-0.3442,0.1297,0.6112,donor
ATXN3L,0.085,0.3739,0.6378,donor
CDC42BPG,1.1983,0.004692,0.2594,donor
CYP3A4,-0.0141,0.8879,0.9491,donor
UGT1A7,0.0885,0.3739,0.6378,donor
ZMAT5,0.578,0.02684,0.3947,donor
KCTD5,-0.2225,0.4133,0.6674,donor
PLEKHA3,-0.9255,0.1609,0.6378,donor
BCO1,-0.2983,0.2965,0.6378,donor
SPA17,0.7565,0.1589,0.6378,donor
PRKAG3,0.0288,0.3739,0.6378,donor
GDNF-AS1,-0.5588,0.1961,0.6378,donor
LINC01522,0.7423,0.1608,0.6378,donor
MIR7114,0.0884,0.3739,0.6378,donor
MIR7113,-0.0567,0.8564,0.9351,donor
MIR7111,-0.0166,0.7932,0.9041,donor
MIR7109,0.102,0.2872,0.6378,donor
LOC100506682,0.1339,0.1608,0.6378,donor
LOC101929657,0.0647,0.3739,0.6378,donor
MIR7108,0.0148,0.3739,0.6378,donor
MIR6077,0.0583,0.1778,0.6378,donor
MIR7110,0.1498,0.1763,0.6378,donor
TBC1D20,-0.0506,0.9247,0.9657,donor
TSACC,0.1618,0.753,0.8824,donor
WDR64,0.0305,0.8452,0.9294,donor
C17orf78,0.0402,0.5858,0.7789,donor
LOC100506548,0.3317,0.2769,0.6378,donor
SNORD72,0.1022,0.5415,0.7516,donor
INTS10,0.0369,0.8892,0.9494,donor
ATAD3A,1.7575,0.006883,0.2748,donor
SLC7A10,0.0288,0.3739,0.6378,donor
RANBP10,1.0982,0.07591,0.5216,donor
DNAH17,0.7561,0.08486,0.5404,donor
ARMC5,0.8581,0.05735,0.4788,donor
PODN,1.9132,0.03293,0.4191,donor
STK32C,0.664,0.3028,0.6378,donor
LOC153684,0.4114,0.3739,0.6378,donor
LOC100506639,0.6333,0.08979,0.5492,donor
TEKT3,0.1683,0.7196,0.8618,donor
C1QTNF2,0.2981,0.3675,0.6378,donor
IRX3,-0.6977,0.4423,0.6872,donor
TMEM43,-0.5658,0.1367,0.6198,donor
CACNG8,-0.0149,0.4513,0.6926,donor
INHBE,1.1452,0.09961,0.5675,donor
MRPL32,-0.6229,0.06536,0.4983,donor
TMEM106A,1.2647,0.1887,0.6378,donor
FRY-AS1,-0.7759,0.2975,0.6378,donor
RBM48,-0.6919,0.05958,0.4837,donor
FAM160A2,0.6293,0.07653,0.522,donor
RNF128,-0.9665,0.03893,0.4295,donor
GPIHBP1,0.1451,0.2714,0.6378,donor
FBXO30,0.2964,0.7472,0.879,donor
PRAM1,0.0604,0.4575,0.697,donor
BICD2,0.1786,0.6346,0.8108,donor
MLX,-0.5871,0.18,0.6378,donor
KMT2C,0.8545,0.005063,0.2594,donor
RPL31P11,-0.2799,0.1912,0.6378,donor
FMO6P,0.0148,0.3739,0.6378,donor
SNORA4,-0.2225,0.4354,0.6828,donor
SNORA63,-0.4669,0.1464,0.6343,donor
SNORA52,-0.1556,0.2391,0.6378,donor
GPATCH3,0.1318,0.7919,0.9034,donor
MANBAL,0.6138,0.03359,0.4217,donor
NFIX,-0.7128,0.3494,0.6378,donor
STRIP1,0.6709,0.07107,0.5107,donor
KRTCAP2,0.1261,0.4558,0.6953,donor
ATP2A2,0.2134,0.6635,0.8291,donor
THOC7-AS1,0.0876,0.5851,0.7783,donor
LINC01485,0.0885,0.3739,0.6378,donor
LOC101928682,0.0676,0.1839,0.6378,donor
MIR582,0.0477,0.3739,0.6378,donor
GOT1,-0.3834,0.1868,0.6378,donor
C5orf64,-0.0179,0.7523,0.882,donor
RFNG,0.9467,0.1016,0.5693,donor
GNS,0.2872,0.1064,0.5746,donor
RALGAPA1P,0.2034,0.6452,0.817,donor
LOC102467212,0.0885,0.3739,0.6378,donor
ZXDC,0.6491,0.1455,0.6335,donor
ERBB2IP,-1.243,0.2626,0.6378,donor
YIPF2,0.5496,0.1865,0.6378,donor
HSPA4,-0.2009,0.6067,0.7932,donor
FAM84B,0.2733,0.515,0.7359,donor
TMEM167A,-0.3983,0.07559,0.5212,donor
FBXO36,0.8294,0.1371,0.6207,donor
TCTE3,-0.131,0.6172,0.7998,donor
LYG1,0.1288,0.8226,0.9192,donor
APLF,-0.2004,0.7704,0.8901,donor
PPP4R2,-0.0259,0.9499,0.9781,donor
SERINC5,-1.3683,0.139,0.6237,donor
C11orf80,-0.4875,0.5297,0.7444,donor
CD72,-2.2611,0.04276,0.4383,donor
ARL8A,-0.4969,0.06486,0.4977,donor
RBM4,-0.4842,0.1032,0.5714,donor
RGL2##3,1.1742,0.01028,0.3043,donor
OFD1,-0.5128,0.04476,0.4445,donor
SEMA3B,0.9108,0.06007,0.485,donor
OR3A2,0.0121,0.9638,0.984,donor
LOXL2,0.2919,0.7071,0.8537,donor
GOLGA2,0.6801,0.04181,0.4367,donor
MGAT2,-0.0509,0.8983,0.9543,donor
SCGB2A1,0.9037,0.05721,0.4785,donor
FOXO3,-0.4553,0.1702,0.6378,donor
FOXJ1,1.2114,0.0713,0.5111,donor
FOXC1,0.0295,0.3739,0.6378,donor
FOXF1,0.3441,0.3528,0.6378,donor
GPC4,-0.1631,0.1366,0.6198,donor
FABP5,0.1663,0.4533,0.694,donor
FAAH,-0.0364,0.9433,0.9756,donor
GUSBP9##2,0.0045,0.9007,0.9552,donor
RPL13AP3,-0.1958,0.3397,0.6378,donor
RNU105B,-0.008,0.8977,0.9543,donor
STAB2,0.6078,0.08269,0.5359,donor
SPDYE1,0.5832,0.03096,0.412,donor
RASGEF1C,0.0679,0.4921,0.7201,donor
SVOPL,-0.0097,0.7423,0.8757,donor
CHPT1,-0.7391,0.1175,0.5927,donor
TOMM22,-0.2157,0.2227,0.6378,donor
ZNF280D,-0.5036,0.2016,0.6378,donor
FAM71B,0.079,0.3739,0.6378,donor
NPIPB3,0.7632,0.1351,0.6188,donor
C2orf15,-0.3133,0.5755,0.7728,donor
LSM14B,0.6371,0.3416,0.6378,donor
ZNF469,-0.0548,0.2946,0.6378,donor
ZNF582,-0.4755,0.5353,0.7478,donor
ZNF420,-0.3995,0.7616,0.8861,donor
CCDC155,0.2307,0.3267,0.6378,donor
DHRS13,-0.7211,0.1289,0.6097,donor
SLFN13,0.2963,0.3739,0.6378,donor
ENTHD2,0.4183,0.4768,0.71,donor
SNORA47,0.1357,0.243,0.6378,donor
TPO,0.0288,0.3739,0.6378,donor
HSBP1,-0.7455,0.007343,0.2799,donor
POLR3D,0.7136,0.1532,0.6378,donor
ZDHHC22,1.6632,0.1057,0.5734,donor
TDRP,-0.4612,0.3957,0.6545,donor
MKKS,-0.4183,0.01981,0.3603,donor
C10orf82,0.1173,0.5894,0.7813,donor
C11orf40,0.1506,0.3739,0.6378,donor
LOC102724589,0.3582,0.5238,0.7408,donor
LOC101927354,0.0128,0.9792,0.9911,donor
CRSP8P,-0.9071,0.06034,0.4853,donor
PAMR1,0.0288,0.3739,0.6378,donor
BEAN1,0.0961,0.3739,0.6378,donor
C14orf39,-0.0512,0.949,0.978,donor
PTCRA,-0.1347,0.3632,0.6378,donor
ANKRD1,-1.2132,0.3431,0.6378,donor
TEDDM1,0.2059,0.3739,0.6378,donor
MASTL,0.4435,0.2904,0.6378,donor
IGFALS,0.2556,0.652,0.8219,donor
NEU1##3,0.1436,0.648,0.8185,donor
RDH10,-0.8846,0.06691,0.5014,donor
WFIKKN2,0.1516,0.302,0.6378,donor
LINC01351,-0.0671,0.3632,0.6378,donor
LOC100505739,0.2107,0.3739,0.6378,donor
C7orf73,-1.0174,0.02603,0.3914,donor
MIR6743,0.0747,0.5936,0.7846,donor
MIR6733,0.0733,0.4714,0.7057,donor
LOC100506606,1.3722,0.007256,0.2795,donor
CR1L,-0.2175,0.3704,0.6378,donor
MTMR11,-1.5773,0.1252,0.6026,donor
MT1E,-1.8641,0.0412,0.434,donor
NOTCH3,-0.1668,0.3004,0.6378,donor
LOC101929645,0.0288,0.3739,0.6378,donor
LOC101927051,0.6871,0.4088,0.6641,donor
LINC01424,0.6739,0.1605,0.6378,donor
SLC5A2,0.404,0.09367,0.557,donor
RNH1,-0.0565,0.8794,0.9463,donor
CLK3,0.3194,0.4017,0.659,donor
ECHS1,-0.2868,0.4962,0.723,donor
SKI,1.1015,0.1277,0.6079,donor
STAT5A,-0.2452,0.8239,0.9196,donor
GRK1##1,0.0701,0.7628,0.8863,donor
FAM21EP,0.3186,0.3261,0.6378,donor
LOC100505736,1.5533,0.04744,0.4527,donor
JARID2-AS1,0.0981,0.5254,0.7416,donor
FAM205A,-0.0126,0.3632,0.6378,donor
CTAGE8,-0.066,0.2634,0.6378,donor
XPR1,-0.0344,0.9562,0.9808,donor
KDELC2,0.4052,0.4169,0.6696,donor
NIPAL4,1.7495,0.2164,0.6378,donor
GLRA4,-0.0024,0.8859,0.9483,donor
ATRNL1,-1.1667,0.01991,0.3603,donor
RGMB-AS1,-0.1845,0.6391,0.8136,donor
ELFN1,0.9356,0.1704,0.6378,donor
LOC100289230,0.1426,0.6264,0.8054,donor
GALR1,0.0673,0.3739,0.6378,donor
LOC100996634,0.0128,0.9088,0.9591,donor
ZNF891,0.0925,0.8755,0.944,donor
CMTR2,0.3572,0.4305,0.6794,donor
B3GAT1,-0.1654,0.6017,0.7903,donor
FAM98C,0.2409,0.6328,0.8095,donor
LINC01023,0.5809,0.201,0.6378,donor
SNAI2,-0.0023,0.888,0.9491,donor
ASAP1,0.4385,0.09009,0.5497,donor
PARP12,1.5609,0.05452,0.4715,donor
EPB41L4A-AS1,-0.9817,0.02526,0.3879,donor
EPB41L4A-AS2,0.5278,0.2786,0.6378,donor
LOC101926933,0.0001,0.9998,0.9998,donor
UBAP2L,0.7401,0.01482,0.3343,donor
VAMP2,0.0304,0.9015,0.9555,donor
SLC6A11,0.3754,0.261,0.6378,donor
YLPM1,1.1357,0.003816,0.2563,donor
SLC29A4,0.1632,0.6761,0.8361,donor
CMYA5,1.4193,0.1398,0.6239,donor
USP16,0.0128,0.952,0.979,donor
MYH1,0.0288,0.3739,0.6378,donor
SPATA31D4,0.0102,0.3739,0.6378,donor
SHISA9,0.2696,0.4059,0.6618,donor
C18orf42,-0.4795,0.2909,0.6378,donor
FAM200B,-0.3546,0.223,0.6378,donor
LOC101927159,-0.0569,0.3632,0.6378,donor
SETD7,0.1092,0.7022,0.8515,donor
LINC01430,-0.142,0.3632,0.6378,donor
LOC101927766,0.1218,0.3739,0.6378,donor
LOC101928539,-0.1054,0.6611,0.828,donor
GUCY1A2,0.3374,0.5548,0.7603,donor
TIAM1,1.2509,0.008437,0.2869,donor
DHFRL1,0.0131,0.9801,0.9916,donor
EFCAB7,-0.3646,0.4076,0.663,donor
NLRP8,0.0845,0.2027,0.6378,donor
NLRP13,0.0044,0.8674,0.9403,donor
P2RY6,0.2275,0.4246,0.675,donor
FAM151A,0.4701,0.149,0.6378,donor
LOC401463,0.1841,0.3739,0.6378,donor
PCDHGC5,-0.0493,0.5344,0.7471,donor
ZDHHC13,-0.4862,0.2271,0.6378,donor
PCDHGC4,0.0652,0.8272,0.921,donor
TMEM72,-0.0931,0.41,0.6652,donor
OIT3,-0.1449,0.7187,0.8615,donor
PCDHGB2,-0.9782,0.2236,0.6378,donor
PCDHGB1,0.1834,0.6083,0.794,donor
TMX3,-0.3143,0.424,0.6746,donor
C11orf71,0.0343,0.937,0.9723,donor
PCDHGA7,0.3442,0.5078,0.7313,donor
NDFIP1,-0.8814,0.001273,0.2182,donor
LMBRD1,-0.7199,0.004379,0.2594,donor
MNS1,-0.6442,0.3056,0.6378,donor
RFPL1,-0.0245,0.3632,0.6378,donor
PLK1,-0.0325,0.9398,0.9735,donor
MDH1,-0.426,0.08111,0.5328,donor
DNAH6,0.3497,0.6919,0.8454,donor
CPSF4L,-0.2353,0.2212,0.6378,donor
SCN1B,1.9157,0.008663,0.2918,donor
KCNJ2,2.6074,0.002347,0.2294,donor
KCNJ11,0.7999,0.07017,0.5091,donor
SCNN1B,0.3312,0.3739,0.6378,donor
KHDRBS3,-2.3696,0.02516,0.3875,donor
YKT6,0.0296,0.9383,0.9729,donor
RALA,-0.5139,0.1527,0.6378,donor
PTPN14,0.2501,0.2903,0.6378,donor
SCGB1D1,0.0422,0.3739,0.6378,donor
SCGB1D2,0.3232,0.4268,0.6767,donor
PDK3,1.1738,0.008794,0.2926,donor
JAZF1,-0.4148,0.04647,0.4509,donor
KLC3,0.1129,0.8699,0.9414,donor
MIDN,-0.142,0.7351,0.8726,donor
NKX6-2,-0.0511,0.5863,0.7791,donor
WNT9A,-0.3479,0.3242,0.6378,donor
C3orf36,0.1012,0.3739,0.6378,donor
ZNF614,0.6302,0.3375,0.6378,donor
DOCK5,0.2365,0.09152,0.5535,donor
SMAD5-AS1,-0.1233,0.6959,0.8479,donor
RANBP17,-0.774,0.2631,0.6378,donor
LOC389332,1.9376,0.04089,0.434,donor
BAZ2B,0.4779,0.007209,0.2793,donor
RPL7A,-0.2722,0.04471,0.4445,donor
ITGB4,0.1179,0.4814,0.7132,donor
HSPA13,-0.3822,0.3736,0.6378,donor
SPSB4,0.2008,0.3739,0.6378,donor
ITPKC,0.322,0.6805,0.8386,donor
EFHC2,0.4932,0.6521,0.822,donor
SNORD63,-0.3007,0.3022,0.6378,donor
SNORA74A,0.0075,0.7603,0.886,donor
FAM131A,0.8305,0.1582,0.6378,donor
HIRIP3,0.7091,0.1077,0.5767,donor
MAP3K12,0.4323,0.4032,0.6602,donor
TCAP,-0.1162,0.5818,0.7766,donor
PPP1R36,-0.0928,0.9328,0.9697,donor
COPS5,-0.8671,0.008634,0.2918,donor
VTRNA1-1,0.204,0.3958,0.6546,donor
VTRNA1-3,0.3782,0.2786,0.6378,donor
GALC,0.0222,0.9474,0.9772,donor
RINL,0.4736,0.4224,0.6732,donor
DKFZP586I1420,0.7446,0.2093,0.6378,donor
TPI1P2,-0.2836,0.7246,0.8657,donor
PCDHB19P,0.4544,0.6318,0.8092,donor
NCR3LG1,0.9695,0.09235,0.5549,donor
LOC101928226,-0.1063,0.4044,0.6606,donor
PNRC1,-1.2162,0.007834,0.2823,donor
TRIM35,0.5687,0.1718,0.6378,donor
TCFL5,0.1652,0.791,0.9028,donor
E2F4,0.2068,0.5933,0.7846,donor
LOC729080,0.5463,0.1379,0.6216,donor
EMC4,-0.2899,0.2255,0.6378,donor
SLC2A10,0.1315,0.8715,0.9421,donor
SENP6,0.1869,0.3472,0.6378,donor
ZNF546,0.814,0.3412,0.6378,donor
C19orf60,0.9821,0.001384,0.2225,donor
KATNBL1,-0.6311,0.01188,0.3142,donor
ELMO3,0.1654,0.7089,0.855,donor
ZNF852,-1.2344,0.1213,0.5972,donor
TJP3,1.1642,0.1795,0.6378,donor
AMN,-0.1818,0.458,0.6973,donor
LOC81691,0.5064,0.4179,0.6703,donor
ISCA1,-0.6531,0.1566,0.6378,donor
KAZALD1,0.2307,0.2829,0.6378,donor
TMEM163,-0.8915,0.2335,0.6378,donor
FAM83D,0.148,0.6955,0.8477,donor
TRIM15,-0.0244,0.3632,0.6378,donor
ABCC12,0.0288,0.3739,0.6378,donor
PVRL4,-0.2079,0.2905,0.6378,donor
RSG1,0.3635,0.5993,0.7891,donor
LYNX1,1.3729,0.2087,0.6378,donor
BHLHA15,0.3981,0.3329,0.6378,donor
FLJ45079,0.0288,0.3739,0.6378,donor
FAM27L,0.02,0.3739,0.6378,donor
WDR24,0.0594,0.9023,0.956,donor
MIR143HG,0.02,0.3739,0.6378,donor
CPZ,0.0102,0.3739,0.6378,donor
CST7,0.0022,0.9124,0.9601,donor
NPTX2,0.5355,0.4394,0.6859,donor
NPM1,-0.6056,0.01631,0.3436,donor
CARD9,0.3439,0.1852,0.6378,donor
CTNNAL1,-0.0974,0.8808,0.9469,donor
PIGR,0.2094,0.3757,0.639,donor
PIGF,-0.2607,0.4309,0.6797,donor
LOC101927492,-0.073,0.7829,0.898,donor
LOC101927285,0.1185,0.4179,0.6703,donor
LINC01494,0.5922,0.03475,0.4255,donor
LOC101927196,0.7552,0.1742,0.6378,donor
LOC101927142,0.1044,0.493,0.7209,donor
LOC101928283,0.1834,0.1246,0.6022,donor
LINC01214,-0.3846,0.3646,0.6378,donor
LOC101927043,-0.741,0.2868,0.6378,donor
NCK1-AS1,-0.23,0.6114,0.7959,donor
LOC101928333,0.0295,0.3739,0.6378,donor
LOC101928137,0.0102,0.3739,0.6378,donor
LOC101927495,0.8836,0.0553,0.4737,donor
LOC101926913,0.1678,0.7082,0.8547,donor
LOC101927204,-0.8238,0.3607,0.6378,donor
LOC101060385,-0.203,0.1377,0.6216,donor
LOC101928211,0.0148,0.3739,0.6378,donor
SNHG24,1.7361,0.009216,0.2951,donor
LOC101060091,0.0157,0.9662,0.9854,donor
DARS-AS1,-1.911,0.001832,0.2294,donor
LOC101927811,0.3319,0.5458,0.755,donor
LOC285740,0.6037,0.2366,0.6378,donor
SNHG21,-0.6854,0.1946,0.6378,donor
LINC01267,0.0666,0.8459,0.9298,donor
LOC101928909,-0.0768,0.6365,0.8118,donor
LOC101929080,0.2216,0.3739,0.6378,donor
LINC01266,-1.1907,0.1672,0.6378,donor
LOC101929596,0.1854,0.3739,0.6378,donor
LOC101927746,-0.1471,0.7698,0.8899,donor
UBXN10-AS1,0.2068,0.6016,0.7903,donor
DGUOK-AS1,0.3812,0.01084,0.3088,donor
SMARCA5-AS1,-0.122,0.5062,0.7297,donor
TMEM8A,0.2485,0.5825,0.7771,donor
PELI2,-0.2494,0.6289,0.8073,donor
NFATC4,1.7215,0.008151,0.2835,donor
S100A11,-0.2482,0.5626,0.765,donor
NDUFS3,0.0795,0.7671,0.8885,donor
C6orf62,-0.5806,0.03859,0.4291,donor
VMP1,-0.9717,0.01238,0.3173,donor
TMEM194A,0.5145,0.5392,0.7503,donor
CCDC22,0.5167,0.1448,0.6323,donor
EFHD1,0.4131,0.4988,0.7248,donor
ADAM19,0.3575,0.4597,0.6988,donor
CCL19,0.0647,0.3739,0.6378,donor
CLDN11,-0.5723,0.04487,0.4445,donor
TEX2,-0.1972,0.5325,0.7456,donor
HCG4B,0.5465,0.3893,0.6497,donor
LINC01081,0.0288,0.3739,0.6378,donor
ARMC2-AS1,0.1839,0.3529,0.6378,donor
LINC01057,-0.5418,0.1663,0.6378,donor
LOC102467146,0.5899,0.3623,0.6378,donor
DEAR,0.1337,0.5844,0.7783,donor
LOC101928035,0.3431,0.2455,0.6378,donor
LOC102467079,0.0148,0.3739,0.6378,donor
ITGB7,0.1114,0.7079,0.8544,donor
LOC101927694,0.1937,0.1791,0.6378,donor
LINC01206,0.141,0.3739,0.6378,donor
RAD54L,-0.0604,0.8695,0.9414,donor
CLEC11A,0.0339,0.914,0.9608,donor
ITGAL,0.3257,0.1694,0.6378,donor
HLA-DQA1,0.0295,0.3739,0.6378,donor
MIR590,0.158,0.1819,0.6378,donor
MIR15A,0.0148,0.6697,0.832,donor
LOC100996263,0.0295,0.3739,0.6378,donor
C1QTNF9B-AS1,-0.0032,0.9788,0.9911,donor
EFCAB9,0.0625,0.314,0.6378,donor
LUZP2,-0.0592,0.2534,0.6378,donor
ZNF329,1.9188,0.01239,0.3173,donor
CLDN1,0.17,0.346,0.6378,donor
CD3E,0.2951,0.2961,0.6378,donor
ANP32AP1,0.1169,0.5014,0.7266,donor
MIR599,0.0148,0.3739,0.6378,donor
MIR623,0.0647,0.3739,0.6378,donor
MIR618,-0.0244,0.3632,0.6378,donor
MIR616,2.1792,0.02537,0.388,donor
MIR16-1,0.0839,0.7298,0.8688,donor
MIR614,0.0102,0.3739,0.6378,donor
PWRN1,-0.1054,0.7549,0.8837,donor
MIR613,0.0148,0.3739,0.6378,donor
MIR612,0.3346,0.1881,0.6378,donor
MIR602,0.0074,0.762,0.8861,donor
MIR607,-0.0359,0.3632,0.6378,donor
LOC100996385,-0.1029,0.3632,0.6378,donor
POLR3A,0.4797,0.08303,0.5366,donor
SPTBN2,1.0902,0.09749,0.5644,donor
EDC4,1.189,0.04094,0.434,donor
WDR45,0.4456,0.146,0.6337,donor
LOC101927244,0.0141,0.6785,0.8373,donor
PHLDA3,-0.983,0.1013,0.5691,donor
NIM1K,-1.0498,0.263,0.6378,donor
MIR5009,0.1385,0.1581,0.6378,donor
MAGOH2P,0.0993,0.718,0.8611,donor
PPM1E,-0.0563,0.9002,0.9551,donor
EXOC2,0.2572,0.3017,0.6378,donor
HERC2P10,0.0356,0.6318,0.8092,donor
LINC00957,-0.2413,0.5215,0.7395,donor
SPRED3,-0.1213,0.87,0.9414,donor
LMO1,-0.5127,0.1509,0.6378,donor
ELFN2,0.416,0.5381,0.7494,donor
C22orf34,-0.0126,0.3632,0.6378,donor
DNA2,1.2628,0.004703,0.2594,donor
PIN4P1,-0.2841,0.5095,0.7329,donor
DSCAM,0.9546,0.1782,0.6378,donor
UNG,-0.7141,0.114,0.5863,donor
AACSP1,0.055,0.3739,0.6378,donor
INPP5J,0.5033,0.4861,0.717,donor
C10orf126,-0.045,0.1768,0.6378,donor
SMEK1,-0.1359,0.7251,0.8661,donor
ANKRD35,-0.1842,0.5357,0.7482,donor
MIR1229,0.0496,0.6162,0.799,donor
NIPA2,-0.7083,0.1057,0.5734,donor
SPTB,1.7544,0.0007548,0.209,donor
PLCG2,-1.3513,0.1464,0.6343,donor
NAPG,-1.0001,0.01082,0.3088,donor
PSMB9##6,-0.3407,0.6664,0.8303,donor
PLAU,-0.4534,0.2068,0.6378,donor
PITX1,-0.103,0.3632,0.6378,donor
NPR2,-0.6458,0.4412,0.6867,donor
PIK3CG,-0.0205,0.3632,0.6378,donor
ADAM20,0.1904,0.7991,0.9076,donor
ADAM21,-0.1209,0.8413,0.9272,donor
HEIH,0.3192,0.391,0.6511,donor
OR2V1,0.141,0.3739,0.6378,donor
MIR628,0.0527,0.3739,0.6378,donor
MIR627,-0.05,0.264,0.6378,donor
MIR625,0.1306,0.2116,0.6378,donor
MIR624,0.3866,0.3333,0.6378,donor
SNORD96A,0.0709,0.5303,0.7446,donor
SNORD95,-0.0245,0.3632,0.6378,donor
FAM71F1,-0.4039,0.4884,0.7181,donor
CLIP3,0.4107,0.089,0.5486,donor
BICD1,1.2083,0.06054,0.4854,donor
HOXB7,0.2567,0.3739,0.6378,donor
BOP1,0.1422,0.7157,0.86,donor
SCGB1A1,0.0295,0.3739,0.6378,donor
HNRNPC,-0.7148,0.01771,0.3513,donor
GPS2,0.0081,0.9831,0.9927,donor
SUMO1,-0.5395,0.007173,0.2792,donor
UBE2I,0.0357,0.8897,0.9496,donor
LOX,-1.2982,0.1363,0.6198,donor
UMOD,-0.0205,0.3632,0.6378,donor
GTF2A2,-0.8827,0.01021,0.3034,donor
LOC644936,0.4354,0.2285,0.6378,donor
SCUBE2,0.3028,0.1751,0.6378,donor
MIR6887,0.4146,0.2928,0.6378,donor
MIR6886,0.351,0.09337,0.5564,donor
MIR6885,0.0022,0.9124,0.9601,donor
MIR8076,0.2143,0.2137,0.6378,donor
MIR6883,0.0996,0.5802,0.7757,donor
MIR6880,0.2522,0.12,0.5962,donor
MIR6879,0.0573,0.7096,0.8554,donor
MIR8072,0.0085,0.9586,0.9814,donor
MIR6878,0.3477,0.2691,0.6378,donor
MIR6877,0.0197,0.8318,0.9237,donor
MIR6875,0.085,0.3739,0.6378,donor
MIR8068,-0.0972,0.3632,0.6378,donor
SIKE1,-0.6433,0.02746,0.3973,donor
UHRF1,0.3663,0.1896,0.6378,donor
ZNF664-FAM101A,-0.0518,0.6436,0.816,donor
CFAP99,0.3387,0.2766,0.6378,donor
C15orf59-AS1,-0.1667,0.2716,0.6378,donor
LOC101929439,0.0148,0.3739,0.6378,donor
PCSK5,0.7336,0.2128,0.6378,donor
VPS9D1,1.1029,0.1673,0.6378,donor
PDIA4,1.9806,0.03841,0.4289,donor
PITPNM1,1.2757,0.09585,0.5606,donor
LINC01301,0.7658,0.3703,0.6378,donor
CNNM4,0.1513,0.7748,0.8927,donor
GPX6,0.0148,0.3739,0.6378,donor
TXLNA,0.1779,0.4916,0.7199,donor
GPATCH4,0.3903,0.1392,0.6239,donor
OPRL1##1,0.0633,0.4539,0.6944,donor
MCM9,0.2397,0.5595,0.7631,donor
VWCE,0.6813,0.3249,0.6378,donor
C1orf122,0.4594,0.1248,0.6023,donor
NRN1L,-0.0568,0.8598,0.9371,donor
FAM180A,0.2879,0.3981,0.6564,donor
MUSTN1,0.4496,0.1072,0.5758,donor
LCN15,0.0102,0.3739,0.6378,donor
KCTD4,0.14,0.5863,0.7791,donor
LINC01335,0.0885,0.3739,0.6378,donor
LOC101929528,0.0387,0.3739,0.6378,donor
FOXRED2,0.6207,0.4349,0.6823,donor
TRIM59,-1.0389,0.2406,0.6378,donor
EGLN1,-1.6333,0.03019,0.4102,donor
TUBGCP6,2.1017,0.005784,0.2658,donor
CSNK1G1,0.6038,0.1655,0.6378,donor
BSCL2##2,0.0156,0.8086,0.9122,donor
NCAPD2,1.0992,0.2426,0.6378,donor
RPEL1,-0.3377,0.3345,0.6378,donor
SGIP1,0.8469,0.07517,0.5199,donor
FBXW9,1.0058,0.149,0.6378,donor
PSD2,-0.3412,0.3645,0.6378,donor
ANKRD32,-1.4483,0.09451,0.5584,donor
FYTTD1,-0.1591,0.5219,0.7395,donor
LDOC1L,0.9489,0.002393,0.2294,donor
MED10,-0.8247,0.005107,0.2594,donor
BBS1,0.7036,0.03929,0.4295,donor
ELAVL3,0.0633,0.8384,0.9259,donor
ZCCHC9,-0.6505,0.08508,0.5404,donor
SLC39A11,0.5416,0.07718,0.5226,donor
PET117,-0.5919,0.006695,0.2732,donor
BLVRA,-0.0744,0.8489,0.9317,donor
DOCK3,1.3857,0.01164,0.3139,donor
SND1,0.2533,0.5031,0.7275,donor
LYPD3,-0.3808,0.6071,0.7933,donor
HPGD,-0.213,0.8556,0.9348,donor
MS4A2,-0.0125,0.3632,0.6378,donor
DDX21,-0.0637,0.8067,0.9113,donor
MAML2,1.7639,0.02306,0.3745,donor
BOLL,0.0051,0.8972,0.9539,donor
CASC15,-0.1966,0.6783,0.8373,donor
ARHGAP35,0.7519,0.1617,0.6378,donor
FIGF,0.1096,0.2361,0.6378,donor
PHYHD1,0.4755,0.3333,0.6378,donor
C9orf153,0.3077,0.4184,0.6706,donor
LCE1C,-0.0331,0.1897,0.6378,donor
SST,-1.7377,0.2268,0.6378,donor
GLE1,0.1982,0.5058,0.7294,donor
MLNR,-0.1751,0.5516,0.7584,donor
B4GALT1,-0.162,0.753,0.8824,donor
GDI1,-0.1277,0.5122,0.7343,donor
CCDC154,0.1221,0.7387,0.8742,donor
ZCCHC18,0.5383,0.4784,0.7111,donor
PPAPDC1B,0.113,0.6235,0.8041,donor
MARCH11,0.3097,0.2083,0.6378,donor
C11orf95,0.1127,0.8288,0.9219,donor
NPY4R##1,0.0148,0.3739,0.6378,donor
ARL2,-0.1017,0.6765,0.8364,donor
C2orf81,0.9728,0.06207,0.4892,donor
HSD3B1,-0.0738,0.5188,0.7377,donor
LINC00240,0.1442,0.8337,0.9246,donor
LOC100270746,-0.5637,0.04689,0.4526,donor
AMBP,-0.008,0.9847,0.9933,donor
TMEM230,-0.3388,0.3091,0.6378,donor
LINC01012,0.2617,0.4986,0.7246,donor
ASTN2,0.8715,0.2995,0.6378,donor
ZSCAN12P1,1.7984,0.07897,0.5259,donor
ZSCAN16-AS1,0.0517,0.8348,0.9248,donor
POU3F1,-0.7764,0.2764,0.6378,donor
TRAPPC10,0.419,0.316,0.6378,donor
PIGQ,0.6192,0.1609,0.6378,donor
TMPRSS7,0.0348,0.1842,0.6378,donor
LGMN,0.0131,0.9677,0.9861,donor
LOC100506730,0.2058,0.7775,0.8941,donor
GNAL,1.4986,0.02663,0.3932,donor
CYP2U1,-0.4191,0.09291,0.5555,donor
COX8C,-0.3367,0.4542,0.6945,donor
HCG4,0.714,0.186,0.6378,donor
LOC554223,0.0148,0.9632,0.9836,donor
HLA-H,0.1976,0.6294,0.8078,donor
APBA1,-0.5363,0.1172,0.5927,donor
HLA-J,0.0702,0.9061,0.9581,donor
CC2D2B,1.0915,0.01054,0.3063,donor
LRRC42,-0.6708,0.01671,0.3436,donor
PIANP,-0.472,0.4166,0.6694,donor
HCG17,-0.4203,0.2669,0.6378,donor
ASIP,0.0172,0.6245,0.8046,donor
ARSD,0.9854,0.03928,0.4295,donor
DRGX,0.0295,0.3739,0.6378,donor
HIST2H2AA3+HIST2H2AA4,-0.033,0.1899,0.6378,donor
MUC2,0.037,0.6652,0.8298,donor
PPP1R10##3,1.354,0.00873,0.2918,donor
KIAA2012,0.3412,0.3739,0.6378,donor
SLC35A3,-0.3864,0.2341,0.6378,donor
NBPF9,0.0923,0.873,0.9427,donor
BBC3,-0.4627,0.3023,0.6378,donor
LAMP3,-3.5518,0.0187,0.3569,donor
UQCRQ,0.0759,0.5899,0.7816,donor
KDELR3,0.9647,0.3173,0.6378,donor
LAT,0.2701,0.6808,0.8386,donor
HCG22,-0.137,0.6174,0.7998,donor
PMS2L2,0.0396,0.6695,0.832,donor
RPL23AP64,0.6337,0.1025,0.5705,donor
LOC101928279,0.2995,0.3776,0.6402,donor
TACC3,-0.1098,0.8438,0.9286,donor
TMEM183B,-0.4211,0.07539,0.5207,donor
C1orf198,-0.8267,0.4708,0.7053,donor
SNORA55,0.0703,0.4586,0.6978,donor
SLC16A13,0.8978,0.2822,0.6378,donor
GRM7,0.4811,0.2855,0.6378,donor
EFCAB12,1.6745,0.04316,0.4403,donor
G6PD,0.2495,0.4902,0.7185,donor
WNT8B,-0.2381,0.1747,0.6378,donor
YY1,-0.8968,0.05135,0.4646,donor
WNT5A,0.02,0.3739,0.6378,donor
ZNF143,0.012,0.9778,0.9907,donor
GLCE,-0.262,0.7548,0.8836,donor
RNF103-CHMP3,-0.1325,0.2086,0.6378,donor
DNAH8,0.4115,0.5522,0.7589,donor
NSRP1,0.1288,0.4934,0.7212,donor
TYRO3,0.4248,0.3031,0.6378,donor
AKR7A3,-0.0564,0.8928,0.9513,donor
TSG101,-0.7062,0.001777,0.2293,donor
TNFAIP3,-0.1032,0.9098,0.9594,donor
TLN1,0.4578,0.2182,0.6378,donor
AOC2,0.2594,0.7116,0.8571,donor
LTB,0.0564,0.5575,0.7617,donor
MIR1236,0.02,0.3739,0.6378,donor
CDR2,0.634,0.44,0.6861,donor
IL5,0.1751,0.5307,0.745,donor
CYP1A2,-0.0245,0.3632,0.6378,donor
ENPP4,-0.5716,0.127,0.6064,donor
GPRIN2,0.09,0.4654,0.7022,donor
KCNH3,0.4124,0.495,0.7222,donor
XPO7,0.7185,0.01966,0.3603,donor
ZNF292,-0.4717,0.3323,0.6378,donor
LPHN1,1.076,0.02451,0.3848,donor
FBXL22,0.314,0.4766,0.71,donor
RAPH1,-0.0643,0.8259,0.9203,donor
ADAMTS6,1.4304,0.06475,0.4976,donor
C11orf87,1.284,0.161,0.6378,donor
ERICH6B,0.055,0.3739,0.6378,donor
MAP3K3,1.9641,0.01643,0.3436,donor
ZRANB2,-0.1776,0.5991,0.7889,donor
CD59,0.4206,0.162,0.6378,donor
SLC23A2,0.7916,0.05017,0.4623,donor
LINC01525,0.0387,0.3739,0.6378,donor
TEX19,-0.1048,0.7575,0.8847,donor
FAM174B,-0.1017,0.6465,0.8176,donor
CHCHD1,-0.7531,0.01744,0.349,donor
CPT2,-0.2657,0.4622,0.7005,donor
CPOX,0.1455,0.8656,0.9396,donor
DDB2,-0.432,0.2033,0.6378,donor
CFI,-1.7342,0.0905,0.5512,donor
SUZ12,-0.0457,0.9304,0.9686,donor
TMEM164,1.7152,0.01108,0.3107,donor
ADAM11,0.6354,0.1502,0.6378,donor
COL7A1,1.6546,0.05453,0.4715,donor
GABRG3-AS1,0.0288,0.3739,0.6378,donor
RORA-AS1,-0.432,0.5283,0.7435,donor
DYRK3,-1.0108,0.1464,0.6343,donor
ASB7,0.7111,0.3774,0.64,donor
CBFB,-0.6382,0.008786,0.2926,donor
KLF8,0.6041,0.5239,0.7409,donor
RNF213,1.0096,0.03543,0.4276,donor
LINC00336,0.5285,0.3261,0.6378,donor
HGC6.3,-0.213,0.3632,0.6378,donor
FAM196B,-0.0733,0.3632,0.6378,donor
LOC101929076,0.0317,0.3648,0.6378,donor
LOC285692,-0.0147,0.3632,0.6378,donor
LOC653653,0.3828,0.1268,0.6064,donor
INTS4P2,0.0295,0.3739,0.6378,donor
LINC00486,-0.0103,0.6454,0.817,donor
GUSBP3##2,-0.0359,0.3632,0.6378,donor
LINC01091,0.2168,0.8106,0.9129,donor
LOC90834,0.742,0.1205,0.5962,donor
SLC22A20,0.023,0.5659,0.7671,donor
RAD21-AS1,0.513,0.3448,0.6378,donor
LINC01141,-0.0631,0.4313,0.6799,donor
LINC01140,0.3265,0.3087,0.6378,donor
VASP,-0.2453,0.6469,0.8178,donor
USP1,-0.7459,0.06892,0.506,donor
UQCRC2,-0.3299,0.1863,0.6378,donor
MC1R,2.0728,0.02483,0.3868,donor
MBP,-0.2192,0.6676,0.831,donor
MATN3,-0.1156,0.6309,0.8089,donor
MATN1,0.3243,0.5742,0.7721,donor
LINC00926,0.6255,0.2069,0.6378,donor
LINC01119,-0.1995,0.7537,0.8828,donor
OR6B3,-0.0126,0.3632,0.6378,donor
FAM149B1,0.0727,0.9464,0.977,donor
EIF4EBP1,-0.7032,0.02565,0.3898,donor
FCER1G,-0.1888,0.3662,0.6378,donor
SART1,-0.1356,0.8714,0.9421,donor
CTHRC1,0.6811,0.3835,0.645,donor
ANKRD27,-0.4828,0.5563,0.7612,donor
ENKD1,0.75,0.1158,0.589,donor
KBTBD7,0.7736,0.09743,0.5644,donor
TKTL2,0.1117,0.3739,0.6378,donor
L3MBTL1,1.9366,0.02237,0.3696,donor
SRD5A3,-1.6826,0.1856,0.6378,donor
HECTD3,1.4575,0.01626,0.3435,donor
L3MBTL4,-1.0706,0.228,0.6378,donor
COL23A1,0.0913,0.5075,0.7309,donor
LOC101559451,-0.0094,0.9775,0.9907,donor
CHRNA10,-0.3174,0.6899,0.8442,donor
TMEM45A,0.5775,0.5494,0.7575,donor
FRMD4A,1.4008,0.06698,0.5014,donor
CLN6,0.8411,0.2582,0.6378,donor
ZNF287,0.5623,0.1294,0.6108,donor
PELI1,0.5575,0.05286,0.467,donor
RCN3,-0.0463,0.9203,0.9642,donor
CBX8,0.5169,0.3624,0.6378,donor
TMEM191B,0.0025,0.9409,0.9741,donor
PLAUR,-0.0248,0.9583,0.9814,donor
PAPD7,0.62,0.1441,0.6317,donor
NPIPA1##2,0.1657,0.6233,0.8041,donor
KLHDC2,-0.1111,0.6557,0.8241,donor
WBP4,0.0642,0.8374,0.9259,donor
MDC1##4,0.9244,0.02699,0.3947,donor
CDC7,0.172,0.6414,0.8147,donor
FXYD2,-1.5237,0.003167,0.2385,donor
SNORD5,-0.0884,0.7647,0.8874,donor
SLC25A11,-0.2022,0.6661,0.8302,donor
PRPF19,0.4565,0.4429,0.6875,donor
BMP10,-0.0292,0.5013,0.7266,donor
APEX2,0.1048,0.7479,0.8794,donor
DHDH,-0.7863,0.2227,0.6378,donor
NEURL4,1.9199,0.02295,0.3739,donor
C18orf65,0.5085,0.2403,0.6378,donor
RANBP9,0.3403,0.4455,0.6885,donor
ABCA1,-1.9493,0.07438,0.5191,donor
CLASP1,0.3784,0.02484,0.3868,donor
LGR5,0.0433,0.7631,0.8865,donor
AK6##1,-0.1605,0.529,0.7441,donor
LMO7,-0.4724,0.2314,0.6378,donor
SLC41A2,-0.199,0.7563,0.8844,donor
PLEKHF2,-0.8945,0.01094,0.3103,donor
ZNF394,-0.1863,0.6711,0.8329,donor
DSEL,2.4176,0.00774,0.2823,donor
SH3GL3,-1.161,0.06183,0.4887,donor
ZBTB44,0.4287,0.2834,0.6378,donor
ELAVL1,0.2503,0.4305,0.6794,donor
MAFK,0.4926,0.4733,0.7075,donor
EDA,-0.1677,0.8668,0.9402,donor
PCK1,-0.3474,0.7918,0.9033,donor
LY75,-1.7695,0.01497,0.3349,donor
CELSR3,1.8023,0.01352,0.325,donor
GALT,0.6683,0.4638,0.7017,donor
STAR,-0.1587,0.5051,0.729,donor
TEKT2,1.5948,0.01945,0.3603,donor
ATP6V1H,-0.2699,0.2416,0.6378,donor
SEPT11,0.1736,0.6925,0.8458,donor
ACPP,0.5752,0.2613,0.6378,donor
SMIM6,-1.3935,0.1845,0.6378,donor
C17orf99,0.0148,0.3739,0.6378,donor
NDUFB3,-0.2375,0.4385,0.6853,donor
ITCH,0.6415,0.2435,0.6378,donor
ZW10,-0.8096,0.2362,0.6378,donor
PWRN3,-0.1119,0.7638,0.8868,donor
ZNF717,-0.674,0.1969,0.6378,donor
RASA4B,0.5633,0.2035,0.6378,donor
ANKRD62,-0.0126,0.3632,0.6378,donor
UBE2B,-0.4313,0.08111,0.5328,donor
CLCN7,1.5042,0.06715,0.5017,donor
CREBL2,-0.5116,0.04194,0.4367,donor
CSNK2B##4,0.0262,0.8996,0.9549,donor
GTPBP3,1.5063,0.08916,0.5486,donor
FCRL5,0.0288,0.3739,0.6378,donor
BARHL1,1.1127,0.04739,0.4527,donor
LOC100506159,0.0295,0.3739,0.6378,donor
LINC01265,0.0399,0.3959,0.6546,donor
LOC101929505,0.9207,0.2052,0.6378,donor
LOC339539,-0.0129,0.8051,0.9106,donor
LOC100506258,0.3804,0.3969,0.6551,donor
GOLGA6C,-0.0934,0.2181,0.6378,donor
CCDC61,-0.4101,0.3791,0.6417,donor
SLC25A51P1,-0.0126,0.3632,0.6378,donor
SMIM10,-0.1919,0.4556,0.6953,donor
RAB2B,-0.2717,0.2703,0.6378,donor
SLAIN2,0.0082,0.9802,0.9916,donor
LINC00526,0.201,0.7277,0.8675,donor
SEC24A,-0.0944,0.7732,0.8916,donor
IRX5,0.0422,0.3739,0.6378,donor
USP22,0.2415,0.4136,0.6675,donor
DNAJC13,0.2398,0.6556,0.8241,donor
ORMDL2,0.1246,0.6972,0.8486,donor
WDR37,0.4394,0.2859,0.6378,donor
KIAA0930,0.3726,0.5197,0.7382,donor
MRPS28,0.0995,0.7551,0.8839,donor
SNRNP200,0.837,0.0006144,0.209,donor
NCAPD3,0.463,0.5373,0.749,donor
E4F1,0.8219,0.1573,0.6378,donor
LYSMD1,-0.5967,0.5094,0.7329,donor
MOB3A,0.2135,0.3601,0.6378,donor
HIST3H2A,-0.7853,0.05403,0.4699,donor
TMEM259,0.9633,0.06335,0.4928,donor
SNORD50A,-0.3334,0.23,0.6378,donor
SNORD50B,0.6711,0.159,0.6378,donor
SGCD,0.6639,0.5138,0.7354,donor
MPP1,-0.1912,0.5513,0.7583,donor
GNA11,1.0976,0.07215,0.5131,donor
UPF1,0.3112,0.4867,0.7174,donor
GNAQ,0.4155,0.2535,0.6378,donor
SEPW1,-0.4613,0.1051,0.5734,donor
EIF5A,0.3371,0.1405,0.625,donor
RBMS2,0.1341,0.8649,0.9394,donor
HNF1B##1,-0.999,0.3408,0.6378,donor
ASF1A,-0.1538,0.5659,0.7671,donor
NIPBL,0.2173,0.4385,0.6853,donor
MAPKAPK5-AS1,-0.8123,0.09689,0.5631,donor
PPIL4,-0.3571,0.08193,0.5342,donor
SAMD11,0.142,0.6937,0.8467,donor
C1orf74,1.1454,0.1791,0.6378,donor
ZNF569,0.9538,0.08298,0.5366,donor
C19orf25,0.0335,0.956,0.9808,donor
FAM187B,-0.0286,0.3632,0.6378,donor
TTC9B,0.047,0.8892,0.9494,donor
ZNF583,0.4454,0.3338,0.6378,donor
ZNF565,0.1644,0.7608,0.8861,donor
ZNF560,0.085,0.3739,0.6378,donor
DCP1B,-0.0549,0.8672,0.9403,donor
TCP11L2,0.5649,0.2918,0.6378,donor
EIF2B4,0.535,0.1367,0.6198,donor
KIZ,-0.1632,0.8384,0.9259,donor
CNGB3,-0.1452,0.2759,0.6378,donor
CACNA2D3-AS1,0.0422,0.3739,0.6378,donor
GEMIN8,0.3571,0.3564,0.6378,donor
LGALS3BP,0.824,0.05125,0.4645,donor
DUSP18,0.4548,0.3529,0.6378,donor
TTLL10,-0.2935,0.3927,0.6524,donor
KRTAP10-2,0.055,0.3739,0.6378,donor
PM20D1,1.1124,0.1734,0.6378,donor
TFAP2A,0.0705,0.3619,0.6378,donor
JUN,0.2884,0.6194,0.8013,donor
ITPR2,1.1252,0.1288,0.6097,donor
HNRNPA1,-0.065,0.7899,0.9026,donor
SMPD2,0.1694,0.7985,0.9072,donor
HMGB1,0.3728,0.3312,0.6378,donor
HLA-G##4,0.8579,0.1789,0.6378,donor
EIF3A,-0.179,0.6516,0.8215,donor
ZNF362,0.1593,0.8201,0.9178,donor
CCDC27,-0.0688,0.2489,0.6378,donor
CCDC162P,-0.074,0.2238,0.6378,donor
CDHR3,1.5953,0.137,0.6203,donor
TMEM18,-0.7583,0.02495,0.3868,donor
KCNH1,-0.621,0.5357,0.7482,donor
HIF3A,-0.2398,0.4123,0.6669,donor
MTURN,0.185,0.4707,0.7052,donor
C5orf60,0.0262,0.5497,0.7575,donor
LOC100129940,0.141,0.3739,0.6378,donor
NPIPB6,-0.0899,0.2211,0.6378,donor
ELANE,-0.0671,0.3632,0.6378,donor
PHC1,0.1411,0.7666,0.8882,donor
BUB1,-0.1349,0.867,0.9403,donor
BST2,-0.0125,0.3632,0.6378,donor
BMPR1A,-0.3209,0.4765,0.71,donor
BNIP2,-0.2717,0.4411,0.6867,donor
ITGAD,-0.0859,0.3632,0.6378,donor
DSP,-1.2323,0.001271,0.2182,donor
BAG1,-0.3591,0.5163,0.7364,donor
KIF1A,1.0739,0.05582,0.4752,donor
CORO6,0.6682,0.3789,0.6415,donor
ATG4C,0.1757,0.8908,0.9503,donor
TPI1P3,0.1651,0.6031,0.7915,donor
GSTCD,-0.4011,0.7281,0.8677,donor
MIR548B,0.0309,0.7685,0.8894,donor
LOC102723439,0.3523,0.03578,0.4276,donor
DTL,-0.1269,0.8076,0.9118,donor
MEI1,0.3595,0.4056,0.6616,donor
C9orf91,0.0958,0.9112,0.9601,donor
SHPRH,0.3036,0.331,0.6378,donor
TCEANC2,1.3182,0.1751,0.6378,donor
RUNDC1,0.2134,0.4582,0.6975,donor
N4BP1,-0.2472,0.6042,0.7922,donor
ZNF548,1.0309,0.2848,0.6378,donor
ASCL3,0.4689,0.3397,0.6378,donor
ELF1,-0.1566,0.3678,0.6378,donor
MS4A1,0.0425,0.4901,0.7184,donor
TUSC5,-0.0137,0.9284,0.9677,donor
TXLNB,1.5859,0.1243,0.6022,donor
MFSD5,-0.4445,0.4154,0.669,donor
LCOR,0.2163,0.4444,0.6882,donor
G6PC,0.264,0.4066,0.6622,donor
C1orf127,1.7092,0.00891,0.2929,donor
LIN52,-0.1646,0.7567,0.8844,donor
BEX5,0.2295,0.3871,0.6477,donor
LGALS13,0.0527,0.3739,0.6378,donor
ITGA5,0.2022,0.1824,0.6378,donor
PI3,-0.0289,0.335,0.6378,donor
INHBA,2.4548,0.02161,0.3662,donor
STX2,0.4255,0.2977,0.6378,donor
SNORD101,0.1304,0.6779,0.8372,donor
SNORD100,-0.6556,0.02122,0.3644,donor
WSCD1,-0.6595,0.3287,0.6378,donor
ATMIN,-0.355,0.2966,0.6378,donor
FOXD2-AS1,-0.2879,0.5929,0.7842,donor
OR3A3,-0.0121,0.8922,0.9509,donor
OR2C1,-0.263,0.3632,0.6378,donor
OR2B6,0.141,0.3739,0.6378,donor
ZRANB2-AS1,0.0215,0.9075,0.9586,donor
PCOLCE2,2.0706,0.02578,0.3901,donor
ZNF225,-2.0118,0.1141,0.5863,donor
PADI1,0.0148,0.3739,0.6378,donor
PURG,0.1171,0.3739,0.6378,donor
SLC16A8,0.1676,0.3739,0.6378,donor
TMOD4,-0.3803,0.2157,0.6378,donor
NENF,0.3094,0.333,0.6378,donor
TFPT,-0.1927,0.5463,0.7554,donor
PCDHB1,0.3444,0.3739,0.6378,donor
TIMM22,0.333,0.2645,0.6378,donor
SEC61A1,0.6181,0.1574,0.6378,donor
SUB1,-0.4842,0.05512,0.4734,donor
MAN1A2,-0.0815,0.7461,0.8781,donor
ATG4B,-0.1281,0.7927,0.9039,donor
HCFC2,0.4299,0.2322,0.6378,donor
YPEL1,1.1059,0.04278,0.4383,donor
SLC30A4,-0.3765,0.6598,0.8272,donor
GPR171,0.396,0.4817,0.7133,donor
ST8SIA5,0.7163,0.3186,0.6378,donor
ZDHHC1,-0.7824,0.3016,0.6378,donor
EFTUD1,0.2571,0.5953,0.7859,donor
ANKDD1A,0.6896,0.2716,0.6378,donor
OGFRL1,1.2817,0.2048,0.6378,donor
TNFAIP8L2,-0.1468,0.3653,0.6378,donor
GALNT14,-0.161,0.8294,0.9221,donor
NEFH,-0.363,0.6808,0.8386,donor
NDUFV2,-0.432,0.02736,0.3967,donor
ARFGEF3,0.0997,0.6617,0.8282,donor
SPTBN4,1.1976,0.05303,0.4672,donor
CCNJL,1.1051,0.2156,0.6378,donor
TANGO6,-0.3056,0.7578,0.8848,donor
ACSS3,0.2322,0.1067,0.5749,donor
ART4,0.3,0.3073,0.6378,donor
FBXL6,0.9836,0.09929,0.5673,donor
CERS4,0.2707,0.3939,0.6532,donor
GINS1,-0.8215,0.1375,0.6212,donor
HIST1H2AD,0.0086,0.9502,0.9781,donor
HIST1H2AG,0.0148,0.3739,0.6378,donor
SAP130,0.8353,0.1324,0.6154,donor
TYW5,0.0947,0.8107,0.9129,donor
CARS2,0.5881,0.1581,0.6378,donor
CORO7##1,1.1495,0.01204,0.3143,donor
NUBP2,0.0059,0.9865,0.9941,donor
EZH1,0.7138,0.1674,0.6378,donor
GRP,0.165,0.1446,0.632,donor
LTV1,-1.0265,0.1032,0.5714,donor
ZNF799,-0.4718,0.4981,0.7244,donor
NR2F2,0.1065,0.8625,0.9382,donor
RAB7B,0.0022,0.9103,0.9597,donor
KHK,-0.6401,0.505,0.7288,donor
KAL1,-0.5224,0.45,0.6921,donor
JAK3,-0.9048,0.07842,0.5246,donor
KIR3DL2##31,-0.1083,0.5232,0.7404,donor
KCNIP3,0.0477,0.3739,0.6378,donor
TNPO2,0.3067,0.6193,0.8013,donor
TONSL,-0.0515,0.9227,0.9653,donor
KATNBL1P6,-0.6489,0.002083,0.2294,donor
TRIM58,-0.17,0.6073,0.7934,donor
PTPN18,-0.0677,0.8547,0.9345,donor
FAM162A,-0.692,0.04359,0.4414,donor
RPS18P9,0.2791,0.5433,0.7528,donor
NECAB3,0.5911,0.2171,0.6378,donor
OCM,-0.0245,0.3632,0.6378,donor
TMEM184A,1.1935,0.05764,0.4793,donor
KIF26B##1,1.1939,0.2251,0.6378,donor
LMNB1,-0.2535,0.4649,0.7021,donor
SPIN2B,-0.7637,0.003088,0.2385,donor
LOC101928448,-0.0862,0.1766,0.6378,donor
LOC101928436,0.3772,0.2469,0.6378,donor
RNASE6,-0.0478,0.08496,0.5404,donor
HMGXB4,-0.3899,0.3377,0.6378,donor
PMS2P5,-0.0484,0.884,0.9481,donor
JMY,-0.1247,0.7289,0.8683,donor
NDUFAF6,-0.9699,0.172,0.6378,donor
ZNF572,1.077,0.07335,0.5161,donor
ARHGAP27##2,0.2493,0.7624,0.8862,donor
AIM2,0.0288,0.3739,0.6378,donor
NDUFA1,-0.436,0.1363,0.6198,donor
GAS2L3,-0.5778,0.1772,0.6378,donor
ARAP2,-0.1993,0.3397,0.6378,donor
PRKDC,0.5488,0.08966,0.5492,donor
POLE4,-0.5355,0.506,0.7295,donor
MCPH1,-0.2024,0.5394,0.7504,donor
LINC01226,-0.0205,0.3632,0.6378,donor
MIR1224,-0.01,0.8479,0.931,donor
LOC90784,0.9017,0.1627,0.6378,donor
MIR191,0.0822,0.1997,0.6378,donor
MIR1291,-0.0213,0.6987,0.8496,donor
EZR-AS1,-0.0142,0.6088,0.7943,donor
SFRP5,0.085,0.3739,0.6378,donor
CTTNBP2NL,0.865,0.05866,0.4816,donor
SNORA20,-0.5231,0.06845,0.5051,donor
SNORA76A,-0.2483,0.1339,0.6183,donor
ST7,0.4408,0.1653,0.6378,donor
AMY2B,-0.6273,0.2873,0.6378,donor
CNTD2,-0.111,0.6549,0.8237,donor
NDUFV3,-0.122,0.6158,0.799,donor
DRAM1,-1.8025,0.001079,0.209,donor
LAPTM4B,-0.9372,0.0518,0.4659,donor
CHDH,0.3581,0.2993,0.6378,donor
METTL2B,0.6819,0.02652,0.3928,donor
BMP5,0.2544,0.633,0.8096,donor
AGPAT4-IT1,0.077,0.915,0.9612,donor
POLI,0.0079,0.9829,0.9927,donor
SAMD4B,0.5143,0.2298,0.6378,donor
HLA-L,0.8629,0.2595,0.6378,donor
BTN2A3P,0.2066,0.6354,0.811,donor
ZNF767P,0.885,0.2764,0.6378,donor
MLLT4-AS1,-0.8447,0.2175,0.6378,donor
ACOX3,-0.2005,0.7068,0.8536,donor
NLRP4,0.3312,0.3739,0.6378,donor
ESYT1,0.0044,0.9898,0.9956,donor
CTAGE8##1,-0.049,0.34,0.6378,donor
LINC00242,0.3271,0.6134,0.7972,donor
LINC00574,0.1577,0.6554,0.8239,donor
GUSBP3##4,-0.0359,0.3632,0.6378,donor
PGBD4,1.217,0.1508,0.6378,donor
SH3BP4,-0.2271,0.8143,0.9147,donor
SUSD5,-1.1868,0.06705,0.5014,donor
PLEKHG3,-1.1825,0.1861,0.6378,donor
HACD1,-0.01,0.9892,0.9953,donor
KLHL20,0.4707,0.01898,0.3592,donor
PGK2,-0.0272,0.1765,0.6378,donor
ZNF185,0.5647,0.5564,0.7613,donor
HTR1D,0.6402,0.2972,0.6378,donor
GRIK3,-0.142,0.4847,0.7156,donor
WIPF2,0.7967,0.1523,0.6378,donor
PARS2,1.2508,0.1046,0.5734,donor
SLC39A13,0.5123,0.09073,0.5516,donor
SMIM22,-0.608,0.2079,0.6378,donor
SERPINC1,-0.1359,0.4256,0.6757,donor
TXNDC17,-0.2063,0.3421,0.6378,donor
RTN4IP1,-0.2576,0.7527,0.8824,donor
MACF1,0.586,0.07585,0.5216,donor
ABCB10,0.9461,0.0284,0.4015,donor
PGLS,0.2417,0.4203,0.6718,donor
FRAT2,-0.9095,0.2546,0.6378,donor
ELL2,-0.4163,0.2276,0.6378,donor
SHFM1,-0.2563,0.2266,0.6378,donor
COMMD3,-0.2131,0.5238,0.7408,donor
SNORD20,0.1485,0.13,0.6115,donor
SCARNA4,0.1412,0.1979,0.6378,donor
LMAN1,-0.2194,0.302,0.6378,donor
CHPF2,1.1664,0.001678,0.2293,donor
TIMM10B,-0.3595,0.3182,0.6378,donor
GNG3,-0.1246,0.6948,0.8472,donor
ATP5H,-0.0036,0.99,0.9956,donor
OR7D2,-0.2149,0.7168,0.8608,donor
RNF148,0.0765,0.1946,0.6378,donor
CCDC57,1.4361,0.01327,0.3232,donor
LRRC56,0.2291,0.7093,0.8553,donor
LINC01480,0.0673,0.3739,0.6378,donor
INAFM2,-0.7815,0.1693,0.6378,donor
GNPNAT1,-0.0176,0.9706,0.9878,donor
SLC10A6,0.0387,0.3739,0.6378,donor
HYKK,-0.3118,0.6894,0.8439,donor
MUM1L1,-0.138,0.8285,0.9218,donor
TOP2A,0.6316,0.2008,0.6378,donor
SYT11,0.3281,0.1724,0.6378,donor
ZNF585B,0.4159,0.5513,0.7583,donor
HEATR9##1,-0.1846,0.4097,0.6649,donor
KIAA1731NL,0.2817,0.2243,0.6378,donor
ARVCF,1.288,0.02126,0.3644,donor
PPAPDC3,-0.0911,0.8491,0.9319,donor
INA,0.1586,0.4449,0.6883,donor
MFSD9,0.2638,0.8138,0.9146,donor
HIST1H2BN,0.6019,0.2119,0.6378,donor
HIST1H2BL,0.0295,0.3739,0.6378,donor
ZNF850,0.4869,0.4339,0.6817,donor
BTBD18,0.459,0.2891,0.6378,donor
RFX8,0.228,0.2287,0.6378,donor
RND1,0.2279,0.8273,0.9211,donor
INPP5E,0.7489,0.2002,0.6378,donor
KIAA1524,-1.0177,0.1909,0.6378,donor
ANGPTL3,-1.0922,0.02488,0.3868,donor
AFF4,0.258,0.5282,0.7435,donor
C15orf39,0.6359,0.3703,0.6378,donor
CIRBP,0.6463,0.1192,0.5948,donor
ACAN,1.0633,0.06878,0.5058,donor
LOC728554##1,-0.2882,0.5185,0.7376,donor
PIM2,-0.1888,0.3161,0.6378,donor
ANKRD18B,0.0093,0.7994,0.9076,donor
STK36,1.1481,0.03554,0.4276,donor
SLC16A3,-0.7941,0.3521,0.6378,donor
SNORA60,0.1505,0.1398,0.6239,donor
ZNF467,0.0779,0.8779,0.9455,donor
KBTBD12,0.0398,0.3965,0.6549,donor
FAM43B,0.0148,0.3739,0.6378,donor
ZNF320,0.6033,0.5259,0.7418,donor
NIPAL1,-0.0392,0.9586,0.9814,donor
GPM6A,-1.1619,0.07556,0.5212,donor
CDPF1,-0.4815,0.5319,0.7456,donor
DPY19L3,-0.0222,0.9681,0.9863,donor
ACSM6,0.1888,0.5237,0.7408,donor
TUBA3E,0.0102,0.3739,0.6378,donor
CCDC74B,0.6406,0.3415,0.6378,donor
CDC25A,0.2663,0.3443,0.6378,donor
ZFP36,-0.9333,0.3168,0.6378,donor
WNT10B,0.539,0.2802,0.6378,donor
TMOD3,-0.5897,0.05118,0.4645,donor
PABPC1L,0.4899,0.4855,0.7162,donor
FRG2C,0.1306,0.2116,0.6378,donor
HMSD,0.607,0.3739,0.6378,donor
SNORA71B,0.027,0.4771,0.7102,donor
SCARNA8,0.057,0.6644,0.8298,donor
LCE6A,0.0998,0.2934,0.6378,donor
CHAC1,-0.0217,0.9816,0.9921,donor
TSHR,2.4762,0.008246,0.285,donor
CYP2A13,-0.0143,0.6069,0.7932,donor
SPATA31C2,0.0673,0.3739,0.6378,donor
TCP10L2,-0.0057,0.8256,0.9203,donor
GRID2IP,0.5834,0.2854,0.6378,donor
PPP1R3G,-0.1378,0.2188,0.6378,donor
PATL2,-0.2872,0.7005,0.8506,donor
CYFIP2,0.1982,0.7024,0.8515,donor
RYBP,0.2401,0.7362,0.873,donor
GTPBP4,-0.0558,0.8367,0.9256,donor
ZNF510,-0.1366,0.76,0.8858,donor
LOXL1,-0.2035,0.3021,0.6378,donor
LNPEP,0.0304,0.9452,0.9765,donor
NPAP1,0.2401,0.6963,0.848,donor
KIAA1549L,0.0356,0.6125,0.7966,donor
SIX5,0.2489,0.6028,0.7912,donor
CYP46A1,0.8847,0.05739,0.4788,donor
ZNF215,-0.2164,0.6258,0.8051,donor
ZNF214,-0.1064,0.8415,0.9272,donor
NBPF14,-0.102,0.2471,0.6378,donor
SLC25A38,-0.1337,0.5348,0.7474,donor
MTMR10##1,-0.3431,0.3791,0.6417,donor
SAMM50,-0.5,0.05468,0.472,donor
ELOVL2,0.0351,0.7469,0.8788,donor
G2E3,-0.5785,0.19,0.6378,donor
LRRC40,-0.143,0.8071,0.9116,donor
POU3F2,0.02,0.3739,0.6378,donor
PRDX4,0.4441,0.04506,0.4447,donor
ATP8A1,0.1371,0.8425,0.9279,donor
GPR45,0.055,0.3739,0.6378,donor
NXPH2,-0.0125,0.3632,0.6378,donor
NXPH3,-0.0301,0.95,0.9781,donor
NXPH4,-0.1049,0.7058,0.853,donor
EMD,0.555,0.14,0.6242,donor
CDC37L1,-0.6426,0.07669,0.5225,donor
RPS4Y1,0.8047,0.7651,0.8875,donor
MIR146B,-0.0126,0.3632,0.6378,donor
INSR,0.0832,0.7994,0.9076,donor
NPR1,-0.31,0.3632,0.6378,donor
HPRT1,-0.8185,0.02728,0.3963,donor
CST3,0.5783,0.06257,0.4905,donor
RPLP0,0.4466,0.007816,0.2823,donor
LOC102723701,0.1565,0.446,0.6888,donor
LOC101929415,0.195,0.2597,0.6378,donor
TMEM160,0.3375,0.1233,0.602,donor
NELFCD,0.177,0.2673,0.6378,donor
NDUFAF3,0.1322,0.6252,0.805,donor
FOXD4,-0.0568,0.3632,0.6378,donor
DZIP1,0.805,0.197,0.6378,donor
LINC01446,0.9154,0.1213,0.5972,donor
AP4B1-AS1,0.0039,0.9866,0.9941,donor
KCNJ18,0.1117,0.3739,0.6378,donor
POR,0.7342,0.05393,0.4695,donor
ORAI3,0.1867,0.5661,0.7672,donor
ARRDC1,1.2383,0.01664,0.3436,donor
CHMP4C,-0.395,0.3273,0.6378,donor
NGDN,-0.3324,0.08178,0.5342,donor
CRELD1,0.5886,0.1203,0.5962,donor
CKAP2L,-0.0125,0.3632,0.6378,donor
CNBD2,0.6616,0.1759,0.6378,donor
CHI3L1,0.0457,0.7356,0.8729,donor
GLYCAM1,0.0903,0.3739,0.6378,donor
WHAMM,-0.1032,0.8076,0.9118,donor
C2orf91,0.079,0.3739,0.6378,donor
FOXD4L1,-0.0948,0.3632,0.6378,donor
TSIX,0.089,0.5588,0.7628,donor
CAP1,-0.2875,0.207,0.6378,donor
USP19,1.351,0.05783,0.4795,donor
DNAJC16,-0.0772,0.8799,0.9464,donor
PRDM6,0.1668,0.2465,0.6378,donor
MAEA,0.2233,0.379,0.6417,donor
CD83,-1.5164,0.1106,0.5826,donor
SNORA61,0.4866,0.2681,0.6378,donor
KIAA1211L,0.7428,0.08025,0.5314,donor
RASL11A,0.2345,0.6759,0.836,donor
PRRT3,0.7314,0.06312,0.4924,donor
ASAH2B,-0.3011,0.1521,0.6378,donor
CLEC9A,0.123,0.2047,0.6378,donor
SPRYD4,-0.5521,0.3902,0.6504,donor
ZDHHC24,0.8081,0.1168,0.5919,donor
ZFX,0.4775,0.4075,0.663,donor
XPNPEP2,0.0647,0.3739,0.6378,donor
ZNF174,-0.4996,0.6586,0.8262,donor
AHSA1,-0.7394,0.07173,0.5127,donor
TMEM59L,1.706,0.004886,0.2594,donor
STAP1,-0.0382,0.3429,0.6378,donor
ARL5A,-0.7801,0.01574,0.3401,donor
VARS##4,1.2207,0.02151,0.3659,donor
SCARNA16,0.5195,0.1915,0.6378,donor
SNORA67,-0.3423,0.5232,0.7404,donor
SCARNA11,-0.0209,0.606,0.793,donor
SNORA71A,0.2086,0.2336,0.6378,donor
GPR1-AS,0.0297,0.3699,0.6378,donor
PLET1,0.725,0.1397,0.6239,donor
OXTR,0.801,0.2473,0.6378,donor
OXT,-0.0954,0.3855,0.6462,donor
CYP2F1,0.0288,0.3739,0.6378,donor
C5orf52,0.1536,0.247,0.6378,donor
EVPLL,-0.12,0.5941,0.785,donor
ZNF609,1.416,0.1037,0.573,donor
ACAP2,0.196,0.6318,0.8092,donor
KCNJ14,0.4884,0.3576,0.6378,donor
TRAPPC8,0.2883,0.5485,0.7571,donor
KIAA0754,1.756,0.01238,0.3173,donor
HEY2,-0.5631,0.3706,0.6378,donor
SNW1,0.1509,0.3207,0.6378,donor
ZHX3,0.9059,0.009788,0.299,donor
PPP6R1,0.741,0.09899,0.5672,donor
SEMA4C,1.7638,0.004537,0.2594,donor
PARM1,0.0533,0.808,0.9119,donor
NPDC1,0.3685,0.283,0.6378,donor
KLF12,0.5738,0.3267,0.6378,donor
KLHL2,0.2652,0.423,0.6736,donor
DAGLA,0.5443,0.3157,0.6378,donor
SNF8,0.4283,0.1819,0.6378,donor
XPOT,-0.9504,0.07352,0.5166,donor
UCKL1,0.3478,0.2547,0.6378,donor
WBP1L,0.3778,0.2824,0.6378,donor
SSH3,0.7059,0.3088,0.6378,donor
CYP4V2,-0.2068,0.6774,0.837,donor
TSEN54,0.8817,0.0115,0.3139,donor
GPAT2,0.4598,0.0866,0.544,donor
C2CD4A,0.2044,0.7441,0.8769,donor
FAM199X,-0.2896,0.3106,0.6378,donor
RALGPS1,0.4728,0.426,0.6761,donor
ZMYM6NB,-0.3245,0.3713,0.6378,donor
LOC103611081,0.0509,0.9578,0.9814,donor
PLIN4,0.3974,0.3301,0.6378,donor
GJA4,0.1292,0.4214,0.6726,donor
LRRC8B,-0.4978,0.3828,0.6443,donor
PIK3AP1,-0.1829,0.8389,0.9262,donor
TRMT61A,0.5482,0.2497,0.6378,donor
ADCK5,0.393,0.6028,0.7912,donor
CCDC185,0.0288,0.3739,0.6378,donor
ATP1B1,-0.2528,0.5808,0.776,donor
OMG,0.1519,0.4243,0.6748,donor
MT1HL1,-0.2011,0.2619,0.6378,donor
CCSER1,0.6764,0.1315,0.6132,donor
HIP1,1.6907,0.03256,0.4188,donor
CALN1,0.0193,0.7776,0.8941,donor
AP3B1,0.1221,0.7756,0.8931,donor
ZC3HC1,0.1038,0.8278,0.9213,donor
RHBDD3,1.0403,0.06739,0.5018,donor
TBC1D10B,0.1773,0.7362,0.873,donor
RHOD,0.2803,0.6362,0.8116,donor
SIT1,0.0295,0.3739,0.6378,donor
REXO2,-0.0552,0.7431,0.8764,donor
ZNF805,-0.3774,0.5601,0.7635,donor
UBE2Q2P1,1.0072,0.07642,0.5216,donor
WASH3P,0.5935,0.06276,0.4913,donor
LOC220729,1.1748,0.04413,0.4426,donor
S100PBP,0.0347,0.9248,0.9657,donor
SNORA74B,-0.1006,0.2968,0.6378,donor
ZNF324B,0.6643,0.3076,0.6378,donor
IGFL3,0.196,0.2938,0.6378,donor
RNF121,0.3677,0.4326,0.6807,donor
SHISA6,0.438,0.606,0.793,donor
TNFAIP8L3,0.867,0.2791,0.6378,donor
C15orf52,2.274,0.02139,0.3645,donor
TOMM20L,0.1081,0.7149,0.8595,donor
GPR153,0.7098,0.1494,0.6378,donor
SEPT14,0.02,0.3739,0.6378,donor
AADACL2,-0.0205,0.3632,0.6378,donor
MIR100HG,-0.5926,0.18,0.6378,donor
GLYAT,0.02,0.3739,0.6378,donor
TBXA2R,-0.0319,0.8042,0.9103,donor
BOD1L2,0.0619,0.4395,0.6859,donor
SPRY1,-0.1773,0.8511,0.9325,donor
DLL1##1,0.482,0.5545,0.7602,donor
SEC23A,-0.5671,0.277,0.6378,donor
SYCE2,0.8736,0.01739,0.349,donor
DDX25,0.6415,0.1887,0.6378,donor
TAGLN3,0.0094,0.9809,0.9919,donor
RASIP1,-0.4982,0.3517,0.6378,donor
SMC1B,1.1557,0.03734,0.4276,donor
LRIT1,0.0288,0.3739,0.6378,donor
EP400,0.6909,0.0269,0.3947,donor
MCM5,1.1002,0.008384,0.2855,donor
LASP1,0.5718,0.2744,0.6378,donor
KCNJ6,0.9143,0.02458,0.3853,donor
RPS12,-0.5151,0.005349,0.2594,donor
ITGA6,-0.6001,0.4161,0.6691,donor
EPB42,0.4981,0.2141,0.6378,donor
RPS9,-0.0946,0.7355,0.8729,donor
RPS8,-0.5693,7.203e-05,0.2059,donor
ISG20,-1.5214,0.09247,0.555,donor
RPS5,0.1256,0.1357,0.6194,donor
RPS6,-0.0841,0.4132,0.6674,donor
GNAO1,1.2546,0.001322,0.2196,donor
LOC101929372,-0.4802,0.1862,0.6378,donor
CBLC,0.8455,0.07024,0.5091,donor
TOMM6,-0.0422,0.8255,0.9203,donor
DNASE1L1,0.9265,0.07857,0.5246,donor
C5orf66,1.4829,0.02636,0.3927,donor
BCL10,-0.9017,0.02803,0.3995,donor
MUC5B,0.4617,0.3983,0.6565,donor
ADCYAP1,0.3281,0.3377,0.6378,donor
EBNA1BP2,0.4854,0.03293,0.4191,donor
CHMP2A,-0.1355,0.09654,0.562,donor
TNFRSF21,0.0141,0.9641,0.9841,donor
ZNF814,1.2757,0.01713,0.3475,donor
C17orf104,-0.1,0.7905,0.9027,donor
IL12A,0.0295,0.3739,0.6378,donor
CLDN3,-0.4461,0.1465,0.6346,donor
TBCB,-0.5996,0.1454,0.6334,donor
GAS2L1P2,-0.0245,0.3632,0.6378,donor
CES1P1,0.0476,0.1849,0.6378,donor
MLST8,0.4386,0.2069,0.6378,donor
SNORA81,0.118,0.7624,0.8862,donor
C12orf76,-0.9513,0.002745,0.2306,donor
C11orf88,-0.0245,0.3632,0.6378,donor
FLJ44635,-0.0801,0.8144,0.9149,donor
SLC2A7,0.0422,0.3739,0.6378,donor
FAM150A,0.0275,0.3739,0.6378,donor
XKR5,-0.0126,0.3632,0.6378,donor
GFRAL,0.1573,0.3371,0.6378,donor
GBP7,0.0288,0.3739,0.6378,donor
RNF207,0.5418,0.4686,0.7041,donor
ABCC2,-0.1286,0.8673,0.9403,donor
ZNF264,0.875,0.06199,0.4892,donor
CROCC,0.8588,0.09742,0.5644,donor
FAM50B,-0.145,0.7053,0.8529,donor
LMOD1,-0.0489,0.1747,0.6378,donor
CLDN12,-1.138,0.01089,0.3095,donor
CLCA4,-0.0289,0.8225,0.9192,donor
PRKCH,-0.7686,0.3501,0.6378,donor
CDC42EP4,-0.4476,0.2579,0.6378,donor
HSPB3,0.4508,0.3739,0.6378,donor
XRCC1,0.106,0.7422,0.8757,donor
SMC1A,0.2093,0.5812,0.7763,donor
RPS15,0.0329,0.8035,0.9101,donor
P4HB,0.9534,0.02051,0.3616,donor
CDH8,-0.0125,0.3632,0.6378,donor
MAGI2,1.4687,0.006585,0.2721,donor
KEAP1,0.3054,0.2651,0.6378,donor
ATP6V0C,-0.467,0.02175,0.3666,donor
LYL1,-0.0747,0.4413,0.6867,donor
BCAM,0.323,0.6709,0.8328,donor
MRE11A,-0.9506,0.3608,0.6378,donor
LRRC41,0.6019,0.0009076,0.209,donor
CREB3,-0.2399,0.5629,0.7651,donor
HNRNPCL2##1,-0.0169,0.6117,0.7962,donor
GADD45G,-0.618,0.1855,0.6378,donor
JTB,0.0792,0.5648,0.7665,donor
NUDT3,-0.6142,0.08515,0.5404,donor
SHPK,1.398,0.05779,0.4795,donor
LYVE1,-0.1486,0.3392,0.6378,donor
PCSK1N,0.7046,0.1309,0.6129,donor
PRSS50,2.4225,0.02738,0.3967,donor
MARCH5,-0.9932,0.02241,0.3697,donor
KANSL2,-0.2171,0.4892,0.7182,donor
BRINP2,0.1529,0.4142,0.668,donor
MARC2,-0.3236,0.7335,0.8714,donor
UBE2R2,0.093,0.7988,0.9075,donor
TMEM260,-0.5912,0.285,0.6378,donor
YTHDF1,0.3155,0.3029,0.6378,donor
TMEM186,0.1139,0.8328,0.9242,donor
BTBD2,1.186,0.04583,0.4477,donor
LPL,0.0387,0.3739,0.6378,donor
LIPC,-0.2889,0.5247,0.7414,donor
LHCGR,0.3255,0.3257,0.6378,donor
RPS21,-0.1952,0.5574,0.7617,donor
SGCG,-0.0168,0.8703,0.9416,donor
LEP,-0.0948,0.3632,0.6378,donor
LCAT,0.5795,0.454,0.6944,donor
F11,0.7777,0.209,0.6378,donor
EXT1,-0.3436,0.7045,0.8526,donor
ERCC6,0.706,0.2033,0.6378,donor
RPS16,-0.1386,0.2996,0.6378,donor
C4orf27,0.5137,0.2854,0.6378,donor
INTS8,-0.2007,0.5542,0.76,donor
C1QTNF8,0.1114,0.4222,0.6732,donor
CD164L2,0.1449,0.2095,0.6378,donor
KRTDAP,0.3877,0.2252,0.6378,donor
TBPL2,0.0387,0.3739,0.6378,donor
AMIGO3,0.8234,0.1562,0.6378,donor
RGS9BP,-0.2435,0.3759,0.6391,donor
OR10W1,0.2353,0.3739,0.6378,donor
GPR148,-0.3546,0.4909,0.7191,donor
NCKAP5,-0.0247,0.9769,0.9905,donor
C19orf81,0.0589,0.6396,0.8136,donor
LINC00616,-0.4026,0.3253,0.6378,donor
SPTBN5,0.4243,0.2047,0.6378,donor
LRGUK,1.9939,0.03249,0.4188,donor
ZG16,0.0148,0.3739,0.6378,donor
ANKDD1B,0.0669,0.7951,0.9054,donor
HIST1H4H,0.46,0.238,0.6378,donor
HIST1H4C,-0.1491,0.8031,0.9099,donor
HIST1H4K,0.0725,0.4443,0.6882,donor
HIST1H4A,0.1301,0.2473,0.6378,donor
ZNF250,-0.3862,0.4939,0.7214,donor
GOLIM4,1.2718,0.05315,0.4681,donor
RPS6KA6,-0.8738,0.2786,0.6378,donor
SART3,0.9401,0.02273,0.3731,donor
DCPS,-0.8421,0.03636,0.4276,donor
LRIG1,0.7227,0.256,0.6378,donor
RPAP1,0.9616,0.08059,0.5316,donor
KRTAP4-9,-0.1626,0.3632,0.6378,donor
THRAP3,-0.0703,0.8074,0.9117,donor
ACKR2,0.1375,0.4122,0.6669,donor
SNORD17,0.0316,0.8212,0.9182,donor
PIBF1,0.6481,0.2051,0.6378,donor
GMCL1P1,-0.078,0.7715,0.8908,donor
SNORA36B,0.0145,0.707,0.8537,donor
FAM102A,0.7769,0.03887,0.4295,donor
TMEM191C,-0.1247,0.3557,0.6378,donor
TRAPPC4,-0.3413,0.0928,0.5554,donor
DDX19A,0.2018,0.3335,0.6378,donor
RAB10,-0.4831,0.0848,0.5404,donor
KCTD3,-0.027,0.9654,0.9849,donor
MYT1,2.186,0.006742,0.2732,donor
ZNF45,-0.9586,0.2923,0.6378,donor
CARD10,-1.2221,0.05953,0.4835,donor
STX5,0.8236,0.02493,0.3868,donor
IGSF9B,0.5899,0.3143,0.6378,donor
PGRMC2,-0.1731,0.3433,0.6378,donor
BASP1,-0.428,0.1682,0.6378,donor
PCGF3,1.2894,0.0009028,0.209,donor
NCOR2,0.8965,0.01399,0.3284,donor
SNORA19,-0.6002,0.02042,0.3616,donor
DIO1,-0.2178,0.6017,0.7903,donor
RPS23,-0.5271,0.009081,0.2929,donor
PDE3A,0.7402,0.0568,0.4777,donor
DCK,-0.2859,0.3774,0.6401,donor
DBH,0.0488,0.1869,0.6378,donor
PC,0.8365,0.07898,0.5259,donor
WAPAL,0.0405,0.9178,0.9629,donor
ESPL1,0.1391,0.6796,0.8379,donor
SETX,0.5272,0.08505,0.5404,donor
ZADH2,-0.9096,0.3871,0.6477,donor
PRPS1L1,-0.0933,0.5764,0.7733,donor
CCDC71L,0.1735,0.766,0.8878,donor
ENTPD2,0.8221,0.2373,0.6378,donor
ZAP70,0.0387,0.3739,0.6378,donor
TPCN1,2.0206,0.001037,0.209,donor
NRBP1,-0.0157,0.9535,0.9797,donor
FADS1,0.5018,0.338,0.6378,donor
FAM216A,-0.0595,0.8583,0.9362,donor
GLO1,-0.2511,0.327,0.6378,donor
TCERG1,-0.1465,0.5216,0.7395,donor
FLRT3,-1.8448,0.02292,0.3739,donor
MAGEL2,1.9653,0.05188,0.466,donor
COMMD8,-0.483,0.04066,0.434,donor
TNFRSF13C,-0.0468,0.3632,0.6378,donor
LPCAT2,-0.2991,0.3987,0.6568,donor
MRPL16,-0.2374,0.4394,0.6859,donor
DNAJC28,1.2631,0.0948,0.5584,donor
ADPRHL2,-0.1928,0.6685,0.8315,donor
FH,0.2089,0.1271,0.6064,donor
MPO,0.1175,0.3739,0.6378,donor
FECH,-0.197,0.4707,0.7052,donor
FBN1,0.1367,0.8342,0.9247,donor
RPS29,-0.2198,0.5651,0.7665,donor
FAH,0.9319,0.01294,0.3214,donor
RPS28,-0.0107,0.9908,0.9959,donor
RPS27,-0.6164,0.06368,0.4945,donor
XIRP1,0.1956,0.3739,0.6378,donor
SASS6,-1.1319,0.2314,0.6378,donor
ING3,-0.9132,0.2818,0.6378,donor
LINC01556##5,0.2285,0.3739,0.6378,donor
MTRNR2L10,-0.1368,0.702,0.8515,donor
TEX22,0.3035,0.1548,0.6378,donor
FBXO3-AS1,0.3765,0.1315,0.6132,donor
LOC731424,0.0808,0.3739,0.6378,donor
TMEM71,0.0148,0.3739,0.6378,donor
SLC5A10,0.1155,0.8382,0.9259,donor
OR1D2,-0.0885,0.3632,0.6378,donor
FXYD2##1,-2.126,0.01376,0.3259,donor
WDR89,-1.1459,0.05856,0.4812,donor
DTD2,-0.3633,0.6743,0.8349,donor
ERI2,0.2871,0.8205,0.918,donor
PEX11G,-0.1827,0.7443,0.877,donor
ZC3HAV1L,0.5895,0.1906,0.6378,donor
ACY3,-0.2201,0.5247,0.7414,donor
CDKN2AIPNL,0.1813,0.2872,0.6378,donor
CCDC34,-0.2153,0.4175,0.6702,donor
ATP6V1E2,-1.607,0.07519,0.5199,donor
TMEM41A,-0.4056,0.5735,0.7717,donor
BUD13,0.5079,0.03281,0.419,donor
SMIM17,-1.0677,0.1016,0.5693,donor
C19orf84,-0.142,0.3632,0.6378,donor
MEIKIN,-0.0358,0.3632,0.6378,donor
IL2RB,-0.307,0.3277,0.6378,donor
DAB2,0.0517,0.5544,0.7602,donor
SPDYE7P,0.0275,0.3739,0.6378,donor
SUGT1P3,0.1869,0.7817,0.8969,donor
C1orf185,-0.0125,0.3632,0.6378,donor
CCDC79,0.042,0.7196,0.8618,donor
ATXN7L3B,0.1245,0.3533,0.6378,donor
SCARNA1,-0.0279,0.9267,0.9666,donor
FBXO33,0.3092,0.4394,0.6859,donor
ZGLP1,0.8274,0.2401,0.6378,donor
SH2D5,-0.3606,0.5942,0.785,donor
C18orf32,-0.2628,0.1563,0.6378,donor
GALE,0.5521,0.5238,0.7408,donor
NARS,-0.7066,0.04105,0.434,donor
LRRC29,-0.0462,0.9217,0.965,donor
FBXL3,-0.5406,0.2596,0.6378,donor
KCNA7,0.0565,0.4465,0.6892,donor
JMJD4,1.4349,0.006455,0.2712,donor
GNL2,-0.0754,0.7377,0.8738,donor
FBLN5,-0.1228,0.6988,0.8496,donor
F8A1,-0.2824,0.5828,0.7773,donor
ARL17A##3,-0.186,0.5844,0.7783,donor
PALM3,-0.1189,0.3632,0.6378,donor
GABRA3,-0.0862,0.6726,0.8338,donor
DRD4##1,0.0647,0.3739,0.6378,donor
CAMSAP2,0.3158,0.5253,0.7416,donor
EARS2,-0.6738,0.5209,0.7392,donor
UHRF1BP1L,-0.3536,0.5507,0.7583,donor
KIF4A,-0.9792,0.06172,0.4887,donor
C8A,0.0262,0.5497,0.7575,donor
ZNF773,-0.9716,0.2838,0.6378,donor
CMTR1,1.224,0.001691,0.2293,donor
TRAK2,0.6029,0.05726,0.4785,donor
FAIM2,2.3786,0.03545,0.4276,donor
GPATCH2,-0.0694,0.8358,0.9252,donor
UBA3,-0.7366,0.1481,0.6372,donor
UBE2L6,-1.0993,0.1601,0.6378,donor
GRHL1,-0.0057,0.9928,0.9968,donor
DHRS3,-1.9206,0.07392,0.5176,donor
C6orf58,0.8732,0.37,0.6378,donor
USP50,0.0927,0.1495,0.6378,donor
TMEM95,-0.0245,0.3632,0.6378,donor
ARSK,0.3569,0.7036,0.852,donor
CPXM2,0.6962,0.1968,0.6378,donor
ABHD15,-1.9736,0.1631,0.6378,donor
CATSPER4,0.0825,0.304,0.6378,donor
MRFAP1L1,-0.7771,0.01901,0.3592,donor
GCH1,-0.6417,0.05556,0.4741,donor
MUT,-0.6031,0.1171,0.5923,donor
MTR,0.1198,0.7301,0.869,donor
GALK1,0.1392,0.5442,0.7535,donor
FUT6,0.0156,0.9064,0.9583,donor
FUT1,0.0491,0.9147,0.9611,donor
ZNF416,0.0569,0.9574,0.9813,donor
C2orf42,0.568,0.2345,0.6378,donor
HRASLS2,-0.1295,0.3768,0.6397,donor
SLC35F6,0.7406,0.01506,0.335,donor
AHCTF1,0.5662,0.08493,0.5404,donor
THG1L,0.2118,0.5675,0.7679,donor
ANO8,0.3012,0.5154,0.7361,donor
GFPT2,-0.0225,0.9683,0.9865,donor
HERC2P9##1,0.2777,0.5212,0.7393,donor
CCNT2,-0.3359,0.2558,0.6378,donor
PKD1P1##1,0.3014,0.2794,0.6378,donor
ACTG1P17,0.697,0.302,0.6378,donor
TFAMP1,0.3579,0.1129,0.586,donor
RBM44,0.1656,0.2084,0.6378,donor
CCDC159,-0.2434,0.7373,0.8738,donor
ATP8A2,1.697,0.07402,0.518,donor
HOXD13,0.02,0.3739,0.6378,donor
HEXB,-0.0885,0.6811,0.8387,donor
NEAT1,2.2261,0.00166,0.2293,donor
MIR153-1,0.1871,0.2994,0.6378,donor
MIR129-2,0.1855,0.2875,0.6378,donor
MIR125B2,0.0149,0.7562,0.8843,donor
TEX41,0.1012,0.3739,0.6378,donor
MIR125B1,-0.0281,0.6722,0.8337,donor
MIR27B,0.5582,0.1381,0.6218,donor
MIR15B,0.0102,0.3739,0.6378,donor
LINC00371,0.0295,0.3739,0.6378,donor
MIR23B,0.2106,0.2972,0.6378,donor
MIR135A2,0.0387,0.3739,0.6378,donor
MIR1225,0.0148,0.6697,0.832,donor
MIR939,0.2362,0.1689,0.6378,donor
MIR222,0.0477,0.3739,0.6378,donor
HNRNPKP3,-0.0259,0.8852,0.9483,donor
DKFZp451B082,0.0275,0.3739,0.6378,donor
MIR215,0.0148,0.3739,0.6378,donor
MIR933,-0.0143,0.6069,0.7932,donor
MIR543,0.085,0.3739,0.6378,donor
MIR760,0.02,0.3739,0.6378,donor
MIR211,0.0288,0.3739,0.6378,donor
LINC00514,0.0548,0.4654,0.7022,donor
MIR873,0.0102,0.3739,0.6378,donor
APOA1,0.1912,0.2729,0.6378,donor
ABCD1,0.1347,0.8369,0.9257,donor
ADAMTSL3,0.3458,0.4547,0.6948,donor
CCDC137,0.9587,0.1129,0.586,donor
DPPA3,-0.033,0.1901,0.6378,donor
PRR19,0.4748,0.2833,0.6378,donor
FAM179A,1.6911,0.01272,0.3192,donor
CCNG1,-1.5931,0.02128,0.3644,donor
IRF2BP1,-0.1736,0.7833,0.8982,donor
GPR150,0.6019,0.05244,0.466,donor
DNAH10##1,0.595,0.1744,0.6378,donor
MIR1254-1,0.661,0.1299,0.6115,donor
MIR1253,0.0102,0.3739,0.6378,donor
LOC730102,0.0967,0.8068,0.9114,donor
SNORA25,-0.3605,0.3702,0.6378,donor
KPNA7,-0.0004,0.9935,0.9971,donor
XPO1,-0.4162,0.4132,0.6674,donor
HIST2H2BE,0.274,0.6275,0.8063,donor
HIST1H2BC,-0.137,0.8348,0.9248,donor
VRK1,-2.089,0.1076,0.5765,donor
VLDLR,-0.4597,0.2528,0.6378,donor
ATXN1L,0.4236,0.2862,0.6378,donor
ZNF860,-0.2599,0.7925,0.9038,donor
MIR3678,-0.0126,0.3632,0.6378,donor
MIR3679,-0.0074,0.853,0.9334,donor
MIR3677,0.0102,0.3739,0.6378,donor
ATP5B,-0.1188,0.2149,0.6378,donor
LOC101927770,-0.0519,0.2396,0.6378,donor
LOC101927418,-0.0037,0.9137,0.9606,donor
MAP2K6,-1.1724,0.2462,0.6378,donor
MIR3928,-0.0394,0.3632,0.6378,donor
MIR3940,-0.0273,0.1764,0.6378,donor
MIR3929,-0.0286,0.3632,0.6378,donor
MIR3941,0.0028,0.9584,0.9814,donor
SEPT5-GP1BB,0.5598,0.1542,0.6378,donor
MGAT4EP,0.1188,0.5877,0.78,donor
ADAM20P1,-0.3866,0.5397,0.7505,donor
ANAPC1P1,-0.0143,0.6069,0.7932,donor
LINC01061,0.2889,0.3509,0.6378,donor
HHIP-AS1,0.1034,0.3739,0.6378,donor
LINC01578,-0.8707,0.03892,0.4295,donor
CCDC93,0.2912,0.4142,0.6679,donor
BRAF,-0.8701,0.09297,0.5556,donor
ART1,0.0456,0.6445,0.8165,donor
NEURL1,0.9941,0.06987,0.5089,donor
STC1,-0.6951,0.1459,0.6337,donor
CLK2P,0.6968,0.06663,0.5006,donor
GREM2,-3.8475,0.00724,0.2793,donor
IKZF4,-0.4125,0.6055,0.7928,donor
XPO4,0.3648,0.4732,0.7075,donor
NOL9,0.4646,0.3978,0.6561,donor
NPB,0.0121,0.8261,0.9204,donor
MSR1,0.1389,0.2181,0.6378,donor
SDR9C7,0.0095,0.8993,0.9548,donor
SYCP2,-0.2699,0.5406,0.751,donor
ZNF81,0.758,0.5304,0.7448,donor
ATP2A1,-0.3684,0.2571,0.6378,donor
TECTA,0.1086,0.8637,0.9389,donor
RNF10,0.4904,0.1216,0.5977,donor
KBTBD11,2.1168,0.04342,0.4414,donor
LOC646762,0.6187,0.2798,0.6378,donor
ZNF319,0.287,0.6582,0.826,donor
THAP1,-0.7891,0.173,0.6378,donor
RNF112,0.0283,0.87,0.9414,donor
ZNF175,-0.3231,0.5255,0.7416,donor
VEZF1,0.4343,0.242,0.6378,donor
ZNF80,-0.0428,0.8424,0.9279,donor
VIL1,0.1349,0.7453,0.8777,donor
TLR6,-0.0008,0.9918,0.9965,donor
CYP20A1,-0.1899,0.6109,0.7955,donor
LSM2,0.2283,0.4399,0.6861,donor
LOC100130673,0.1375,0.3739,0.6378,donor
ZNF460,0.1628,0.7871,0.9008,donor
VAMP5,-0.4672,0.368,0.6378,donor
NOG,-0.333,0.07113,0.5108,donor
SMC3,-0.1611,0.5025,0.7274,donor
MAGED1,0.8686,0.05589,0.4755,donor
SFN,-0.047,0.4531,0.6939,donor
UTRN,-0.3742,0.7271,0.867,donor
FSTL1,-0.7302,0.414,0.6678,donor
NEK5,0.1838,0.4746,0.7085,donor
RABL2A,0.6282,0.2583,0.6378,donor
LSM6,-0.5172,0.1903,0.6378,donor
FICD,0.7827,0.2231,0.6378,donor
MKRN9P,-0.3597,0.03189,0.4167,donor
DDX12P,0.2251,0.3176,0.6378,donor
FBXW4P1,0.8212,0.1193,0.5949,donor
LOC100129316,-0.1473,0.7816,0.8968,donor
MIRLET7C,0.0422,0.3739,0.6378,donor
MIRLET7A1,-0.0698,0.6539,0.8228,donor
MIR542,-0.0569,0.3632,0.6378,donor
MIR571,-0.0103,0.6652,0.8298,donor
CSNK1G2-AS1,-0.1603,0.4626,0.7007,donor
PDHB,-0.5862,0.1538,0.6378,donor
LOC401242,0.105,0.2711,0.6378,donor
LINC01019,0.1501,0.3739,0.6378,donor
LINC00898,-0.0359,0.3632,0.6378,donor
FLJ46906,0.0277,0.9537,0.9797,donor
LOC401134,0.156,0.3739,0.6378,donor
KIF9-AS1,-0.4329,0.5277,0.7431,donor
TBC1D3P5,-0.0394,0.3632,0.6378,donor
ZFP30,0.7317,0.248,0.6378,donor
FKBP8,0.1452,0.7286,0.868,donor
CEP170B,0.5882,0.4005,0.6583,donor
FBXO8,-0.499,0.2597,0.6378,donor
FBXW8,0.6335,0.06438,0.4961,donor
CXCL3,-0.1586,0.2056,0.6378,donor
EVPL,0.3736,0.391,0.6511,donor
ALOX15B,0.5374,0.3538,0.6378,donor
NBPF10,0.0438,0.6278,0.8063,donor
C11orf24,-0.1355,0.8649,0.9394,donor
NMUR2,-0.943,0.1951,0.6378,donor
FAM57B,0.1018,0.466,0.7024,donor
TCTA,0.6853,0.03328,0.4201,donor
TMEM120A,-0.1243,0.6853,0.8412,donor
C10orf11,-0.8638,0.3599,0.6378,donor
RSPH3,0.1518,0.7194,0.8618,donor
FRMD8,0.7433,0.2013,0.6378,donor
TSSK1B,0.0961,0.3739,0.6378,donor
TATDN1,-0.7667,0.03243,0.4185,donor
EIF2A,-0.3298,0.2,0.6378,donor
POTEJ,0.1422,0.4272,0.677,donor
CDKL1,1.1369,0.101,0.5687,donor
LRRTM2,0.2355,0.7954,0.9056,donor
UBXN7,0.9106,0.1135,0.5863,donor
PCDHGA12,0.3108,0.6441,0.8164,donor
EIF4EBP3,-0.2084,0.3213,0.6378,donor
SSNA1,0.1714,0.6345,0.8108,donor
SNORA5C,0.0576,0.4526,0.6938,donor
SNORA5B,0.0102,0.3739,0.6378,donor
RYR1,0.0748,0.7655,0.8877,donor
RFXAP,-0.2058,0.5723,0.7711,donor
LOC100996654,-0.4121,0.5488,0.7573,donor
PRKAG2-AS1,-0.142,0.7628,0.8863,donor
SLC6A6,0.1635,0.7518,0.8818,donor
GOLGA6L9##1,-0.1849,0.7829,0.898,donor
GCNT3,-2.9007,0.05886,0.4818,donor
BECN1,-0.1117,0.6121,0.7964,donor
STX11,-1.0722,0.1691,0.6378,donor
VAMP8,-0.2373,0.3187,0.6378,donor
GOLGA6L10##1,-0.0448,0.7613,0.8861,donor
LINC01278,-0.0264,0.9448,0.9764,donor
STX12,-0.9522,0.0004686,0.209,donor
TNFAIP1,0.1926,0.4359,0.683,donor
RPS6KA2,0.662,0.4756,0.7093,donor
PPA1,-0.5371,0.02364,0.3793,donor
MRPL46,0.0368,0.9122,0.9601,donor
THAP10,-1.8156,0.04625,0.4499,donor
NUPR1L,0.1777,0.7509,0.8814,donor
NPPB,-0.0712,0.7008,0.8508,donor
DKFZp434L192,0.1244,0.3739,0.6378,donor
MAMDC2-AS1##1,-0.2085,0.5178,0.7372,donor
TFG,-0.209,0.1126,0.586,donor
HSD17B6,-0.1114,0.8517,0.9328,donor
ANGPTL1,0.8553,0.2219,0.6378,donor
ZNF733P,-0.0205,0.3632,0.6378,donor
ENO2,-1.4612,0.0005553,0.209,donor
THRSP,-0.13,0.3891,0.6496,donor
THOP1,0.9671,0.08043,0.5314,donor
LOC641746,-0.3153,0.3384,0.6378,donor
PRR36,0.2888,0.5602,0.7636,donor
GLYR1,0.6468,0.04722,0.4527,donor
PLA2G12B,0.0146,0.9157,0.9616,donor
KIF2B,-0.0394,0.3632,0.6378,donor
HIATL1,-0.7114,0.04171,0.4364,donor
CFL1,0.0342,0.8105,0.9129,donor
LINC00676,0.1107,0.4889,0.7182,donor
CPA3,-0.0698,0.6091,0.7944,donor
CPA2,0.8409,0.1841,0.6378,donor
HULC,1.2016,0.06852,0.5051,donor
UBE2Q2P2##1,0.3275,0.5848,0.7783,donor
CRP,0.0349,0.9497,0.9781,donor
GTF2H2B##2,0.0893,0.3524,0.6378,donor
GTF2H2B##3,0.0161,0.8768,0.9447,donor
SBDSP1,-0.444,0.05914,0.4822,donor
ARHGAP1,0.6044,0.05482,0.4727,donor
PTGFR,0.8529,0.2814,0.6378,donor
ALDH3A2,-0.4348,0.5311,0.7454,donor
SLC22A15,-0.2969,0.7543,0.8832,donor
STARD10,0.1844,0.7451,0.8776,donor
SDCCAG3,0.4702,0.4698,0.7047,donor
MAPK8IP1,0.5822,0.1869,0.6378,donor
ABHD12,0.6014,0.06293,0.4917,donor
ARHGAP17,0.3223,0.2962,0.6378,donor
ERC2,1.3201,0.2592,0.6378,donor
FKBP3,-0.3745,0.4148,0.6684,donor
IL7R,0.0102,0.3739,0.6378,donor
RPS19,0.0414,0.845,0.9294,donor
PDE3B,-0.3934,0.1414,0.627,donor
RPS17##1,-0.1569,0.2993,0.6378,donor
CST4,0.1893,0.4066,0.6623,donor
CTRL,1.0484,0.07698,0.5225,donor
CTRB1,0.4191,0.3158,0.6378,donor
CSNK2A2,0.6839,0.441,0.6867,donor
SOX11,0.0262,0.5483,0.757,donor
RPS15A,-0.564,0.01005,0.3008,donor
RPS13,-0.2417,0.143,0.6295,donor
RPS11,-0.0334,0.8778,0.9454,donor
RPL21,-0.991,0.03035,0.4102,donor
RPL21##1,0.0114,0.7747,0.8927,donor
RPS7,-0.0676,0.7115,0.8571,donor
OPRD1,-1.4351,0.184,0.6378,donor
NPY1R,0.0078,0.9301,0.9685,donor
LOC104613533,0.0102,0.3739,0.6378,donor
IL13,-0.228,0.5034,0.7276,donor
SNRPG,-0.4028,0.01997,0.3603,donor
SNRPF,-0.6093,0.1089,0.5791,donor
SCN9A,-0.9909,0.3182,0.6378,donor
IGHMBP2,1.0856,0.04484,0.4445,donor
IFNA10,0.0288,0.3739,0.6378,donor
EIF3B,-0.1259,0.8169,0.9163,donor
SNRPB2,-0.6482,0.002564,0.2306,donor
IL12B,-0.5203,0.08953,0.5492,donor
ID2,-1.6618,0.03072,0.4111,donor
SNRPB,-0.2116,0.4716,0.7058,donor
ID3,-0.0947,0.9272,0.9669,donor
ICAM3,0.9433,0.06489,0.4977,donor
P2RX3,0.0422,0.3739,0.6378,donor
HSPE1,-1.2347,0.002041,0.2294,donor
TPSAB1,-0.0055,0.8797,0.9464,donor
CD82,-1.5378,0.03496,0.4269,donor
JUNB,0.1186,0.836,0.9253,donor
HPD,-0.1351,0.6644,0.8298,donor
ANKLE2,-0.2326,0.4423,0.6872,donor
NPAT,-0.05,0.9242,0.9657,donor
APEH,0.4887,0.04413,0.4426,donor
PGAM2,1.5586,0.008894,0.2929,donor
ENTPD6,0.7838,0.06914,0.5066,donor
LRPPRC,-0.3025,0.5819,0.7766,donor
SMCR8,1.2023,0.1394,0.6239,donor
ABRA,0.1794,0.4034,0.6603,donor
RBM11,-0.6106,0.2785,0.6378,donor
SNORA14A,0.0454,0.5312,0.7454,donor
LOC101929529,0.0428,0.65,0.8202,donor
FBRSL1,0.5251,0.2581,0.6378,donor
FDPSP2,0.3989,0.3833,0.6448,donor
LCT,0.2683,0.3154,0.6378,donor
DRG2,0.3155,0.3104,0.6378,donor
CHGB,1.0711,0.03625,0.4276,donor
ZNF282,0.4374,0.577,0.7738,donor
FGF9,0.5943,0.485,0.7159,donor
CTSC,-1.6577,0.07962,0.5289,donor
PNMT,-0.3024,0.2087,0.6378,donor
ZNF639,-1.0247,0.07481,0.5193,donor
LOC101926911,-0.5332,0.2714,0.6378,donor
DDX52##1,0.5117,0.1188,0.5941,donor
RAC1,-0.4061,0.05447,0.4715,donor
HNMT,-1.4665,0.06428,0.4961,donor
RPL13AP17,0.8072,0.2916,0.6378,donor
MIR1270,-0.0245,0.3632,0.6378,donor
RAB6C-AS1,-0.4956,0.2655,0.6378,donor
SNHG4##1,1.2106,0.00978,0.299,donor
LOC100499489,-0.1394,0.8619,0.9378,donor
UBAC2-AS1,0.5591,0.483,0.7142,donor
LOC100499484-C9ORF174##2,0.0759,0.4413,0.6867,donor
CCNT2-AS1,0.1571,0.8187,0.9171,donor
LINC00940,0.0477,0.3739,0.6378,donor
GGPS1,-0.5168,0.1754,0.6378,donor
LOC101927769,-0.0254,0.6911,0.845,donor
NEUROD1,-0.1569,0.5349,0.7475,donor
NDUFA6,-0.4335,0.1042,0.5734,donor
NDN,-0.1372,0.503,0.7275,donor
CEACAM6,0.0108,0.8692,0.9413,donor
GALR3,-0.0179,0.7523,0.882,donor
MYH11,0.8502,0.03741,0.4276,donor
RAE1,-0.5028,0.1718,0.6378,donor
EIF3F,-0.2003,0.391,0.6511,donor
EIF3D,0.0756,0.6095,0.7947,donor
TPST1,-1.3065,0.07677,0.5225,donor
TPST2,-0.2267,0.7131,0.8582,donor
TTF2,0.4696,0.1022,0.5701,donor
SOX15,-0.0932,0.8319,0.9237,donor
GRB14,-1.8919,0.1135,0.5863,donor
GP5,0.008,0.9203,0.9642,donor
GCSH,0.0485,0.8578,0.936,donor
GALNT3,-0.2577,0.3106,0.6378,donor
FUT7,0.02,0.3739,0.6378,donor
FRG1##1,-0.5394,0.09439,0.5584,donor
CA11,0.6151,0.163,0.6378,donor
RS1,0.1261,0.4528,0.6939,donor
RPGR,-0.0061,0.9942,0.9974,donor
ROM1,-0.5585,0.4397,0.686,donor
RLBP1,0.3587,0.1995,0.6378,donor
BIK,0.6691,0.2447,0.6378,donor
TMEM247,0.0288,0.3739,0.6378,donor
MIR1285-1,0.2415,0.3914,0.6514,donor
FLJ32255,-0.0932,0.6308,0.8088,donor
LOC101928791,-0.3949,0.1108,0.5826,donor
KISS1,0.0022,0.9124,0.9601,donor
LRRC34,0.3024,0.7124,0.8579,donor
IFT80,-0.964,0.4242,0.6748,donor
IL34,-0.0524,0.4777,0.7106,donor
CES4A,0.4015,0.622,0.803,donor
WRB,-0.7599,0.01538,0.3371,donor
CTSG,0.0563,0.3739,0.6378,donor
HSPB2,0.152,0.3241,0.6378,donor
DNAJA1,-1.0049,0.0004054,0.209,donor
SDC4,0.6445,0.2524,0.6378,donor
MIP,0.9066,0.2907,0.6378,donor
DLX6-AS1,0.079,0.3739,0.6378,donor
GJA3,-0.3046,0.5687,0.7685,donor
NXF3,0.0583,0.1778,0.6378,donor
TMEM62,-0.5289,0.04273,0.4383,donor
MIR3609,0.1262,0.4525,0.6937,donor
MIR3674,0.0148,0.3739,0.6378,donor
MIR3685,-0.4622,0.01803,0.3537,donor
MIR3661,-0.0701,0.6775,0.837,donor
MIR3662,0.0112,0.8795,0.9463,donor
MIR3671,0.0176,0.9303,0.9686,donor
MIR3655,0.0148,0.3739,0.6378,donor
MIR3651,0.0634,0.5173,0.7371,donor
MIR3659,0.0477,0.3739,0.6378,donor
MIR3683,-0.0292,0.5013,0.7266,donor
MIR3654##1,0.1145,0.522,0.7395,donor
MIR23C,0.02,0.3739,0.6378,donor
MIR3620,0.0045,0.9728,0.9887,donor
MIR3619,0.015,0.6396,0.8136,donor
MIR3612,0.0972,0.3739,0.6378,donor
CASC16,-0.0001,0.9992,0.9995,donor
TCEB3-AS1,0.0879,0.7697,0.8899,donor
LOC100506895,-0.0205,0.3632,0.6378,donor
LOC100506844##1,0.1636,0.4609,0.6996,donor
SULT1C2P1,0.0808,0.3739,0.6378,donor
FRG2EP,0.4066,0.3127,0.6378,donor
LINC01493,0.0102,0.3739,0.6378,donor
MIR3976HG,0.02,0.3739,0.6378,donor
LINC01107,0.0075,0.7591,0.8853,donor
ZBTB48,0.7024,0.2069,0.6378,donor
ELF3,-3.0991,0.04171,0.4364,donor
ASNA1,0.3754,0.2958,0.6378,donor
MYCN,-0.6325,0.14,0.624,donor
SCAF11,0.0313,0.9093,0.9592,donor
DCHS1,-0.1246,0.8589,0.9364,donor
RNASET2,0.045,0.9193,0.9637,donor
EHD3,0.1723,0.841,0.9271,donor
SOX8,0.3618,0.3739,0.6378,donor
SLC40A1,-0.8298,0.1499,0.6378,donor
CALML3,-0.013,0.6704,0.8323,donor
PPP1R16B,0.7735,0.3829,0.6443,donor
GPR89B,-0.2915,0.2473,0.6378,donor
LTN1,0.039,0.9294,0.9681,donor
STAG3L5P,0.0471,0.8385,0.9259,donor
KCNV2,0.1488,0.5409,0.7512,donor
KCNG3,-0.3452,0.5995,0.7891,donor
GALNT18,-0.0769,0.9223,0.9653,donor
NHLRC2,0.3134,0.5722,0.771,donor
DGAT2L6,0.0295,0.3739,0.6378,donor
KLRG2,-0.0125,0.3632,0.6378,donor
ATP13A5,-0.6251,0.1228,0.6008,donor
PAQR9,0.0288,0.3739,0.6378,donor
PIWIL2,0.1454,0.5836,0.7777,donor
RPL7L1,-0.2091,0.03937,0.4295,donor
TPRG1,0.4581,0.3397,0.6378,donor
SH2D6,-0.0513,0.3229,0.6378,donor
NKPD1,-0.0598,0.08421,0.5399,donor
CXCL17,-0.0142,0.608,0.7939,donor
C19orf54,1.2825,0.1055,0.5734,donor
FAM171A2,-0.5853,0.00234,0.2294,donor
KANK3,-0.1372,0.7562,0.8843,donor
MMS22L,1.0533,0.1518,0.6378,donor
DUOXA2,-0.2479,0.02539,0.388,donor
CX3CL1,-0.1574,0.2459,0.6378,donor
LOC101928841,-0.0973,0.7089,0.855,donor
CCDC23,-0.9866,0.03529,0.4276,donor
SPEM1,0.131,0.3739,0.6378,donor
UBE2NL,0.1325,0.3068,0.6378,donor
TMEM179B,-0.3306,0.167,0.6378,donor
FAHD2B,0.3417,0.2613,0.6378,donor
C9orf142,0.2713,0.3757,0.6389,donor
MIR548AA2,-0.0125,0.3632,0.6378,donor
MIR3944,0.0102,0.3739,0.6378,donor
MIR3935,0.1601,0.1342,0.6185,donor
MIR3934,0.2664,0.2332,0.6378,donor
MIR3942,0.0226,0.6725,0.8338,donor
LOC101927560,1.149,0.02942,0.4063,donor
LOC101927587,0.7687,0.1881,0.6378,donor
DUSP4,-1.2393,0.235,0.6378,donor
NIPA1,-0.2739,0.7063,0.8533,donor
STX1B,0.1862,0.5103,0.7333,donor
UNC119,-0.0467,0.9155,0.9614,donor
SNAP47,-0.5184,0.3614,0.6378,donor
MIA2,-2.6426,0.07856,0.5246,donor
DACH2,-0.4921,0.1313,0.6131,donor
CLIC6,-2.4254,0.001167,0.2101,donor
ADAMTS19,0.1012,0.3739,0.6378,donor
P2RY13,0.0275,0.3739,0.6378,donor
TAS2R50,0.1788,0.5119,0.7341,donor
TAS2R20,0.1308,0.8068,0.9114,donor
FBXO42,0.0269,0.9611,0.9825,donor
TAS2R46,-0.373,0.3823,0.644,donor
TAS2R31,-0.2065,0.6878,0.8425,donor
TAS2R43,-0.0076,0.9608,0.9825,donor
TAS2R40,0.0275,0.3739,0.6378,donor
INADL,0.5925,0.13,0.6115,donor
SULT1C2,-0.0344,0.9162,0.9619,donor
S100A7A,-0.0468,0.3632,0.6378,donor
NLRP14,-0.4465,0.2076,0.6378,donor
NLRP10,0.0422,0.3739,0.6378,donor
NLRP9,0.2212,0.4198,0.6717,donor
KMT2E-AS1,-0.4058,0.3334,0.6378,donor
POU6F2,0.0717,0.1866,0.6378,donor
TNFRSF1A,-0.5482,0.02544,0.3884,donor
TNFRSF1B,0.2497,0.2854,0.6378,donor
TCP1,-0.8485,0.0008752,0.209,donor
GDPD5,0.6919,0.3664,0.6378,donor
SGPP1,-0.32,0.4553,0.6953,donor
ITFG1,0.2539,0.3464,0.6378,donor
RSPH6A,0.3047,0.3914,0.6514,donor
PTDSS2,-0.4844,0.4467,0.6895,donor
OR51E2,0.0262,0.5497,0.7575,donor
TTLL2,0.2285,0.3739,0.6378,donor
MAP2K2,0.1133,0.6854,0.8413,donor
ZNF436,0.4637,0.4533,0.694,donor
PLEKHG2,0.2736,0.6653,0.8298,donor
EIF3IP1,-0.1736,0.3509,0.6378,donor
R3HDM4,0.1647,0.6549,0.8237,donor
CCDC126,-1.0097,0.1257,0.604,donor
CCDC74A,0.3336,0.5651,0.7665,donor
LOC102724323,0.3506,0.1206,0.5962,donor
HIST2H3D,0.126,0.4622,0.7005,donor
PRKRIR,-0.2139,0.5537,0.7597,donor
ZPR1,-0.539,0.001104,0.209,donor
TSHZ1,0.1949,0.5925,0.7839,donor
ALYREF,-0.5856,0.1929,0.6378,donor
TNK2,2.0339,0.0229,0.3739,donor
EIF2D,-0.2854,0.562,0.7646,donor
HTR3B,0.0422,0.3739,0.6378,donor
MEP1B,0.5404,0.5832,0.7775,donor
RBM6,0.6379,0.1058,0.5734,donor
SORBS3,0.0318,0.9173,0.9626,donor
HRH2,-0.0437,0.6616,0.8282,donor
NUDT9P1,0.536,0.314,0.6378,donor
LOC101927907,0.2781,0.5695,0.769,donor
LOC101927865,-0.058,0.7358,0.873,donor
TSPY26P,0.2025,0.6331,0.8097,donor
APRT,-0.3956,0.391,0.6511,donor
SERPINE1,-0.0506,0.9309,0.9688,donor
BTBD10,-1.2541,0.1342,0.6185,donor
LSM8,0.0212,0.9444,0.9762,donor
FAM229A,-0.2985,0.3736,0.6378,donor
STK24,-0.4716,0.2532,0.6378,donor
RFWD2,-0.2831,0.46,0.6992,donor
C1orf234,0.003,0.9905,0.9958,donor
PGF,-0.2611,0.1766,0.6378,donor
ZNF497,0.4088,0.396,0.6546,donor
P2RX6,1.3051,0.03911,0.4295,donor
POU2AF1,0.039,0.2369,0.6378,donor
POLR2J,-0.4355,0.11,0.5815,donor
POLR2I,-0.1934,0.3164,0.6378,donor
TMEM198,0.9624,0.1367,0.6198,donor
HS3ST1,-2.3689,0.01493,0.3349,donor
LNX2,-0.3734,0.5619,0.7646,donor
TMTC2,-0.5263,0.5207,0.739,donor
C11orf65,-0.1686,0.7088,0.855,donor
USP54,1.1971,0.0198,0.3603,donor
GEMIN8P4,-0.3291,0.6087,0.7942,donor
AGAP5,0.1486,0.6491,0.8194,donor
ZBTB20-AS1,1.1911,0.005163,0.2594,donor
LOC286190,0.2786,0.7549,0.8837,donor
PAXBP1-AS1,0.3565,0.4412,0.6867,donor
GRID1-AS1,0.1502,0.3739,0.6378,donor
LINC01277,0.0961,0.8352,0.9249,donor
LOC100133286,0.1462,0.1152,0.588,donor
ZNF32-AS3,0.025,0.1873,0.6378,donor
CACTIN-AS1,-0.0245,0.3632,0.6378,donor
LOC100507346,1.0879,0.02448,0.3848,donor
LOC100505666,0.3412,0.6387,0.8134,donor
D21S2088E,0.1117,0.3739,0.6378,donor
RRS1-AS1,-0.3122,0.4782,0.7109,donor
RNF157-AS1,0.4964,0.5292,0.7441,donor
DACT3-AS1,-0.1133,0.8146,0.915,donor
ADD3-AS1,0.2762,0.4338,0.6816,donor
FSCN3,0.08,0.8159,0.9158,donor
C12orf75,-0.665,0.04403,0.4426,donor
SND1-IT1,0.0559,0.9287,0.9677,donor
APBB1IP,1.3423,0.1103,0.5822,donor
MEX3C,-0.6932,0.2783,0.6378,donor
PUS7,-0.941,0.3339,0.6378,donor
PCDHB7,2.2548,0.04309,0.44,donor
KDM3B,1.0242,0.1683,0.6378,donor
PCDHB4,1.9207,0.01463,0.3329,donor
EXOSC4,0.0372,0.7701,0.89,donor
PCDHB2,0.0778,0.8372,0.9259,donor
PCDHB15,-0.202,0.7061,0.8533,donor
PCDHB14,1.2386,0.2052,0.6378,donor
RHOF,-0.0194,0.8647,0.9394,donor
PCDHB13,-0.8459,0.2372,0.6378,donor
PCDHB12,0.1259,0.8762,0.9443,donor
LINC01000,1.8281,0.02936,0.4059,donor
KIAA1919,1.2927,0.04191,0.4367,donor
PI16,0.412,0.482,0.7134,donor
CELF2-AS1,0.131,0.3739,0.6378,donor
PPM1B,-0.0896,0.8234,0.9194,donor
KIAA0430,0.0543,0.9061,0.9581,donor
LOC407835,0.0438,0.8669,0.9402,donor
SMKR1,-0.8989,0.2386,0.6378,donor
ZNF843,0.0616,0.907,0.9584,donor
ZNF608,0.2773,0.6523,0.8221,donor
MESTIT1,0.6335,0.5152,0.7361,donor
PNN,-0.1218,0.6897,0.844,donor
LINC-PINT,0.1953,0.8237,0.9194,donor
PTCSC3,-0.0856,0.3632,0.6378,donor
ASB16-AS1,0.4037,0.6143,0.7979,donor
GLUD1P3,0.97,0.1642,0.6378,donor
DEFB135,0.0148,0.3739,0.6378,donor
LOC101926908,0.9552,0.2159,0.6378,donor
FBXW10,0.0512,0.3431,0.6378,donor
CYP2J2,-1.2433,0.2064,0.6378,donor
CYP2E1,0.338,0.3739,0.6378,donor
GUSBP4,0.6216,0.01909,0.3592,donor
LOC101927415,-0.6547,0.1172,0.5924,donor
ERN2,0.0422,0.3739,0.6378,donor
KRT84,0.1218,0.3739,0.6378,donor
MVB12B,0.9613,0.2119,0.6378,donor
GIMAP1,0.1502,0.3739,0.6378,donor
DPY19L1,0.0663,0.8788,0.946,donor
FLVCR1,1.1996,0.003604,0.2516,donor
ACAD9,0.9357,0.01864,0.3569,donor
MAP3K4,-0.0148,0.9798,0.9914,donor
DERL1,-0.3348,0.07218,0.5131,donor
ZMIZ2,1.3351,0.01253,0.3187,donor
MS4A8,-0.2801,0.4106,0.6658,donor
SELO,1.028,0.0702,0.5091,donor
ZNF426,-0.1239,0.8222,0.9189,donor
RILP,-0.0372,0.9629,0.9836,donor
UBL5,-0.3614,0.01983,0.3603,donor
FKRP,0.3046,0.4067,0.6623,donor
TPSB2,0.0595,0.5369,0.7489,donor
TMEM47,-0.5233,0.4956,0.7227,donor
SOX7,-0.7652,0.1979,0.6378,donor
THAP2,-1.4612,0.1101,0.5815,donor
TMEM185B,-1.0052,0.02589,0.3909,donor
COG3,0.2211,0.7531,0.8824,donor
JHDM1D-AS1,-0.4835,0.4427,0.6874,donor
AGT,1.5834,0.2143,0.6378,donor
ACAT1,-0.4226,0.106,0.5736,donor
NDUFB2-AS1,0.5569,0.35,0.6378,donor
TAF7L,-0.0369,0.2011,0.6378,donor
MAT1A,0.8475,0.3665,0.6378,donor
LTBP2,-0.5382,0.4249,0.6752,donor
PMCHL2,0.9659,0.005972,0.2658,donor
SF3B3,0.3018,0.332,0.6378,donor
EXOC3-AS1,0.339,0.3366,0.6378,donor
NLRP6,0.079,0.3739,0.6378,donor
OR6W1P,0.1034,0.3739,0.6378,donor
SETD6,1.4097,0.0009108,0.209,donor
IGFN1,0.0148,0.3739,0.6378,donor
IWS1,0.4976,0.00832,0.285,donor
STARD9,-0.1677,0.802,0.9091,donor
HECW2,0.7493,0.4692,0.7043,donor
SERINC1,-0.5373,0.03843,0.4289,donor
SNORD105B,-0.0198,0.6187,0.8008,donor
SNORD19B,0.0983,0.6563,0.8243,donor
SNORD121A,0.0493,0.6583,0.826,donor
SNORD119,0.1389,0.5033,0.7276,donor
HAND2-AS1,-0.3275,0.1822,0.6378,donor
MCTS2P,-0.1726,0.7315,0.8699,donor
LOC728024,-0.6044,0.3582,0.6378,donor
KGFLP2,-0.1557,0.6279,0.8063,donor
SUGT1P1,-0.199,0.5643,0.7661,donor
LOC154761,0.0451,0.8854,0.9483,donor
CACNB4,-0.1481,0.5361,0.7485,donor
GRXCR1,0.0647,0.3739,0.6378,donor
PSMB1,0.1249,0.5284,0.7436,donor
PSMA7,-0.327,0.0534,0.4683,donor
PSMA2,-0.1258,0.4969,0.7235,donor
PSG4,-0.2297,0.3632,0.6378,donor
RNY5,-0.24,0.1204,0.5962,donor
RNY4,0.0044,0.8674,0.9403,donor
RNY3,0.0148,0.3739,0.6378,donor
RNY1,0.2642,0.257,0.6378,donor
TMEM233,-0.2852,0.4047,0.6609,donor
DCAF8L2,0.0288,0.7255,0.8662,donor
GATA6,-0.5044,0.3001,0.6378,donor
PCK2,-0.0649,0.8739,0.9432,donor
HBQ1,0.0148,0.3739,0.6378,donor
HBE1,0.0102,0.3739,0.6378,donor
RASL10A,-0.0216,0.9249,0.9657,donor
HIST1H1E,1.8111,0.02955,0.4068,donor
HIST1H1C,0.7595,0.2053,0.6378,donor
H1F0,-0.7283,0.366,0.6378,donor
TAF6L,1.0755,0.04485,0.4445,donor
GRPR,-0.6195,0.4389,0.6857,donor
PDIA3,0.6914,0.01931,0.36,donor
IVNS1ABP,-0.2204,0.5113,0.7337,donor
TRIM16,-0.0139,0.983,0.9927,donor
SEPHS2,-0.5308,0.1025,0.5705,donor
POLR3G,0.3124,0.6867,0.842,donor
ARID3B,0.198,0.7695,0.8899,donor
GPT,-0.1084,0.2277,0.6378,donor
MCHR1,-2.0226,0.03656,0.4276,donor
GPR37,1.5683,0.1831,0.6378,donor
GPR3,-0.2764,0.7768,0.8938,donor
MXD4,0.9019,0.1657,0.6378,donor
TBL3,0.3626,0.4023,0.6592,donor
GNAT2,-0.0266,0.9677,0.9861,donor
GLUD1,0.3808,0.1336,0.6175,donor
GJA8,0.1106,0.3739,0.6378,donor
GFI1,-0.0876,0.2426,0.6378,donor
GFER,0.2446,0.1989,0.6378,donor
MSTN,0.2423,0.5729,0.7712,donor
CNFN,-0.3074,0.1248,0.6023,donor
GHDC,0.2425,0.6324,0.8094,donor
MRPL36,0.072,0.7639,0.8869,donor
MRPL38,0.5799,0.0703,0.5091,donor
MRPL41,-0.1465,0.6265,0.8055,donor
MRPS6,-1.0386,0.1444,0.6317,donor
BRMS1L,-0.4941,0.3559,0.6378,donor
ACTR5,0.0179,0.9783,0.9909,donor
ATAD5,-0.1777,0.8048,0.9106,donor
TCEAL4,-0.1634,0.5507,0.7583,donor
MRM1##1,0.9688,0.06827,0.505,donor
FAM110D,-0.0827,0.4628,0.7007,donor
PREX2,-0.119,0.2141,0.6378,donor
RIN3,0.379,0.1899,0.6378,donor
ADCK4,0.9075,0.08886,0.5486,donor
KIAA0319L,1.1621,0.06106,0.4865,donor
SEC22B,0.2332,0.3452,0.6378,donor
LOC100996342,-0.7318,0.3221,0.6378,donor
CASC17,0.3996,0.1347,0.6188,donor
LINC00581,0.079,0.3739,0.6378,donor
ITPKB-IT1,0.039,0.2369,0.6378,donor
ADAMTSL4-AS1,0.5674,0.3065,0.6378,donor
LINC01529,0.2974,0.3739,0.6378,donor
LOC283352,0.0622,0.2122,0.6378,donor
CHRM3-AS2,-0.2429,0.4752,0.7092,donor
LINC01003,-0.2247,0.5356,0.7481,donor
TUT1,0.4585,0.2739,0.6378,donor
DCLRE1B,0.1236,0.8405,0.9271,donor
VWA1,-0.611,0.3147,0.6378,donor
LINC00051,0.0213,0.8528,0.9333,donor
FAM225B,0.055,0.3739,0.6378,donor
POU5F1B,-0.0695,0.2681,0.6378,donor
PAXIP1,0.5355,0.5408,0.7512,donor
LINC00403,-0.0205,0.3632,0.6378,donor
TMEM125,0.2912,0.6326,0.8094,donor
LINC00244,0.3623,0.3739,0.6378,donor
C7orf13,-0.33,0.558,0.7621,donor
MNX1-AS1,0.0652,0.9339,0.9702,donor
LOC100288637##2,0.9529,0.05913,0.4822,donor
ENTPD1-AS1,0.3181,0.4043,0.6606,donor
PPP1R2P3,-0.9664,0.006562,0.2721,donor
DCLK2,0.7854,0.1037,0.573,donor
PROSER1,-0.0615,0.8686,0.941,donor
GOLPH3,-0.3683,0.1621,0.6378,donor
CCDC151,1.0064,0.1471,0.6359,donor
TRIM11,0.3589,0.5395,0.7504,donor
SPATA5,1.0182,0.1622,0.6378,donor
LINC00689,0.0716,0.5061,0.7295,donor
LOR,0.3334,0.4438,0.688,donor
SLC35F2,-1.6121,0.03929,0.4295,donor
PLXNA3,1.4655,0.001256,0.2182,donor
GTF2IRD1P1,0.458,0.2556,0.6378,donor
LINC01413,0.0422,0.3739,0.6378,donor
PSRC1,0.9559,0.3606,0.6378,donor
HUWE1,0.9623,0.00381,0.2563,donor
MIR17HG,-0.1269,0.8528,0.9333,donor
MIR885,0.0102,0.3739,0.6378,donor
MIR30D,0.0102,0.3739,0.6378,donor
MIR708,0.0845,0.2027,0.6378,donor
MIR7-3,0.0735,0.5036,0.7277,donor
MIR7-2,0.0102,0.3739,0.6378,donor
MIR374B,0.0,0.9985,0.9993,donor
MIR875,0.0148,0.3739,0.6378,donor
MIR876,0.0629,0.286,0.6378,donor
MIR892B,0.0148,0.3739,0.6378,donor
VTRNA2-1,-0.0138,0.6796,0.8379,donor
MIR129-1,-0.0547,0.377,0.6398,donor
MIR34A,-0.0125,0.3632,0.6378,donor
MIR197,-0.064,0.1985,0.6378,donor
MIR889,0.0102,0.3739,0.6378,donor
LINC00971,0.0148,0.3739,0.6378,donor
MIR665,0.0476,0.1849,0.6378,donor
MUC20##4,1.4955,0.04977,0.4609,donor
LRRC58,-0.0825,0.8548,0.9345,donor
TMEM182,-1.2358,0.1999,0.6378,donor
RFTN2,-0.4695,0.3841,0.6452,donor
SPIN3,0.5011,0.09537,0.5593,donor
TMEM51-AS1,1.206,0.09248,0.555,donor
ZNF738,-0.7366,0.1595,0.6378,donor
LINC01547,0.6798,0.1688,0.6378,donor
KTN1-AS1,0.3972,0.6142,0.7978,donor
HSD52,0.6616,0.3935,0.6531,donor
CPLX2,1.1638,0.007236,0.2793,donor
MAOB,0.1932,0.2107,0.6378,donor
CETN4P,1.1424,0.02134,0.3644,donor
LINC00634,-0.0417,0.3632,0.6378,donor
KIAA2013,-0.0358,0.9516,0.9789,donor
TBC1D29,0.2854,0.2979,0.6378,donor
CCDC9,0.5238,0.3654,0.6378,donor
NTN1,0.4533,0.4604,0.6992,donor
BCL2A1,-0.0767,0.3632,0.6378,donor
CDKL2,-0.0283,0.9181,0.963,donor
TDH,0.0753,0.5985,0.7884,donor
IL1R1,-2.2106,0.006205,0.2679,donor
IGF2R,-0.1434,0.6771,0.8368,donor
USP17L7,-0.1415,0.3632,0.6378,donor
PRPF40B,0.1283,0.8745,0.9435,donor
FAM66A,-0.1154,0.1967,0.6378,donor
TNXB##9,0.0288,0.3739,0.6378,donor
LDHB,0.0446,0.9075,0.9586,donor
PIK3C3,-0.8333,0.0618,0.4887,donor
PIK3C2B,-0.4113,0.5566,0.7614,donor
NDUFB1,0.0951,0.7193,0.8617,donor
NDUFA10,0.0686,0.7066,0.8535,donor
RBL2,0.1551,0.5747,0.7724,donor
ACTR2,0.2307,0.3484,0.6378,donor
NHLH2,1.2295,0.09477,0.5584,donor
NHLH1,-0.0084,0.8577,0.936,donor
PTPRCAP,0.5066,0.1137,0.5863,donor
AXIN2,0.2301,0.7633,0.8865,donor
COIL,-0.6503,0.05646,0.4774,donor
RAB7A,-0.2826,0.08045,0.5314,donor
FANCG,1.5817,0.06719,0.5017,donor
SNPH,2.209,0.004803,0.2594,donor
ACAP1,0.9498,0.06624,0.5003,donor
LAPTM4A,-0.3658,0.07734,0.5229,donor
INTS3##1,0.7267,0.03603,0.4276,donor
EPRS,-0.1902,0.5828,0.7773,donor
EPHB3,-0.4826,0.3632,0.6378,donor
TSTA3,0.4887,0.2896,0.6378,donor
EPHB1,-0.0082,0.8351,0.9249,donor
PHLDA2,-0.4669,0.2947,0.6378,donor
HSP90B1,1.6046,0.02129,0.3644,donor
EML1,1.4225,0.2723,0.6378,donor
ATP8B1,1.2256,0.09848,0.5668,donor
TNFRSF10D,-0.8271,0.1718,0.6378,donor
BIN3-IT1,0.459,0.1283,0.6089,donor
IL22RA1,-0.0023,0.888,0.9491,donor
EEF1E1##1,-0.2831,0.1837,0.6378,donor
DMWD,0.8285,0.08408,0.5399,donor
PRH2,-0.2292,0.5687,0.7685,donor
INSRR,0.4751,0.3076,0.6378,donor
SLC22A11,0.0868,0.2842,0.6378,donor
CENPF,-0.3014,0.2842,0.6378,donor
ACTR10,-0.8698,0.003811,0.2563,donor
ZC3H15,-0.6842,0.03828,0.4287,donor
POLQ,0.4979,0.4781,0.7109,donor
TRPC4AP,0.801,0.00267,0.2306,donor
PLA2G4B,-0.0468,0.3632,0.6378,donor
DND1,0.7231,0.08667,0.544,donor
ZNF804A,0.6887,0.1326,0.6156,donor
HNRNPA3,0.104,0.5216,0.7395,donor
RAB32,-0.8115,0.1052,0.5734,donor
COPS6,-0.1567,0.675,0.8353,donor
TAF1B,-0.5632,0.2251,0.6378,donor
SF3A3,0.4795,0.1156,0.5887,donor
TMED10,0.3836,0.01565,0.3396,donor
RAB40B,-0.7309,0.08149,0.5339,donor
LMAN2,0.1122,0.6532,0.8225,donor
TMED2,0.1522,0.5267,0.7425,donor
CNIH1,-0.3433,0.2348,0.6378,donor
DGCR6##1,0.2461,0.4698,0.7047,donor
AFF1,0.2241,0.5249,0.7416,donor
CRYM,0.3367,0.3576,0.6378,donor
TPTE2P1,0.6358,0.1082,0.5782,donor
FAM183CP,0.0647,0.3739,0.6378,donor
NDUFS6,-0.0139,0.9421,0.975,donor
PCDHGA6,0.1734,0.6371,0.8123,donor
FAM105A,-0.8246,0.1014,0.5691,donor
CEP128,0.0367,0.9715,0.9882,donor
IL23A,-1.5167,0.01844,0.3566,donor
TOLLIP,0.0531,0.8336,0.9246,donor
KLF3,-0.7863,0.02796,0.3995,donor
DNAH7,1.4215,0.2656,0.6378,donor
SNORD13,-0.2195,0.2885,0.6378,donor
TAT,0.0775,0.9085,0.9591,donor
SERPINA7,0.159,0.3739,0.6378,donor
CDS1,-0.7803,0.3894,0.6499,donor
AUTS2,1.2256,0.1357,0.6194,donor
SYT7,-0.036,0.8867,0.9485,donor
RNF5P1,-0.453,0.1782,0.6378,donor
LOC100507462,0.1529,0.5041,0.7282,donor
ATP6V1E1,-0.165,0.2495,0.6378,donor
GLDC,0.0873,0.2518,0.6378,donor
COL17A1,0.106,0.1978,0.6378,donor
CHD9,-0.2419,0.3797,0.6422,donor
ZBTB45,1.0064,0.02433,0.3845,donor
PARP10,1.0276,0.1459,0.6337,donor
ZNF514,1.2303,0.1839,0.6378,donor
GPR128,-0.0126,0.3632,0.6378,donor
CBR4,0.4612,0.3471,0.6378,donor
CCDC142,1.7903,0.01262,0.3191,donor
NYNRIN,0.7858,0.2307,0.6378,donor
MUS81,0.6501,0.255,0.6378,donor
NKX6-3,-0.1439,0.4234,0.6742,donor
FAM193B,2.375,0.00464,0.2594,donor
SMG1P1,0.6627,0.2161,0.6378,donor
RPL21P44,0.333,0.5568,0.7614,donor
PRR26,0.353,0.5416,0.7516,donor
MIR7-3HG,0.1061,0.8376,0.9259,donor
LINC00469,0.0295,0.3739,0.6378,donor
VHL,0.4044,0.4516,0.693,donor
TYRP1,0.4304,0.3983,0.6565,donor
FKBP15,0.1314,0.7386,0.8742,donor
GATB,1.3151,0.002851,0.2306,donor
TNKS,-0.1292,0.7659,0.8878,donor
NUPL2,0.2183,0.6252,0.805,donor
IGBP1,-0.4262,0.1206,0.5962,donor
HAUS5,1.1609,0.01309,0.3225,donor
TREM2,-0.0359,0.3632,0.6378,donor
LINC00293,0.0387,0.3739,0.6378,donor
MUSK,0.141,0.3739,0.6378,donor
MEP1A,0.1012,0.3739,0.6378,donor
FAM71C,1.5209,0.1597,0.6378,donor
ZNF679,-0.0239,0.8607,0.9372,donor
AQP11,-0.2775,0.7554,0.8839,donor
FBXL16,1.108,0.03277,0.419,donor
MCOLN2,0.3465,0.3426,0.6378,donor
MROH2B,0.5085,0.0997,0.5675,donor
PSTK,-0.8843,0.271,0.6378,donor
KLF17,0.0102,0.3739,0.6378,donor
TCEAL8,-0.0788,0.8048,0.9106,donor
PDILT,0.0447,0.4688,0.7041,donor
SMIM14,0.0851,0.7718,0.8911,donor
FNDC5,0.1941,0.7605,0.886,donor
DAZAP1,-0.8418,0.1317,0.6136,donor
CCDC105,-0.0387,0.5126,0.7345,donor
ZNF57,0.2451,0.8255,0.9203,donor
WDR88,0.4554,0.2796,0.6378,donor
LINC00618,-0.0282,0.7586,0.8851,donor
TUSC8,-0.2996,0.327,0.6378,donor
IFNG-AS1,0.079,0.3739,0.6378,donor
NBPF25P,0.2487,0.4164,0.6693,donor
HCG14##4,0.0983,0.7838,0.8986,donor
RNU105C,0.353,0.3739,0.6378,donor
NAA50,-0.7638,0.0535,0.4684,donor
PKD1L3,0.4394,0.2727,0.6378,donor
HIST3H2BB,-0.0528,0.8357,0.9252,donor
HIST4H4,-0.0814,0.8679,0.9407,donor
C11orf31,-0.0895,0.5196,0.7382,donor
IFNLR1,0.8352,0.4108,0.666,donor
ZNF575,-0.0452,0.9055,0.9579,donor
TSSK4,1.2796,0.02049,0.3616,donor
C14orf178,0.0783,0.843,0.9279,donor
ST6GALNAC4,0.8735,0.1806,0.6378,donor
TCERG1L,-0.5447,0.1855,0.6378,donor
HIST1H2BA,-0.0125,0.3632,0.6378,donor
RASGRP2,-0.0249,0.7614,0.8861,donor
BPIFC,-0.8949,0.4636,0.7015,donor
N6AMT2,0.1166,0.7752,0.8929,donor
YTHDF3-AS1,0.4796,0.09268,0.5554,donor
CKMT2,0.9141,0.04286,0.4384,donor
RNF2,-0.1398,0.665,0.8298,donor
KDM4A,0.9583,0.03316,0.4199,donor
DDX20,-0.8104,0.1959,0.6378,donor
ANXA10,-0.1512,0.409,0.6642,donor
SUPT16H,0.1178,0.5048,0.7287,donor
SLC9A9-AS1,0.02,0.3739,0.6378,donor
MORN2,0.1261,0.7665,0.8882,donor
SNORD87,-0.5781,0.112,0.5838,donor
TMEM192,0.3735,0.06735,0.5018,donor
F3,-1.0439,0.1503,0.6378,donor
LOC286189,0.0422,0.3739,0.6378,donor
USP45,0.2913,0.515,0.7359,donor
GPR37L1,-0.0125,0.3632,0.6378,donor
GAPDHS,0.9761,0.05253,0.466,donor
DNAJB4,-0.9367,0.1006,0.5683,donor
RER1,0.1112,0.6312,0.809,donor
SLC2A3,-2.665,0.01913,0.3592,donor
HSF2BP,0.3143,0.164,0.6378,donor
CLEC4E,0.0288,0.3739,0.6378,donor
LCE2B,0.0148,0.3739,0.6378,donor
RAB26,0.2946,0.3651,0.6378,donor
ZNRF1,0.5983,0.2887,0.6378,donor
MUC16,0.9564,0.1502,0.6378,donor
BBS10,-0.5454,0.1912,0.6378,donor
DDRGK1,-0.0679,0.8326,0.9241,donor
SRR,0.5742,0.1086,0.5783,donor
WWC2,-0.1135,0.8877,0.9491,donor
BCORL1,0.1214,0.7853,0.8996,donor
CASC9,-0.9001,0.0818,0.5342,donor
FALEC,-0.0532,0.9168,0.9625,donor
LINC01111,0.015,0.6396,0.8136,donor
PRR30,0.192,0.3739,0.6378,donor
PRR18,0.1892,0.7777,0.8942,donor
C5orf51,0.3951,0.03819,0.4286,donor
CRIPAK,0.9742,0.4134,0.6675,donor
C16orf54,-0.1079,0.727,0.867,donor
PRR15,-1.3929,0.004974,0.2594,donor
FAM181B,-0.2091,0.3735,0.6378,donor
USP2,0.9602,0.01697,0.3464,donor
ODF3L1,0.1479,0.6612,0.828,donor
C12orf60,-0.121,0.9011,0.9554,donor
ZNF792,0.7982,0.4424,0.6872,donor
SWSAP1,-0.2959,0.7148,0.8594,donor
CHSY3,0.0387,0.3739,0.6378,donor
JADE2,1.5606,0.004248,0.2594,donor
TCF23,0.2036,0.2495,0.6378,donor
EGFEM1P,2.2646,0.0209,0.3644,donor
LYG2,0.7232,0.1644,0.6378,donor
C17orf74,0.1034,0.3739,0.6378,donor
SYT9,0.2578,0.7824,0.8975,donor
ADARB2-AS1,0.0275,0.3739,0.6378,donor
SMIM5,-0.1312,0.8932,0.9516,donor
RASAL2-AS1,0.5485,0.384,0.6452,donor
PRKY,0.221,0.6787,0.8374,donor
PMS2P3,-0.0928,0.8188,0.9171,donor
PMS2P9,0.1702,0.319,0.6378,donor
NGRN,-0.1717,0.2367,0.6378,donor
ANKRD20A9P,0.1155,0.5367,0.7489,donor
LOC63930,0.0422,0.3739,0.6378,donor
GRIK1-AS2,-0.1478,0.6811,0.8387,donor
BOK-AS1,-0.6855,0.06802,0.5041,donor
KLRAP1,0.5332,0.4532,0.694,donor
SPRNP1,0.0022,0.9124,0.9601,donor
ALPP,0.1415,0.1925,0.6378,donor
COL6A4P2,0.7139,0.1835,0.6378,donor
MIR221,0.1647,0.511,0.7336,donor
TMEM189,0.1459,0.4513,0.6926,donor
UFSP2,-0.8465,0.2008,0.6378,donor
LOC100500773,-0.0103,0.6652,0.8298,donor
NANOS3,-0.2201,0.07079,0.5095,donor
UBA6,0.078,0.773,0.8916,donor
RNPEPL1,1.4702,0.01608,0.342,donor
ABHD17B,-0.2767,0.4626,0.7007,donor
AKR7A2P1,0.1984,0.3863,0.6469,donor
KRT20##1,-0.0126,0.3632,0.6378,donor
AJAP1,-0.0466,0.4537,0.6943,donor
ZNF350,0.459,0.3825,0.6441,donor
SLC30A10,0.0148,0.3739,0.6378,donor
FAM134B,0.9586,0.02831,0.4015,donor
SCPEP1,0.3219,0.2774,0.6378,donor
KLHL9,-0.7267,0.001425,0.2239,donor
BAIAP2L1,-0.5534,0.3888,0.6493,donor
PRDM13,0.0288,0.3739,0.6378,donor
PRDM12,0.1267,0.6746,0.8351,donor
GNG12,-0.316,0.3437,0.6378,donor
CCDC25,-0.3292,0.1736,0.6378,donor
TMEM256,-0.1265,0.5481,0.7568,donor
SNX32,0.0673,0.3739,0.6378,donor
C7orf60,-1.9303,0.02214,0.3682,donor
SRFBP1,-0.5342,0.5155,0.7361,donor
VPS8,0.254,0.7289,0.8683,donor
A2M-AS1,1.3401,0.1173,0.5927,donor
RAD1,-0.5928,0.1994,0.6378,donor
UCP1,0.0938,0.1863,0.6378,donor
ZNF559-ZNF177##1,-0.1062,0.2885,0.6378,donor
ZNF681,-1.4581,0.03416,0.4253,donor
IL17D,0.1818,0.7377,0.8738,donor
GLOD5,-0.3534,0.09217,0.5549,donor
MIR7703,-0.0403,0.3887,0.6493,donor
MINA,0.981,0.005997,0.2658,donor
DYNLL2,0.9589,0.048,0.4546,donor
SUN5,0.1199,0.2437,0.6378,donor
SFT2D3,-0.2767,0.3059,0.6378,donor
MEF2BNB,0.0479,0.8865,0.9485,donor
MEF2BNB##1,0.7023,0.2486,0.6378,donor
TPRG1-AS1,0.4601,0.189,0.6378,donor
GAS8-AS1,0.0369,0.741,0.8753,donor
LOC403312,-0.1931,0.2957,0.6378,donor
SIM1,0.7839,0.02854,0.4017,donor
ICA1,0.0412,0.8303,0.9228,donor
SIAH2,-0.2596,0.6531,0.8224,donor
SFPQ,0.5756,0.3017,0.6378,donor
SEL1L,-0.2295,0.5319,0.7456,donor
PCP4,-1.6122,0.1561,0.6378,donor
HIST1H1T,0.2013,0.2994,0.6378,donor
GLI2,0.0673,0.3739,0.6378,donor
ERBB4,0.0281,0.6375,0.8125,donor
GABRE,0.0295,0.3739,0.6378,donor
MMP9,-0.2589,0.3653,0.6378,donor
NUP214,1.0928,0.02728,0.3963,donor
OMP,0.0422,0.3739,0.6378,donor
NUCB1,1.0902,0.05443,0.4715,donor
SLC29A1,0.3755,0.297,0.6378,donor
TDP2,-0.7328,0.2265,0.6378,donor
PCDHB11,0.7477,0.2004,0.6378,donor
PCDHB10,0.7753,0.4604,0.6992,donor
ARMCX1,-0.014,0.9543,0.98,donor
DHX29,-0.2038,0.5116,0.734,donor
LINC00534,0.5604,0.1208,0.5962,donor
CAHM,-0.4096,0.4261,0.6761,donor
GREB1L,-0.0815,0.8114,0.9133,donor
C7orf76,0.0303,0.8567,0.9353,donor
LOC100288814,0.5612,0.2865,0.6378,donor
SLC12A1,0.1428,0.7532,0.8825,donor
EIF4A2,-1.0015,0.04163,0.4364,donor
RPL37A,-0.3358,0.1645,0.6378,donor
ACR,-0.0125,0.3632,0.6378,donor
DNAJB13,0.0665,0.6755,0.8356,donor
FAM83A-AS1,-0.5366,0.2294,0.6378,donor
MDN1,1.5116,0.07481,0.5193,donor
FER1L6-AS1,0.0647,0.3739,0.6378,donor
GPRIN3,1.1796,0.015,0.3349,donor
B3GALTL,-0.4461,0.6562,0.8243,donor
ZBTB41,-0.1482,0.7414,0.8755,donor
TMEM17,-0.7279,0.2386,0.6378,donor
SLC16A9,-1.426,0.04049,0.434,donor
LINC00964,-0.0103,0.6652,0.8298,donor
LINC00861,0.0275,0.3739,0.6378,donor
GYS2,0.02,0.3739,0.6378,donor
LINC01561,-0.28,0.177,0.6378,donor
LINC00269,0.2749,0.2691,0.6378,donor
SGPL1,-0.4057,0.2083,0.6378,donor
ZPBP,0.674,0.3987,0.6568,donor
RIC1,0.7335,0.1974,0.6378,donor
G6PC2##1,0.9085,0.09391,0.5571,donor
GEMIN7,0.2946,0.2617,0.6378,donor
ASAP1-IT2,2.108,0.002677,0.2306,donor
ASAP1-IT1,-0.015,0.9839,0.993,donor
VSIG10L,-0.0859,0.3632,0.6378,donor
CGB,-0.0147,0.3632,0.6378,donor
C5orf30,0.1013,0.8056,0.9106,donor
PIGS,-0.1796,0.458,0.6973,donor
BPIFB1,0.1676,0.3739,0.6378,donor
HSPB9,0.3791,0.5963,0.7868,donor
KRTAP9-4,0.0288,0.3739,0.6378,donor
C16orf45,0.0301,0.9365,0.9719,donor
LMF2,0.513,0.1752,0.6378,donor
KRTAP4-5,-0.0358,0.3632,0.6378,donor
KRTAP4-3,0.0148,0.3739,0.6378,donor
KRTAP3-3,0.0044,0.9724,0.9885,donor
KRTAP2-4,0.0102,0.3739,0.6378,donor
OR51B4,-0.2757,0.3632,0.6378,donor
NCOA2,1.0463,0.05508,0.4734,donor
PLXNB2,1.2157,0.005399,0.2594,donor
SMR3A,0.0422,0.3739,0.6378,donor
MIA,-0.0261,0.7854,0.8996,donor
OSTF1,-0.6237,0.01432,0.3296,donor
TTC33,-1.3829,0.1927,0.6378,donor
ZFAT-AS1,-0.055,0.6205,0.802,donor
C16orf52,0.5384,0.4323,0.6806,donor
ZNRF2P2,-0.025,0.1747,0.6378,donor
EIF2S2,-0.4596,0.01719,0.3475,donor
VIP,0.0148,0.3739,0.6378,donor
VIM,0.1209,0.8928,0.9513,donor
LOC100133669,-0.0901,0.5761,0.773,donor
PRPS2,-1.1965,0.0427,0.4383,donor
RHPN1-AS1,-0.8676,0.05846,0.4808,donor
SLC22A31,0.0288,0.3739,0.6378,donor
SNAP25-AS1,0.6818,0.2914,0.6378,donor
ARHGEF10##1,-0.6538,0.2258,0.6378,donor
MAD2L1BP,-0.5386,0.09858,0.5668,donor
MIR937,-0.0126,0.3632,0.6378,donor
CCNK,0.1322,0.7603,0.886,donor
KCTD8,0.3933,0.5536,0.7597,donor
PHLPP1,2.3291,0.00284,0.2306,donor
UBA5,-0.4881,0.443,0.6875,donor
GALNT10,0.5829,0.3771,0.6398,donor
NOB1,-0.4832,0.421,0.6722,donor
KIAA1875,0.0498,0.7291,0.8684,donor
TRIM64C,0.0102,0.3739,0.6378,donor
CHAMP1,0.356,0.654,0.8228,donor
EMB,-0.1185,0.7378,0.874,donor
AGPAT4,0.1588,0.8544,0.9344,donor
CALY,2.2508,0.001019,0.209,donor
NOX3,0.0148,0.3739,0.6378,donor
PCDHB9,0.6535,0.1624,0.6378,donor
LOC101929698,-0.0471,0.5268,0.7425,donor
CHMP1B2P,1.0641,0.1462,0.6343,donor
LINC01180,0.2628,0.1511,0.6378,donor
LOC101927143,0.0043,0.9121,0.9601,donor
MGC32805,0.0665,0.4508,0.6924,donor
RSBN1L,-0.2398,0.5641,0.7661,donor
C3orf67,0.0471,0.9489,0.9779,donor
LONRF2,0.9296,0.02352,0.3788,donor
LOC90246,-0.0696,0.2689,0.6378,donor
AQP4-AS1,0.8465,0.3227,0.6378,donor
EEF1G,-0.1059,0.4182,0.6705,donor
TOP2B,0.3024,0.1422,0.6285,donor
DEFB109P1##2,0.0148,0.3739,0.6378,donor
EPAS1,-2.0505,0.02405,0.3821,donor
LOC100289495,-1.7353,0.04989,0.4609,donor
LOC100130992,1.355,0.1654,0.6378,donor
HORMAD2-AS1,-0.1,0.6628,0.8287,donor
LOC729506,-0.2092,0.2551,0.6378,donor
SH3PXD2A,1.0813,0.0129,0.3214,donor
ZNF592,0.9541,0.05357,0.4684,donor
PROX1-AS1,0.1086,0.752,0.882,donor
HTRA1,-0.4642,0.6905,0.8447,donor
KLK6,0.1232,0.241,0.6378,donor
PRSS8,0.886,0.04103,0.434,donor
TMPRSS15,-0.3696,0.3632,0.6378,donor
PRSS1##1,0.5941,0.5797,0.7753,donor
E2F7,0.0403,0.5849,0.7783,donor
ADAM5##1,-0.0524,0.4777,0.7106,donor
CFAP53,0.4299,0.5154,0.7361,donor
DYX1C1,0.0569,0.8854,0.9483,donor
EIF1,-0.5613,0.0205,0.3616,donor
SPHKAP,0.2982,0.3554,0.6378,donor
NAP1L4##1,-0.0471,0.8709,0.9419,donor
FGB,0.118,0.8737,0.9431,donor
KRT14,0.0288,0.3739,0.6378,donor
CBR1,-0.0984,0.7556,0.8839,donor
GRIN2B,0.0387,0.3739,0.6378,donor
ACTR1B,0.3624,0.2005,0.6378,donor
HS1BP3,0.2917,0.632,0.8092,donor
BTBD1,-0.6134,0.06757,0.5022,donor
TPK1,-0.8681,0.3816,0.6434,donor
ABCG8,0.1282,0.494,0.7215,donor
LMBR1,0.0543,0.823,0.9192,donor
RNF25,-0.0303,0.9325,0.9696,donor
NSD1,0.8893,0.05237,0.466,donor
ZSCAN16,0.5064,0.3231,0.6378,donor
ROBO3,0.0698,0.4892,0.7182,donor
ULBP1,-0.6358,0.2923,0.6378,donor
PUS1,1.0399,0.1787,0.6378,donor
DNAJC1,-0.4159,0.08043,0.5314,donor
LMNB2,0.9256,0.07944,0.5285,donor
PDF,-0.0207,0.9428,0.9753,donor
RAB38,0.3927,0.5109,0.7336,donor
EDAR,0.2718,0.3444,0.6378,donor
ANKRD45,1.1811,0.1147,0.5869,donor
EDEM3,0.2538,0.1241,0.6022,donor
POLR3GL,0.1887,0.6332,0.8097,donor
C16orf70,0.2153,0.3776,0.6402,donor
CFAP43,1.3039,0.1303,0.6123,donor
LOC100506122,0.0903,0.3739,0.6378,donor
UROS,0.0836,0.8134,0.9143,donor
TTPA,-0.0143,0.6069,0.7932,donor
ZNF131,0.1096,0.8942,0.9521,donor
CHD4,1.5566,0.0003146,0.209,donor
SLC26A4,1.5175,0.1207,0.5962,donor
RNU6-14P,0.0102,0.3739,0.6378,donor
MYO1G,0.3598,0.3646,0.6378,donor
ELOVL7,-0.9521,0.3317,0.6378,donor
EBLN1,0.0102,0.3739,0.6378,donor
KLF1,-0.1442,0.3632,0.6378,donor
CELF1,0.2516,0.5411,0.7514,donor
PARD6G,-0.5265,0.1722,0.6378,donor
MAK16,-0.1325,0.6711,0.8329,donor
FAR1,0.0143,0.9845,0.9933,donor
PGBD1,0.6196,0.4875,0.7177,donor
ADAMTS20,0.3357,0.2488,0.6378,donor
KBTBD8,-0.2245,0.8313,0.9235,donor
ZC3H8,-0.1601,0.6933,0.8465,donor
CISD1,-0.8279,0.002154,0.2294,donor
TMEM165,-0.2504,0.2161,0.6378,donor
BEX1,0.3999,0.08828,0.5483,donor
RECK,0.2862,0.7187,0.8615,donor
PAUPAR,-0.2103,0.8374,0.9259,donor
RNF44,0.107,0.8184,0.917,donor
SUFU,0.4221,0.1577,0.6378,donor
ZHX1-C8orf76,0.1363,0.824,0.9196,donor
LILRA4##1,0.0563,0.3739,0.6378,donor
HIST1H4D,-0.161,0.1594,0.6378,donor
RSPO3,0.0899,0.1788,0.6378,donor
TNP2,-0.0417,0.3632,0.6378,donor
XRCC3,0.9578,0.2394,0.6378,donor
HSPA1A,-1.4799,0.16,0.6378,donor
TMEM144,-1.0422,0.2428,0.6378,donor
MIR29B1,-0.0126,0.3632,0.6378,donor
MIR98,0.2213,0.1452,0.6333,donor
MIR25,-0.0209,0.606,0.793,donor
ANXA2P2,0.1314,0.7218,0.8637,donor
PTENP1,-0.8451,0.127,0.6064,donor
NPVF,0.0022,0.9103,0.9597,donor
ELOVL4,-0.3281,0.3961,0.6546,donor
DIRC2,0.0603,0.8998,0.9549,donor
SNTA1,-0.1847,0.6144,0.7979,donor
SOX4,-0.9701,0.114,0.5863,donor
S1PR2,-0.9166,0.172,0.6378,donor
SOX2,-0.0125,0.3632,0.6378,donor
SORL1,-0.0106,0.9769,0.9905,donor
CXCL6,-0.0542,0.3632,0.6378,donor
SOD3,2.1829,0.01348,0.325,donor
CCL24,-0.0488,0.4668,0.7029,donor
SLC28A2,0.5773,0.1343,0.6186,donor
SNRPA1,-0.3137,0.3527,0.6378,donor
CDAN1,0.6207,0.4949,0.7222,donor
NPIPA5,0.4169,0.4046,0.6608,donor
NSA2,-0.8459,0.03458,0.4253,donor
SIL1,0.1746,0.7058,0.853,donor
AKTIP,-0.2054,0.2831,0.6378,donor
RSL1D1,-0.052,0.7278,0.8675,donor
CD207,0.0102,0.3739,0.6378,donor
OXNAD1,-0.5441,0.1529,0.6378,donor
C10orf12,0.6066,0.5484,0.7571,donor
RAB6C,-0.3076,0.1397,0.6239,donor
TTC37,0.0488,0.8571,0.9357,donor
KIF26A,0.6265,0.2827,0.6378,donor
NAT9,0.6291,0.534,0.7467,donor
RIBC2,0.4977,0.3204,0.6378,donor
ENHO,0.1006,0.8912,0.9505,donor
NAT16,0.2438,0.6667,0.8305,donor
VWC2,0.0102,0.3739,0.6378,donor
GJB7,0.1711,0.7682,0.8892,donor
SIMC1,0.117,0.7785,0.8946,donor
HIPK4,0.0115,0.9499,0.9781,donor
C3orf62,1.6036,0.1104,0.5824,donor
RBM43,0.3692,0.5322,0.7456,donor
FAM89A,-0.8038,0.1615,0.6378,donor
LINC00961,0.0673,0.3739,0.6378,donor
ELMOD2,-0.6634,0.2022,0.6378,donor
OR51G1,0.1358,0.3739,0.6378,donor
STRC,0.7952,0.1154,0.5883,donor
C17orf67,-0.1335,0.7361,0.873,donor
TMEM213,-0.1656,0.2068,0.6378,donor
ANKUB1,0.0527,0.3739,0.6378,donor
ZFP14,0.5106,0.1813,0.6378,donor
MOV10L1,-0.1163,0.5528,0.7594,donor
MAGEE2,0.3053,0.7025,0.8515,donor
MPLKIP,-0.3928,0.06707,0.5014,donor
B4GALNT3,2.0797,0.009066,0.2929,donor
ITM2B,-0.1886,0.4269,0.6768,donor
PGM5P2,0.8787,0.04384,0.4426,donor
LRRN4CL,0.3125,0.3515,0.6378,donor
TMEM88,0.2859,0.2295,0.6378,donor
LEFTY1,-0.714,0.2264,0.6378,donor
AQP7P3##1,0.0438,0.5642,0.7661,donor
AQP7P1,0.0477,0.3739,0.6378,donor
DUOX2,-0.9337,0.01322,0.3232,donor
UGT2B7,0.1149,0.186,0.6378,donor
GSTP1,0.508,0.2352,0.6378,donor
FAM167A-AS1,0.1334,0.2999,0.6378,donor
HERC3,0.6538,0.1542,0.6378,donor
FEM1B,-0.2713,0.2766,0.6378,donor
LARP1,0.4886,0.09201,0.5549,donor
ERCC6L,-0.5118,0.1916,0.6378,donor
ARHGEF12,0.0944,0.7369,0.8735,donor
KIAA1109,0.3139,0.2339,0.6378,donor
FNBP4,0.2631,0.2974,0.6378,donor
KLHL28,-0.7365,0.1834,0.6378,donor
USP24,0.5338,0.2002,0.6378,donor
ZNF586,1.349,0.07715,0.5226,donor
TRIT1,-0.6144,0.09245,0.555,donor
KLHL24,-0.2374,0.4427,0.6874,donor
MBTD1,0.8001,0.3905,0.6507,donor
SMCHD1,0.0552,0.8904,0.9499,donor
ANGEL1,0.9151,0.05062,0.4628,donor
SZT2,1.4517,0.007623,0.2823,donor
KCTD9,-0.1712,0.7475,0.8791,donor
DDX60,-0.7042,0.4602,0.6992,donor
DNAJB12,0.0223,0.9382,0.9729,donor
C17orf59,0.1695,0.7781,0.8944,donor
ALKBH4,0.4915,0.3174,0.6378,donor
RNPC3,-0.4635,0.1764,0.6378,donor
TBC1D30,0.3938,0.7098,0.8555,donor
SASH1,1.7156,0.04727,0.4527,donor
DONSON,-0.9356,0.2139,0.6378,donor
ZCCHC8,-0.6468,0.238,0.6378,donor
FTSJ3,1.7664,0.0471,0.4527,donor
CUX2,-0.0653,0.5512,0.7583,donor
C12orf71,-0.0889,0.4877,0.7177,donor
ANKHD1-EIF4EBP3,0.6061,0.05691,0.478,donor
PPM1H,0.757,0.2059,0.6378,donor
KIAA1143,0.3242,0.1693,0.6378,donor
REXO1,0.3918,0.4511,0.6926,donor
TMEM86A,0.3979,0.5613,0.7643,donor
SIK2,0.151,0.5917,0.783,donor
URAHP,0.1659,0.5427,0.7524,donor
STXBP3,-0.3024,0.2758,0.6378,donor
HDAC6,0.2573,0.5758,0.7728,donor
NEDD8,-0.1162,0.4665,0.7029,donor
CLEC3B,0.2494,0.2895,0.6378,donor
LALBA,-0.1753,0.3632,0.6378,donor
GPR137B,-1.6869,0.1144,0.5867,donor
TSPAN4,1.0228,0.09289,0.5555,donor
KRT86,-0.0125,0.3632,0.6378,donor
LOC440173,0.0122,0.9093,0.9592,donor
HSPA1L##1,-0.7439,0.1898,0.6378,donor
CA3,-0.237,0.6723,0.8337,donor
CHAF1A,1.3507,0.03228,0.4181,donor
SCN10A,0.4063,0.2268,0.6378,donor
NEU3,0.9025,0.1325,0.6155,donor
HDAC5,0.7781,0.1411,0.6264,donor
LOC392364,0.0102,0.3739,0.6378,donor
GALNS,-0.8062,0.02045,0.3616,donor
TAF13,-0.3653,0.4966,0.7231,donor
TAF7,-0.3343,0.07803,0.5244,donor
NOTCH4##6,-0.5481,0.4372,0.6844,donor
UNQ6494,-0.3938,0.1089,0.5791,donor
MIR5697,0.0102,0.3739,0.6378,donor
SERPINA2,0.1171,0.3739,0.6378,donor
BAZ2B##1,0.3824,0.3928,0.6524,donor
PGS1,0.6623,0.06553,0.4983,donor
ATP6V0E2,0.4729,0.09305,0.5558,donor
LOC100506551,2.0155,0.005995,0.2658,donor
HOXB-AS1,0.0624,0.2483,0.6378,donor
KIFC1,-0.5999,0.1834,0.6378,donor
CTBP1,0.5603,0.08252,0.5356,donor
PLXNA2,1.8685,0.00049,0.209,donor
MICALCL,-0.1415,0.3632,0.6378,donor
TIGD5,-0.3074,0.5479,0.7567,donor
ELL3,0.6092,0.3731,0.6378,donor
TRPM7,1.1218,0.1685,0.6378,donor
PCP4L1,-0.2333,0.7252,0.8661,donor
FAM184B,0.5164,0.3026,0.6378,donor
LOC100128361,-0.4736,0.383,0.6445,donor
ANKRD19P,0.6241,0.02591,0.3909,donor
METTL24,-0.311,0.5024,0.7273,donor
GATA2,-0.1075,0.3846,0.6456,donor
CCDC64,2.1846,0.006582,0.2721,donor
BCL7A,0.7277,0.4506,0.6924,donor
ZNF613,-0.3074,0.7637,0.8868,donor
THNSL1,-0.6518,0.2211,0.6378,donor
LRRC8C,-0.4848,0.6522,0.822,donor
GGNBP2,-0.5218,0.03463,0.4253,donor
OVOL1,-0.3176,0.5207,0.739,donor
YBX1,-0.1947,0.4148,0.6684,donor
ROR2,2.6256,0.01128,0.3127,donor
LINC00476,2.0752,0.01425,0.3296,donor
LINC00476##1,0.4767,0.1398,0.6239,donor
AP1S1,0.004,0.9885,0.9948,donor
LINC01432,0.0422,0.3739,0.6378,donor
FLJ21408,0.1784,0.5162,0.7364,donor
TFAP2D,0.0288,0.3739,0.6378,donor
CLEC18C,0.0217,0.6604,0.8276,donor
NOMO2##2,0.3024,0.5442,0.7535,donor
LOC441455,0.3835,0.2456,0.6378,donor
CEP250,0.3516,0.6457,0.8173,donor
MYO1E,-0.6234,0.5448,0.754,donor
ADAMTS4,-0.026,0.7089,0.855,donor
GOLGA5,0.0366,0.8997,0.9549,donor
TNFAIP2,0.4411,0.1685,0.6378,donor
CDC42BPB,0.5937,0.54,0.7506,donor
H1FX,-0.2198,0.7041,0.8524,donor
CLPP,0.3399,0.1057,0.5734,donor
ACAT2,0.4804,0.2172,0.6378,donor
GIF,0.9582,0.2565,0.6378,donor
FGFBP1,-0.0126,0.3632,0.6378,donor
CLEC2B,0.0148,0.3739,0.6378,donor
CCS,0.8024,0.03067,0.4109,donor
MED12,-0.0537,0.9383,0.9729,donor
ANP32A,0.4465,0.01413,0.3288,donor
ZC3H6,0.4888,0.2193,0.6378,donor
PERP,-1.0835,0.01293,0.3214,donor
C1orf145,-0.0921,0.8212,0.9182,donor
FAM221B,0.0805,0.5366,0.7488,donor
IL11RA,0.0678,0.9304,0.9686,donor
PCDHB17P,0.4755,0.3193,0.6378,donor
MINOS1P1,0.7556,0.3729,0.6378,donor
ZNF341-AS1,0.2882,0.2842,0.6378,donor
GRM5,-0.1272,0.5587,0.7627,donor
ZFP1,-0.3057,0.5103,0.7333,donor
HSD17B7P2,0.1473,0.7901,0.9027,donor
TCAM1P,0.126,0.475,0.709,donor
LRRC37A4P,0.9886,0.05515,0.4734,donor
SNX29P2,0.394,0.3261,0.6378,donor
SNHG5,-0.1154,0.7149,0.8595,donor
LOC284379,-0.0468,0.3632,0.6378,donor
FABP5P3,-0.124,0.1765,0.6378,donor
DMBT1P1,0.025,0.1873,0.6378,donor
SCART1,-0.2284,0.1828,0.6378,donor
LOC441601,0.4474,0.1889,0.6378,donor
GSTM2P1,-0.2243,0.493,0.7209,donor
CLEC4GP1,0.0148,0.3739,0.6378,donor
TBC1D3P1-DHX40P1,-0.0023,0.8894,0.9494,donor
SCARNA12,0.3458,0.4388,0.6855,donor
SCARNA5,-0.1034,0.5687,0.7685,donor
HIATL2,0.0715,0.8079,0.9119,donor
SCARNA17,0.0534,0.8463,0.9298,donor
DPY19L2P1,0.0873,0.4776,0.7106,donor
HERC2P2,0.5151,0.1813,0.6378,donor
CCDC177,1.1619,0.1155,0.5887,donor
FADS6,0.0148,0.3739,0.6378,donor
SCAMP1,-0.6612,0.07016,0.5091,donor
PDIA5,0.6205,0.2387,0.6378,donor
LINC00942,-0.0284,0.9452,0.9765,donor
LOC340113,0.427,0.2915,0.6378,donor
MIR4500HG,0.0422,0.3739,0.6378,donor
FLJ39080,0.3359,0.2909,0.6378,donor
WAC-AS1,-0.0083,0.9767,0.9905,donor
LINC00938,-0.1936,0.412,0.6669,donor
PACRG-AS1,0.31,0.1144,0.5867,donor
ACVR2B-AS1,-0.4606,0.4479,0.6903,donor
FTX,0.4815,0.2267,0.6378,donor
LOC100130075,0.0022,0.9103,0.9597,donor
TMEM220-AS1,0.5811,0.4158,0.669,donor
LINC00595,0.0884,0.3739,0.6378,donor
TMEM9B-AS1,-0.0806,0.8782,0.9456,donor
ACTN1-AS1,-0.1149,0.5809,0.7761,donor
HSP90AB4P,0.8526,0.3601,0.6378,donor
LOC101928324,0.1443,0.7622,0.8861,donor
ERICH1-AS1,0.0102,0.3739,0.6378,donor
ZNF818P,-1.4008,0.08468,0.5404,donor
PRKXP1,0.9059,0.228,0.6378,donor
FAM90A25P,0.02,0.3739,0.6378,donor
LOC441081,0.0151,0.6374,0.8125,donor
MGC34796,-0.2513,0.6853,0.8412,donor
ALG1L9P,0.266,0.3398,0.6378,donor
HSP90B2P,0.2633,0.1677,0.6378,donor
KCNK6,1.742,0.05489,0.4728,donor
MYO9B,0.7222,0.148,0.6372,donor
LINC00644,0.0275,0.3739,0.6378,donor
LOC101927100,0.6139,0.243,0.6378,donor
MTIF2,-0.2974,0.3658,0.6378,donor
KMO,-1.5292,0.123,0.601,donor
MSX1,0.2658,0.6908,0.8449,donor
MSN,2.3876,0.0007649,0.209,donor
TEX12,-0.005,0.9778,0.9907,donor
TCF7L1,0.1662,0.5473,0.7562,donor
FCRL4,0.0884,0.3739,0.6378,donor
ATG16L2,0.6319,0.3196,0.6378,donor
MICALL1,-0.8402,0.2812,0.6378,donor
PUS3,-0.4131,0.08209,0.5345,donor
FHDC1,1.92,0.06094,0.4863,donor
LRRCC1,1.1688,0.2213,0.6378,donor
LOC100288842,0.5177,0.4454,0.6884,donor
IGSF3,-0.5838,0.3367,0.6378,donor
PHF19,0.0079,0.99,0.9956,donor
RFPL4A,-0.0126,0.3632,0.6378,donor
ATP5L2,0.1919,0.3014,0.6378,donor
HIST2H2BF,0.0778,0.4245,0.6749,donor
UNC5A,-1.1633,0.1107,0.5826,donor
RSPRY1,-0.0698,0.8324,0.924,donor
PAQR8,-1.0787,0.03802,0.4281,donor
MARVELD3,-1.3805,0.1005,0.5682,donor
CREB3L1,0.562,0.395,0.654,donor
ZNF486,0.023,0.973,0.9888,donor
ARHGAP18,1.003,0.03253,0.4188,donor
SEPT1,0.4034,0.2715,0.6378,donor
TMEM261,-0.4634,0.1012,0.5689,donor
SNORD90,-0.0097,0.7423,0.8757,donor
INHA,0.7324,0.3256,0.6378,donor
SP2,0.0894,0.7801,0.8957,donor
DGAT1,-0.2973,0.7538,0.8829,donor
TSPYL1,-0.5844,0.002565,0.2306,donor
MKRN7P,1.2314,0.1373,0.6209,donor
WHAMMP2,0.1763,0.6734,0.8343,donor
LBX2-AS1,-0.0891,0.568,0.7682,donor
MIR181A2HG,0.2547,0.2488,0.6378,donor
PCOLCE,0.2151,0.7355,0.8729,donor
F12,0.1547,0.852,0.9329,donor
TOPAZ1,0.2416,0.3288,0.6378,donor
UGT2B10##3,0.0148,0.3739,0.6378,donor
ENO4,1.1047,0.009757,0.299,donor
EID2,-0.1518,0.7057,0.853,donor
CAMK1D,-1.5074,0.097,0.5632,donor
UBN2,0.3876,0.3045,0.6378,donor
ZDHHC23,1.0517,0.1898,0.6378,donor
EPHX4,0.36,0.3303,0.6378,donor
SNORA65,-0.1866,0.4302,0.6792,donor
KIAA1147##1,0.9242,0.02221,0.3683,donor
RORB,0.1375,0.8522,0.933,donor
STAM2,-0.1878,0.5643,0.7662,donor
SPRY2,0.1348,0.8518,0.9328,donor
DPYSL2,0.0658,0.8317,0.9237,donor
LINC00629,0.4374,0.2333,0.6378,donor
LOC100505978,0.5478,0.1474,0.6363,donor
LOC100507156,0.81,0.209,0.6378,donor
LOC100507634,0.8253,0.3635,0.6378,donor
LINC00649,-0.0124,0.9851,0.9935,donor
MIR497HG,0.2544,0.2275,0.6378,donor
LINC01094,-0.0015,0.9821,0.9922,donor
LOC643623,0.2548,0.3739,0.6378,donor
LOC100506368,0.0024,0.9963,0.9987,donor
BSN-AS2,1.4056,0.181,0.6378,donor
LOC401324,0.0288,0.3739,0.6378,donor
FLJ42102,0.0758,0.5477,0.7564,donor
LOC255654,-0.0205,0.3632,0.6378,donor
LOC284950,-0.0537,0.1132,0.5862,donor
PSMD6-AS2,-0.7221,0.1434,0.6308,donor
LINC01132,-0.8064,0.2868,0.6378,donor
LINC01021,0.0301,0.95,0.9781,donor
PITRM1-AS1,0.4227,0.2547,0.6378,donor
EFCAB14-AS1,0.0526,0.3865,0.647,donor
LINC00665,0.2654,0.2353,0.6378,donor
MIR663AHG,-0.8439,0.1531,0.6378,donor
LINC00933,0.3935,0.5674,0.7678,donor
LOC100129027,0.5184,0.2963,0.6378,donor
LOC100192426,0.7913,0.1409,0.6261,donor
PHF12,1.8594,0.05758,0.4792,donor
TAS2R14,-0.094,0.8184,0.917,donor
TAS2R10,0.413,0.4073,0.6627,donor
TAS2R7,0.1218,0.3739,0.6378,donor
TAS2R8,0.0387,0.3739,0.6378,donor
DOCK6,0.9401,0.219,0.6378,donor
SCYL1,0.8314,0.03478,0.4255,donor
GPHN,0.4054,0.0455,0.447,donor
ARRDC3,-2.1622,0.002186,0.2294,donor
PDP2,0.5332,0.464,0.7018,donor
FGF22,0.0102,0.3739,0.6378,donor
LOC100506100,-0.0117,0.979,0.9911,donor
LAMTOR5-AS1,-0.9476,0.1747,0.6378,donor
LOC100507283,-0.9414,0.1452,0.6333,donor
OGFR-AS1,0.1804,0.1733,0.6378,donor
OSGEPL1-AS1,0.8631,0.283,0.6378,donor
CDC42P3,0.3218,0.224,0.6378,donor
LOC101409256,-0.4676,0.3453,0.6378,donor
DNAH17-AS1,0.1088,0.4438,0.688,donor
PYCARD-AS1,-0.0829,0.4626,0.7007,donor
SNORD124,0.0102,0.3739,0.6378,donor
NAMA,0.0152,0.9547,0.9801,donor
LOC729930,0.4808,0.03714,0.4276,donor
PGAM1P5,-0.0108,0.7329,0.871,donor
LOC440311,-0.1145,0.6664,0.8304,donor
AHCTF1P1,0.3813,0.2873,0.6378,donor
NUTM2D,0.0822,0.1997,0.6378,donor
LRRC9,0.8901,0.2546,0.6378,donor
SNORD62A+SNORD62B##1,0.0758,0.4418,0.6868,donor
GNAT3,0.0148,0.3739,0.6378,donor
METTL23,-0.2676,0.03582,0.4276,donor
MTHFD2L,-0.4987,0.2755,0.6378,donor
LRRC10B,1.5915,0.002945,0.2347,donor
USP27X,-1.1606,0.06621,0.5003,donor
ERCC5,-0.5875,0.369,0.6378,donor
SCN4A,0.1345,0.2411,0.6378,donor
ESRP2,1.0326,0.3732,0.6378,donor
ZCCHC4,0.2485,0.5297,0.7444,donor
MZT2B,-0.488,0.06231,0.4895,donor
RIMKLB,-0.7816,0.1989,0.6378,donor
DOCK11,1.1398,0.1693,0.6378,donor
SNORD24,0.0394,0.6845,0.8408,donor
SNORD36B,0.0813,0.6417,0.8148,donor
SNORD36A,-0.4688,0.2016,0.6378,donor
SNORD36C,0.0007,0.9974,0.9991,donor
FAM160A1,0.4124,0.6259,0.8051,donor
ZNRF2,-0.0782,0.9057,0.958,donor
SDSL,-0.522,0.275,0.6378,donor
KIF12,0.1566,0.7133,0.8582,donor
CHRM1,-0.0125,0.3632,0.6378,donor
CDH3,-1.3103,0.136,0.6196,donor
CDH2,-0.1546,0.8113,0.9133,donor
ABCA2,2.1629,0.0002013,0.209,donor
IL6,-0.0045,0.8055,0.9106,donor
IL3,0.0142,0.7655,0.8877,donor
C7,-0.8302,0.1026,0.5705,donor
TMEM8C,-0.1418,0.4593,0.6984,donor
CCDC30,0.4421,0.3959,0.6546,donor
AIF1##4,0.0148,0.3739,0.6378,donor
PDZRN3-AS1,-1.2207,0.1334,0.6173,donor
RUVBL1-AS1,0.0816,0.3141,0.6378,donor
LOC101928105,0.0018,0.9876,0.9944,donor
RNU6ATAC,-0.0541,0.07005,0.5091,donor
SDC3,-0.0998,0.7439,0.8769,donor
IPO13,0.612,0.04961,0.4603,donor
ARRDC2,1.3422,0.1138,0.5863,donor
CNPPD1,0.8705,0.02981,0.4089,donor
ZNF432,-0.1557,0.8606,0.9372,donor
LPIN2,-0.0763,0.8466,0.9301,donor
RIMBP3,0.0119,0.871,0.9419,donor
SENP3,0.0427,0.8583,0.9362,donor
OLFM1,0.1838,0.5788,0.7747,donor
SCD5,0.3183,0.3545,0.6378,donor
PYROXD1,-1.1634,0.121,0.5964,donor
ZFP2,0.8457,0.3278,0.6378,donor
TNS3,0.1185,0.7578,0.8847,donor
LOC100287846,0.1176,0.268,0.6378,donor
LOC283299##1,0.0675,0.2568,0.6378,donor
ANXA4,-0.1935,0.7744,0.8926,donor
CTTNBP2,1.4184,0.05175,0.4659,donor
CIPC,0.265,0.469,0.7043,donor
MCEE,0.4516,0.2533,0.6378,donor
HAUS8,-1.0919,0.1758,0.6378,donor
IMP4,0.118,0.7047,0.8528,donor
LRRC46,0.3265,0.6275,0.8063,donor
RWDD2A,0.3188,0.2931,0.6378,donor
TNKS1BP1,0.6797,0.2144,0.6378,donor
HELZ2,0.8913,0.1238,0.6022,donor
MIR4292,0.02,0.3739,0.6378,donor
MRPL13,-0.7328,0.001791,0.2293,donor
ITGAX,0.1065,0.5295,0.7444,donor
LINC00396,-0.0535,0.3632,0.6378,donor
C4BPB,0.3674,0.2902,0.6378,donor
BLVRB,-0.6287,0.1755,0.6378,donor
A2M,0.5198,0.4618,0.7005,donor
GBP3,-0.0199,0.9722,0.9884,donor
ZBTB2,-1.1417,0.2477,0.6378,donor
MRGBP,0.0366,0.9668,0.9858,donor
WDR41,-0.4207,0.1548,0.6378,donor
ASXL2,0.9593,0.04472,0.4445,donor
MRPS16,0.5101,0.01265,0.3191,donor
NDUFA13,0.2071,0.4768,0.71,donor
FAM96B,-0.368,0.06698,0.5014,donor
YPEL5,-0.4174,0.008043,0.2835,donor
CUTC,-0.0903,0.7115,0.8571,donor
PPIL1,-0.0201,0.9609,0.9825,donor
SETD8,0.7466,0.009666,0.299,donor
PDSS2,-0.5126,0.2934,0.6378,donor
RPGRIP1,0.9082,0.07946,0.5285,donor
CPNE8,-0.2187,0.8512,0.9325,donor
DNM1P35,-0.2915,0.1907,0.6378,donor
POM121L10P,0.0232,0.8602,0.9372,donor
CCDC183-AS1,1.506,0.008104,0.2835,donor
LOC101929124,0.3076,0.3739,0.6378,donor
SPN,0.1722,0.3194,0.6378,donor
LGALS1,-0.3558,0.03664,0.4276,donor
SPAG4,-1.3737,0.00609,0.2668,donor
CFAP20,0.0111,0.9437,0.9759,donor
ISL1,-0.1552,0.5949,0.7857,donor
ZNF880,-1.0375,0.1261,0.605,donor
C19orf67,0.0297,0.8192,0.9172,donor
TNNI1,0.0751,0.8625,0.9382,donor
BRD3,0.614,0.02429,0.3844,donor
PON2,-0.2523,0.6816,0.839,donor
PMM2,1.0583,0.04112,0.434,donor
PHKA2,-0.2375,0.7291,0.8684,donor
PLOD1,-1.406,0.1907,0.6378,donor
GHITM,-0.4145,0.01414,0.3288,donor
TAF5,-1.2409,0.2251,0.6378,donor
FAF1,-0.3382,0.2942,0.6378,donor
MRPL51,-0.512,0.01983,0.3603,donor
MARCH2,0.2356,0.4018,0.659,donor
MCF2L2,0.8088,0.1566,0.6378,donor
MRPL27,-0.1048,0.7065,0.8535,donor
RNF181,-0.3864,0.05544,0.4741,donor
MRPL37,-0.3482,0.1179,0.5937,donor
CRIM1,0.2533,0.5694,0.7689,donor
CCDC174,-0.6857,0.2919,0.6378,donor
OSER1,-0.4674,0.2626,0.6378,donor
PDCD11,1.3075,0.009177,0.2946,donor
ANKRD39,-0.2806,0.2328,0.6378,donor
CXXC5,-0.4795,0.04244,0.4383,donor
GNA14,0.0698,0.1902,0.6378,donor
NPFF,0.4674,0.3845,0.6456,donor
SLC5A12,-0.1943,0.396,0.6546,donor
OAF,-0.3633,0.3545,0.6378,donor
MB21D2,-0.5993,0.5021,0.7271,donor
NOTUM,0.1331,0.5233,0.7404,donor
R3HDML,0.0102,0.3739,0.6378,donor
SIRPD,0.0884,0.3739,0.6378,donor
ZNF831,1.5073,0.1956,0.6378,donor
LINC00998,-0.523,0.1475,0.6368,donor
PTH2,-0.0024,0.8859,0.9483,donor
GMCL1,-0.3155,0.3836,0.645,donor
LCE5A,0.0402,0.4951,0.7222,donor
H1FNT,0.1171,0.3739,0.6378,donor
PAQR7,0.1249,0.8855,0.9483,donor
LCE1E,-0.0359,0.3632,0.6378,donor
LCE1B,-0.1273,0.3632,0.6378,donor
LCE1A,-0.0126,0.3632,0.6378,donor
SCUBE1,0.0102,0.3739,0.6378,donor
RILPL1,-0.049,0.9409,0.9741,donor
SNAI3,0.5927,0.2743,0.6378,donor
HAPLN3,-0.1723,0.29,0.6378,donor
IQGAP3,0.2705,0.2417,0.6378,donor
GSDMA,0.0706,0.764,0.8869,donor
OR10A5,0.0295,0.3739,0.6378,donor
STON1-GTF2A1L##2,0.0148,0.3739,0.6378,donor
LOC284454,0.9511,0.3066,0.6378,donor
ANGPTL5,1.4543,0.02902,0.4054,donor
SESTD1,-1.9189,0.1646,0.6378,donor
DUSP15,-0.4225,0.4879,0.7177,donor
LOC729609,0.1402,0.5597,0.7632,donor
POTEE,0.0262,0.5497,0.7575,donor
ARX,0.5195,0.0641,0.4961,donor
TBC1D25,-0.8015,0.1521,0.6378,donor
CLDN9,0.3412,0.374,0.6378,donor
PITPNM2,0.6707,0.1793,0.6378,donor
OSGEPL1,-0.5857,0.3616,0.6378,donor
VENTXP1,-0.0205,0.3632,0.6378,donor
FMO9P,-0.0126,0.3632,0.6378,donor
IGFBP5,1.4569,0.1634,0.6378,donor
MORN5,1.4829,0.004366,0.2594,donor
IRF1,-1.0744,0.08002,0.5308,donor
LOC101928794,-0.2684,0.4905,0.7189,donor
SERPINB11,0.1218,0.3739,0.6378,donor
AKAP8,-0.1329,0.6481,0.8185,donor
TMEM145,0.5391,0.4173,0.67,donor
ZNF776,-0.1664,0.6527,0.8222,donor
CENPP,-1.2549,0.1886,0.6378,donor
LOC102723544,0.0288,0.3739,0.6378,donor
CLIC4,-1.8379,0.09911,0.5672,donor
SPCS1,-0.4006,0.08678,0.544,donor
OR11A1##5,0.0148,0.3739,0.6378,donor
LEUTX,-0.0779,0.7173,0.8609,donor
MTMR9,0.3891,0.4545,0.6946,donor
ZDHHC5,0.0908,0.7376,0.8738,donor
MLH3,0.6601,0.05448,0.4715,donor
LOC100132831,0.3103,0.08656,0.544,donor
ZNF391,-0.5059,0.4755,0.7093,donor
LINC00312,1.3444,0.1743,0.6378,donor
H19,-0.1501,0.3926,0.6524,donor
IPW,0.4298,0.4443,0.6882,donor
RNU4ATAC,0.0317,0.8816,0.947,donor
PWAR1,0.6493,0.481,0.7128,donor
CST9L,-0.0572,0.3632,0.6378,donor
MGARP,-0.5495,0.5567,0.7614,donor
SSBP4,-0.0941,0.8236,0.9194,donor
SPATA25,0.0782,0.3552,0.6378,donor
COX4I2,-0.0733,0.3632,0.6378,donor
VSTM2L,0.1607,0.6569,0.8248,donor
HINT2,0.2315,0.3828,0.6443,donor
SLC32A1,0.4647,0.3739,0.6378,donor
TRIM63,0.0022,0.9124,0.9601,donor
FAM126A,0.5163,0.5728,0.7712,donor
GLIS2,-0.7099,0.3373,0.6378,donor
DRICH1,0.3541,0.2715,0.6378,donor
DIP2C,-0.1226,0.6746,0.8351,donor
PLEK2,-1.0546,0.08319,0.537,donor
ZNF337,-0.3002,0.6525,0.8222,donor
LINC01398,0.281,0.2255,0.6378,donor
KIAA1279,-0.1271,0.489,0.7182,donor
DPP4,0.3758,0.04983,0.4609,donor
BRF2,0.4026,0.1856,0.6378,donor
JAGN1,-0.7627,0.03564,0.4276,donor
MYO18B,0.3254,0.2945,0.6378,donor
CCDC176,1.0168,0.02842,0.4015,donor
INSM2,0.05,0.9245,0.9657,donor
ABHD1,-0.3309,0.4765,0.7099,donor
VCPIP1,-0.3401,0.2998,0.6378,donor
UBTD1,-0.2386,0.6517,0.8216,donor
NAA25,0.2562,0.5595,0.7631,donor
CCDC54,0.267,0.3739,0.6378,donor
ZC3H12A,-0.5154,0.5474,0.7563,donor
FAM188A,-0.7752,0.005134,0.2594,donor
CARD6,0.0687,0.753,0.8824,donor
RMI1,-0.408,0.4727,0.707,donor
BAIAP2L2,0.0735,0.8039,0.9101,donor
USP32,0.7152,0.04114,0.434,donor
POF1B,-0.1356,0.8717,0.9422,donor
CCDC158,-1.3575,0.2316,0.6378,donor
EDEM1,-0.3502,0.683,0.84,donor
C10orf71,0.2455,0.3514,0.6378,donor
FNDC7,-0.0221,0.8977,0.9543,donor
TMEM202,-0.0776,0.1762,0.6378,donor
LRRIQ4,-0.1946,0.3632,0.6378,donor
LRRC4B,-0.4658,0.1408,0.6258,donor
TMEM200C,0.0271,0.8119,0.9134,donor
INTS1,0.4295,0.432,0.6804,donor
RYR3,1.416,0.07335,0.5161,donor
CKS2,-1.6474,0.03833,0.4289,donor
HS3ST2,-0.3413,0.3186,0.6378,donor
MARCO,0.0288,0.3739,0.6378,donor
HS3ST4,-0.0103,0.6652,0.8298,donor
SKAP1,0.8625,0.338,0.6378,donor
RBM8A,0.0365,0.8183,0.917,donor
FDX1L,0.4351,0.3389,0.6378,donor
PDE8B,-0.7199,0.4657,0.7024,donor
ST3GAL5,-0.5521,0.1214,0.5972,donor
SYNGR2,0.437,0.08438,0.5399,donor
DCDC2B,0.1783,0.615,0.7984,donor
AATK,1.0257,0.1055,0.5734,donor
SPDYE5,0.0562,0.7802,0.8957,donor
SOCS6,-0.3791,0.4513,0.6926,donor
FABP12,0.0148,0.3739,0.6378,donor
MXRA5,-0.0412,0.2129,0.6378,donor
CISD3##1,0.024,0.9569,0.981,donor
SRSF7,-0.3037,0.3548,0.6378,donor
LOC100132146,0.1106,0.3739,0.6378,donor
FZD5,-0.7129,0.2394,0.6378,donor
MSH3,-1.2189,0.2818,0.6378,donor
ZYX,-1.1139,0.05716,0.4784,donor
SLC30A3,0.0102,0.3739,0.6378,donor
GPC5,-0.5204,0.1867,0.6378,donor
TMEM159,2.0776,0.004755,0.2594,donor
TAS2R4,0.0086,0.9897,0.9955,donor
SNORA11,-0.0793,0.3465,0.6378,donor
TMEM101,0.0594,0.8378,0.9259,donor
CAMKMT,1.4839,0.01661,0.3436,donor
CXXC4,0.7125,0.1229,0.6008,donor
PAGE2B,0.2639,0.3435,0.6378,donor
RDH16,0.5819,0.3368,0.6378,donor
OR5F1,0.0295,0.3739,0.6378,donor
MIR16-2,-0.025,0.1747,0.6378,donor
ZNF713,-0.5528,0.3808,0.6431,donor
LINC01420,-0.4399,0.06445,0.4961,donor
AOX1,-0.6921,0.366,0.6378,donor
PPP2CA,-0.5327,0.0186,0.3569,donor
SOWAHD,0.0279,0.5777,0.7741,donor
FBXO45,0.4812,0.3069,0.6378,donor
LMO7DN,0.0189,0.8671,0.9403,donor
C10orf131,0.0162,0.9523,0.9792,donor
WFDC2,-0.8081,0.2676,0.6378,donor
MAP3K5,-0.343,0.5752,0.7727,donor
MT1X,-1.8481,0.04071,0.434,donor
MT1H,-0.3554,0.352,0.6378,donor
MEF2D,0.6264,0.1185,0.5941,donor
MIR5739,0.02,0.3739,0.6378,donor
MIR5706,0.1506,0.3739,0.6378,donor
MIR5703,-0.0574,0.08986,0.5493,donor
CCL2,-0.3757,0.4611,0.6997,donor
TOP1,0.0813,0.6182,0.8003,donor
SOCS3,-0.5852,0.4176,0.6703,donor
SCTR,-0.4103,0.5491,0.7574,donor
TNNC1,0.2741,0.5022,0.7271,donor
TMSB4Y,-0.3583,0.6842,0.8406,donor
AP2S1,-0.0663,0.7112,0.8568,donor
SMARCD3,-2.0939,0.08837,0.5483,donor
KCNMB1,0.0102,0.3739,0.6378,donor
FLT3,-0.361,0.2666,0.6378,donor
ARR3,0.0203,0.9295,0.9681,donor
KCNK5,0.1643,0.5448,0.754,donor
PLEKHH2,-0.7419,0.5141,0.7354,donor
LINC01341,0.1645,0.351,0.6378,donor
LOC145783,-0.1709,0.7893,0.9023,donor
DICER1-AS1,0.0906,0.8394,0.9266,donor
PIWIL4,-0.0698,0.9348,0.9708,donor
FGFBP3,0.9762,0.1213,0.5972,donor
AMER1,0.8873,0.2059,0.6378,donor
ZNF785,0.3999,0.5651,0.7665,donor
ZSCAN29,0.3245,0.4039,0.6604,donor
RDH12,0.0358,0.9184,0.963,donor
C19orf18,0.5182,0.3528,0.6378,donor
TMC8,0.2735,0.4054,0.6614,donor
UBE2U,-0.0733,0.3632,0.6378,donor
BBS5,-0.1411,0.8002,0.9081,donor
TRMT44,-0.3814,0.6207,0.802,donor
PPM1K,1.1729,0.08914,0.5486,donor
WBSCR27,-0.1992,0.4716,0.7058,donor
ZNF579,0.0958,0.8369,0.9257,donor
SYNE3,0.159,0.3739,0.6378,donor
SPRED1,0.2964,0.5666,0.7674,donor
FSIP1,0.2126,0.6161,0.799,donor
IL1RL2,-0.2425,0.2836,0.6378,donor
RPLP0P2,-1.2013,0.05226,0.466,donor
NINJ1,-0.6909,0.2622,0.6378,donor
DRG1,-0.1728,0.3745,0.638,donor
NYX,0.0477,0.3739,0.6378,donor
HHIP,0.0059,0.935,0.9709,donor
VWA7##1,2.1436,0.001687,0.2293,donor
LMTK3,0.5652,0.0364,0.4276,donor
AGAP6,0.8308,0.1285,0.6093,donor
OPCML,0.8322,0.4526,0.6938,donor
JPX,-0.3594,0.2875,0.6378,donor
ICAM5,-0.045,0.1768,0.6378,donor
HIST1H4B,-0.0213,0.9076,0.9586,donor
MIPEP,0.6696,0.5245,0.7414,donor
ZNF24,-0.239,0.3882,0.6491,donor
PWP1,-0.2533,0.1951,0.6378,donor
ZNF19,-0.1545,0.8649,0.9394,donor
ZNF17,0.7694,0.5665,0.7673,donor
CAPN11,0.079,0.3739,0.6378,donor
PLP2,-0.6771,0.03642,0.4276,donor
PLN,0.1218,0.3739,0.6378,donor
ARHGEF6,-0.5751,0.135,0.6188,donor
MTF1,1.0818,0.05196,0.466,donor
MT3,-0.3922,0.06862,0.5055,donor
EIF2AK3,-0.4113,0.4469,0.6895,donor
LOC101929550,0.2712,0.8029,0.9097,donor
MT1B,-1.403,0.1375,0.6212,donor
MT1A,-0.8085,0.3617,0.6378,donor
UBE2DNL,0.0673,0.3739,0.6378,donor
RALB,0.7776,0.07214,0.5131,donor
XRCC6P5,0.0695,0.7924,0.9038,donor
ZNF618,0.7488,0.2907,0.6378,donor
METTL3,0.2451,0.4655,0.7023,donor
UBAC1,0.21,0.5962,0.7867,donor
LIN7C,-0.4598,0.2814,0.6378,donor
EPN2-AS1,0.8613,0.06444,0.4961,donor
RNU6-30P,-0.0289,0.6913,0.8452,donor
COL6A1,1.4134,0.1001,0.5677,donor
COL4A2,-0.2286,0.6465,0.8176,donor
NXF4,-0.1155,0.3053,0.6378,donor
CCDC64B,-0.2279,0.3607,0.6378,donor
LINC00630,-0.0206,0.9779,0.9908,donor
RASSF10,-0.0627,0.5848,0.7783,donor
KRTAP2-3,0.0275,0.3739,0.6378,donor
PLK5,0.2382,0.3109,0.6378,donor
SYCE3,-0.171,0.6549,0.8237,donor
POM121C,0.2077,0.4497,0.6918,donor
FBXO10,0.1998,0.7313,0.8698,donor
TMEM31,0.293,0.4012,0.6586,donor
FAM86B2,0.1195,0.2301,0.6378,donor
ITGA4,0.1806,0.8061,0.9109,donor
MAFA,-0.0169,0.9808,0.9919,donor
ASIC4,-0.0045,0.9441,0.976,donor
LCN12,0.1289,0.7659,0.8878,donor
ACTL9,0.0903,0.3739,0.6378,donor
ZNF616,0.1055,0.9051,0.9576,donor
TMEM102,0.1553,0.7814,0.8966,donor
PIGW##1,-0.0527,0.8996,0.9549,donor
EXOC3L1,0.1298,0.7586,0.8851,donor
CPO,0.4208,0.5247,0.7414,donor
CCDC60,0.0623,0.08524,0.5404,donor
SNORD96B,0.0981,0.3673,0.6378,donor
TDGF1P3,-0.0671,0.2128,0.6378,donor
SLC6A5,0.0288,0.3739,0.6378,donor
NR2F6,-0.7136,0.1415,0.6273,donor
SYNGR3,-1.2803,0.1019,0.5697,donor
CD81,0.5279,0.0221,0.3682,donor
S1PR3,0.048,0.6128,0.7967,donor
DLX6,0.146,0.336,0.6378,donor
RUNX3,0.0259,0.6658,0.8301,donor
DEFA3,0.0102,0.3739,0.6378,donor
DNPH1,-0.6366,0.3751,0.6385,donor
C1orf112,-0.6002,0.524,0.741,donor
MLLT1,2.0878,0.004964,0.2594,donor
SNORA35,0.0288,0.3739,0.6378,donor
RENBP,-0.0126,0.3632,0.6378,donor
SMARCE1,-0.0718,0.7193,0.8617,donor
LOC100130880,0.1418,0.3616,0.6378,donor
MIR1234,0.0275,0.3739,0.6378,donor
THEGL,-0.1245,0.8094,0.9123,donor
SLC25A5-AS1,-0.5468,0.4349,0.6823,donor
SNORA69,0.0527,0.3739,0.6378,donor
NKAPP1,-0.2033,0.7315,0.8699,donor
PATE4,0.2439,0.3739,0.6378,donor
CFAP69,0.4517,0.4461,0.6888,donor
VSTM5,-0.4146,0.2065,0.6378,donor
AIMP2,0.1468,0.5652,0.7665,donor
WEE2##1,-0.939,0.1047,0.5734,donor
SHISA7,-0.4594,0.2269,0.6378,donor
SPAG5,-0.2952,0.7511,0.8814,donor
HEXIM1,-0.2405,0.7068,0.8536,donor
SLCO1B1,0.2032,0.7007,0.8507,donor
PRPF8##1,0.6905,0.004407,0.2594,donor
RAPGEF5,-0.7591,0.288,0.6378,donor
LINC01512,-1.5205,0.1862,0.6378,donor
LOC158434,0.0102,0.3739,0.6378,donor
ARL11,-0.1862,0.654,0.8228,donor
KCTD12,1.1286,0.1334,0.6173,donor
RAB3C,-0.8358,0.2725,0.6378,donor
ZMYND19,-0.2088,0.7971,0.9064,donor
C10orf111,0.2762,0.6689,0.8318,donor
DNAH11,0.0901,0.662,0.8283,donor
FIRRE,0.2356,0.5761,0.773,donor
ALS2CR12,0.6531,0.2183,0.6378,donor
ERICH2,-2.1106,0.004568,0.2594,donor
TTC25,0.0023,0.9974,0.9991,donor
GSK3A,0.1526,0.713,0.8582,donor
ZSWIM5,0.7215,0.1409,0.6261,donor
COL20A1,0.7035,0.2266,0.6378,donor
POLB,0.2568,0.3703,0.6378,donor
SEPT5,-0.0056,0.9671,0.9858,donor
MIR503HG,0.1109,0.7456,0.8779,donor
FBXL18,1.1345,0.02855,0.4017,donor
PHC3,0.5932,0.04925,0.4587,donor
ANKRD53,0.4103,0.3142,0.6378,donor
SLC11A1,0.4278,0.3553,0.6378,donor
LOC100287728,-0.0125,0.3632,0.6378,donor
NBPF12,0.3461,0.4135,0.6675,donor
ZNF232,0.397,0.2514,0.6378,donor
CNOT3##7,0.6599,0.07856,0.5246,donor
RNF139,-1.0589,0.005185,0.2594,donor
SULT4A1,-0.7265,0.2329,0.6378,donor
SRD5A1P1,-0.046,0.7594,0.8855,donor
RPL12,-0.4235,0.05145,0.465,donor
SNTB2,1.4588,0.05778,0.4795,donor
SKOR1,-0.0671,0.3632,0.6378,donor
ACOX2,0.83,0.3099,0.6378,donor
SDHB,-0.3282,0.1188,0.5944,donor
MPHOSPH6,-0.5949,0.2224,0.6378,donor
SOAT2,0.2362,0.4103,0.6655,donor
F2R,-0.5577,0.2972,0.6378,donor
PIR,-0.3346,0.2511,0.6378,donor
AGPS,-0.4639,0.3125,0.6378,donor
CAMK1,0.8925,0.2536,0.6378,donor
BHLHE40,0.0746,0.7905,0.9027,donor
TAS1R3,0.2899,0.2502,0.6378,donor
TMEM141,-0.4709,0.4099,0.6652,donor
MLLT6,1.0982,0.0002986,0.209,donor
AQP3,2.0263,0.01433,0.3296,donor
ACTN4,0.9677,0.1239,0.6022,donor
MSH4,-0.4407,0.2183,0.6378,donor
FAM103A1,-0.2484,0.6669,0.8307,donor
LOC101929057,0.6947,0.1713,0.6378,donor
MYH14,1.1207,0.02595,0.3913,donor
FBN3,0.0467,0.3729,0.6378,donor
RABEP2,0.7443,0.1137,0.5863,donor
MEGF11,0.2864,0.61,0.7949,donor
TREML2,0.0949,0.1813,0.6378,donor
C11orf63,0.5787,0.38,0.6425,donor
TMEM180,0.6551,0.1873,0.6378,donor
KIAA1033,-0.263,0.3382,0.6378,donor
GNAI3,-0.4588,0.01982,0.3603,donor
LGALS2,0.05,0.4896,0.7184,donor
REG1B,-0.7358,0.3262,0.6378,donor
RELB,-1.4996,0.06959,0.5086,donor
MGAM,-0.1198,0.8211,0.9182,donor
ZNF443,0.7348,0.3312,0.6378,donor
GDF11,-0.1308,0.8208,0.9181,donor
CTDSPL,0.3979,0.3897,0.65,donor
GPX7,0.1753,0.7598,0.8857,donor
NUTF2,0.03,0.8918,0.9507,donor
DIRAS3,-0.8496,0.1053,0.5734,donor
PSMD14,0.1839,0.4085,0.6637,donor
NME6,-0.7927,0.1777,0.6378,donor
SNORA70,-0.0933,0.8169,0.9163,donor
EMP1,0.079,0.3739,0.6378,donor
LOC158960,-0.3818,0.3382,0.6378,donor
QSER1,0.5783,0.1201,0.5962,donor
BAHCC1,0.8255,0.1235,0.6022,donor
DUSP9,-0.0466,0.3632,0.6378,donor
EEF1A1,0.0365,0.7647,0.8874,donor
LIMD1-AS1,-0.8129,0.06792,0.5038,donor
GYLTL1B,-0.5478,0.5464,0.7554,donor
GNPDA1,0.3864,0.1622,0.6378,donor
UPB1,-0.1033,0.3632,0.6378,donor
SFXN4,-0.347,0.174,0.6378,donor
LINC01285,1.0015,0.1562,0.6378,donor
LOC101928259,0.0647,0.3739,0.6378,donor
LOC101928201,0.0148,0.3739,0.6378,donor
LOC101927476,0.0651,0.2566,0.6378,donor
PMM1,0.3186,0.512,0.7341,donor
LOC101927286,0.0488,0.1869,0.6378,donor
POTEI,-0.0659,0.5307,0.745,donor
TCP11X2##1,0.0345,0.7863,0.9005,donor
CHRNB3,0.0295,0.3739,0.6378,donor
CHRNB1,-0.8605,0.1439,0.6314,donor
DPYS,0.018,0.9587,0.9814,donor
LRP3,1.0873,0.05987,0.4843,donor
HSPB1,-1.6613,0.007561,0.2823,donor
SLC29A2,1.6803,0.01109,0.3107,donor
B4GALNT4,0.0154,0.9711,0.988,donor
PKD1,1.7251,0.01668,0.3436,donor
LINC00278,-0.2045,0.3181,0.6378,donor
SNORA10,-0.1014,0.6979,0.8489,donor
RPS26P11,-0.0353,0.1819,0.6378,donor
CASQ1,-0.3172,0.5088,0.7323,donor
SNORA66,-0.135,0.6075,0.7935,donor
SNORD43,-0.0014,0.9716,0.9882,donor
SNORD54,-0.2273,0.4073,0.6628,donor
SNORA33,-0.4725,0.09574,0.5604,donor
ZNF154,1.0786,0.08265,0.5359,donor
SNORD58A,-0.2938,0.09487,0.5584,donor
GRID1,0.1599,0.1778,0.6378,donor
SNORA21,0.2933,0.302,0.6378,donor
SNORA27,0.1924,0.5346,0.7472,donor
SNORA45A,0.1743,0.4697,0.7047,donor
SLC4A1,0.3784,0.2777,0.6378,donor
SNORA64,0.0565,0.8154,0.9155,donor
ST7-AS1,-0.1446,0.5321,0.7456,donor
CUL1,0.2046,0.4679,0.7035,donor
SMARCA5,0.1394,0.4104,0.6655,donor
GPR65,-0.22,0.3009,0.6378,donor
IRS4,0.2285,0.3739,0.6378,donor
CTSF,1.0222,0.09633,0.5615,donor
TRADD,0.7236,0.1656,0.6378,donor
CILP,0.3877,0.4698,0.7047,donor
GEMIN2,-0.7047,0.01389,0.3276,donor
BRPF1,1.174,0.08243,0.5356,donor
AURKA,-0.2747,0.6882,0.8429,donor
DUSP11,0.0676,0.8342,0.9247,donor
NCK2,-0.3402,0.4623,0.7005,donor
TSPAN8,-1.2656,0.05284,0.467,donor
BFSP2,0.1228,0.2376,0.6378,donor
ULK1,1.1783,0.08003,0.5308,donor
TCP10,0.0148,0.3739,0.6378,donor
TCF15,-0.0126,0.3632,0.6378,donor
PLA2G10,0.0221,0.834,0.9247,donor
IRS2,-0.2198,0.721,0.8631,donor
PIP4K2B,1.0258,0.02123,0.3644,donor
FGFRL1,0.279,0.2991,0.6378,donor
TOMM7,-0.3298,0.08697,0.5442,donor
GNMT,1.0292,0.1013,0.5691,donor
ZNF70,-0.4782,0.5389,0.7501,donor
ZNF69,0.1634,0.8106,0.9129,donor
DDIT4,-0.0068,0.9896,0.9955,donor
RNF186,-3.3589,0.002165,0.2294,donor
SPCS3,0.0525,0.8867,0.9485,donor
RINT1,0.4878,0.2723,0.6378,donor
AVL9,-0.0891,0.8561,0.9351,donor
SLC37A1,0.7301,0.04348,0.4414,donor
FMN2,1.2779,0.009106,0.2931,donor
ZFAND3,0.3546,0.3393,0.6378,donor
KLK14,0.2613,0.294,0.6378,donor
SDF2L1,1.8406,0.01996,0.3603,donor
GPR173,1.3164,0.2013,0.6378,donor
SNTG2,-1.4903,0.01783,0.3521,donor
DEF6,0.9076,0.0852,0.5404,donor
ANKRD16,-0.7798,0.04404,0.4426,donor
CLN8##1,1.5746,0.02994,0.4095,donor
TERF2IP,-0.5396,0.003055,0.2385,donor
GPR88,-0.1273,0.3632,0.6378,donor
ROBO4,-0.0147,0.3632,0.6378,donor
GDAP1,-0.082,0.7528,0.8824,donor
TAS2R5,1.0953,0.05976,0.4843,donor
VSIG10,-0.0362,0.9525,0.9792,donor
GNGT1,0.02,0.3739,0.6378,donor
SASH3,0.0563,0.5361,0.7484,donor
ABHD4,0.329,0.4668,0.7029,donor
DMAP1,0.0598,0.8748,0.9435,donor
CXCL16,0.9328,0.1073,0.5758,donor
PPP1R11##2,-0.2027,0.4209,0.6722,donor
MRPL17,-0.0035,0.9874,0.9944,donor
C1QL2,-0.4096,0.1709,0.6378,donor
PKNOX2,-0.3287,0.1636,0.6378,donor
ZNF148,-0.343,0.4609,0.6996,donor
PGM5,-0.2341,0.1934,0.6378,donor
HAND2,-0.0877,0.8696,0.9414,donor
HEATR6,-0.2593,0.7389,0.8742,donor
HIST1H4J,-0.2237,0.08867,0.5485,donor
LOC100132356,0.4415,0.56,0.7635,donor
LINC01270,0.0673,0.3739,0.6378,donor
PPP3R1,-0.4335,0.5972,0.7874,donor
CSF2RB,0.0045,0.9086,0.9591,donor
QDPR,0.0682,0.8081,0.9119,donor
KHSRP,0.8821,0.06705,0.5014,donor
TMEM63B,0.6496,0.05667,0.4777,donor
CCDC186,0.1727,0.4936,0.7212,donor
PIH1D1,-0.5517,0.3303,0.6378,donor
POLR2M,0.0871,0.7221,0.8639,donor
RNF167,-0.2176,0.3427,0.6378,donor
C19orf24,-0.4267,0.2034,0.6378,donor
GSS,-0.1007,0.7293,0.8686,donor
PPIC,-0.4879,0.54,0.7506,donor
DISC2,0.233,0.3742,0.6379,donor
INGX,-0.0126,0.3632,0.6378,donor
KIAA0368,0.4918,0.168,0.6378,donor
SERPIND1,1.1478,0.03559,0.4276,donor
TTTY5,0.0043,0.9121,0.9601,donor
FBXO41,1.5346,0.002829,0.2306,donor
PRRG2,-0.0889,0.7451,0.8776,donor
PPP1R2P9,0.0288,0.3739,0.6378,donor
BRD7P3,-1.0906,0.2907,0.6378,donor
HNRNPA3P1,-0.0125,0.3632,0.6378,donor
SNORD59A,-0.2879,0.009445,0.2967,donor
SNORD60,-0.1409,0.4301,0.6792,donor
ALG1L2,0.1171,0.3739,0.6378,donor
GIPR,1.8952,0.006043,0.2658,donor
SNORD53,-0.0082,0.8351,0.9249,donor
PTTG3P,0.2258,0.6539,0.8228,donor
TCTN2,1.1604,0.00108,0.209,donor
ULK2,0.5131,0.179,0.6378,donor
SAP30,-0.7018,0.2239,0.6378,donor
CLEC1A,-0.0125,0.3632,0.6378,donor
GOLGA6L7P,0.0148,0.3739,0.6378,donor
HOXC13-AS,0.0148,0.3739,0.6378,donor
LINC00565,0.061,0.5777,0.7741,donor
LINC-ROR,-0.1311,0.5017,0.7268,donor
VWC2L-IT1,0.5001,0.1153,0.588,donor
LINC00571,0.1747,0.6953,0.8476,donor
NALCN-AS1,0.366,0.2569,0.6378,donor
PDX1-AS1,0.6987,0.3398,0.6378,donor
DOCK9-AS2,0.2947,0.6443,0.8165,donor
NRG1-IT3,0.0559,0.7616,0.8861,donor
LOC729732,0.1094,0.2678,0.6378,donor
LINC00501,-0.522,0.1926,0.6378,donor
LINC00366,-0.0126,0.3632,0.6378,donor
LINC00446,0.1034,0.3739,0.6378,donor
LINC00423,0.2895,0.2335,0.6378,donor
LINC00398,1.1999,0.134,0.6183,donor
HERC2P4,0.1488,0.2471,0.6378,donor
ECH1,0.0216,0.9374,0.9724,donor
TMEM44-AS1,0.1626,0.6049,0.7926,donor
VWC2L,0.1676,0.6127,0.7967,donor
LOC101929210,-0.0205,0.3632,0.6378,donor
PPIAL4B,0.0793,0.715,0.8595,donor
BRIP1,-0.8221,0.05201,0.466,donor
PAX8-AS1##1,-1.0515,0.4486,0.691,donor
ZNF32-AS2,0.2131,0.6478,0.8184,donor
EGFR-AS1,0.192,0.3739,0.6378,donor
GMDS-AS1,0.3348,0.3748,0.6383,donor
DNAJA1P5,-0.0045,0.8055,0.9106,donor
LINC01128,0.2906,0.3087,0.6378,donor
LARS2-AS1,1.3417,0.1525,0.6378,donor
LINC00570,-0.0205,0.3632,0.6378,donor
LOC100129361,-0.1115,0.7014,0.8511,donor
BMPR2,-0.1846,0.5401,0.7507,donor
TYMS,0.4915,0.2653,0.6378,donor
RPL6,0.3402,0.07492,0.5198,donor
TUBG1,0.1616,0.6301,0.8084,donor
MMP25-AS1,0.6313,0.08261,0.5358,donor
TUSC1,-0.6144,0.08171,0.5342,donor
LIN28B,-0.0591,0.341,0.6378,donor
EIF3E,-0.6596,0.02271,0.3731,donor
TMEM194B,0.8471,0.2675,0.6378,donor
SLC6A19,-0.0394,0.3632,0.6378,donor
ZMYM5,-0.2784,0.4804,0.7125,donor
TRIM67,0.1233,0.4237,0.6744,donor
SPDYE4,0.055,0.3739,0.6378,donor
B4GALT5,-0.9132,0.2945,0.6378,donor
HGD,-0.6247,0.5909,0.7824,donor
TBX2,1.6328,0.05264,0.4662,donor
PARD6B,-1.5463,0.00339,0.2453,donor
KRTAP4-4,-0.1299,0.842,0.9276,donor
LRRC37A6P,1.6641,0.06639,0.5003,donor
PTCHD4,0.2347,0.8127,0.914,donor
PNPLA2,0.4034,0.09099,0.5519,donor
GPR84,0.1862,0.1246,0.6022,donor
C16orf62,-0.814,0.2747,0.6378,donor
LINC00260,0.4112,0.3531,0.6378,donor
STARD4-AS1,1.0623,0.1012,0.5691,donor
FLJ33581,0.156,0.3739,0.6378,donor
TACR3,0.0148,0.3739,0.6378,donor
PTGER4,-0.4837,0.6437,0.816,donor
DUSP7,-0.2962,0.6232,0.8041,donor
CSTF2,1.386,0.08156,0.5339,donor
PTGDS,-0.1473,0.1187,0.5941,donor
DSG3,0.1244,0.3739,0.6378,donor
LOC375196,0.5329,0.2783,0.6378,donor
PTGIS,0.8314,0.302,0.6378,donor
SCOC-AS1,0.4574,0.3879,0.6487,donor
PIGL,0.7346,0.1243,0.6022,donor
AGAP7P,-0.0813,0.2148,0.6378,donor
FAM83C-AS1,-0.0372,0.7796,0.8954,donor
HCRTR1,-0.8007,0.2066,0.6378,donor
GTF3C2,-0.2019,0.7219,0.8637,donor
SMPD1,0.1825,0.6013,0.79,donor
RARRES3,-0.7225,0.1949,0.6378,donor
SOX9,-0.6618,0.426,0.676,donor
CENPB,0.6413,0.05653,0.4774,donor
RAB5A,-0.3771,0.23,0.6378,donor
GPR124,0.0122,0.9758,0.99,donor
DOC2B##1,-0.0205,0.3632,0.6378,donor
KCNK10,-0.3122,0.2484,0.6378,donor
OXGR1,0.722,0.4407,0.6867,donor
TMEM39B,-0.0693,0.786,0.9002,donor
KIAA1257,0.5475,0.3052,0.6378,donor
KIDINS220,-0.4345,0.2271,0.6378,donor
NODAL,0.1005,0.3187,0.6378,donor
FITM2,0.3773,0.05458,0.4717,donor
KRTAP24-1,0.0148,0.3739,0.6378,donor
CCDC150,0.3555,0.5514,0.7584,donor
PRR22,-0.0871,0.3397,0.6378,donor
TMA7,-0.2846,0.2539,0.6378,donor
LIX1L,0.3916,0.1726,0.6378,donor
ALOX12B,0.955,0.1091,0.5794,donor
ALOX15,0.0666,0.4502,0.6923,donor
HLA-DMB,-0.0492,0.5677,0.7679,donor
GATA4,0.1689,0.6673,0.8308,donor
AEBP1,0.7665,0.2715,0.6378,donor
HK3,0.0327,0.687,0.8421,donor
ADCY9,0.4582,0.5901,0.7816,donor
ADAM10,-0.5742,0.08196,0.5342,donor
ACO2,0.4536,0.1334,0.6173,donor
RPL35A,-0.4595,0.02815,0.4001,donor
ACVR2B,-0.6283,0.4117,0.6667,donor
GTF3A,0.3733,0.1513,0.6378,donor
FAU,-0.2647,0.1189,0.5944,donor
GTF2F1,0.9346,0.0276,0.3977,donor
PVRL1,0.0091,0.9769,0.9905,donor
ACTB,-0.8475,0.02609,0.3914,donor
ABCA3,0.8628,0.03177,0.4161,donor
ABCF1##6,0.6689,0.0884,0.5483,donor
SLC15A1,-0.0171,0.4199,0.6717,donor
SBF1P1,0.5171,0.01788,0.3521,donor
TMED10P1,0.15,0.5427,0.7524,donor
CNN2,-0.6056,0.31,0.6378,donor
GABPB1-AS1,1.821,0.004668,0.2594,donor
GATSL2,1.7453,0.002217,0.2294,donor
SMIM24,-1.2641,0.2264,0.6378,donor
NRK,0.1108,0.3014,0.6378,donor
CXCL8,-1.2405,0.1037,0.5731,donor
STAM-AS1,-0.2044,0.7867,0.9005,donor
PPEF1-AS1,0.0162,0.6254,0.805,donor
MED14OS,0.1442,0.622,0.803,donor
HCFC1-AS1,0.0561,0.8108,0.9129,donor
LINC00359,0.5623,0.4385,0.6853,donor
MID1IP1-AS1,-0.0035,0.9848,0.9933,donor
LOC101927342,-0.1063,0.4044,0.6606,donor
ZNF630-AS1,0.1564,0.313,0.6378,donor
ARHGEF9-IT1,0.1738,0.3739,0.6378,donor
DDX26B-AS1,0.5104,0.2667,0.6378,donor
LOC101927178,0.3023,0.4503,0.6923,donor
LOC101928438,-0.0098,0.9783,0.9909,donor
LOC101928775,0.0148,0.3739,0.6378,donor
ZNF808,0.9201,0.3348,0.6378,donor
FAM110C,-2.176,0.005422,0.2594,donor
IZUMO4,0.4158,0.4238,0.6745,donor
ACBD7,0.128,0.3489,0.6378,donor
OXLD1,0.7645,0.01867,0.3569,donor
ALG9,-1.3183,0.09144,0.5534,donor
CBLN3,-0.5226,0.2738,0.6378,donor
TMEM232,0.7127,0.4024,0.6594,donor
FAM196A,-0.0193,0.9782,0.9909,donor
EML6,1.0912,0.01221,0.3157,donor
SLC22A10,0.1139,0.2405,0.6378,donor
C4orf29,0.3436,0.502,0.727,donor
KIAA0895L,-0.2226,0.663,0.8288,donor
SYPL2,-0.5599,0.4131,0.6674,donor
EXOC3L4,0.0422,0.3739,0.6378,donor
CCDC42B,0.0527,0.3739,0.6378,donor
IQSEC1,-0.0167,0.9732,0.9888,donor
YIF1B,-0.4182,0.7025,0.8515,donor
FAM157C,0.0083,0.9436,0.9758,donor
MAP9,0.1972,0.472,0.7061,donor
KLHL35,0.0781,0.8925,0.9512,donor
TEX40,0.1226,0.3946,0.6537,donor
PRSS53,1.4121,0.007782,0.2823,donor
CCDC88C,1.4285,0.06557,0.4983,donor
IFNA17,0.0148,0.3739,0.6378,donor
C1RL-AS1,1.1516,0.07083,0.5095,donor
LINC01566,0.0899,0.1788,0.6378,donor
SIDT2,1.1215,0.1887,0.6378,donor
FAM63B,0.6846,0.2448,0.6378,donor
ASB1,-0.0447,0.8894,0.9494,donor
PCDH17,0.3618,0.2217,0.6378,donor
PIM3,-0.2371,0.7228,0.8644,donor
PRR32,0.0083,0.8205,0.918,donor
MPEG1,-0.0103,0.6652,0.8298,donor
PAPD5,-0.2886,0.5118,0.7341,donor
HELQ,-1.7693,0.1484,0.6376,donor
ZNF780B,0.5551,0.416,0.669,donor
PAQR3,-0.3319,0.7159,0.8602,donor
ZNF765,0.4822,0.6613,0.828,donor
SPINK13,0.0509,0.4898,0.7184,donor
IGF2##1,0.1467,0.2656,0.6378,donor
MSMP,0.0466,0.908,0.959,donor
TRIM71,0.0102,0.3739,0.6378,donor
METTL12,-0.937,0.1138,0.5863,donor
MUC17,0.1147,0.5707,0.7699,donor
SPTSSB,0.5127,0.498,0.7244,donor
SWI5,-0.2468,0.2015,0.6378,donor
SCX,0.2861,0.03385,0.4236,donor
C17orf47,0.9096,0.1697,0.6378,donor
GOLGA6A,-0.0024,0.8859,0.9483,donor
ZNF284,0.7225,0.5142,0.7355,donor
NCKAP5L,0.9515,0.03867,0.4295,donor
COL28A1,0.6503,0.2742,0.6378,donor
SDHAF1,-0.008,0.9672,0.9858,donor
KDM5A,0.0012,0.9975,0.9991,donor
TRIM16L,-0.1041,0.9092,0.9592,donor
CNGA4,-0.3826,0.3518,0.6378,donor
LPPR5,0.0051,0.9863,0.9941,donor
FAM220A,-0.2842,0.3375,0.6378,donor
ACOT6,0.3661,0.332,0.6378,donor
ACOT1,0.3985,0.5328,0.7457,donor
CYS1,-1.578,0.02835,0.4015,donor
MALRD1,0.6844,0.1626,0.6378,donor
H3F3B,-1.502,0.01941,0.3603,donor
PDS5A,-0.0223,0.9315,0.9692,donor
TMC3,0.3275,0.4323,0.6806,donor
GALNTL6,0.5123,0.2062,0.6378,donor
SMAGP,-0.7476,0.1587,0.6378,donor
ZNF704,1.264,0.06985,0.5089,donor
ZNF404,-1.7208,0.08052,0.5314,donor
ZBTB38,0.2804,0.4473,0.6899,donor
LOC102723828,0.0377,0.233,0.6378,donor
LOC100506444,0.0676,0.1839,0.6378,donor
DUSP28,0.4422,0.4123,0.6669,donor
CAPN8,-0.101,0.8713,0.9421,donor
CUL4B,-0.237,0.2506,0.6378,donor
GFI1B,-0.0205,0.3632,0.6378,donor
SNAPC3,-0.8587,0.1926,0.6378,donor
TSTD1,-0.2616,0.3824,0.644,donor
MESP2,0.4215,0.3739,0.6378,donor
RMDN2,-0.7168,0.4628,0.7007,donor
KCNU1,0.3136,0.4716,0.7058,donor
AIM1L,-0.4866,0.09445,0.5584,donor
C6orf165,0.1123,0.8232,0.9194,donor
TRMT11,-0.4979,0.2605,0.6378,donor
LINS,-0.4878,0.335,0.6378,donor
C1orf158,0.4323,0.4734,0.7076,donor
THSD7B,0.0387,0.3739,0.6378,donor
ELP6,0.8001,0.01207,0.3143,donor
NT5DC3,1.3724,0.01424,0.3296,donor
FTO,0.7001,0.005934,0.2658,donor
CYB5RL,1.8531,0.05782,0.4795,donor
VPS37D,-0.1308,0.8269,0.921,donor
COX19,-0.781,0.4175,0.6702,donor
RPS4Y2,-0.0125,0.3632,0.6378,donor
DUSP27,0.3361,0.3739,0.6378,donor
DCAF4L1,2.1206,0.05922,0.4822,donor
CDNF,-0.5499,0.4376,0.6847,donor
LOC256880,-0.3571,0.2028,0.6378,donor
RUSC1-AS1,0.0079,0.9562,0.9808,donor
CIB4,-0.2226,0.461,0.6997,donor
PLAC8L1,-0.1251,0.7933,0.9041,donor
C6orf120,-0.742,0.04681,0.4525,donor
KCTD21,0.4672,0.5977,0.7878,donor
SPATA6L,-0.1447,0.7054,0.853,donor
CCDC183,0.8705,0.03062,0.4106,donor
EFEMP1,0.8971,0.4916,0.7199,donor
SAMD5,2.0572,0.003153,0.2385,donor
PPAPDC1A,0.2914,0.7757,0.8931,donor
DMRTC2,0.0102,0.3739,0.6378,donor
PROSER3,0.9822,0.04046,0.434,donor
ZNF735,0.0102,0.3739,0.6378,donor
CPLX3,-0.0934,0.6931,0.8463,donor
SYCP2L,0.4996,0.4033,0.6603,donor
SCGB2B2,0.036,0.7404,0.875,donor
AARD,0.0414,0.9181,0.963,donor
RAB12,0.2351,0.5405,0.7509,donor
DPPA5,-0.0126,0.3632,0.6378,donor
C3orf70,-1.9125,0.02332,0.3765,donor
MRGPRE,-0.2717,0.4616,0.7002,donor
RGS21,0.156,0.3739,0.6378,donor
CLLU1OS,0.0288,0.3739,0.6378,donor
UQCC3,-0.8779,0.1394,0.6239,donor
CTRB2,0.4634,0.5057,0.7294,donor
NRF1,0.2134,0.7212,0.8632,donor
UBXN2B,0.2491,0.3695,0.6378,donor
ARL16,-0.015,0.9294,0.9681,donor
GATSL3,0.6874,0.2265,0.6378,donor
ACTL10,-0.2373,0.5873,0.7799,donor
LRRC66,1.5374,0.07029,0.5091,donor
C1orf53,-0.1443,0.6598,0.8272,donor
RGPD1,-0.0129,0.8051,0.9106,donor
RGPD1##1,-0.0085,0.9058,0.958,donor
SBK1,1.0057,0.07414,0.5181,donor
ACOT9,-0.7179,0.1841,0.6378,donor
LRRIQ3,-0.2749,0.7159,0.8602,donor
CCDC178,0.1084,0.5095,0.7329,donor
BOLA3,-0.0878,0.7262,0.8665,donor
ZNF749,-0.9247,0.02099,0.3644,donor
NME2##1,-0.045,0.1768,0.6378,donor
NME2##2,0.0292,0.8899,0.9496,donor
NME2##3,-0.0553,0.9114,0.9601,donor
UBE2QL1,-1.247,0.03324,0.4199,donor
SLC25A52,0.0341,0.7869,0.9006,donor
RNF215,0.5086,0.5528,0.7593,donor
BCLAF1,-0.1422,0.5808,0.776,donor
ZNF304,0.2839,0.4175,0.6702,donor
PIK3R6,0.1398,0.4003,0.6581,donor
BTBD11,-0.2987,0.602,0.7906,donor
ZBTB7C,0.0102,0.3739,0.6378,donor
YDJC,-0.1795,0.7265,0.8667,donor
SGK3##1,-0.2456,0.1241,0.6022,donor
AP1S3,0.5112,0.1311,0.6129,donor
CCDC58,-0.3561,0.1117,0.5835,donor
C2orf76,0.3122,0.309,0.6378,donor
CMC4,-0.5434,0.04044,0.434,donor
C14orf28,-1.1706,0.1187,0.5941,donor
VMAC,0.5949,0.4897,0.7184,donor
DAPL1,0.2422,0.7251,0.8661,donor
ENTPD8,0.1587,0.2857,0.6378,donor
CCDC157,-0.225,0.6505,0.8205,donor
RAB41,-0.3746,0.3249,0.6378,donor
ARID3C,0.0524,0.2692,0.6378,donor
SULT6B1,0.4634,0.1779,0.6378,donor
DFNB59,1.1869,0.0367,0.4276,donor
UFSP1,1.0603,0.05593,0.4756,donor
RAB40AL,0.1217,0.5394,0.7504,donor
CKMT1A,-0.5279,0.3351,0.6378,donor
CCDC78,0.6598,0.2209,0.6378,donor
ABCC4,0.567,0.5974,0.7876,donor
DDX59,-0.599,0.5296,0.7444,donor
ODF3B,-0.1805,0.7094,0.8553,donor
MCUR1,0.1673,0.4406,0.6866,donor
ERGIC1,0.0122,0.9887,0.9949,donor
DCUN1D2,-0.0573,0.8838,0.948,donor
ANXA2R,0.3893,0.4344,0.6821,donor
CXorf40B,0.702,0.03774,0.4276,donor
RLTPR,-0.9679,0.1514,0.6378,donor
SMCO3,-0.0695,0.8663,0.9401,donor
PLIN5,0.565,0.1327,0.6157,donor
SRRD,0.0002,0.9998,0.9998,donor
FIGNL2,-0.0277,0.9265,0.9665,donor
C17orf97,0.6443,0.3954,0.6544,donor
PTRHD1,0.0333,0.9088,0.9591,donor
VSIG8,-0.0307,0.8984,0.9543,donor
ZNF793,0.8722,0.2753,0.6378,donor
FRRS1,0.0423,0.2028,0.6378,donor
GDPGP1,-0.278,0.7061,0.8533,donor
LRRC26,-0.0651,0.2349,0.6378,donor
FAM227A,2.3423,5.553e-05,0.2059,donor
FAM209B,-0.2253,0.4416,0.6867,donor
TRNP1,-0.6142,0.09941,0.5673,donor
AADACL4,0.0288,0.3739,0.6378,donor
PPP1R42,1.3416,0.01586,0.3406,donor
ALG10B,-0.5102,0.5755,0.7728,donor
PGAM4,-0.1455,0.2497,0.6378,donor
CPTP,0.8834,0.08435,0.5399,donor
PLEKHG1,1.4992,0.1554,0.6378,donor
SFMBT2,1.4103,0.05642,0.4774,donor
KIAA1755,-0.0209,0.8102,0.9127,donor
SNX30,0.7306,0.4186,0.6707,donor
C9orf152,0.5981,0.3257,0.6378,donor
KNOP1,1.5406,0.03208,0.4167,donor
C16orf86,1.4342,0.006019,0.2658,donor
ZKSCAN2,0.2587,0.6323,0.8093,donor
PLAC9,0.1694,0.2039,0.6378,donor
FAM209A,0.2662,0.2486,0.6378,donor
SPIN4,0.3969,0.2577,0.6378,donor
CCDC125##1,-0.3208,0.6952,0.8475,donor
COX20,-0.9136,0.005213,0.2594,donor
SLC25A53,0.544,0.229,0.6378,donor
DUXA,0.0387,0.3739,0.6378,donor
DPRX,0.0083,0.8205,0.918,donor
C9orf106,-0.1192,0.7268,0.8669,donor
SH3RF3,0.2149,0.4143,0.668,donor
ARGFX,0.0142,0.9144,0.9609,donor
GRAMD2,0.2576,0.4886,0.7182,donor
SPRN,0.2379,0.7035,0.852,donor
KRTAP5-7,0.039,0.2369,0.6378,donor
ZSCAN23,-0.2016,0.8193,0.9173,donor
TRIM61,-0.0368,0.917,0.9626,donor
FAM83G,0.251,0.7186,0.8615,donor
ROPN1B,0.1142,0.5461,0.7552,donor
KPRP,0.1734,0.4768,0.71,donor
MSL1,0.3986,0.4673,0.7032,donor
CLEC18B,0.4422,0.1594,0.6378,donor
HNRNPA1L2,-0.3265,0.4337,0.6815,donor
ARSH,0.1093,0.4214,0.6727,donor
XKR7,0.5267,0.05882,0.4818,donor
NAA30,-0.3547,0.4984,0.7245,donor
PNLIPRP3,-0.0205,0.3632,0.6378,donor
C10orf62,0.3419,0.2865,0.6378,donor
FAM168B,-0.1425,0.7576,0.8847,donor
NCMAP,0.1968,0.8358,0.9252,donor
C1orf189,-0.1679,0.3489,0.6378,donor
LIPJ,0.2671,0.5749,0.7725,donor
C9orf135,-0.7393,0.2042,0.6378,donor
DEFB110,0.0288,0.3739,0.6378,donor
HRNR,-0.1997,0.771,0.8906,donor
HES5,-0.1667,0.1699,0.6378,donor
FAM171A1,1.4542,0.06092,0.4863,donor
CEACAM20,0.1649,0.3251,0.6378,donor
FAM72B,-0.0542,0.3632,0.6378,donor
GOLGA7B,1.9315,0.002749,0.2306,donor
NUGGC,-0.0211,0.6041,0.7922,donor
B3GNTL1,0.0672,0.9024,0.956,donor
C12orf29,-0.7073,0.1498,0.6378,donor
SLC10A5,-0.4569,0.4213,0.6726,donor
PRAMEF6,0.0288,0.3739,0.6378,donor
ACER2,0.147,0.8147,0.9151,donor
CLPSL1,-0.0097,0.7423,0.8757,donor
FAM102B,1.1718,0.269,0.6378,donor
ZIK1,-0.6985,0.4952,0.7222,donor
C6orf163,0.5802,0.2358,0.6378,donor
IBA57,1.6423,0.004363,0.2594,donor
C22orf42,0.4218,0.2138,0.6378,donor
SAMD15,1.2979,0.03482,0.4257,donor
TTC7B,-0.4789,0.3164,0.6378,donor
CLVS2,1.2447,0.1853,0.6378,donor
ZNF766,-1.4308,0.06738,0.5018,donor
MSS51,0.39,0.6352,0.811,donor
RGAG4,0.2274,0.6978,0.8489,donor
SPANXN5,0.0102,0.3739,0.6378,donor
SLX4IP,1.4011,0.06626,0.5003,donor
CDKL4,-0.5739,0.2277,0.6378,donor
SLCO1B7,0.156,0.3739,0.6378,donor
ARHGAP28,0.3515,0.6197,0.8014,donor
GOLGA8B,0.7826,0.1651,0.6378,donor
RAB19,-0.515,0.4201,0.6718,donor
CTAGE15,-0.0125,0.3632,0.6378,donor
USP9X,0.0833,0.7868,0.9005,donor
C6orf226,0.1873,0.6691,0.8319,donor
TMCO2,0.0451,0.5273,0.7428,donor
IAH1,0.477,0.06592,0.5002,donor
MURC,-0.1522,0.4961,0.723,donor
SH3PXD2B,0.1312,0.853,0.9334,donor
ACTBL2,-0.0267,0.6033,0.7916,donor
FOXK1,0.6315,0.1604,0.6378,donor
GPX8,0.0102,0.3739,0.6378,donor
CCDC73,-0.1829,0.64,0.8138,donor
TMEM89,0.1175,0.3739,0.6378,donor
TTC32,-0.7371,0.009996,0.3005,donor
AREL1,0.581,0.1822,0.6378,donor
HFM1,0.0517,0.9458,0.9768,donor
FAM154B,1.3466,0.2395,0.6378,donor
SPINK9,-0.4196,0.1209,0.5964,donor
C1QL4,-0.0803,0.5031,0.7275,donor
FAM78B,-0.4263,0.3426,0.6378,donor
IGFBPL1,-0.5715,0.5323,0.7456,donor
IRGQ,0.685,0.03795,0.4277,donor
DCAF8L1,-0.0359,0.7106,0.8562,donor
MTCP1,0.0671,0.937,0.9723,donor
IRF5,0.0071,0.9937,0.9972,donor
SHISA2,0.1058,0.7402,0.875,donor
PGP,-0.0667,0.8334,0.9244,donor
PPP1R27,0.1108,0.2855,0.6378,donor
NKAPL,-1.2895,0.2094,0.6378,donor
LMBRD2,-1.1847,0.1157,0.5888,donor
NWD1,-0.8063,0.2695,0.6378,donor
ZNF599,1.2556,0.08506,0.5404,donor
IGIP,0.1227,0.6728,0.8338,donor
LKAAEAR1,0.0148,0.3739,0.6378,donor
SLC25A30-AS1,-0.1777,0.3538,0.6378,donor
LINC00382,0.0305,0.632,0.8092,donor
C8orf48,0.0945,0.9,0.9551,donor
LRRC18,0.02,0.3739,0.6378,donor
TCEAL6,1.4971,0.03037,0.4102,donor
KHDC3L,0.1074,0.3223,0.6378,donor
LRRC37A2,0.6835,0.06134,0.4877,donor
KRTAP5-1,-0.0221,0.9092,0.9592,donor
ZNF835,0.6874,0.3837,0.645,donor
RHBDD2,-0.0821,0.7346,0.8723,donor
GLB1L3,0.7032,0.1752,0.6378,donor
PHF11,-0.9506,0.08196,0.5342,donor
YARS2,0.764,0.1413,0.6268,donor
COA3,0.0274,0.9499,0.9781,donor
TMEM225,0.156,0.3739,0.6378,donor
FLG2,0.7353,0.136,0.6196,donor
IL31,-0.0359,0.3632,0.6378,donor
OR5H14,0.1034,0.3739,0.6378,donor
KRT6B,0.1218,0.3739,0.6378,donor
PLCXD3,-0.2309,0.4315,0.68,donor
OR2T6,0.3517,0.1888,0.6378,donor
YPEL2,0.0323,0.9238,0.9657,donor
FAM47C,0.5504,0.3739,0.6378,donor
RFPL4B,0.3029,0.2237,0.6378,donor
LDLRAD2,0.0903,0.3739,0.6378,donor
EIF2AK4,0.2834,0.2276,0.6378,donor
DCAF12L2,0.1946,0.4012,0.6586,donor
NHSL2,1.0516,0.2633,0.6378,donor
FAM53A,0.6433,0.3157,0.6378,donor
CXorf66,-0.0671,0.3632,0.6378,donor
NTRK2,1.6721,0.1517,0.6378,donor
SATL1,0.2963,0.3739,0.6378,donor
TCEAL5,1.1533,0.03085,0.4115,donor
RGMB,-0.1521,0.7406,0.8752,donor
OR2A7,-0.0082,0.9555,0.9806,donor
OR51I1,-0.4627,0.3632,0.6378,donor
OR6K2,0.0422,0.3739,0.6378,donor
OR2AE1,0.1244,0.3739,0.6378,donor
OR4A16,0.1622,0.3739,0.6378,donor
CBWD6,0.8519,0.06593,0.5002,donor
OR5M11,-0.0205,0.3632,0.6378,donor
LRRC52,0.1034,0.3739,0.6378,donor
OR7A10,0.0102,0.3739,0.6378,donor
OR6Y1,-0.0394,0.3632,0.6378,donor
OR6T1,0.0903,0.3739,0.6378,donor
C9orf117,0.8889,0.03509,0.4276,donor
IGDCC4,0.4772,0.4909,0.7191,donor
OR52K1,0.0288,0.3739,0.6378,donor
OR52E4,0.0903,0.3739,0.6378,donor
OR52D1,0.0102,0.3739,0.6378,donor
OR52A5,0.2008,0.3739,0.6378,donor
OR51V1,0.0295,0.3739,0.6378,donor
OR51F2,0.1502,0.3739,0.6378,donor
OR5T1,0.0903,0.3739,0.6378,donor
OR5M9,0.2159,0.3739,0.6378,donor
OR5K2,-0.3363,0.4531,0.6939,donor
OR4S1,0.141,0.3739,0.6378,donor
C1orf146,0.1488,0.3886,0.6493,donor
MYLK4,1.3469,0.05129,0.4645,donor
OR4D2,-0.0205,0.3632,0.6378,donor
SLC7A1,0.564,0.2607,0.6378,donor
OR2AK2,0.2143,0.3739,0.6378,donor
OR2A25,0.6527,0.3739,0.6378,donor
OR13J1,-0.3969,0.1817,0.6378,donor
OR13F1,-0.0126,0.3632,0.6378,donor
OR13C5,0.2621,0.2391,0.6378,donor
OR11H4,0.2256,0.3739,0.6378,donor
OR10K2,0.1849,0.3739,0.6378,donor
OR10K1,0.0102,0.3739,0.6378,donor
ST8SIA6,-0.0891,0.8826,0.9474,donor
OR10H4,0.1738,0.3739,0.6378,donor
OR10G8,0.0148,0.3739,0.6378,donor
CHIC1,-0.0289,0.9547,0.9801,donor
LOC100506422,0.1596,0.7377,0.8738,donor
SPDYE3,0.2451,0.3427,0.6378,donor
MAP1LC3C,-0.045,0.1768,0.6378,donor
ETV3L,0.02,0.3739,0.6378,donor
FAM132B,0.1447,0.8312,0.9235,donor
PLEKHG7,0.0652,0.2891,0.6378,donor
ZNF705A,-0.0357,0.3632,0.6378,donor
C7orf61,-0.9223,0.1024,0.5705,donor
RTP2,0.0348,0.1842,0.6378,donor
ZNF774,1.3141,0.1049,0.5734,donor
OR13A1,-0.4225,0.543,0.7525,donor
ZNF740,0.3627,0.5793,0.7751,donor
ZNF813,1.1187,0.1582,0.6378,donor
OR2T2,0.0295,0.3739,0.6378,donor
OR2A12,0.3072,0.1898,0.6378,donor
ANO9,-0.4425,0.307,0.6378,donor
SOGA3,0.2027,0.6384,0.8133,donor
OR52B2,0.0729,0.3739,0.6378,donor
TSPYL6,0.1855,0.2875,0.6378,donor
SP5,0.0717,0.8761,0.9443,donor
GTF2IRD2B,0.19,0.4855,0.7162,donor
KLHL31,0.366,0.6173,0.7998,donor
OR10A3,0.0102,0.3739,0.6378,donor
IFIT1B,0.4256,0.2535,0.6378,donor
C20orf194,0.4591,0.2472,0.6378,donor
CYP4A22,-0.0205,0.3632,0.6378,donor
TWISTNB,0.3086,0.2815,0.6378,donor
IGFL4,0.498,0.05831,0.48,donor
FAM150B,-0.2918,0.5375,0.7491,donor
KCTD11,-1.0632,0.2652,0.6378,donor
PTRH1,0.9146,0.02981,0.4089,donor
OCEL1,-1.2996,0.1491,0.6378,donor
PLVAP,-0.2474,0.1467,0.6349,donor
COX7A1,0.149,0.6862,0.8417,donor
FBXO27,-0.1812,0.7225,0.8642,donor
BCL2L15,0.0192,0.8014,0.9089,donor
NEK10,1.2855,0.1076,0.5764,donor
C6orf222,-0.0171,0.4206,0.6719,donor
ZC3H12B,2.0809,0.01201,0.3143,donor
ST7-OT3,0.2988,0.2265,0.6378,donor
EXOSC10,0.1516,0.7644,0.8872,donor
ZNF311,0.261,0.3739,0.6378,donor
OR4D5,0.055,0.3739,0.6378,donor
OR5A2,0.0673,0.3739,0.6378,donor
OR10G9,0.0102,0.3739,0.6378,donor
OR5D18,-0.0359,0.3632,0.6378,donor
REC114,-0.3224,0.3157,0.6378,donor
TMEM244,0.2647,0.3739,0.6378,donor
FAM83B,0.225,0.5281,0.7435,donor
RNF187,-1.0216,0.05785,0.4795,donor
EID3,-0.4009,0.6158,0.799,donor
FAM109B,0.7937,0.2714,0.6378,donor
LYPD8,-0.0885,0.3632,0.6378,donor
AHDC1,0.7884,0.06313,0.4924,donor
ZNF121,-1.389,0.143,0.6295,donor
FBXO47,-0.0987,0.181,0.6378,donor
PPP2CB,-0.9527,0.01228,0.3168,donor
SPANXN4,0.02,0.3739,0.6378,donor
LRRC38,0.055,0.3739,0.6378,donor
SHE,0.0544,0.8814,0.947,donor
IRAK1BP1,0.3771,0.4599,0.6991,donor
OR5C1,-0.0205,0.3632,0.6378,donor
OR52N5,0.2353,0.3739,0.6378,donor
OR14C36,0.0647,0.3739,0.6378,donor
OR52N1,0.0261,0.7717,0.891,donor
CST9,-0.0359,0.3632,0.6378,donor
C14orf37,-0.1346,0.9022,0.9559,donor
STX19,0.1789,0.6971,0.8486,donor
C8orf82,-0.9536,0.1937,0.6378,donor
DENND6B,1.1675,0.1073,0.5758,donor
BLID,-0.0205,0.3632,0.6378,donor
RGP1,-0.3072,0.6085,0.7942,donor
KIAA2022,0.9323,0.1273,0.6067,donor
LCN10,0.2487,0.6354,0.811,donor
FAM166A,0.0253,0.7578,0.8847,donor
MED11,0.126,0.6968,0.8484,donor
ARHGEF37,1.3883,0.02,0.3603,donor
ZNF470,-0.4911,0.4213,0.6726,donor
OR6V1,0.1676,0.3739,0.6378,donor
SPOPL,-0.4341,0.1969,0.6378,donor
TMEM211,-0.0454,0.9077,0.9587,donor
ZNF782,0.1639,0.8311,0.9235,donor
ZNF425,0.5669,0.4012,0.6586,donor
LYRM5,-0.9386,0.001568,0.2293,donor
OR9A4,0.0758,0.3739,0.6378,donor
TIMM50,-0.0513,0.9245,0.9657,donor
LAMTOR4,0.0092,0.9454,0.9765,donor
CISD2,-0.6904,0.06231,0.4895,donor
SLC35E4,0.1924,0.7956,0.9057,donor
C16orf87,-1.2415,0.006956,0.2751,donor
ZNF429,-0.0647,0.8198,0.9176,donor
ZNF676,-0.1215,0.7999,0.908,donor
COA5,-0.079,0.7067,0.8535,donor
CLDN20,-0.0755,0.7258,0.8662,donor
C2CD4B,-1.1014,0.08591,0.5427,donor
FNDC9,2.772,0.06279,0.4913,donor
FER1L6,0.2153,0.2107,0.6378,donor
C3orf56,0.0903,0.3739,0.6378,donor
STH,0.0766,0.7176,0.8611,donor
POLR1C,-0.1022,0.6313,0.809,donor
RP9,0.0832,0.6754,0.8356,donor
LACTBL1,0.055,0.3739,0.6378,donor
LOC101928303,1.164,0.009878,0.299,donor
DSCAS,0.2661,0.5754,0.7728,donor
BCL9,1.1133,0.1256,0.604,donor
B3GNT8,-0.1844,0.705,0.8528,donor
APOOL,0.2955,0.5651,0.7665,donor
GOLT1A,-1.2709,0.1119,0.5838,donor
LOC102723824,0.02,0.3739,0.6378,donor
LOC102724190,0.1738,0.3739,0.6378,donor
LOC283575,0.2491,0.6196,0.8014,donor
LOC102724814,1.5923,0.01777,0.3521,donor
LOC101927661,0.0387,0.3739,0.6378,donor
LOC101927844,-0.0394,0.3632,0.6378,donor
LOC101929633,-0.3672,0.4394,0.6859,donor
LOC101929753,0.0102,0.3739,0.6378,donor
LOC101927310,0.0449,0.631,0.8089,donor
LOC101927273,-0.0205,0.3632,0.6378,donor
LOC102724508,1.146,0.02365,0.3793,donor
LOC101929715,-0.0003,0.9992,0.9995,donor
KANK4,0.1925,0.2262,0.6378,donor
LOC101927730,0.0673,0.3739,0.6378,donor
LOC101928514,0.0351,0.5113,0.7337,donor
LOC153910,0.3678,0.3522,0.6378,donor
RUNDC3A-AS1,0.2164,0.6062,0.7932,donor
LINC01478,0.0673,0.3739,0.6378,donor
LOC101927557,0.242,0.3739,0.6378,donor
LOC102724651,0.0102,0.3739,0.6378,donor
LOC102724321,-0.0205,0.3632,0.6378,donor
LOC102723927,-0.4953,0.4018,0.659,donor
ZNF571,-0.6584,0.1484,0.6376,donor
LINC01209,0.02,0.3739,0.6378,donor
PPP3CB,0.11,0.762,0.8861,donor
LANCL1-AS1,0.8333,0.1718,0.6378,donor
RARA-AS1,-1.0902,0.007837,0.2823,donor
TSPAN10,-0.4895,0.03646,0.4276,donor
PRICKLE2,2.6722,0.007683,0.2823,donor
ASB15,0.5692,0.1661,0.6378,donor
LHFPL4,1.3596,0.00516,0.2594,donor
LOC101927911,-0.0321,0.9595,0.9818,donor
HACD2,-0.6393,0.3685,0.6378,donor
HP09053,-0.0057,0.9925,0.9967,donor
KCTD2,0.9116,0.3547,0.6378,donor
LINC00609,-0.0358,0.3632,0.6378,donor
ZNF84,-0.1336,0.7523,0.882,donor
LINC01232,0.2821,0.1463,0.6343,donor
TNRC18P1,0.502,0.4138,0.6677,donor
MTHFD2P1,0.1243,0.5237,0.7408,donor
LOC100128885,-0.2613,0.3802,0.6428,donor
LOC102723809,0.114,0.192,0.6378,donor
LOC102723354,-0.388,0.1915,0.6378,donor
C19orf68,0.0016,0.9981,0.9993,donor
GIMAP4,0.0288,0.3739,0.6378,donor
NDUFV2-AS1,0.114,0.8505,0.9325,donor
HAGHL,0.7679,0.2359,0.6378,donor
SRGAP3-AS3,0.1308,0.1372,0.6209,donor
LOC100996255,0.4975,0.1068,0.5749,donor
MPV17,0.0705,0.8257,0.9203,donor
PIDD1,1.9344,0.01066,0.3063,donor
AGRN,-0.3941,0.2947,0.6378,donor
TSPAN33,-2.6982,0.03719,0.4276,donor
MAP3K14,1.6123,0.003713,0.2541,donor
LOC100507002,-0.4593,0.5093,0.7328,donor
NECAP1,-0.4044,0.1583,0.6378,donor
LINC00298,0.0422,0.3739,0.6378,donor
PDXDC2P,0.4626,0.4285,0.6778,donor
SNORA31,0.0499,0.8616,0.9377,donor
RMRP,-0.2496,0.2017,0.6378,donor
SCARNA22,0.4308,0.1463,0.6343,donor
ATXN8OS,-0.7495,0.1937,0.6378,donor
DNAH12,1.2281,0.05879,0.4817,donor
BANCR,0.2963,0.3739,0.6378,donor
LOC101929555,0.037,0.7758,0.8931,donor
LINC01497,1.4304,0.05242,0.466,donor
LOC101929239,-0.0126,0.3632,0.6378,donor
RCSD1,0.0102,0.3739,0.6378,donor
RFT1,-0.0295,0.9473,0.9771,donor
LOC102724596,-0.0698,0.7909,0.9027,donor
LOC101928710,-0.0125,0.3632,0.6378,donor
GLIS2-AS1,0.1728,0.4266,0.6765,donor
LOC101927539,0.168,0.3013,0.6378,donor
TMEM108-AS1,-0.1748,0.7601,0.8859,donor
LINC01482,0.0115,0.9499,0.9781,donor
LOC101929717,-0.3528,0.2787,0.6378,donor
PRKCA-AS1,0.2048,0.2097,0.6378,donor
CTC-338M12.4,0.3353,0.4775,0.7106,donor
LINC01504,0.2936,0.5606,0.7639,donor
LOC101929064,0.728,0.1021,0.5698,donor
LOC101928766,-0.0294,0.6973,0.8486,donor
LOC101928855,-0.0517,0.8406,0.9271,donor
LOC101928663,0.1546,0.153,0.6378,donor
FAM65C,0.5827,0.5054,0.7292,donor
LOC101927571,-0.1414,0.5769,0.7736,donor
LOC101927651,0.3955,0.5633,0.7653,donor
LINC01254,0.085,0.3739,0.6378,donor
LOC101929099,1.2399,0.1597,0.6378,donor
LOC101927230,-0.0205,0.3632,0.6378,donor
TTC39C-AS1,0.1561,0.5177,0.7371,donor
LOC101929631,-0.0147,0.3632,0.6378,donor
LOC101927018,0.1308,0.4021,0.6591,donor
SEPT4-AS1,0.6584,0.1386,0.6232,donor
LOC101927666,-0.0126,0.3632,0.6378,donor
L3MBTL4-AS1,0.1485,0.6992,0.8498,donor
LOC101060542,0.1576,0.7904,0.9027,donor
LOC101927322,-0.7681,0.1757,0.6378,donor
LOC101929224,0.0373,0.8856,0.9483,donor
SPATA21,0.0773,0.2376,0.6378,donor
LOC143666,-0.1662,0.5497,0.7575,donor
UTS2B,-0.6119,0.1956,0.6378,donor
LINC00115,-0.028,0.9589,0.9814,donor
LOC101927151,0.6507,0.1396,0.6239,donor
LOC101927166,0.0102,0.3739,0.6378,donor
LINC01533,0.1654,0.3253,0.6378,donor
HID1-AS1,0.2079,0.3711,0.6378,donor
LOC101927572,0.1837,0.5509,0.7583,donor
LINC01117,0.7082,0.325,0.6378,donor
TAF1A-AS1,0.1396,0.8486,0.9315,donor
LINC01428,0.0102,0.3739,0.6378,donor
LINC01355,-0.0865,0.9267,0.9666,donor
DPF1,0.1961,0.5348,0.7474,donor
RPL34-AS1,0.0377,0.9385,0.973,donor
C11orf96,-0.2266,0.4205,0.6718,donor
PTPRQ,0.1973,0.2264,0.6378,donor
NUCB1-AS1,0.2918,0.1744,0.6378,donor
C19orf48,-0.056,0.9273,0.9669,donor
ZNF649-AS1,0.0839,0.5804,0.7758,donor
MYADM,-0.4546,0.5731,0.7713,donor
SNORD38B,-0.2976,0.1251,0.6026,donor
LOC101927314,0.1903,0.5631,0.7652,donor
DLEU7,-0.3529,0.3323,0.6378,donor
MIR155HG,0.1758,0.3017,0.6378,donor
TTTY10,0.1075,0.7571,0.8846,donor
ANXA2P1,0.401,0.1718,0.6378,donor
RNF138P1,0.0817,0.8483,0.9314,donor
C15orf56,0.5514,0.4936,0.7212,donor
OR1F2P,-0.0143,0.6069,0.7932,donor
OR7E156P,0.041,0.3522,0.6378,donor
LINC00592,0.02,0.3739,0.6378,donor
HIST2H2BA,0.2082,0.2139,0.6378,donor
LINC00696,0.0102,0.3739,0.6378,donor
LINC01555,0.4451,0.3739,0.6378,donor
FAM201A,1.0554,0.126,0.6049,donor
BMS1P20,0.1062,0.7575,0.8847,donor
SSR4P1,0.4816,0.4227,0.6733,donor
UCKL1-AS1,1.2192,0.03039,0.4102,donor
LOC399815,0.3004,0.676,0.836,donor
LOC344967,0.0187,0.9429,0.9753,donor
LOC100128239,0.671,0.08398,0.5399,donor
LINC00479,0.02,0.3739,0.6378,donor
HEXA-AS1,-0.2288,0.8007,0.9084,donor
AATK-AS1,0.0759,0.4413,0.6867,donor
LOC285696,0.0074,0.762,0.8861,donor
LINC00305,0.1751,0.1805,0.6378,donor
LOC730668,-0.0953,0.5255,0.7416,donor
JMJD1C-AS1,0.2235,0.5195,0.7381,donor
SMG1P3,-0.0285,0.9545,0.9801,donor
ESRG,0.0148,0.3739,0.6378,donor
INHBA-AS1,-0.1317,0.8579,0.936,donor
LOC285847,0.1449,0.1734,0.6378,donor
LOC285629,-0.0244,0.3632,0.6378,donor
LINC00265,0.2823,0.6142,0.7978,donor
LOC285593,-0.1387,0.4461,0.6888,donor
LOC285627,0.2107,0.3739,0.6378,donor
LOC91450,0.0157,0.7118,0.8573,donor
LOC100271832,0.0449,0.631,0.8089,donor
RAPGEF4-AS1,0.3041,0.2761,0.6378,donor
LINC00698,1.4083,0.1357,0.6194,donor
H1FX-AS1,0.6125,0.2281,0.6378,donor
MIR302A,-0.1342,0.3632,0.6378,donor
LOC284661,0.141,0.3739,0.6378,donor
LOC284632,0.0102,0.3739,0.6378,donor
LOC145837,-0.6392,0.1879,0.6378,donor
LOC283856,1.2078,0.1287,0.6094,donor
ZNF252P-AS1,0.2863,0.7367,0.8733,donor
LOC283731,-0.0747,0.2249,0.6378,donor
RNVU1-19,0.156,0.3664,0.6378,donor
LOC101929733,0.3291,0.304,0.6378,donor
LOC654841,0.5589,0.3864,0.647,donor
LOC101243545,0.1197,0.3569,0.6378,donor
LOC102800447,0.2915,0.3064,0.6378,donor
LOC100129973,0.5058,0.3855,0.6463,donor
LOC100506499,0.0955,0.5508,0.7583,donor
LOC643072,0.1048,0.862,0.9378,donor
LOC102724058,0.1089,0.5876,0.78,donor
ANKRD20A19P,0.108,0.5,0.7259,donor
CCAT2,0.1956,0.3739,0.6378,donor
THRIL,0.5588,0.3165,0.6378,donor
LOC100996291,0.1208,0.4877,0.7177,donor
PTCHD1-AS,0.2296,0.3156,0.6378,donor
LOC101929374,0.005,0.8993,0.9548,donor
CATIP-AS1,0.4204,0.2609,0.6378,donor
KIF11,-0.0873,0.923,0.9655,donor
KIF5B,-0.2694,0.2505,0.6378,donor
FRK,-0.8198,0.439,0.6857,donor
LOC388882##1,0.0443,0.208,0.6378,donor
LINC01422,-0.0845,0.7471,0.8789,donor
CSE1L-AS1,0.1928,0.2568,0.6378,donor
ZNF350-AS1,0.5013,0.3718,0.6378,donor
LHFPL3,0.5621,0.2957,0.6378,donor
CAT,0.2762,0.5105,0.7333,donor
LOC101928163,-0.1087,0.0353,0.4276,donor
MOB4##2,-0.1094,0.4033,0.6602,donor
CARM1,0.9087,0.05123,0.4645,donor
LOC101928891,-0.0242,0.9657,0.9852,donor
LOC100507506,-0.2666,0.7107,0.8563,donor
MIATNB,0.2733,0.585,0.7783,donor
LINC01356,-0.0125,0.3632,0.6378,donor
TUG1,0.3801,0.2275,0.6378,donor
LOC101241902,0.4576,0.4394,0.6859,donor
EP300-AS1,-0.2923,0.5749,0.7725,donor
COL15A1,0.1689,0.8209,0.9182,donor
CHKB-AS1,0.6679,0.1718,0.6378,donor
LOC100996251,-0.0302,0.967,0.9858,donor
LOC101928266,0.0014,0.9962,0.9987,donor
LOC101928205,-0.0245,0.3632,0.6378,donor
LOC101927755,-1.244,0.01888,0.3589,donor
LOC101927829##1,0.3152,0.3539,0.6378,donor
LOC102723517,-0.0767,0.3632,0.6378,donor
ITGA9-AS1,-0.3563,0.3842,0.6453,donor
SEMA3B-AS1,0.0275,0.3739,0.6378,donor
TMEM110,0.7009,0.0909,0.5519,donor
ACLY,-0.231,0.3732,0.6378,donor
LOC102723448,-0.0147,0.3632,0.6378,donor
CHAC2,0.5784,0.05611,0.4764,donor
LRRK2,0.2035,0.7227,0.8643,donor
LOC101927691,-0.0841,0.8071,0.9116,donor
LOC102724550,0.2256,0.3739,0.6378,donor
LOC101928738,0.0703,0.4586,0.6978,donor
LOC101928700,-0.0205,0.3632,0.6378,donor
ARF4,-0.4242,0.2223,0.6378,donor
ITIH6,0.0223,0.4058,0.6616,donor
LRIT3,0.3024,0.423,0.6736,donor
ZFP69,0.4507,0.6411,0.8146,donor
LOC101927950,0.1313,0.414,0.6678,donor
LOC101928567,0.0422,0.3739,0.6378,donor
RAF1,0.18,0.6096,0.7947,donor
METAP1D,1.058,0.08572,0.5422,donor
LOC100996325##1,-0.1177,0.3632,0.6378,donor
LOC644762,0.3306,0.1451,0.6332,donor
LOC101928519,0.4475,0.4994,0.7254,donor
LOC101929420,0.156,0.3739,0.6378,donor
LOC101928489,0.299,0.3917,0.6515,donor
LOC101927839,0.0288,0.3739,0.6378,donor
TTLL9,0.5771,0.01515,0.3353,donor
LOC101928674,-0.5941,0.2703,0.6378,donor
DRAXIN,0.055,0.3739,0.6378,donor
LOC101929767,0.4322,0.3647,0.6378,donor
IFIT5,0.1209,0.6549,0.8237,donor
LYPLA2,0.3488,0.3094,0.6378,donor
PNKP,0.4047,0.5669,0.7676,donor
GACAT2,-0.228,0.504,0.7282,donor
LOC102723505,-0.224,0.2272,0.6378,donor
OLFML1,0.0926,0.4963,0.723,donor
FAM83H,-0.0288,0.9709,0.988,donor
LINC01449,0.0102,0.3739,0.6378,donor
CA13,-0.0281,0.9645,0.9842,donor
KLHL30,0.025,0.1873,0.6378,donor
NHLRC1,1.8905,0.006414,0.2708,donor
LRCH4,0.8345,0.1323,0.6154,donor
AP1AR,-0.8902,0.1583,0.6378,donor
FUNDC2P2,0.3204,0.08,0.5308,donor
LINC-PINT##1,0.2544,0.6437,0.816,donor
LOC101927087,-0.0245,0.3632,0.6378,donor
TCAF2P1,-0.0113,0.8725,0.9425,donor
TCAF2P1##1,0.0102,0.3739,0.6378,donor
LOC101929512,0.0183,0.9702,0.9874,donor
LOC102724691,-0.9756,0.0952,0.5593,donor
OTUD6B-AS1,-0.9136,0.006185,0.2679,donor
PTPRD-AS2,-0.0394,0.3632,0.6378,donor
LOC101928491,0.2485,0.4152,0.6688,donor
LOC101927919,0.5268,0.3841,0.6452,donor
ST3GAL5-AS1,0.3281,0.6162,0.799,donor
KANTR,1.2342,0.05083,0.4636,donor
PABPC5-AS1,-0.1905,0.288,0.6378,donor
MIR762HG,0.7979,0.4042,0.6605,donor
LOC101927580,0.3993,0.2184,0.6378,donor
ATE1-AS1,-0.1242,0.7733,0.8916,donor
LOC101927814,-0.0557,0.8913,0.9506,donor
LOC101929613,0.0808,0.3739,0.6378,donor
PIEZO2,0.0903,0.3739,0.6378,donor
RRAGD,-1.2318,0.00738,0.2799,donor
RPRD1B,0.0252,0.9291,0.9679,donor
UBE2O,1.5142,0.02095,0.3644,donor
UNC13D,-0.4403,0.3013,0.6378,donor
C2CD2L,0.9234,0.07458,0.5192,donor
LMF1-AS1,0.0896,0.8175,0.9166,donor
LOC103021295,-0.1245,0.03723,0.4276,donor
ITFG1-AS1,0.1277,0.1029,0.5708,donor
KCTD13,0.1724,0.6743,0.835,donor
TP53TG3D##1,-0.0277,0.9422,0.975,donor
LOC101927311,0.0906,0.2854,0.6378,donor
LOC101928530,-0.6106,0.2346,0.6378,donor
SLC14A2-AS1,-0.5014,0.2011,0.6378,donor
LINC01571,-0.0205,0.3632,0.6378,donor
TRPM2-AS,-0.333,0.4592,0.6984,donor
LOC101927650,-0.0205,0.3632,0.6378,donor
LOC101928203,0.0179,0.7256,0.8662,donor
LOC101928737,-0.1793,0.4941,0.7215,donor
LOC100129697,-0.1733,0.3188,0.6378,donor
LOC101927817,0.6923,0.3819,0.6435,donor
SYNRG,0.4484,0.09557,0.5598,donor
SOCS7,0.0102,0.9934,0.9971,donor
LOC100287632,-0.0125,0.3632,0.6378,donor
HSPB2-C11orf52,0.084,0.6175,0.7998,donor
DENND1C,0.1707,0.6767,0.8364,donor
GDF2,-0.0106,0.8334,0.9244,donor
TEKT4P2,0.4321,0.1478,0.637,donor
SLC25A20,-0.9864,0.3577,0.6378,donor
AKR1C8P,0.566,0.3739,0.6378,donor
LINC01258,-0.0196,0.6793,0.8378,donor
NACA2,0.6886,0.05329,0.4683,donor
SCAMP1-AS1,0.7164,0.2149,0.6378,donor
WDR87,0.2593,0.3648,0.6378,donor
MYRF,1.1354,0.1351,0.6188,donor
LOC101927040,0.0237,0.8317,0.9237,donor
LINC01503,-0.9978,0.3167,0.6378,donor
LCMT1-AS1,0.0137,0.9607,0.9825,donor
ANKRD20A8P,1.0056,0.1335,0.6174,donor
ADAMTS18,0.1034,0.3739,0.6378,donor
ILDR2,0.0915,0.8572,0.9357,donor
LOC103021296,0.055,0.3739,0.6378,donor
XKRX,0.1794,0.3739,0.6378,donor
BLOC1S3,0.6084,0.1148,0.587,donor
BGLAP,0.128,0.205,0.6378,donor
LOC553103,0.6592,0.1365,0.6198,donor
LOC101927623,-0.3045,0.251,0.6378,donor
LINC01491,0.0102,0.3739,0.6378,donor
PTRF,1.1062,0.1863,0.6378,donor
MRPL3,-0.0808,0.5986,0.7885,donor
CAPN12,0.8597,0.007991,0.2835,donor
LOC101927575,-0.0019,0.9813,0.9919,donor
FLJ31104,-0.2342,0.7758,0.8931,donor
RMDN2-AS1,0.183,0.2068,0.6378,donor
ZNF543,-2.1074,0.03777,0.4276,donor
SLC16A12,-0.513,0.641,0.8146,donor
ACTA2-AS1,-0.0726,0.2833,0.6378,donor
LOC440910,-0.066,0.2639,0.6378,donor
LHX1,-0.0468,0.3632,0.6378,donor
PPP1R3E,0.3185,0.4295,0.6786,donor
C1orf220,0.6889,0.3692,0.6378,donor
LOC100289673,0.0477,0.3739,0.6378,donor
KRT71,0.055,0.3739,0.6378,donor
GNA15,-0.1472,0.5232,0.7404,donor
SIPA1L3,0.608,0.1712,0.6378,donor
MIR450B,-0.0394,0.3632,0.6378,donor
LOC101927131,0.2016,0.4669,0.7029,donor
BACH1-IT2,0.0892,0.3117,0.6378,donor
CNTNAP3P2,-0.0227,0.841,0.9271,donor
FAM120C,1.1638,0.03635,0.4276,donor
RAB33A,0.3684,0.6345,0.8108,donor
LMOD3,0.0385,0.5226,0.7399,donor
KRT40##1,-0.433,0.5929,0.7842,donor
LOC100506175,0.3553,0.2717,0.6378,donor
GPR123-AS1,0.1017,0.5419,0.7518,donor
PRR11,-0.9761,0.1411,0.6264,donor
LOC101928068,0.423,0.5369,0.7489,donor
LOC388813,0.0903,0.3739,0.6378,donor
LOC101928961,-0.3865,0.5841,0.7781,donor
KIAA1161,-0.2672,0.7342,0.872,donor
PNMA6A,-0.4728,0.2832,0.6378,donor
CELSR3-AS1,-0.1585,0.2705,0.6378,donor
CHP1,0.3654,0.08281,0.5363,donor
SLC6A14,0.1034,0.3739,0.6378,donor
SMIM23,0.0102,0.3739,0.6378,donor
LOC102724555,0.0518,0.5214,0.7395,donor
TECTB,0.085,0.3739,0.6378,donor
WNT7B,-0.0682,0.3343,0.6378,donor
FRG2DP,0.0288,0.3739,0.6378,donor
NOP16,-0.7285,0.01175,0.3142,donor
PDZK1P2,-0.0475,0.7695,0.8899,donor
LINC01361,0.0232,0.9271,0.9668,donor
LOC100130587,-0.0211,0.6041,0.7922,donor
LOC101927478,-0.0467,0.8553,0.9346,donor
LOC101926944,0.2955,0.1651,0.6378,donor
LOC101926964,0.3258,0.3089,0.6378,donor
LOC286083##1,0.7341,0.08201,0.5343,donor
PCDHB16,1.9245,0.02044,0.3616,donor
DKFZP434A062,0.4102,0.3575,0.6378,donor
LINC00663,0.3951,0.2585,0.6378,donor
FAM41C,0.0662,0.6502,0.8203,donor
SLC22A25,0.0549,0.7057,0.853,donor
IGF2-AS,0.767,0.3945,0.6536,donor
GPR55,-0.0468,0.3632,0.6378,donor
C2orf71,0.206,0.404,0.6604,donor
LRRC75A,0.0975,0.926,0.9661,donor
CCDC184,0.589,0.2181,0.6378,donor
LOC401052,0.7387,0.2728,0.6378,donor
CCBL2,-0.9557,0.02072,0.3635,donor
C1orf168,0.8884,0.09917,0.5672,donor
C10orf99,0.0961,0.3739,0.6378,donor
LOC283038,-0.0645,0.8821,0.9473,donor
LOC253573,-0.0138,0.6796,0.8379,donor
C17orf100,-0.4959,0.2499,0.6378,donor
BRWD1-IT2,0.5384,0.4324,0.6806,donor
PRAMEF10,0.0102,0.3739,0.6378,donor
AGAP4,-0.2549,0.3319,0.6378,donor
C5orf34,-0.5284,0.4544,0.6946,donor
GOLGA6L17P##1,-0.0245,0.3632,0.6378,donor
FAM21A,0.5352,0.184,0.6378,donor
LINC00552,-0.0205,0.3632,0.6378,donor
STEAP2-AS1,0.0104,0.9092,0.9592,donor
RAB44,0.2645,0.214,0.6378,donor
LRRC75B,0.0964,0.8397,0.9267,donor
LOC103091866,-0.1806,0.4817,0.7133,donor
DNAL4,0.4989,0.1507,0.6378,donor
HSPA5,1.7159,0.07707,0.5225,donor
LOC653602,-1.2251,0.1489,0.6378,donor
SP8,0.0631,0.7753,0.8929,donor
MYOM2,1.7463,0.02226,0.3686,donor
FAM206A,0.0654,0.9518,0.979,donor
LOC101928063,0.1504,0.8014,0.9089,donor
SNORD14C,0.0435,0.92,0.9641,donor
ANXA2P3,0.1486,0.6487,0.8191,donor
PCDHGB8P,0.5331,0.3451,0.6378,donor
TOP1P2,0.0102,0.3739,0.6378,donor
PCDHB18P,-0.9487,0.05803,0.4797,donor
SNORD15B,0.4487,0.09387,0.5571,donor
SNORD46,0.0243,0.8693,0.9413,donor
SNORD55,-0.3295,0.2339,0.6378,donor
SNORA68,0.0396,0.7589,0.8853,donor
PRH1-PRR4##2,-0.3862,0.2816,0.6378,donor
RGL3,1.139,0.03555,0.4276,donor
KIRREL2,0.91,0.1583,0.6378,donor
LENG8,0.9418,0.131,0.6129,donor
PTPRH,-0.0853,0.9117,0.9601,donor
RDH14,-0.8285,0.1171,0.5923,donor
KCNJ12,0.1676,0.3739,0.6378,donor
HCN1,0.1322,0.8753,0.9439,donor
KRT24,0.1017,0.2272,0.6378,donor
MOXD1,-0.7411,0.2188,0.6378,donor
MGC50722,1.8285,0.014,0.3284,donor
KIAA2018,-0.0987,0.809,0.9122,donor
AADACL3,0.0022,0.9124,0.9601,donor
C1orf167,0.168,0.2074,0.6378,donor
PPP1R15B,-0.6871,0.06259,0.4905,donor
KRTAP10-4,0.055,0.3739,0.6378,donor
CCDC53,-0.1113,0.6215,0.8026,donor
PPP1R2,-1.2477,0.0004305,0.209,donor
HSD17B11,0.0013,0.9973,0.9991,donor
DDX60L,0.5039,0.5873,0.7799,donor
SOWAHA,-0.2815,0.5872,0.7799,donor
HIVEP1,1.9302,0.009621,0.299,donor
FREM2,0.2695,0.3182,0.6378,donor
SLC5A3,-0.6338,0.516,0.7363,donor
FOCAD,0.4019,0.3718,0.6378,donor
PNPLA7,1.19,0.05664,0.4777,donor
PPCDC,-0.4012,0.4253,0.6755,donor
MCTP1,-0.0016,0.9958,0.9984,donor
KIAA2026,0.5273,0.253,0.6378,donor
C3,-0.6517,0.02702,0.3949,donor
C2-AS1##6,0.0767,0.4982,0.7244,donor
GCGR,-0.2696,0.6993,0.8498,donor
ZNF180,-1.1776,0.2762,0.6378,donor
GRIP2,-0.3977,0.1436,0.631,donor
CD109,-0.5268,0.2721,0.6378,donor
TMEM242,-0.174,0.5772,0.7739,donor
SNORD38A,0.3534,0.08753,0.5458,donor
SNORD14D,0.2847,0.5379,0.7493,donor
CD177,-0.0084,0.9796,0.9913,donor
SPNS2,-0.063,0.9266,0.9665,donor
FER1L4,0.5976,0.3108,0.6378,donor
LOC102724163,0.1182,0.3058,0.6378,donor
LINC01353,0.1405,0.6767,0.8365,donor
LOC102723373,0.2003,0.4592,0.6984,donor
RPS6KB2,0.8375,0.1526,0.6378,donor
PCAT2,0.1952,0.115,0.5875,donor
CASC21,0.0665,0.4508,0.6924,donor
LINC01581,-0.0569,0.3632,0.6378,donor
RORA-AS2,-0.0733,0.4472,0.6899,donor
HCG8##7,0.1228,0.8859,0.9483,donor
LOC102724084,0.02,0.3739,0.6378,donor
LOC102724467,-0.0567,0.6664,0.8303,donor
LOC101927153,0.02,0.3739,0.6378,donor
RAB36,0.9756,0.1124,0.5851,donor
SRRM3,1.6124,0.01441,0.3308,donor
COL26A1,0.0826,0.3787,0.6414,donor
HMCN2,0.2151,0.2451,0.6378,donor
DGCR9,-0.8121,0.4236,0.6744,donor
MUC3A,0.0129,0.9577,0.9814,donor
SPDYE6,0.1719,0.2827,0.6378,donor
LINC01479,0.0471,0.5687,0.7685,donor
LOC101928414,0.8726,0.3744,0.6379,donor
LOC102724558,0.0385,0.8269,0.921,donor
SNORD115-46,0.0319,0.8446,0.9292,donor
LOC101928694,0.025,0.1873,0.6378,donor
TMC3-AS1,-0.4335,0.3843,0.6454,donor
LINC01584,0.3224,0.3739,0.6378,donor
LINC01359,0.3609,0.3302,0.6378,donor
LOC101929679,0.2143,0.3739,0.6378,donor
GPR179##1,0.5516,0.1421,0.6285,donor
CRTC3-AS1,-0.3323,0.4766,0.71,donor
LINC01585,0.2094,0.4902,0.7185,donor
CERS3-AS1,-0.0126,0.3632,0.6378,donor
LINC01521,1.4791,0.03588,0.4276,donor
UPK3B,0.0136,0.8791,0.9461,donor
MGC16025,1.0904,0.0713,0.5111,donor
KCNN4,0.0288,0.3739,0.6378,donor
KCNN1,0.4096,0.0537,0.4691,donor
LINC00400,0.1377,0.3581,0.6378,donor
LINC00354,0.0884,0.3739,0.6378,donor
ZNF793-AS1,0.0504,0.8675,0.9404,donor
TADA2A,-0.6108,0.3223,0.6378,donor
SNRPD1,-0.1693,0.3939,0.6532,donor
SH3GL2,-0.7321,0.07772,0.5233,donor
UBE2E4P,-0.2652,0.343,0.6378,donor
RXRA,0.3962,0.5256,0.7416,donor
TARID,0.0673,0.3739,0.6378,donor
LMO7-AS1,0.1594,0.4964,0.7231,donor
LOC101926897,0.1801,0.2264,0.6378,donor
LINC00368,0.2811,0.3211,0.6378,donor
LINC01049,0.156,0.3739,0.6378,donor
LOC339059,0.1117,0.3739,0.6378,donor
C3orf14,-0.731,0.01744,0.349,donor
LOC389602,0.1012,0.3739,0.6378,donor
SVEP1,-0.1616,0.7885,0.9017,donor
LINC01314,-0.3197,0.2117,0.6378,donor
ZNF213-AS1,0.5846,0.1006,0.5682,donor
C1orf194,0.5113,0.5437,0.7532,donor
SYNDIG1L,-0.0208,0.9586,0.9814,donor
LNP1,1.72,0.03517,0.4276,donor
WIPF3,-1.1347,0.01332,0.3236,donor
PLEKHM3,1.0136,0.1043,0.5734,donor
MZT1,-1.1609,0.001801,0.2293,donor
VWA5B1,0.732,0.09899,0.5672,donor
ATAD3C,0.8293,0.0751,0.5199,donor
KHDC1L,0.037,0.6652,0.8298,donor
PTCHD3,0.2094,0.1877,0.6378,donor
ACCSL,0.079,0.3739,0.6378,donor
PLAA,0.3106,0.6055,0.7928,donor
SLC35F1,0.5956,0.4523,0.6935,donor
C1orf68,-0.0767,0.3632,0.6378,donor
PRR23B,0.055,0.3739,0.6378,donor
C2orf68,0.059,0.8358,0.9252,donor
SLC6A17,0.9268,0.03189,0.4167,donor
C1QL3,1.1696,0.1252,0.6026,donor
TECRL,-0.0205,0.3632,0.6378,donor
GAGE10,0.1815,0.1727,0.6378,donor
DBX2,0.3063,0.3739,0.6378,donor
ERCC6L2,0.1305,0.8021,0.9092,donor
IL17REL,-0.0205,0.3632,0.6378,donor
CALHM1,0.0808,0.3739,0.6378,donor
LINC00412,-0.2457,0.556,0.7609,donor
LOC101929140,-0.9365,0.1334,0.6173,donor
LOC101929259,-0.0652,0.6957,0.8477,donor
LINC01198,0.0102,0.3739,0.6378,donor
LOC101927437,-0.0126,0.3632,0.6378,donor
LINC00343,0.055,0.3739,0.6378,donor
ZNF710,1.0972,0.01257,0.3191,donor
LINC00683,0.0399,0.9381,0.9728,donor
LOC100507006,0.1923,0.2598,0.6378,donor
ADPRH,-0.9435,0.3442,0.6378,donor
UBE2Q2L,-0.0705,0.295,0.6378,donor
GUCY1B3,0.1318,0.6561,0.8243,donor
NMU,-0.0097,0.7423,0.8757,donor
ING2,-0.1661,0.7868,0.9005,donor
LINC01569,-0.0262,0.9758,0.99,donor
TBC1D19,-0.2066,0.48,0.7122,donor
ZNF76,0.9755,0.02085,0.3644,donor
MRPS18C,-0.9383,0.009805,0.299,donor
BMPR1B-AS1,-0.0881,0.5639,0.766,donor
KLHL8,0.1315,0.6082,0.794,donor
CETN3,0.1103,0.7511,0.8814,donor
MSRA,-0.3544,0.575,0.7725,donor
CACNA1C-IT2,0.0422,0.3739,0.6378,donor
CACNA1C-AS2,0.2714,0.4374,0.6846,donor
LOC101928100,-0.1116,0.6612,0.828,donor
LOC101927267,0.1267,0.7449,0.8776,donor
OR7E47P,1.282,0.0697,0.5086,donor
SSR1,-0.2601,0.3092,0.6378,donor
LOC100507065,-0.0011,0.9792,0.9911,donor
ZNF330,-0.6172,0.1147,0.5869,donor
SRF,-0.3556,0.5849,0.7783,donor
LOC101929162,-0.1324,0.6231,0.804,donor
TESC-AS1,0.0295,0.3739,0.6378,donor
PLBD1-AS1,0.0868,0.7185,0.8615,donor
GRIN2A,1.5923,0.02107,0.3644,donor
TMEM173,0.5259,0.6297,0.8079,donor
HCLS1,-0.3195,0.5419,0.7518,donor
MAN2B2,0.5864,0.2142,0.6378,donor
LOC100129940##1,0.0295,0.3739,0.6378,donor
MORN1,0.9466,0.03174,0.4161,donor
GJA1,-0.1239,0.3431,0.6378,donor
BRD1,1.0609,0.07827,0.5246,donor
PLP1,0.381,0.2373,0.6378,donor
OR6C65,0.0288,0.3739,0.6378,donor
OR6C70,-0.181,0.3632,0.6378,donor
EBF3,0.1865,0.2035,0.6378,donor
OR1L1,0.0288,0.3739,0.6378,donor
OR2J3,0.0477,0.3739,0.6378,donor
OR8G5,0.0295,0.3739,0.6378,donor
OR8S1,-0.0859,0.3632,0.6378,donor
OR51M1,0.301,0.3739,0.6378,donor
OR4N2,0.0148,0.3739,0.6378,donor
OR10Q1,0.1175,0.3739,0.6378,donor
ANKRD34B,0.0364,0.6847,0.8409,donor
ITGA11,0.1155,0.246,0.6378,donor
VHLL,-0.0768,0.6848,0.8409,donor
AGMO,-0.0108,0.9839,0.993,donor
PAPL,-0.4871,0.2323,0.6378,donor
TMEM220,0.7953,0.02748,0.3973,donor
C10orf90,-0.0468,0.3632,0.6378,donor
ISL2,-0.0126,0.3632,0.6378,donor
TRIM34##2,0.0348,0.1842,0.6378,donor
ARHGEF35,-0.9992,0.07455,0.5192,donor
ESCO2,0.03,0.6386,0.8134,donor
SUMO4,0.6147,0.2124,0.6378,donor
ANO7,-1.1452,0.01905,0.3592,donor
VCX3B,0.0148,0.3739,0.6378,donor
MAP3K15,0.4014,0.3746,0.6381,donor
SPATA31D1,-0.0205,0.3632,0.6378,donor
CYP27C1,-0.0125,0.3632,0.6378,donor
GDF6,-0.0126,0.3632,0.6378,donor
ZNF763,-1.8178,0.06925,0.507,donor
CASC10,-0.4154,0.1477,0.637,donor
SERP2,-0.3035,0.217,0.6378,donor
LYRM1,-0.777,0.07635,0.5216,donor
FAT3,-0.1154,0.3055,0.6378,donor
REEP3,-0.3967,0.1471,0.6359,donor
KCNQ5-IT1,0.0148,0.3739,0.6378,donor
SYNE1-AS1,-0.0819,0.4311,0.6798,donor
LOC100653233,0.0998,0.297,0.6378,donor
LOC101928168,-0.0715,0.3343,0.6378,donor
ID2-AS1,-0.0864,0.797,0.9063,donor
LOC102723885,0.0412,0.8707,0.9418,donor
LOC102724094,-0.1834,0.4694,0.7046,donor
LINC01506,-0.0126,0.3632,0.6378,donor
LOC101928861,0.7614,0.2124,0.6378,donor
SRGAP2D,-0.1225,0.1086,0.5783,donor
LINC01150,0.055,0.3739,0.6378,donor
LOC101928008,0.4422,0.1579,0.6378,donor
LOC101928053,0.8542,0.1991,0.6378,donor
NAV2-AS2,0.1455,0.4117,0.6667,donor
LOC100506675,-0.4112,0.09193,0.5548,donor
LOC100507144,-0.093,0.687,0.8421,donor
LOC101928443,-0.0126,0.3632,0.6378,donor
LOC101929427,0.382,0.3911,0.6512,donor
LOC101928812,-0.2816,0.6622,0.8284,donor
LOC101928894,0.055,0.3739,0.6378,donor
LOC101928943,0.4063,0.2557,0.6378,donor
TUB-AS1,0.0148,0.3739,0.6378,donor
MRGPRF-AS1,-0.0147,0.3632,0.6378,donor
LOC101928580,-0.0149,0.4513,0.6926,donor
LOC101928837,-0.207,0.3311,0.6378,donor
LOC101928865,0.1559,0.2427,0.6378,donor
LOC101928896,0.3725,0.158,0.6378,donor
LOC101928535,0.176,0.3739,0.6378,donor
LOC101928823,-0.0466,0.3632,0.6378,donor
LOC101928847,0.3209,0.7152,0.8596,donor
LOC101928940,0.1096,0.2361,0.6378,donor
SLC38A8,0.3359,0.2888,0.6378,donor
PXDNL,-0.3145,0.2959,0.6378,donor
METTL5,-0.1553,0.4561,0.6955,donor
LOC101927055,0.0826,0.2079,0.6378,donor
HCG2040054,0.0476,0.1849,0.6378,donor
CEMIP,0.9777,0.008869,0.2929,donor
LINC01315,-0.4659,0.3263,0.6378,donor
LINC01387,-0.0172,0.7631,0.8865,donor
LINCR-0001,0.0288,0.3739,0.6378,donor
CXorf67,0.6333,0.2206,0.6378,donor
LOC101927762,0.0647,0.3739,0.6378,donor
LOC101927964,0.287,0.404,0.6604,donor
LOC101928150,-0.1532,0.3685,0.6378,donor
NUTM2B-AS1,-0.1046,0.7102,0.8558,donor
SLC16A12-AS1,0.1354,0.1857,0.6378,donor
PLCE1-AS2,-0.0394,0.3632,0.6378,donor
LOC101927419,-0.1727,0.1592,0.6378,donor
LOC101927472,0.0969,0.7905,0.9027,donor
LOC101927523,0.0148,0.3739,0.6378,donor
LOC101927692,0.343,0.1756,0.6378,donor
FAM53B-AS1,0.2981,0.1236,0.6022,donor
EDRF1-AS1,0.1164,0.6064,0.7932,donor
LINC01163,0.0903,0.3739,0.6378,donor
TCERG1L-AS1,-0.452,0.1727,0.6378,donor
LINC01166,-0.0205,0.3632,0.6378,donor
LOC101928834,-0.0072,0.7912,0.9029,donor
LINC01515,-0.2193,0.5622,0.7648,donor
LOC101929073,0.2019,0.2222,0.6378,donor
LOC101929279,-0.0567,0.5029,0.7275,donor
LOC101929431,-0.6114,0.3168,0.6378,donor
KCNMA1-AS1,0.4171,0.2198,0.6378,donor
LINC01468,0.02,0.3739,0.6378,donor
TMEM26-AS1,0.0148,0.3739,0.6378,donor
LOC101928994,0.0102,0.3739,0.6378,donor
KCNMA1-AS2,0.1412,0.5459,0.755,donor
LOC101929574,0.0619,0.9025,0.956,donor
LOC102723703,-0.1195,0.3632,0.6378,donor
DYRK1B,0.3906,0.3935,0.653,donor
MED15,0.1128,0.779,0.8949,donor
SS18L1,-0.9415,0.005795,0.2658,donor
MCCC1,0.722,0.06022,0.4852,donor
LOC101926941,-0.0078,0.9573,0.9812,donor
LOC102724009,0.1112,0.4428,0.6874,donor
C8orf59,-0.4092,0.1808,0.6378,donor
LOC100507316,-0.3775,0.3325,0.6378,donor
LOC101927640,0.0673,0.3739,0.6378,donor
C7orf65,0.0729,0.3739,0.6378,donor
LINC01474,-0.3543,0.2804,0.6378,donor
C9orf41-AS1,0.1661,0.6803,0.8383,donor
LOC414300,0.578,0.2509,0.6378,donor
ARL14EP,-0.2011,0.6053,0.7928,donor
LINC01507,0.0006,0.9954,0.9982,donor
LOC101927954,0.0422,0.3739,0.6378,donor
PCAT7,0.0572,0.273,0.6378,donor
LINC01231,0.079,0.3739,0.6378,donor
RFX3-AS1,0.5084,0.4132,0.6674,donor
CDC37L1-AS1,-0.4795,0.102,0.5697,donor
PTPRD-AS1,-0.2035,0.6869,0.8421,donor
FOCAD-AS1,0.1124,0.6577,0.8254,donor
LOC101929563,0.781,0.1523,0.6378,donor
TMEM246-AS1,-0.0543,0.7022,0.8515,donor
LINC01492,0.0148,0.3739,0.6378,donor
SMC2-AS1,-0.0201,0.9471,0.9771,donor
LINC01509,0.0102,0.3739,0.6378,donor
LOC101929116,0.0148,0.3739,0.6378,donor
LOC101929331,0.0148,0.3739,0.6378,donor
LOC101928525,0.089,0.6502,0.8203,donor
LINC01573,0.0422,0.3739,0.6378,donor
LOC100133077,-0.0152,0.9256,0.966,donor
LOC101928786,0.079,0.3739,0.6378,donor
LINC00901,0.6972,0.4163,0.6692,donor
LOC100507291,0.8688,0.09107,0.552,donor
LOC100507639,-0.4819,0.2251,0.6378,donor
LOC100996286,0.0673,0.3739,0.6378,donor
LINC00472,0.3621,0.5562,0.7611,donor
LOC100507477,0.9317,0.1664,0.6378,donor
LOC103352541,0.0164,0.9045,0.9574,donor
LOC100507420,-0.2506,0.3367,0.6378,donor
IFT74-AS1,0.1235,0.4012,0.6586,donor
ATP6AP1L,1.2184,0.09997,0.5676,donor
LOC100996583,-0.0576,0.9249,0.9657,donor
RNVU1-8,-0.019,0.8282,0.9216,donor
RNU1-13P,0.1964,0.2335,0.6378,donor
LOC101060498,-0.2128,0.7312,0.8697,donor
DBET,0.055,0.3739,0.6378,donor
LOC100996348,0.02,0.3739,0.6378,donor
SF3A1,-0.3003,0.2708,0.6378,donor
LINC01465,0.154,0.7024,0.8515,donor
CNTN4-AS1,0.1015,0.4304,0.6794,donor
GRM7-AS1,0.0296,0.5325,0.7456,donor
ITIH4-AS1,0.0296,0.4051,0.6611,donor
MYLK-AS1,0.8971,0.3183,0.6378,donor
MYLK-AS2,0.0387,0.3739,0.6378,donor
FGF12-AS1,0.0102,0.3739,0.6378,donor
LMLN-AS1,0.0148,0.3739,0.6378,donor
LOC100507388,0.5144,0.4896,0.7184,donor
LINC01410,0.5168,0.4274,0.6772,donor
LOC101927416,-0.0568,0.3632,0.6378,donor
ZNF385D-AS1,0.2339,0.05508,0.4734,donor
STT3B,0.4312,0.124,0.6022,donor
GLYCTK-AS1,-0.0357,0.3632,0.6378,donor
PLCXD2-AS1,0.267,0.3739,0.6378,donor
NIPBL-AS1,0.3192,0.4457,0.6887,donor
LOC101929754,0.0486,0.7983,0.907,donor
ZBTB20-AS4,0.3554,0.5512,0.7583,donor
B4GALT4-AS1,-0.0617,0.738,0.8741,donor
TM4SF19-AS1,-0.2241,0.5862,0.7791,donor
HDAC11-AS1,-0.0151,0.9026,0.9561,donor
ZNF385D-AS2,0.0025,0.9955,0.9982,donor
LOC101927854,-0.1685,0.4062,0.6619,donor
ARHGAP31-AS1,-0.6236,0.2047,0.6378,donor
ERICH6-AS1,0.417,0.585,0.7783,donor
NAALADL2-AS2,0.1504,0.2386,0.6378,donor
NAALADL2-AS1,0.055,0.3739,0.6378,donor
ATP13A5-AS1,-0.2563,0.3349,0.6378,donor
LINC01182,0.0038,0.9124,0.9601,donor
LINC01179,0.0884,0.3739,0.6378,donor
DDC-AS1,0.0067,0.9595,0.9818,donor
SPINK1,-0.8045,0.1204,0.5962,donor
LINC00824,0.0288,0.3739,0.6378,donor
LOC51145,0.131,0.3739,0.6378,donor
LINC01262,0.0527,0.3739,0.6378,donor
C1orf95,-0.0126,0.3632,0.6378,donor
ZNF561-AS1,-0.7701,0.4293,0.6785,donor
LOC284930,0.0288,0.3739,0.6378,donor
ARRDC1-AS1,1.3933,0.003559,0.2498,donor
LINC01567,1.746,0.04784,0.454,donor
LOC400661,-0.0702,0.8212,0.9182,donor
LOC285043,0.1012,0.3739,0.6378,donor
LOC400997,0.1521,0.5758,0.7729,donor
TBC1D22A-AS1,0.206,0.1956,0.6378,donor
LOC729083,0.0224,0.8855,0.9483,donor
LOC255187,0.0288,0.3739,0.6378,donor
LOC401312,-0.0205,0.3632,0.6378,donor
LOC403323,1.0696,0.1748,0.6378,donor
LINC01296##1,0.1015,0.1086,0.5783,donor
LOC440446,0.055,0.3739,0.6378,donor
C5orf38,0.151,0.3749,0.6383,donor
DOK5,-0.0388,0.9276,0.9671,donor
DUXAP8,0.0906,0.2854,0.6378,donor
LINC00969,1.7494,0.006705,0.2732,donor
LOC439933,0.0288,0.3739,0.6378,donor
KU-MEL-3,0.0288,0.3739,0.6378,donor
CYP51A1-AS1,-0.0027,0.9967,0.9988,donor
BICC1,0.4169,0.6235,0.8041,donor
LOC100049716,0.247,0.801,0.9087,donor
TGFB3,1.2056,0.08703,0.5444,donor
LOC730202,-0.1208,0.8168,0.9163,donor
LOC728485,0.271,0.5364,0.7486,donor
LOC729658,0.9152,0.07127,0.5111,donor
TSL,0.2077,0.5084,0.7319,donor
NINJ2,0.4223,0.05923,0.4822,donor
MTMR12,0.0723,0.847,0.9304,donor
MFSD7,1.1218,0.05086,0.4636,donor
SDHA,0.2382,0.3547,0.6378,donor
DAPK3,1.6644,0.02058,0.3623,donor
APELA,-0.1033,0.3632,0.6378,donor
HAS1,0.1707,0.1903,0.6378,donor
HGFAC,0.0081,0.9247,0.9657,donor
DCDC5,-1.267,0.1823,0.6378,donor
LOC399491,0.0651,0.8797,0.9464,donor
TCEANC,-0.2418,0.6429,0.8155,donor
TMEM128,-1.0452,0.03233,0.4185,donor
HTRA3,0.0351,0.669,0.8318,donor
TRERF1,1.0312,0.1243,0.6022,donor
FAM9B,0.288,0.3739,0.6378,donor
LOC115110,1.2198,0.02505,0.3869,donor
TNFRSF14,1.0387,0.1492,0.6378,donor
HNRNPR,0.2368,0.2813,0.6378,donor
ZNF480,0.4079,0.07381,0.5171,donor
ZNF461,0.308,0.6112,0.7957,donor
SLC30A2,-1.3339,0.2176,0.6378,donor
DLSTP1,0.9151,0.1548,0.6378,donor
MAP3K6,-0.2963,0.7387,0.8742,donor
LOC729867,0.2991,0.3554,0.6378,donor
CDCA3,0.6754,0.333,0.6378,donor
SPATA18,0.5125,0.3966,0.655,donor
LOC339260,0.0148,0.3739,0.6378,donor
ZNF823,-1.7355,0.1208,0.5962,donor
MIER3,0.1895,0.7531,0.8824,donor
SEL1L3,0.071,0.9214,0.9649,donor
PGM2L1,-1.7862,0.1535,0.6378,donor
SNX14,-0.2106,0.5255,0.7416,donor
CWC27,-0.4464,0.1352,0.6188,donor
ZNF570,-0.7154,0.5786,0.7747,donor
TMEM53,0.2957,0.2702,0.6378,donor
MRPL9,0.08,0.5898,0.7816,donor
TSEN15,0.1881,0.5323,0.7456,donor
ANGEL2,0.0711,0.8485,0.9315,donor
SV2C,0.1237,0.7678,0.8889,donor
RASGEF1B,0.8272,0.3016,0.6378,donor
LOH12CR1,0.4845,0.3918,0.6516,donor
LMBR1L,2.1511,0.03038,0.4102,donor
NUDT12,-0.7483,0.03532,0.4276,donor
SLC9B2,-0.0469,0.901,0.9553,donor
PRIMPOL,-0.0262,0.9183,0.963,donor
NAA40,0.6679,0.114,0.5863,donor
HELT,-0.0125,0.3632,0.6378,donor
C11orf85,0.094,0.5721,0.7709,donor
ERP27,-0.971,0.1221,0.5989,donor
MTTP,-0.6037,0.4694,0.7046,donor
KIF3A,0.1035,0.6428,0.8155,donor
RAN,-0.3869,0.01192,0.3142,donor
ZNF140,-0.6907,0.04004,0.4333,donor
SEMA6A,0.9512,0.1502,0.6378,donor
RNF19B,0.711,0.0697,0.5086,donor
KRT39,-0.2165,0.3324,0.6378,donor
TEX38,0.1175,0.3739,0.6378,donor
EIF4B,-0.1016,0.633,0.8096,donor
PIFO,0.3268,0.7947,0.9052,donor
C1orf162,-1.4033,0.05692,0.478,donor
CIART,-0.8837,0.199,0.6378,donor
RC3H1,-0.0894,0.7556,0.8839,donor
MIA3,0.9664,0.03689,0.4276,donor
ZCCHC10,-0.0965,0.841,0.9271,donor
C1orf131,-0.5399,0.2264,0.6378,donor
SLC25A45,1.4101,0.05303,0.4672,donor
FOSL1,-0.1194,0.8702,0.9416,donor
DDX46,0.3379,0.2244,0.6378,donor
ZNF556,0.3066,0.3748,0.6383,donor
MPND,0.8693,0.2916,0.6378,donor
LINC01550,0.1197,0.3569,0.6378,donor
LOC400706,0.6214,0.3011,0.6378,donor
ZNF528-AS1,-0.656,0.02915,0.4054,donor
ZNF737,-1.1525,0.1184,0.594,donor
MRPL2,0.2579,0.2426,0.6378,donor
DNAJB1,-1.0425,0.1114,0.5827,donor
ABLIM3,0.4701,0.4114,0.6666,donor
CD55,-1.0801,0.03214,0.4171,donor
GMFG,0.0102,0.3739,0.6378,donor
SYDE1,-0.0126,0.3632,0.6378,donor
CIB3,0.0102,0.3739,0.6378,donor
SCLT1,1.4715,0.102,0.5697,donor
IBTK,-0.0539,0.8318,0.9237,donor
SRSF10,-0.1029,0.6387,0.8134,donor
BSDC1,0.0386,0.917,0.9626,donor
TMCO6,0.8069,0.1351,0.6188,donor
ZNF567,-0.4514,0.2701,0.6378,donor
CCDC181,-0.0563,0.864,0.939,donor
OPLAH,0.012,0.9524,0.9792,donor
TMCC3,-0.163,0.5738,0.7718,donor
C11orf30,0.4598,0.1084,0.5782,donor
ACER3,-0.9546,0.2381,0.6378,donor
NR2C2AP,-0.4512,0.5995,0.7891,donor
ANKRD42,1.0148,0.06294,0.4917,donor
ARL1,-0.1481,0.4969,0.7235,donor
YEATS4,-0.564,0.1672,0.6378,donor
CSRP2,0.3924,0.4893,0.7182,donor
SNRNP70,0.513,0.2532,0.6378,donor
ZNF101,-1.0277,0.2972,0.6378,donor
ZNF91,0.243,0.474,0.7082,donor
C19orf40,-0.9579,0.1957,0.6378,donor
RRN3##1,-0.6673,0.03382,0.4236,donor
ETV2,0.0308,0.9324,0.9696,donor
ZNF114,-0.2587,0.3632,0.6378,donor
PPIA,-0.5413,0.1065,0.5747,donor
MAST1,1.1077,0.1074,0.576,donor
FAM221A,0.4358,0.4766,0.71,donor
CDK19,-0.2752,0.784,0.8986,donor
USP28,0.0867,0.8706,0.9418,donor
ZSWIM6,0.5272,0.514,0.7354,donor
HAO2,0.02,0.3739,0.6378,donor
TJP1##1,0.1445,0.7897,0.9025,donor
ERF,1.3287,0.07198,0.513,donor
LOC79160,0.0896,0.6354,0.811,donor
VSTM2A,0.211,0.3739,0.6378,donor
VASH2,-0.4384,0.5207,0.739,donor
CNOT8,-0.8095,0.001552,0.2293,donor
ERVFRD-1,0.0778,0.7387,0.8742,donor
LOC100506679,-0.2493,0.2901,0.6378,donor
USP46-AS1,0.451,0.3582,0.6378,donor
MKLN1-AS,1.2681,0.09381,0.5571,donor
LOC401585,1.0189,0.06789,0.5037,donor
MYHAS,0.0148,0.3739,0.6378,donor
HNRNPUL1,0.2618,0.34,0.6378,donor
LOC100129434,0.495,0.2162,0.6378,donor
VPS39,1.0831,0.01167,0.3139,donor
LOC100419583,-1.3224,0.2783,0.6378,donor
LOC100288152,0.6765,0.3059,0.6378,donor
USP30,0.0363,0.9252,0.9658,donor
LOC100507437,0.7858,0.3396,0.6378,donor
LINGO1,-0.0257,0.5174,0.7371,donor
NHLRC4,-0.2239,0.4516,0.693,donor
LOC100507530,1.9039,0.1087,0.5784,donor
LOC101926926,-1.0306,0.03911,0.4295,donor
LOC101927003,-0.2982,0.4276,0.6773,donor
LOC101927066,0.6866,0.6035,0.7916,donor
DIAPH2-AS1,0.451,0.3648,0.6378,donor
MYEF2,-0.5609,0.04573,0.4475,donor
CDKN2AIP,-0.4295,0.183,0.6378,donor
LOC101928323,0.0113,0.8803,0.9466,donor
LOC102723582,0.4015,0.2268,0.6378,donor
LOC101927056,0.6634,0.1914,0.6378,donor
LINC01471,0.406,0.3739,0.6378,donor
GATA2-AS1,-0.0572,0.3632,0.6378,donor
PAQR9-AS1,0.0647,0.3739,0.6378,donor
LOC101928739,0.0647,0.3739,0.6378,donor
LOC102724604,0.4159,0.3739,0.6378,donor
LOC102724699,0.0288,0.3739,0.6378,donor
LOC100505920,0.0718,0.08776,0.5469,donor
TUSC2,-0.0637,0.7641,0.8869,donor
LOC101927815,0.0505,0.4073,0.6627,donor
LOC101929128,0.02,0.3739,0.6378,donor
LOC101929229,-0.0254,0.939,0.9733,donor
LOC101929066,0.5411,0.4224,0.6732,donor
LOC101929237,0.0989,0.8106,0.9129,donor
LOC101927067,0.4967,0.3406,0.6378,donor
LOC101927221,0.8803,0.03924,0.4295,donor
LOC101927543,-0.0465,0.4285,0.6778,donor
LOC101927588,0.4508,0.5296,0.7444,donor
LOC101927845,-0.0468,0.3632,0.6378,donor
NPHP3-ACAD11,0.1022,0.8501,0.9323,donor
LOC100506022,0.1081,0.8384,0.9259,donor
CYP4F29P,0.0148,0.3739,0.6378,donor
POT1-AS1,-0.7009,0.4411,0.6867,donor
ZNF169,-0.0426,0.9159,0.9617,donor
LLPH-AS1,-0.0337,0.8315,0.9237,donor
LINC00456,0.2612,0.3739,0.6378,donor
MT1G,-1.4158,0.381,0.6432,donor
MIR325HG,-0.0218,0.9616,0.9828,donor
TTTY14,-0.0056,0.9942,0.9974,donor
CEBPB-AS1,0.0555,0.8685,0.941,donor
VEGFC,0.0956,0.2899,0.6378,donor
LOC100505938,-0.083,0.8007,0.9084,donor
C14orf169,0.5658,0.4532,0.694,donor
NUDT18,0.4648,0.1615,0.6378,donor
METTL8,1.2921,0.02872,0.4029,donor
ANKRD34A,2.3702,0.001578,0.2293,donor
LOC154872,0.0295,0.3739,0.6378,donor
DGKK,0.0377,0.4253,0.6755,donor
NUDT17,0.4101,0.5769,0.7736,donor
C1orf186,0.0262,0.5489,0.7573,donor
LOC102723704,0.3288,0.5919,0.7832,donor
FMO2,0.2855,0.3189,0.6378,donor
BBOX1-AS1,-0.0733,0.4472,0.6899,donor
LINC01058,-0.088,0.3632,0.6378,donor
LINC01048,0.0275,0.3739,0.6378,donor
LINC01068,0.4963,0.4007,0.6585,donor
LINC00377,0.0673,0.3739,0.6378,donor
LINC01269,0.0859,0.07068,0.5094,donor
LINC01170,-0.0566,0.391,0.6511,donor
LINC01287,0.3461,0.1478,0.637,donor
LURAP1L-AS1,-0.7076,0.3545,0.6378,donor
SPATA17-AS1,0.0488,0.5878,0.78,donor
MYCNUT,0.1676,0.3739,0.6378,donor
CATIP-AS2,0.1654,0.3253,0.6378,donor
LINC01031,0.0877,0.6696,0.832,donor
BIRC6-AS2,0.634,0.118,0.5938,donor
LINC01411,0.0647,0.3739,0.6378,donor
CCND2-AS1,-0.6799,0.08569,0.5422,donor
LINC01055,0.0148,0.3739,0.6378,donor
LINC01291,0.0903,0.3739,0.6378,donor
SATB1-AS1,0.9619,0.1096,0.5804,donor
FOXCUT,0.1794,0.4034,0.6603,donor
ZFPM2-AS1,0.0288,0.3739,0.6378,donor
RORB-AS1,0.4863,0.1861,0.6378,donor
LOC100505635,-0.0232,0.818,0.9169,donor
LOC102723729,-0.0855,0.5424,0.7521,donor
LOC101929897,0.1862,0.4284,0.6777,donor
LOC102724612,0.0102,0.3739,0.6378,donor
LOC101929709,0.1444,0.8562,0.9351,donor
SNX29,1.5665,0.002205,0.2294,donor
LOC101926915,0.1888,0.6903,0.8445,donor
LOC101926898,0.1228,0.8046,0.9105,donor
LOC101927020,0.0148,0.3739,0.6378,donor
SNX8,0.8702,0.3121,0.6378,donor
GALNT13,-1.7597,0.1497,0.6378,donor
MED12L,0.6053,0.5232,0.7404,donor
LOC101927972,0.1218,0.3739,0.6378,donor
LINC01564,-1.035,0.09983,0.5675,donor
LOC101927189,-0.132,0.4328,0.6809,donor
LOC101927365,0.2941,0.3419,0.6378,donor
LOC101927686,-0.2796,0.09114,0.5523,donor
LOC101927768,0.0494,0.8653,0.9394,donor
LOC101928140,0.0377,0.8461,0.9298,donor
LOC101928191,0.1649,0.3251,0.6378,donor
LOC101928253,0.0102,0.3739,0.6378,donor
LOC101928353,0.0906,0.4459,0.6888,donor
LOC101928540,0.055,0.3739,0.6378,donor
LOC101928304,0.2995,0.227,0.6378,donor
LOC101928461,0.4469,0.1443,0.6317,donor
LOC101927179,-0.0245,0.3632,0.6378,donor
LOC101927157,-0.0409,0.8982,0.9543,donor
LOC101929705,-1.0808,0.2495,0.6378,donor
LOC101930010,-1.0474,0.09859,0.5668,donor
LOC101928307,0.6443,0.2661,0.6378,donor
LOC102724201,0.1117,0.3739,0.6378,donor
LOC102723831,0.0885,0.3739,0.6378,donor
LOC101929297,0.0288,0.3739,0.6378,donor
LOC100507487,-0.2666,0.7421,0.8757,donor
LOC101927305,0.1935,0.2794,0.6378,donor
LOC101927359,-0.181,0.7199,0.8619,donor
LOC101927636,0.2242,0.3465,0.6378,donor
LOC101927849,-0.0224,0.9209,0.9646,donor
LRAT,-0.7026,0.2445,0.6378,donor
MFAP3L,1.3336,0.03701,0.4276,donor
MFAP3L##1,0.0102,0.3739,0.6378,donor
LOC101928223,-1.1455,0.07358,0.5167,donor
LOC101928509,0.0181,0.8409,0.9271,donor
R3HCC1,0.0296,0.9526,0.9792,donor
LOC101928551,0.2347,0.7865,0.9005,donor
LOC101928590,-0.1558,0.648,0.8185,donor
LOC101929019,0.0676,0.1839,0.6378,donor
LOC101929095,0.0496,0.6906,0.8447,donor
LOC101928851,0.02,0.3739,0.6378,donor
LOC90768,0.0171,0.8868,0.9485,donor
LOC101928809,0.0696,0.7395,0.8745,donor
LOC101928978,1.0622,0.1807,0.6378,donor
FGF14-AS1,0.1592,0.3733,0.6378,donor
CDKN2A-AS1,0.0758,0.3739,0.6378,donor
CFAP70,0.5268,0.21,0.6378,donor
ERI3,0.1929,0.4504,0.6923,donor
BHLHE40-AS1,0.1856,0.7421,0.8757,donor
LOC101929577,0.4278,0.3286,0.6378,donor
LOC101929595,0.2058,0.7574,0.8847,donor
LOC101929741,-0.0547,0.8446,0.9292,donor
LOC101929762,0.0513,0.8651,0.9394,donor
LOC102724776,0.0827,0.3782,0.641,donor
LOC102723766,0.1692,0.3412,0.6378,donor
LENG9##3,0.0546,0.9074,0.9586,donor
LOC102724312,-0.0764,0.2134,0.6378,donor
LOC102724450,-0.1134,0.4396,0.686,donor
LOC102724539,0.1932,0.2145,0.6378,donor
LOC102724552,0.5406,0.5029,0.7275,donor
LOC102724659,0.0018,0.9684,0.9865,donor
LOC101929464,-0.0272,0.884,0.9481,donor
LOC101929516,-0.0429,0.7257,0.8662,donor
LOC101929592,0.0134,0.8992,0.9548,donor
LOC101929626,0.8442,0.1048,0.5734,donor
LOC101929721,0.1608,0.3395,0.6378,donor
LOC101928995,-0.0592,0.5461,0.7552,donor
LOC101928977,-0.0441,0.3403,0.6378,donor
LOC101929023,0.0758,0.3739,0.6378,donor
LOC101929147,0.7124,0.111,0.5826,donor
LOC101928979,0.2831,0.3585,0.6378,donor
LOC101928751,0.2059,0.1835,0.6378,donor
LOC101928973,0.0288,0.3739,0.6378,donor
LOC102724919,-0.0459,0.6876,0.8425,donor
LINC01032,0.2358,0.3512,0.6378,donor
LOC101929541,-0.0552,0.8628,0.9383,donor
LOC101929565,0.0521,0.4703,0.7049,donor
IGF2##2,-0.0149,0.9004,0.9552,donor
LOC283140,-0.4234,0.3192,0.6378,donor
LINC00562,0.3675,0.6524,0.8222,donor
FOXG1-AS1,0.4915,0.3627,0.6378,donor
LOC400541,0.0652,0.2891,0.6378,donor
LOC440390,0.1032,0.296,0.6378,donor
LOC284825,-0.0659,0.1543,0.6378,donor
LOC101927973,0.4022,0.2023,0.6378,donor
LOC285766,0.131,0.3739,0.6378,donor
LOC100129461,0.5827,0.3566,0.6378,donor
LOC154449,0.0885,0.3739,0.6378,donor
LOC100128317,0.079,0.3739,0.6378,donor
OR2A1-AS1##1,-0.0205,0.3632,0.6378,donor
EXTL3-AS1,0.2733,0.2773,0.6378,donor
NCRNA00250,0.176,0.6246,0.8047,donor
LOC340512,-0.0266,0.617,0.7996,donor
MTERF2,-1.3394,0.2378,0.6378,donor
SOCS1,-0.2521,0.8078,0.9118,donor
METTL6,-0.1047,0.7969,0.9063,donor
IGF2##3,-0.0256,0.518,0.7375,donor
CCL16##1,0.025,0.1873,0.6378,donor
LOC101927188,0.204,0.4238,0.6745,donor
LOC101930071,-0.4472,0.08611,0.5432,donor
SIRT4,0.3095,0.6973,0.8486,donor
GLIDR,0.2853,0.344,0.6378,donor
LOC728673,-0.0195,0.9024,0.956,donor
MEMO1,-0.5143,0.2125,0.6378,donor
LPIN3,0.8109,0.1023,0.5704,donor
CCL28,-0.3091,0.5679,0.7681,donor
LOC103908605,-0.2852,0.2078,0.6378,donor
LOC103908605##1,-0.1211,0.4282,0.6777,donor
BOC,0.8342,0.2436,0.6378,donor
LOC100505530,-0.0244,0.3632,0.6378,donor
MTRF1L,-0.2327,0.3071,0.6378,donor
LINC01560,0.2878,0.7029,0.8516,donor
BEND5,-0.7065,0.1053,0.5734,donor
B4GAT1,0.7248,0.06489,0.4977,donor
DEFA4,0.1151,0.1974,0.6378,donor
UMAD1,-0.6375,0.09615,0.561,donor
LOC104054148,0.3509,0.1996,0.6378,donor
LMOD2,0.1797,0.2491,0.6378,donor
TRNT1,0.0269,0.9291,0.9679,donor
VMA21,-0.1549,0.5565,0.7613,donor
ERV3-1,1.5286,0.04582,0.4477,donor
CTU2,0.5781,0.1338,0.6183,donor
RPSA,-0.2561,0.2426,0.6378,donor
KLF13,-0.2424,0.7179,0.8611,donor
LOC400612,-0.5907,0.1116,0.5834,donor
LOC221946,0.3275,0.2231,0.6378,donor
TMEM5-AS1,0.2771,0.1987,0.6378,donor
EDN3,-0.208,0.8215,0.9184,donor
EDN2,0.2145,0.5859,0.7789,donor
LOC101929058,0.0647,0.3739,0.6378,donor
LOC102723604,1.5643,0.001914,0.2294,donor
MESDC2,-0.2455,0.2906,0.6378,donor
LINC01572,0.4221,0.2003,0.6378,donor
LOC101927481,0.1772,0.5612,0.7643,donor
LOC101927070,0.228,0.4557,0.6953,donor
LOC101927932,0.3568,0.6093,0.7945,donor
GGT5,-0.0238,0.6682,0.8314,donor
LOC101929579,0.0422,0.3739,0.6378,donor
IGF2BP2-AS1,0.0921,0.7963,0.9059,donor
TUSC7,-0.4803,0.2106,0.6378,donor
LINC01036,0.085,0.3739,0.6378,donor
LOC171391,0.3221,0.6328,0.8095,donor
LOC100506869,-0.0331,0.1897,0.6378,donor
LOC100506302,-0.4186,0.2561,0.6378,donor
KBTBD11-OT1,0.433,0.3554,0.6378,donor
LOC100506753,0.6101,0.291,0.6378,donor
LINC01389,0.4077,0.2593,0.6378,donor
LINC01264,0.02,0.3739,0.6378,donor
NRIR,-0.0394,0.3632,0.6378,donor
LINC01399,0.1814,0.3006,0.6378,donor
LINC01327,0.0477,0.3739,0.6378,donor
MAFA-AS1,0.0618,0.8228,0.9192,donor
SMAD1-AS1,-0.0773,0.3632,0.6378,donor
TXNDC12-AS1,0.0319,0.8319,0.9237,donor
LINC01397,0.0148,0.3739,0.6378,donor
LINC00431,0.0884,0.3739,0.6378,donor
LINC01143,-0.0381,0.3422,0.6378,donor
AAMP,0.2034,0.2869,0.6378,donor
LINC01336,-0.5171,0.2112,0.6378,donor
DDX3Y,0.4813,0.8416,0.9272,donor
LINC01177,0.0583,0.1778,0.6378,donor
LINC01317,-0.1944,0.386,0.6465,donor
MIR217HG,-0.0481,0.6992,0.8498,donor
LINC01386,0.0148,0.3739,0.6378,donor
C8orf31,0.1079,0.6591,0.8265,donor
C9orf139,0.1608,0.1787,0.6378,donor
SGMS1-AS1,2.2761,0.000933,0.209,donor
LINC01219,-0.066,0.2634,0.6378,donor
SCEL-AS1,-0.0106,0.8334,0.9244,donor
ACYP1,-0.3509,0.1957,0.6378,donor
DHX8,0.4165,0.2316,0.6378,donor
ABCA9-AS1,0.0102,0.3739,0.6378,donor
LINC01090,-0.0126,0.3632,0.6378,donor
BACH1,0.2617,0.3338,0.6378,donor
TSR3,-0.1182,0.7042,0.8525,donor
C10orf25,-1.5569,0.05737,0.4788,donor
F10-AS1,0.3667,0.2725,0.6378,donor
CAPNS1,0.4374,0.1914,0.6378,donor
LENG8-AS1,1.0505,0.06258,0.4905,donor
ZBTB20-AS3,0.5738,0.1931,0.6378,donor
TET2-AS1,-0.1195,0.5289,0.744,donor
SAPCD1-AS1,1.1734,0.001023,0.209,donor
FOXP4-AS1,-0.3352,0.09987,0.5675,donor
LINC00508,0.2107,0.3739,0.6378,donor
WWC2-AS1,0.1012,0.3739,0.6378,donor
PCAT29,-0.0588,0.7711,0.8906,donor
LINC01224,0.2911,0.6661,0.8302,donor
GSTT2##1,0.2182,0.2086,0.6378,donor
STX18-IT1,-0.0027,0.958,0.9814,donor
LINC00504,0.0673,0.3739,0.6378,donor
OVOL3,-0.0097,0.7439,0.8769,donor
C22orf24,-0.1829,0.6123,0.7965,donor
ZCCHC2,0.7935,0.1811,0.6378,donor
AUP1,0.0995,0.76,0.8858,donor
PRG2,0.055,0.3739,0.6378,donor
AIM1,0.4967,0.5147,0.7358,donor
LINC01402,-0.0353,0.711,0.8566,donor
PARP3,2.4789,0.002622,0.2306,donor
LOC104798195,0.1139,0.6014,0.7901,donor
MIR410,-0.0357,0.3632,0.6378,donor
GVINP1,0.2642,0.4976,0.7239,donor
MIR495,-0.068,0.1813,0.6378,donor
MIR376B,0.0275,0.3739,0.6378,donor
DDAH2,-0.1419,0.7397,0.8745,donor
AATBC,-0.417,0.2499,0.6378,donor
LAMA3,0.3928,0.2751,0.6378,donor
TMX4,-0.0802,0.6526,0.8222,donor
TBC1D22B,-0.4205,0.5798,0.7754,donor
SLC35D3,-0.4516,0.6854,0.8413,donor
RAET1G,-0.0438,0.654,0.8228,donor
ULBP2,-0.0865,0.8982,0.9543,donor
SFT2D1,-0.098,0.8175,0.9166,donor
GHET1,1.2417,0.212,0.6378,donor
DUSP12,-0.696,0.01578,0.3404,donor
ITGB2,0.2863,0.3153,0.6378,donor
PDZRN3,-0.3409,0.5822,0.7769,donor
POLN,0.7663,0.2138,0.6378,donor
HAUS3,-0.0037,0.997,0.999,donor
TMEM156,-0.0283,0.6708,0.8327,donor
NPY2R,0.2723,0.554,0.7599,donor
PCDHB6,0.5009,0.6132,0.797,donor
PCDHGB3,0.6596,0.2614,0.6378,donor
SCUBE3,1.6712,0.06958,0.5086,donor
PRG4,-0.6978,0.5111,0.7336,donor
C15orf59,-0.0217,0.9831,0.9927,donor
WDR61,0.3228,0.3629,0.6378,donor
LRRK1,0.7547,0.1761,0.6378,donor
LRRC37A3,0.9128,0.06797,0.5039,donor
ADAMTS1,-0.2507,0.1271,0.6065,donor
DOPEY2,0.984,0.01999,0.3603,donor
MORC2,0.8249,0.2321,0.6378,donor
MAPK12,0.516,0.1811,0.6378,donor
CNTN3,-1.052,0.1179,0.5937,donor
ITGB5,1.0488,0.2436,0.6378,donor
ZNF366,0.0545,0.6436,0.816,donor
SLC25A46,-0.1936,0.5139,0.7354,donor
SLC25A2,0.1573,0.4073,0.6627,donor
LSM11,-0.093,0.9373,0.9724,donor
ZBED8,0.5279,0.2956,0.6378,donor
CNOT6,0.2125,0.6909,0.8449,donor
PRUNE,0.4482,0.08716,0.5447,donor
SORCS3,0.0673,0.3739,0.6378,donor
MVD,1.3058,0.03676,0.4276,donor
RTN4RL1,0.1129,0.7878,0.9013,donor
ATP1B2,-0.5772,0.3995,0.6573,donor
DNAH2,0.6764,0.4177,0.6703,donor
HS3ST3B1,0.8888,0.1981,0.6378,donor
CCDC144NL,0.2826,0.3329,0.6378,donor
KLHL11,0.8076,0.04962,0.4603,donor
ICT1,-0.7368,0.04195,0.4367,donor
NPLOC4,1.2178,0.004231,0.2594,donor
METRNL,-0.1573,0.5994,0.7891,donor
CDHR4,0.0535,0.2303,0.6378,donor
TSC22D2,0.1014,0.861,0.9375,donor
GLP2R,0.1529,0.4934,0.7212,donor
ZNF18,0.2497,0.4629,0.7007,donor
CCDC144A,-0.0562,0.8816,0.947,donor
MYO1D,0.5206,0.001005,0.209,donor
NMT1,0.6599,0.1186,0.5941,donor
NOL11,-0.3177,0.285,0.6378,donor
NUP85,0.5309,0.03654,0.4276,donor
MYL12A,-0.0639,0.8218,0.9186,donor
LOC104968399,-0.2721,0.5488,0.7573,donor
ERICH6,0.4898,0.2214,0.6378,donor
ATP13A4,-0.373,0.3179,0.6378,donor
LRCH3,0.1625,0.6762,0.8361,donor
POLR2B,-0.4985,0.2015,0.6378,donor
KLHL34,0.8071,0.1657,0.6378,donor
ITGB1BP2,-0.3489,0.4601,0.6992,donor
WDR48,-0.3411,0.6526,0.8222,donor
EBLN2,0.3082,0.6308,0.8088,donor
CEP97,1.0079,0.4076,0.663,donor
EEFSEC,0.0379,0.9594,0.9817,donor
TCEA3,-0.2186,0.7421,0.8757,donor
GLUL,-0.6278,0.02774,0.3987,donor
COLGALT2,0.9027,0.2834,0.6378,donor
GOLGA6L5P,0.0944,0.6779,0.8372,donor
ZNF500,0.8034,0.3981,0.6564,donor
TXNDC11,-0.1678,0.6773,0.8369,donor
DNAH3,0.4022,0.2023,0.6378,donor
KLHL36,-0.0524,0.9034,0.9566,donor
HEXIM2,0.7967,0.1595,0.6378,donor
TMEM42,-0.2243,0.6618,0.8282,donor
MARCKS,-0.6153,0.2264,0.6378,donor
AGR3,0.025,0.1873,0.6378,donor
ZNF800,0.2565,0.4932,0.721,donor
TAZ,0.4037,0.6693,0.832,donor
OTUD6A,-0.0126,0.3632,0.6378,donor
PDZD4,0.8307,0.1936,0.6378,donor
CYP2S1,0.1114,0.3241,0.6378,donor
MYPOP,0.3027,0.4818,0.7133,donor
TMEM143,-0.8523,0.2952,0.6378,donor
NTN5,-0.1968,0.4454,0.6884,donor
ZNF280B,-0.9157,0.1141,0.5863,donor
ZCWPW2,1.3038,0.06848,0.5051,donor
GPC2,0.3269,0.1469,0.6355,donor
COPG2IT1,2.0602,0.01585,0.3406,donor
C8orf86,0.0505,0.7615,0.8861,donor
CPNE3,-0.2611,0.26,0.6378,donor
CALB1,-0.5531,0.3177,0.6378,donor
LOC100421746,0.0884,0.3739,0.6378,donor
H2BFXP+LOC100101478##1,-0.0251,0.1747,0.6378,donor
QRICH2,1.1466,0.1301,0.6119,donor
MIR8485,0.0875,0.7702,0.89,donor
RASA2,0.6718,0.09612,0.561,donor
MIR3149,0.0606,0.5259,0.7418,donor
C1QL1,1.1937,0.09677,0.5629,donor
LOC441242,0.6349,0.105,0.5734,donor
CPA1,0.7391,0.5503,0.7581,donor
ERMN,1.6235,0.07053,0.5094,donor
LOC285768,-0.0205,0.3632,0.6378,donor
KIAA1045,0.2426,0.5727,0.7712,donor
LOC100132352,-0.2127,0.5575,0.7617,donor
DIRAS2,-0.9952,0.3127,0.6378,donor
ERP44,-0.5054,0.02753,0.3976,donor
DPH7,0.1177,0.7746,0.8927,donor
ZNF558,-1.1209,0.3501,0.6378,donor
FAM32A,-0.1315,0.405,0.6611,donor
SLC27A1,0.4578,0.4056,0.6616,donor
ZNF547,0.2732,0.78,0.8956,donor
RHOB,-0.649,0.3038,0.6378,donor
CHCHD5,0.0351,0.8946,0.9522,donor
SAMD7,0.2142,0.4619,0.7005,donor
METTL14,-1.4965,0.2677,0.6378,donor
PCDH10,1.2198,0.1812,0.6378,donor
ZFP42,0.0102,0.6466,0.8176,donor
ADAM28,0.1162,0.303,0.6378,donor
ZBTB26,-0.477,0.4796,0.712,donor
LSMEM2,-0.1626,0.3632,0.6378,donor
LRTM1,0.2002,0.3739,0.6378,donor
MUC21,0.131,0.3739,0.6378,donor
SMEK3P,0.1872,0.4021,0.6591,donor
SLMAP,0.2669,0.3935,0.6531,donor
ACTL6A,-0.1564,0.7397,0.8745,donor
GYPB,0.0295,0.3739,0.6378,donor
LINC00243,0.1886,0.4439,0.6881,donor
POLR2J4,0.6685,0.501,0.7266,donor
IQCA1L,0.1013,0.4559,0.6953,donor
CYLC2,0.0422,0.3739,0.6378,donor
LOC642776,1.2779,0.05048,0.4623,donor
LRFN2,-0.048,0.9498,0.9781,donor
UBE3D,0.4383,0.2605,0.6378,donor
FAM229B,0.513,0.09857,0.5668,donor
DENND4C,-0.7814,0.07033,0.5091,donor
LCLAT1,0.2148,0.5771,0.7738,donor
ZNF806,-0.0126,0.3632,0.6378,donor
NOP14-AS1,0.2736,0.4169,0.6696,donor
PRMT9,-0.108,0.8681,0.9408,donor
LOC101929719,0.8378,0.2191,0.6378,donor
GPR110,0.1903,0.3739,0.6378,donor
VLDLR-AS1,-0.4735,0.2541,0.6378,donor
PTPN23,0.5668,0.2738,0.6378,donor
CHRD,-0.0733,0.3632,0.6378,donor
ZNF23,-0.1769,0.5554,0.7605,donor
ZKSCAN4,0.9908,0.1506,0.6378,donor
GALNT11,-0.3352,0.5188,0.7377,donor
HDHD3,0.2898,0.4918,0.7201,donor
CCDC24,0.5127,0.138,0.6217,donor
LINGO4,1.7216,0.003481,0.2497,donor
PGLYRP3,-0.0205,0.3632,0.6378,donor
EXOC8,-0.7872,0.09661,0.5621,donor
OR2L13,0.2398,0.5595,0.7631,donor
TRIM68,-0.5328,0.2392,0.6378,donor
ACBD6,0.3186,0.3246,0.6378,donor
BISPR,0.0275,0.3739,0.6378,donor
EPHA4,-0.2099,0.4405,0.6865,donor
EVX1,0.0148,0.3739,0.6378,donor
NIPSNAP3B,-0.7947,0.04811,0.455,donor
KRCC1,-0.1172,0.7511,0.8814,donor
SLC9A2,-0.1364,0.7798,0.8955,donor
WDFY1,-0.6491,0.2207,0.6378,donor
LOC101928402,-0.2923,0.3672,0.6378,donor
LCA10,-0.0286,0.3632,0.6378,donor
XKR8,-0.2094,0.6841,0.8406,donor
ENPP7P13,0.02,0.3739,0.6378,donor
LOC101927156,-0.0047,0.8934,0.9517,donor
LOC101929660,0.0902,0.6539,0.8228,donor
LOC101928858,0.0148,0.3739,0.6378,donor
LOC101928885,-0.1273,0.3632,0.6378,donor
LOC101929710,-0.298,0.4172,0.6699,donor
LOC101927078,0.055,0.3739,0.6378,donor
SLC35A4,0.2288,0.2839,0.6378,donor
SMPDL3B,1.093,0.118,0.5938,donor
TCTEX1D4,0.0227,0.956,0.9808,donor
KCND3-AS1,0.0148,0.6697,0.832,donor
DNM3-IT1,0.0681,0.7788,0.8948,donor
LINC00364,0.0673,0.3739,0.6378,donor
STEAP3-AS1,0.7957,0.2556,0.6378,donor
MIEF1,-0.2311,0.5116,0.734,donor
ARHGAP26-IT1,0.0107,0.8495,0.9321,donor
GIPC2,1.1979,0.1139,0.5863,donor
PLEKHO1,-1.6674,0.03989,0.4325,donor
CA14,0.3408,0.5488,0.7573,donor
MEIS1-AS2,0.3854,0.1346,0.6188,donor
NUDT15,-1.4727,0.01526,0.3355,donor
LINC00557,0.159,0.3739,0.6378,donor
RAI1-AS1,-0.0693,0.8289,0.9219,donor
TMEM74B,-0.076,0.9067,0.9584,donor
